[0.000000] (-) TimerEvent: {}
[0.001519] (coach_analyzer) JobQueued: {'identifier': 'coach_analyzer', 'dependencies': OrderedDict()}
[0.001947] (coach_bringup) JobQueued: {'identifier': 'coach_bringup', 'dependencies': OrderedDict()}
[0.002166] (coach_feedback) JobQueued: {'identifier': 'coach_feedback', 'dependencies': OrderedDict()}
[0.002296] (coach_interfaces) JobQueued: {'identifier': 'coach_interfaces', 'dependencies': OrderedDict()}
[0.002454] (coach_vision) JobQueued: {'identifier': 'coach_vision', 'dependencies': OrderedDict()}
[0.006216] (coach_analyzer) JobStarted: {'identifier': 'coach_analyzer'}
[0.057345] (coach_bringup) JobStarted: {'identifier': 'coach_bringup'}
[0.085566] (coach_feedback) JobStarted: {'identifier': 'coach_feedback'}
[0.101160] (-) TimerEvent: {}
[0.126112] (coach_interfaces) JobStarted: {'identifier': 'coach_interfaces'}
[0.201595] (-) TimerEvent: {}
[0.303298] (-) TimerEvent: {}
[0.404880] (-) TimerEvent: {}
[0.505559] (-) TimerEvent: {}
[0.606417] (-) TimerEvent: {}
[0.707077] (-) TimerEvent: {}
[0.809468] (-) TimerEvent: {}
[0.913280] (-) TimerEvent: {}
[1.014088] (-) TimerEvent: {}
[1.114794] (-) TimerEvent: {}
[1.215680] (-) TimerEvent: {}
[1.316499] (-) TimerEvent: {}
[1.417342] (-) TimerEvent: {}
[1.518098] (-) TimerEvent: {}
[1.618865] (-) TimerEvent: {}
[1.639903] (coach_bringup) JobProgress: {'identifier': 'coach_bringup', 'progress': 'cmake'}
[1.643008] (coach_bringup) JobProgress: {'identifier': 'coach_bringup', 'progress': 'build'}
[1.645066] (coach_bringup) Command: {'cmd': ['/usr/bin/cmake', '--build', '/home/athmani-roumaissa/ros2_coach_ws/build/coach_bringup', '--', '-j4', '-l4'], 'cwd': '/home/athmani-roumaissa/ros2_coach_ws/build/coach_bringup', 'env': OrderedDict({'LESSOPEN': '| /usr/bin/lesspipe %s', 'GZ_SIM_RESOURCE_PATH': '/opt/ros/jazzy/share', 'USER': 'athmani-roumaissa', 'GZ_CONFIG_PATH': '/opt/ros/jazzy/opt/gz_sim_vendor/share/gz:/opt/ros/jazzy/opt/sdformat_vendor/share/gz:/opt/ros/jazzy/opt/gz_gui_vendor/share/gz:/opt/ros/jazzy/opt/gz_transport_vendor/share/gz:/opt/ros/jazzy/opt/gz_rendering_vendor/share/gz:/opt/ros/jazzy/opt/gz_plugin_vendor/share/gz:/opt/ros/jazzy/opt/gz_fuel_tools_vendor/share/gz:/opt/ros/jazzy/opt/gz_msgs_vendor/share/gz:/opt/ros/jazzy/opt/gz_common_vendor/share/gz', 'ROS_PACKAGE_PATH': '/home/athmani-roumaissa/ros2_coach_ws/install/coach_interfaces/share', 'XDG_SESSION_TYPE': 'wayland', 'CLUTTER_DISABLE_MIPMAPPED_TEXT': '1', 'SHLVL': '1', 'LD_LIBRARY_PATH': '/home/athmani-roumaissa/ros2_coach_ws/install/coach_interfaces/lib:/opt/ros/jazzy/opt/gz_sim_vendor/lib:/opt/ros/jazzy/opt/gz_sensors_vendor/lib:/opt/ros/jazzy/opt/gz_physics_vendor/lib:/opt/ros/jazzy/opt/sdformat_vendor/lib:/opt/ros/jazzy/opt/rviz_ogre_vendor/lib:/opt/ros/jazzy/lib/x86_64-linux-gnu:/opt/ros/jazzy/opt/gz_gui_vendor/lib:/opt/ros/jazzy/opt/gz_transport_vendor/lib:/opt/ros/jazzy/opt/gz_rendering_vendor/lib:/opt/ros/jazzy/opt/gz_plugin_vendor/lib:/opt/ros/jazzy/opt/gz_fuel_tools_vendor/lib:/opt/ros/jazzy/opt/gz_msgs_vendor/lib:/opt/ros/jazzy/opt/gz_common_vendor/lib:/opt/ros/jazzy/opt/gz_math_vendor/lib:/opt/ros/jazzy/opt/gz_utils_vendor/lib:/opt/ros/jazzy/opt/gz_tools_vendor/lib:/opt/ros/jazzy/opt/gz_ogre_next_vendor/lib:/opt/ros/jazzy/opt/gz_dartsim_vendor/lib:/opt/ros/jazzy/opt/gz_cmake_vendor/lib:/opt/ros/jazzy/lib', 'HOME': '/home/athmani-roumaissa', 'OLDPWD': '/home/athmani-roumaissa/ros2_coach_ws', 'DESKTOP_SESSION': 'ubuntu', 'ROS_PYTHON_VERSION': '3', 'GNOME_SHELL_SESSION_MODE': 'ubuntu', 'GTK_MODULES': 'gail:atk-bridge', 'PS1': '\\[\\e]0;\\u@\\h: \\w\\a\\]${debian_chroot:+($debian_chroot)}\\[\\033[01;32m\\]\\u@\\h\\[\\033[00m\\]:\\[\\033[01;34m\\]\\w\\[\\033[00m\\]\\$', 'SYSTEMD_EXEC_PID': '2152', 'GSM_SKIP_SSH_AGENT_WORKAROUND': 'true', 'DBUS_SESSION_BUS_ADDRESS': 'unix:path=/run/user/1000/bus', 'COLORTERM': 'truecolor', 'DEBUGINFOD_URLS': 'https://debuginfod.ubuntu.com', 'IM_CONFIG_PHASE': '1', 'WAYLAND_DISPLAY': 'wayland-0', 'COLCON_PREFIX_PATH': '/home/athmani-roumaissa/ros2_coach_ws/install', 'ROS_DISTRO': 'jazzy', 'LOGNAME': 'athmani-roumaissa', '_': '/usr/bin/colcon', 'ROS_VERSION': '2', 'PKG_CONFIG_PATH': '/home/athmani-roumaissa/ros2_coach_ws/install/coach_interfaces/lib/x86_64-linux-gnu/pkgconfig:/home/athmani-roumaissa/ros2_coach_ws/install/coach_interfaces/lib/pkgconfig', 'MEMORY_PRESSURE_WATCH': '/sys/fs/cgroup/user.slice/user-1000.slice/user@1000.service/session.slice/org.gnome.Shell@wayland.service/memory.pressure', 'XDG_SESSION_CLASS': 'user', 'USERNAME': 'athmani-roumaissa', 'TERM': 'xterm-256color', 'GNOME_DESKTOP_SESSION_ID': 'this-is-deprecated', 'PATH': '/opt/ros/jazzy/opt/gz_msgs_vendor/bin:/opt/ros/jazzy/opt/gz_tools_vendor/bin:/opt/ros/jazzy/opt/gz_ogre_next_vendor/bin:/opt/ros/jazzy/bin:/usr/local/sbin:/usr/local/bin:/usr/sbin:/usr/bin:/sbin:/bin:/usr/games:/usr/local/games:/snap/bin:/snap/bin', 'SESSION_MANAGER': 'local/athmani-roumaissa-HP-EliteBook-840-G3:@/tmp/.ICE-unix/2108,unix/athmani-roumaissa-HP-EliteBook-840-G3:/tmp/.ICE-unix/2108', 'XDG_MENU_PREFIX': 'gnome-', 'GNOME_TERMINAL_SCREEN': '/org/gnome/Terminal/screen/6de1f691_4805_4d42_b9a4_7584054ec357', 'GNOME_SETUP_DISPLAY': ':1', 'XDG_RUNTIME_DIR': '/run/user/1000', 'DISPLAY': ':0', 'LANG': 'en_US.UTF-8', 'XDG_CURRENT_DESKTOP': 'ubuntu:GNOME', 'XMODIFIERS': '@im=ibus', 'XDG_SESSION_DESKTOP': 'ubuntu', 'XAUTHORITY': '/run/user/1000/.mutter-Xwaylandauth.QD14N3', 'LS_COLORS': 'rs=0:di=01;34:ln=01;36:mh=00:pi=40;33:so=01;35:do=01;35:bd=40;33;01:cd=40;33;01:or=40;31;01:mi=00:su=37;41:sg=30;43:ca=00:tw=30;42:ow=34;42:st=37;44:ex=01;32:*.tar=01;31:*.tgz=01;31:*.arc=01;31:*.arj=01;31:*.taz=01;31:*.lha=01;31:*.lz4=01;31:*.lzh=01;31:*.lzma=01;31:*.tlz=01;31:*.txz=01;31:*.tzo=01;31:*.t7z=01;31:*.zip=01;31:*.z=01;31:*.dz=01;31:*.gz=01;31:*.lrz=01;31:*.lz=01;31:*.lzo=01;31:*.xz=01;31:*.zst=01;31:*.tzst=01;31:*.bz2=01;31:*.bz=01;31:*.tbz=01;31:*.tbz2=01;31:*.tz=01;31:*.deb=01;31:*.rpm=01;31:*.jar=01;31:*.war=01;31:*.ear=01;31:*.sar=01;31:*.rar=01;31:*.alz=01;31:*.ace=01;31:*.zoo=01;31:*.cpio=01;31:*.7z=01;31:*.rz=01;31:*.cab=01;31:*.wim=01;31:*.swm=01;31:*.dwm=01;31:*.esd=01;31:*.avif=01;35:*.jpg=01;35:*.jpeg=01;35:*.mjpg=01;35:*.mjpeg=01;35:*.gif=01;35:*.bmp=01;35:*.pbm=01;35:*.pgm=01;35:*.ppm=01;35:*.tga=01;35:*.xbm=01;35:*.xpm=01;35:*.tif=01;35:*.tiff=01;35:*.png=01;35:*.svg=01;35:*.svgz=01;35:*.mng=01;35:*.pcx=01;35:*.mov=01;35:*.mpg=01;35:*.mpeg=01;35:*.m2v=01;35:*.mkv=01;35:*.webm=01;35:*.webp=01;35:*.ogm=01;35:*.mp4=01;35:*.m4v=01;35:*.mp4v=01;35:*.vob=01;35:*.qt=01;35:*.nuv=01;35:*.wmv=01;35:*.asf=01;35:*.rm=01;35:*.rmvb=01;35:*.flc=01;35:*.avi=01;35:*.fli=01;35:*.flv=01;35:*.gl=01;35:*.dl=01;35:*.xcf=01;35:*.xwd=01;35:*.yuv=01;35:*.cgm=01;35:*.emf=01;35:*.ogv=01;35:*.ogx=01;35:*.aac=00;36:*.au=00;36:*.flac=00;36:*.m4a=00;36:*.mid=00;36:*.midi=00;36:*.mka=00;36:*.mp3=00;36:*.mpc=00;36:*.ogg=00;36:*.ra=00;36:*.wav=00;36:*.oga=00;36:*.opus=00;36:*.spx=00;36:*.xspf=00;36:*~=00;90:*#=00;90:*.bak=00;90:*.crdownload=00;90:*.dpkg-dist=00;90:*.dpkg-new=00;90:*.dpkg-old=00;90:*.dpkg-tmp=00;90:*.old=00;90:*.orig=00;90:*.part=00;90:*.rej=00;90:*.rpmnew=00;90:*.rpmorig=00;90:*.rpmsave=00;90:*.swp=00;90:*.tmp=00;90:*.ucf-dist=00;90:*.ucf-new=00;90:*.ucf-old=00;90:', 'GNOME_TERMINAL_SERVICE': ':1.145', 'SSH_AUTH_SOCK': '/run/user/1000/keyring/ssh', 'AMENT_PREFIX_PATH': '/home/athmani-roumaissa/ros2_coach_ws/install/coach_vision:/home/athmani-roumaissa/ros2_coach_ws/install/coach_feedback:/home/athmani-roumaissa/ros2_coach_ws/install/coach_bringup:/home/athmani-roumaissa/ros2_coach_ws/install/coach_analyzer:/opt/ros/jazzy', 'SHELL': '/bin/bash', 'QT_ACCESSIBILITY': '1', 'GDMSESSION': 'ubuntu', 'LESSCLOSE': '/usr/bin/lesspipe %s %s', 'ROS_AUTOMATIC_DISCOVERY_RANGE': 'SUBNET', 'QT_IM_MODULE': 'ibus', 'PWD': '/home/athmani-roumaissa/ros2_coach_ws/build/coach_bringup', 'LC_ALL': 'en_US.UTF-8', 'XDG_CONFIG_DIRS': '/etc/xdg/xdg-ubuntu:/etc/xdg', 'XDG_DATA_DIRS': '/usr/share/ubuntu:/usr/share/gnome:/usr/local/share/:/usr/share/:/var/lib/snapd/desktop', 'PYTHONPATH': '/home/athmani-roumaissa/ros2_coach_ws/build/coach_vision:/home/athmani-roumaissa/ros2_coach_ws/install/coach_vision/lib/python3.12/site-packages:/home/athmani-roumaissa/ros2_coach_ws/install/coach_interfaces/lib/python3.12/site-packages:/home/athmani-roumaissa/ros2_coach_ws/build/coach_feedback:/home/athmani-roumaissa/ros2_coach_ws/install/coach_feedback/lib/python3.12/site-packages:/home/athmani-roumaissa/ros2_coach_ws/build/coach_analyzer:/home/athmani-roumaissa/ros2_coach_ws/install/coach_analyzer/lib/python3.12/site-packages:/opt/ros/jazzy/lib/python3.12/site-packages', 'COLCON': '1', 'MEMORY_PRESSURE_WRITE': 'c29tZSAyMDAwMDAgMjAwMDAwMAA=', 'VTE_VERSION': '7600', 'CMAKE_PREFIX_PATH': '/home/athmani-roumaissa/ros2_coach_ws/install/coach_vision:/home/athmani-roumaissa/ros2_coach_ws/install/coach_feedback:/home/athmani-roumaissa/ros2_coach_ws/install/coach_analyzer:/opt/ros/jazzy:/home/athmani-roumaissa/ros2_coach_ws/install/coach_interfaces:/home/athmani-roumaissa/ros2_coach_ws/install/coach_bringup:/opt/ros/jazzy/opt/gz_sim_vendor:/opt/ros/jazzy/opt/gz_sensors_vendor:/opt/ros/jazzy/opt/gz_physics_vendor:/opt/ros/jazzy/opt/sdformat_vendor:/opt/ros/jazzy/opt/gz_gui_vendor:/opt/ros/jazzy/opt/gz_transport_vendor:/opt/ros/jazzy/opt/gz_rendering_vendor:/opt/ros/jazzy/opt/gz_plugin_vendor:/opt/ros/jazzy/opt/gz_fuel_tools_vendor:/opt/ros/jazzy/opt/gz_msgs_vendor:/opt/ros/jazzy/opt/gz_common_vendor:/opt/ros/jazzy/opt/gz_math_vendor:/opt/ros/jazzy/opt/gz_utils_vendor:/opt/ros/jazzy/opt/gz_tools_vendor:/opt/ros/jazzy/opt/gz_ogre_next_vendor:/opt/ros/jazzy/opt/gz_dartsim_vendor:/opt/ros/jazzy/opt/gz_cmake_vendor'}), 'shell': False}
[1.719063] (-) TimerEvent: {}
[1.819783] (-) TimerEvent: {}
[1.920833] (-) TimerEvent: {}
[2.024401] (-) TimerEvent: {}
[2.125405] (-) TimerEvent: {}
[2.226145] (-) TimerEvent: {}
[2.330644] (-) TimerEvent: {}
[2.431394] (-) TimerEvent: {}
[2.533088] (-) TimerEvent: {}
[2.633881] (-) TimerEvent: {}
[2.734464] (-) TimerEvent: {}
[2.835880] (-) TimerEvent: {}
[2.937949] (coach_bringup) CommandEnded: {'returncode': 0}
[2.940270] (-) TimerEvent: {}
[2.943569] (coach_bringup) JobProgress: {'identifier': 'coach_bringup', 'progress': 'install'}
[2.998523] (coach_bringup) Command: {'cmd': ['/usr/bin/cmake', '--install', '/home/athmani-roumaissa/ros2_coach_ws/build/coach_bringup'], 'cwd': '/home/athmani-roumaissa/ros2_coach_ws/build/coach_bringup', 'env': OrderedDict({'LESSOPEN': '| /usr/bin/lesspipe %s', 'GZ_SIM_RESOURCE_PATH': '/opt/ros/jazzy/share', 'USER': 'athmani-roumaissa', 'GZ_CONFIG_PATH': '/opt/ros/jazzy/opt/gz_sim_vendor/share/gz:/opt/ros/jazzy/opt/sdformat_vendor/share/gz:/opt/ros/jazzy/opt/gz_gui_vendor/share/gz:/opt/ros/jazzy/opt/gz_transport_vendor/share/gz:/opt/ros/jazzy/opt/gz_rendering_vendor/share/gz:/opt/ros/jazzy/opt/gz_plugin_vendor/share/gz:/opt/ros/jazzy/opt/gz_fuel_tools_vendor/share/gz:/opt/ros/jazzy/opt/gz_msgs_vendor/share/gz:/opt/ros/jazzy/opt/gz_common_vendor/share/gz', 'ROS_PACKAGE_PATH': '/home/athmani-roumaissa/ros2_coach_ws/install/coach_interfaces/share', 'XDG_SESSION_TYPE': 'wayland', 'CLUTTER_DISABLE_MIPMAPPED_TEXT': '1', 'SHLVL': '1', 'LD_LIBRARY_PATH': '/home/athmani-roumaissa/ros2_coach_ws/install/coach_interfaces/lib:/opt/ros/jazzy/opt/gz_sim_vendor/lib:/opt/ros/jazzy/opt/gz_sensors_vendor/lib:/opt/ros/jazzy/opt/gz_physics_vendor/lib:/opt/ros/jazzy/opt/sdformat_vendor/lib:/opt/ros/jazzy/opt/rviz_ogre_vendor/lib:/opt/ros/jazzy/lib/x86_64-linux-gnu:/opt/ros/jazzy/opt/gz_gui_vendor/lib:/opt/ros/jazzy/opt/gz_transport_vendor/lib:/opt/ros/jazzy/opt/gz_rendering_vendor/lib:/opt/ros/jazzy/opt/gz_plugin_vendor/lib:/opt/ros/jazzy/opt/gz_fuel_tools_vendor/lib:/opt/ros/jazzy/opt/gz_msgs_vendor/lib:/opt/ros/jazzy/opt/gz_common_vendor/lib:/opt/ros/jazzy/opt/gz_math_vendor/lib:/opt/ros/jazzy/opt/gz_utils_vendor/lib:/opt/ros/jazzy/opt/gz_tools_vendor/lib:/opt/ros/jazzy/opt/gz_ogre_next_vendor/lib:/opt/ros/jazzy/opt/gz_dartsim_vendor/lib:/opt/ros/jazzy/opt/gz_cmake_vendor/lib:/opt/ros/jazzy/lib', 'HOME': '/home/athmani-roumaissa', 'OLDPWD': '/home/athmani-roumaissa/ros2_coach_ws', 'DESKTOP_SESSION': 'ubuntu', 'ROS_PYTHON_VERSION': '3', 'GNOME_SHELL_SESSION_MODE': 'ubuntu', 'GTK_MODULES': 'gail:atk-bridge', 'PS1': '\\[\\e]0;\\u@\\h: \\w\\a\\]${debian_chroot:+($debian_chroot)}\\[\\033[01;32m\\]\\u@\\h\\[\\033[00m\\]:\\[\\033[01;34m\\]\\w\\[\\033[00m\\]\\$', 'SYSTEMD_EXEC_PID': '2152', 'GSM_SKIP_SSH_AGENT_WORKAROUND': 'true', 'DBUS_SESSION_BUS_ADDRESS': 'unix:path=/run/user/1000/bus', 'COLORTERM': 'truecolor', 'DEBUGINFOD_URLS': 'https://debuginfod.ubuntu.com', 'IM_CONFIG_PHASE': '1', 'WAYLAND_DISPLAY': 'wayland-0', 'COLCON_PREFIX_PATH': '/home/athmani-roumaissa/ros2_coach_ws/install', 'ROS_DISTRO': 'jazzy', 'LOGNAME': 'athmani-roumaissa', '_': '/usr/bin/colcon', 'ROS_VERSION': '2', 'PKG_CONFIG_PATH': '/home/athmani-roumaissa/ros2_coach_ws/install/coach_interfaces/lib/x86_64-linux-gnu/pkgconfig:/home/athmani-roumaissa/ros2_coach_ws/install/coach_interfaces/lib/pkgconfig', 'MEMORY_PRESSURE_WATCH': '/sys/fs/cgroup/user.slice/user-1000.slice/user@1000.service/session.slice/org.gnome.Shell@wayland.service/memory.pressure', 'XDG_SESSION_CLASS': 'user', 'USERNAME': 'athmani-roumaissa', 'TERM': 'xterm-256color', 'GNOME_DESKTOP_SESSION_ID': 'this-is-deprecated', 'PATH': '/opt/ros/jazzy/opt/gz_msgs_vendor/bin:/opt/ros/jazzy/opt/gz_tools_vendor/bin:/opt/ros/jazzy/opt/gz_ogre_next_vendor/bin:/opt/ros/jazzy/bin:/usr/local/sbin:/usr/local/bin:/usr/sbin:/usr/bin:/sbin:/bin:/usr/games:/usr/local/games:/snap/bin:/snap/bin', 'SESSION_MANAGER': 'local/athmani-roumaissa-HP-EliteBook-840-G3:@/tmp/.ICE-unix/2108,unix/athmani-roumaissa-HP-EliteBook-840-G3:/tmp/.ICE-unix/2108', 'XDG_MENU_PREFIX': 'gnome-', 'GNOME_TERMINAL_SCREEN': '/org/gnome/Terminal/screen/6de1f691_4805_4d42_b9a4_7584054ec357', 'GNOME_SETUP_DISPLAY': ':1', 'XDG_RUNTIME_DIR': '/run/user/1000', 'DISPLAY': ':0', 'LANG': 'en_US.UTF-8', 'XDG_CURRENT_DESKTOP': 'ubuntu:GNOME', 'XMODIFIERS': '@im=ibus', 'XDG_SESSION_DESKTOP': 'ubuntu', 'XAUTHORITY': '/run/user/1000/.mutter-Xwaylandauth.QD14N3', 'LS_COLORS': 'rs=0:di=01;34:ln=01;36:mh=00:pi=40;33:so=01;35:do=01;35:bd=40;33;01:cd=40;33;01:or=40;31;01:mi=00:su=37;41:sg=30;43:ca=00:tw=30;42:ow=34;42:st=37;44:ex=01;32:*.tar=01;31:*.tgz=01;31:*.arc=01;31:*.arj=01;31:*.taz=01;31:*.lha=01;31:*.lz4=01;31:*.lzh=01;31:*.lzma=01;31:*.tlz=01;31:*.txz=01;31:*.tzo=01;31:*.t7z=01;31:*.zip=01;31:*.z=01;31:*.dz=01;31:*.gz=01;31:*.lrz=01;31:*.lz=01;31:*.lzo=01;31:*.xz=01;31:*.zst=01;31:*.tzst=01;31:*.bz2=01;31:*.bz=01;31:*.tbz=01;31:*.tbz2=01;31:*.tz=01;31:*.deb=01;31:*.rpm=01;31:*.jar=01;31:*.war=01;31:*.ear=01;31:*.sar=01;31:*.rar=01;31:*.alz=01;31:*.ace=01;31:*.zoo=01;31:*.cpio=01;31:*.7z=01;31:*.rz=01;31:*.cab=01;31:*.wim=01;31:*.swm=01;31:*.dwm=01;31:*.esd=01;31:*.avif=01;35:*.jpg=01;35:*.jpeg=01;35:*.mjpg=01;35:*.mjpeg=01;35:*.gif=01;35:*.bmp=01;35:*.pbm=01;35:*.pgm=01;35:*.ppm=01;35:*.tga=01;35:*.xbm=01;35:*.xpm=01;35:*.tif=01;35:*.tiff=01;35:*.png=01;35:*.svg=01;35:*.svgz=01;35:*.mng=01;35:*.pcx=01;35:*.mov=01;35:*.mpg=01;35:*.mpeg=01;35:*.m2v=01;35:*.mkv=01;35:*.webm=01;35:*.webp=01;35:*.ogm=01;35:*.mp4=01;35:*.m4v=01;35:*.mp4v=01;35:*.vob=01;35:*.qt=01;35:*.nuv=01;35:*.wmv=01;35:*.asf=01;35:*.rm=01;35:*.rmvb=01;35:*.flc=01;35:*.avi=01;35:*.fli=01;35:*.flv=01;35:*.gl=01;35:*.dl=01;35:*.xcf=01;35:*.xwd=01;35:*.yuv=01;35:*.cgm=01;35:*.emf=01;35:*.ogv=01;35:*.ogx=01;35:*.aac=00;36:*.au=00;36:*.flac=00;36:*.m4a=00;36:*.mid=00;36:*.midi=00;36:*.mka=00;36:*.mp3=00;36:*.mpc=00;36:*.ogg=00;36:*.ra=00;36:*.wav=00;36:*.oga=00;36:*.opus=00;36:*.spx=00;36:*.xspf=00;36:*~=00;90:*#=00;90:*.bak=00;90:*.crdownload=00;90:*.dpkg-dist=00;90:*.dpkg-new=00;90:*.dpkg-old=00;90:*.dpkg-tmp=00;90:*.old=00;90:*.orig=00;90:*.part=00;90:*.rej=00;90:*.rpmnew=00;90:*.rpmorig=00;90:*.rpmsave=00;90:*.swp=00;90:*.tmp=00;90:*.ucf-dist=00;90:*.ucf-new=00;90:*.ucf-old=00;90:', 'GNOME_TERMINAL_SERVICE': ':1.145', 'SSH_AUTH_SOCK': '/run/user/1000/keyring/ssh', 'AMENT_PREFIX_PATH': '/home/athmani-roumaissa/ros2_coach_ws/install/coach_vision:/home/athmani-roumaissa/ros2_coach_ws/install/coach_feedback:/home/athmani-roumaissa/ros2_coach_ws/install/coach_bringup:/home/athmani-roumaissa/ros2_coach_ws/install/coach_analyzer:/opt/ros/jazzy', 'SHELL': '/bin/bash', 'QT_ACCESSIBILITY': '1', 'GDMSESSION': 'ubuntu', 'LESSCLOSE': '/usr/bin/lesspipe %s %s', 'ROS_AUTOMATIC_DISCOVERY_RANGE': 'SUBNET', 'QT_IM_MODULE': 'ibus', 'PWD': '/home/athmani-roumaissa/ros2_coach_ws/build/coach_bringup', 'LC_ALL': 'en_US.UTF-8', 'XDG_CONFIG_DIRS': '/etc/xdg/xdg-ubuntu:/etc/xdg', 'XDG_DATA_DIRS': '/usr/share/ubuntu:/usr/share/gnome:/usr/local/share/:/usr/share/:/var/lib/snapd/desktop', 'PYTHONPATH': '/home/athmani-roumaissa/ros2_coach_ws/build/coach_vision:/home/athmani-roumaissa/ros2_coach_ws/install/coach_vision/lib/python3.12/site-packages:/home/athmani-roumaissa/ros2_coach_ws/install/coach_interfaces/lib/python3.12/site-packages:/home/athmani-roumaissa/ros2_coach_ws/build/coach_feedback:/home/athmani-roumaissa/ros2_coach_ws/install/coach_feedback/lib/python3.12/site-packages:/home/athmani-roumaissa/ros2_coach_ws/build/coach_analyzer:/home/athmani-roumaissa/ros2_coach_ws/install/coach_analyzer/lib/python3.12/site-packages:/opt/ros/jazzy/lib/python3.12/site-packages', 'COLCON': '1', 'MEMORY_PRESSURE_WRITE': 'c29tZSAyMDAwMDAgMjAwMDAwMAA=', 'VTE_VERSION': '7600', 'CMAKE_PREFIX_PATH': '/home/athmani-roumaissa/ros2_coach_ws/install/coach_vision:/home/athmani-roumaissa/ros2_coach_ws/install/coach_feedback:/home/athmani-roumaissa/ros2_coach_ws/install/coach_analyzer:/opt/ros/jazzy:/home/athmani-roumaissa/ros2_coach_ws/install/coach_interfaces:/home/athmani-roumaissa/ros2_coach_ws/install/coach_bringup:/opt/ros/jazzy/opt/gz_sim_vendor:/opt/ros/jazzy/opt/gz_sensors_vendor:/opt/ros/jazzy/opt/gz_physics_vendor:/opt/ros/jazzy/opt/sdformat_vendor:/opt/ros/jazzy/opt/gz_gui_vendor:/opt/ros/jazzy/opt/gz_transport_vendor:/opt/ros/jazzy/opt/gz_rendering_vendor:/opt/ros/jazzy/opt/gz_plugin_vendor:/opt/ros/jazzy/opt/gz_fuel_tools_vendor:/opt/ros/jazzy/opt/gz_msgs_vendor:/opt/ros/jazzy/opt/gz_common_vendor:/opt/ros/jazzy/opt/gz_math_vendor:/opt/ros/jazzy/opt/gz_utils_vendor:/opt/ros/jazzy/opt/gz_tools_vendor:/opt/ros/jazzy/opt/gz_ogre_next_vendor:/opt/ros/jazzy/opt/gz_dartsim_vendor:/opt/ros/jazzy/opt/gz_cmake_vendor'}), 'shell': False}
[3.004185] (coach_interfaces) JobProgress: {'identifier': 'coach_interfaces', 'progress': 'cmake'}
[3.010297] (coach_interfaces) JobProgress: {'identifier': 'coach_interfaces', 'progress': 'build'}
[3.012200] (coach_interfaces) Command: {'cmd': ['/usr/bin/cmake', '--build', '/home/athmani-roumaissa/ros2_coach_ws/build/coach_interfaces', '--', '-j4', '-l4'], 'cwd': '/home/athmani-roumaissa/ros2_coach_ws/build/coach_interfaces', 'env': OrderedDict({'LESSOPEN': '| /usr/bin/lesspipe %s', 'GZ_SIM_RESOURCE_PATH': '/opt/ros/jazzy/share', 'USER': 'athmani-roumaissa', 'GZ_CONFIG_PATH': '/opt/ros/jazzy/opt/gz_sim_vendor/share/gz:/opt/ros/jazzy/opt/sdformat_vendor/share/gz:/opt/ros/jazzy/opt/gz_gui_vendor/share/gz:/opt/ros/jazzy/opt/gz_transport_vendor/share/gz:/opt/ros/jazzy/opt/gz_rendering_vendor/share/gz:/opt/ros/jazzy/opt/gz_plugin_vendor/share/gz:/opt/ros/jazzy/opt/gz_fuel_tools_vendor/share/gz:/opt/ros/jazzy/opt/gz_msgs_vendor/share/gz:/opt/ros/jazzy/opt/gz_common_vendor/share/gz', 'ROS_PACKAGE_PATH': '/home/athmani-roumaissa/ros2_coach_ws/install/coach_interfaces/share', 'XDG_SESSION_TYPE': 'wayland', 'CLUTTER_DISABLE_MIPMAPPED_TEXT': '1', 'SHLVL': '1', 'LD_LIBRARY_PATH': '/home/athmani-roumaissa/ros2_coach_ws/install/coach_interfaces/lib:/opt/ros/jazzy/opt/gz_sim_vendor/lib:/opt/ros/jazzy/opt/gz_sensors_vendor/lib:/opt/ros/jazzy/opt/gz_physics_vendor/lib:/opt/ros/jazzy/opt/sdformat_vendor/lib:/opt/ros/jazzy/opt/rviz_ogre_vendor/lib:/opt/ros/jazzy/lib/x86_64-linux-gnu:/opt/ros/jazzy/opt/gz_gui_vendor/lib:/opt/ros/jazzy/opt/gz_transport_vendor/lib:/opt/ros/jazzy/opt/gz_rendering_vendor/lib:/opt/ros/jazzy/opt/gz_plugin_vendor/lib:/opt/ros/jazzy/opt/gz_fuel_tools_vendor/lib:/opt/ros/jazzy/opt/gz_msgs_vendor/lib:/opt/ros/jazzy/opt/gz_common_vendor/lib:/opt/ros/jazzy/opt/gz_math_vendor/lib:/opt/ros/jazzy/opt/gz_utils_vendor/lib:/opt/ros/jazzy/opt/gz_tools_vendor/lib:/opt/ros/jazzy/opt/gz_ogre_next_vendor/lib:/opt/ros/jazzy/opt/gz_dartsim_vendor/lib:/opt/ros/jazzy/opt/gz_cmake_vendor/lib:/opt/ros/jazzy/lib', 'HOME': '/home/athmani-roumaissa', 'OLDPWD': '/home/athmani-roumaissa/ros2_coach_ws', 'DESKTOP_SESSION': 'ubuntu', 'ROS_PYTHON_VERSION': '3', 'GNOME_SHELL_SESSION_MODE': 'ubuntu', 'GTK_MODULES': 'gail:atk-bridge', 'PS1': '\\[\\e]0;\\u@\\h: \\w\\a\\]${debian_chroot:+($debian_chroot)}\\[\\033[01;32m\\]\\u@\\h\\[\\033[00m\\]:\\[\\033[01;34m\\]\\w\\[\\033[00m\\]\\$', 'SYSTEMD_EXEC_PID': '2152', 'GSM_SKIP_SSH_AGENT_WORKAROUND': 'true', 'DBUS_SESSION_BUS_ADDRESS': 'unix:path=/run/user/1000/bus', 'COLORTERM': 'truecolor', 'DEBUGINFOD_URLS': 'https://debuginfod.ubuntu.com', 'IM_CONFIG_PHASE': '1', 'WAYLAND_DISPLAY': 'wayland-0', 'COLCON_PREFIX_PATH': '/home/athmani-roumaissa/ros2_coach_ws/install', 'ROS_DISTRO': 'jazzy', 'LOGNAME': 'athmani-roumaissa', '_': '/usr/bin/colcon', 'ROS_VERSION': '2', 'PKG_CONFIG_PATH': '/home/athmani-roumaissa/ros2_coach_ws/install/coach_interfaces/lib/x86_64-linux-gnu/pkgconfig:/home/athmani-roumaissa/ros2_coach_ws/install/coach_interfaces/lib/pkgconfig', 'MEMORY_PRESSURE_WATCH': '/sys/fs/cgroup/user.slice/user-1000.slice/user@1000.service/session.slice/org.gnome.Shell@wayland.service/memory.pressure', 'XDG_SESSION_CLASS': 'user', 'USERNAME': 'athmani-roumaissa', 'TERM': 'xterm-256color', 'GNOME_DESKTOP_SESSION_ID': 'this-is-deprecated', 'PATH': '/opt/ros/jazzy/opt/gz_msgs_vendor/bin:/opt/ros/jazzy/opt/gz_tools_vendor/bin:/opt/ros/jazzy/opt/gz_ogre_next_vendor/bin:/opt/ros/jazzy/bin:/usr/local/sbin:/usr/local/bin:/usr/sbin:/usr/bin:/sbin:/bin:/usr/games:/usr/local/games:/snap/bin:/snap/bin', 'SESSION_MANAGER': 'local/athmani-roumaissa-HP-EliteBook-840-G3:@/tmp/.ICE-unix/2108,unix/athmani-roumaissa-HP-EliteBook-840-G3:/tmp/.ICE-unix/2108', 'XDG_MENU_PREFIX': 'gnome-', 'GNOME_TERMINAL_SCREEN': '/org/gnome/Terminal/screen/6de1f691_4805_4d42_b9a4_7584054ec357', 'GNOME_SETUP_DISPLAY': ':1', 'XDG_RUNTIME_DIR': '/run/user/1000', 'DISPLAY': ':0', 'LANG': 'en_US.UTF-8', 'XDG_CURRENT_DESKTOP': 'ubuntu:GNOME', 'XMODIFIERS': '@im=ibus', 'XDG_SESSION_DESKTOP': 'ubuntu', 'XAUTHORITY': '/run/user/1000/.mutter-Xwaylandauth.QD14N3', 'LS_COLORS': 'rs=0:di=01;34:ln=01;36:mh=00:pi=40;33:so=01;35:do=01;35:bd=40;33;01:cd=40;33;01:or=40;31;01:mi=00:su=37;41:sg=30;43:ca=00:tw=30;42:ow=34;42:st=37;44:ex=01;32:*.tar=01;31:*.tgz=01;31:*.arc=01;31:*.arj=01;31:*.taz=01;31:*.lha=01;31:*.lz4=01;31:*.lzh=01;31:*.lzma=01;31:*.tlz=01;31:*.txz=01;31:*.tzo=01;31:*.t7z=01;31:*.zip=01;31:*.z=01;31:*.dz=01;31:*.gz=01;31:*.lrz=01;31:*.lz=01;31:*.lzo=01;31:*.xz=01;31:*.zst=01;31:*.tzst=01;31:*.bz2=01;31:*.bz=01;31:*.tbz=01;31:*.tbz2=01;31:*.tz=01;31:*.deb=01;31:*.rpm=01;31:*.jar=01;31:*.war=01;31:*.ear=01;31:*.sar=01;31:*.rar=01;31:*.alz=01;31:*.ace=01;31:*.zoo=01;31:*.cpio=01;31:*.7z=01;31:*.rz=01;31:*.cab=01;31:*.wim=01;31:*.swm=01;31:*.dwm=01;31:*.esd=01;31:*.avif=01;35:*.jpg=01;35:*.jpeg=01;35:*.mjpg=01;35:*.mjpeg=01;35:*.gif=01;35:*.bmp=01;35:*.pbm=01;35:*.pgm=01;35:*.ppm=01;35:*.tga=01;35:*.xbm=01;35:*.xpm=01;35:*.tif=01;35:*.tiff=01;35:*.png=01;35:*.svg=01;35:*.svgz=01;35:*.mng=01;35:*.pcx=01;35:*.mov=01;35:*.mpg=01;35:*.mpeg=01;35:*.m2v=01;35:*.mkv=01;35:*.webm=01;35:*.webp=01;35:*.ogm=01;35:*.mp4=01;35:*.m4v=01;35:*.mp4v=01;35:*.vob=01;35:*.qt=01;35:*.nuv=01;35:*.wmv=01;35:*.asf=01;35:*.rm=01;35:*.rmvb=01;35:*.flc=01;35:*.avi=01;35:*.fli=01;35:*.flv=01;35:*.gl=01;35:*.dl=01;35:*.xcf=01;35:*.xwd=01;35:*.yuv=01;35:*.cgm=01;35:*.emf=01;35:*.ogv=01;35:*.ogx=01;35:*.aac=00;36:*.au=00;36:*.flac=00;36:*.m4a=00;36:*.mid=00;36:*.midi=00;36:*.mka=00;36:*.mp3=00;36:*.mpc=00;36:*.ogg=00;36:*.ra=00;36:*.wav=00;36:*.oga=00;36:*.opus=00;36:*.spx=00;36:*.xspf=00;36:*~=00;90:*#=00;90:*.bak=00;90:*.crdownload=00;90:*.dpkg-dist=00;90:*.dpkg-new=00;90:*.dpkg-old=00;90:*.dpkg-tmp=00;90:*.old=00;90:*.orig=00;90:*.part=00;90:*.rej=00;90:*.rpmnew=00;90:*.rpmorig=00;90:*.rpmsave=00;90:*.swp=00;90:*.tmp=00;90:*.ucf-dist=00;90:*.ucf-new=00;90:*.ucf-old=00;90:', 'GNOME_TERMINAL_SERVICE': ':1.145', 'SSH_AUTH_SOCK': '/run/user/1000/keyring/ssh', 'AMENT_PREFIX_PATH': '/home/athmani-roumaissa/ros2_coach_ws/install/coach_vision:/home/athmani-roumaissa/ros2_coach_ws/install/coach_feedback:/home/athmani-roumaissa/ros2_coach_ws/install/coach_bringup:/home/athmani-roumaissa/ros2_coach_ws/install/coach_analyzer:/opt/ros/jazzy', 'SHELL': '/bin/bash', 'QT_ACCESSIBILITY': '1', 'GDMSESSION': 'ubuntu', 'LESSCLOSE': '/usr/bin/lesspipe %s %s', 'ROS_AUTOMATIC_DISCOVERY_RANGE': 'SUBNET', 'QT_IM_MODULE': 'ibus', 'PWD': '/home/athmani-roumaissa/ros2_coach_ws/build/coach_interfaces', 'LC_ALL': 'en_US.UTF-8', 'XDG_CONFIG_DIRS': '/etc/xdg/xdg-ubuntu:/etc/xdg', 'XDG_DATA_DIRS': '/usr/share/ubuntu:/usr/share/gnome:/usr/local/share/:/usr/share/:/var/lib/snapd/desktop', 'PYTHONPATH': '/home/athmani-roumaissa/ros2_coach_ws/build/coach_vision:/home/athmani-roumaissa/ros2_coach_ws/install/coach_vision/lib/python3.12/site-packages:/home/athmani-roumaissa/ros2_coach_ws/install/coach_interfaces/lib/python3.12/site-packages:/home/athmani-roumaissa/ros2_coach_ws/build/coach_feedback:/home/athmani-roumaissa/ros2_coach_ws/install/coach_feedback/lib/python3.12/site-packages:/home/athmani-roumaissa/ros2_coach_ws/build/coach_analyzer:/home/athmani-roumaissa/ros2_coach_ws/install/coach_analyzer/lib/python3.12/site-packages:/opt/ros/jazzy/lib/python3.12/site-packages', 'COLCON': '1', 'MEMORY_PRESSURE_WRITE': 'c29tZSAyMDAwMDAgMjAwMDAwMAA=', 'VTE_VERSION': '7600', 'CMAKE_PREFIX_PATH': '/home/athmani-roumaissa/ros2_coach_ws/install/coach_interfaces:/home/athmani-roumaissa/ros2_coach_ws/install/coach_bringup:/opt/ros/jazzy/opt/gz_sim_vendor:/opt/ros/jazzy/opt/gz_sensors_vendor:/opt/ros/jazzy/opt/gz_physics_vendor:/opt/ros/jazzy/opt/sdformat_vendor:/opt/ros/jazzy/opt/gz_gui_vendor:/opt/ros/jazzy/opt/gz_transport_vendor:/opt/ros/jazzy/opt/gz_rendering_vendor:/opt/ros/jazzy/opt/gz_plugin_vendor:/opt/ros/jazzy/opt/gz_fuel_tools_vendor:/opt/ros/jazzy/opt/gz_msgs_vendor:/opt/ros/jazzy/opt/gz_common_vendor:/opt/ros/jazzy/opt/gz_math_vendor:/opt/ros/jazzy/opt/gz_utils_vendor:/opt/ros/jazzy/opt/gz_tools_vendor:/opt/ros/jazzy/opt/gz_ogre_next_vendor:/opt/ros/jazzy/opt/gz_dartsim_vendor:/opt/ros/jazzy/opt/gz_cmake_vendor'}), 'shell': False}
[3.044669] (-) TimerEvent: {}
[3.075134] (coach_bringup) StdoutLine: {'line': b'-- Install configuration: ""\n'}
[3.084035] (coach_bringup) StdoutLine: {'line': b'-- Execute custom install script\n'}
[3.101131] (coach_bringup) StdoutLine: {'line': b'-- Up-to-date symlink: /home/athmani-roumaissa/ros2_coach_ws/install/coach_bringup/share/coach_bringup//launch/bicep_curl.launch.py\n'}
[3.102074] (coach_bringup) StdoutLine: {'line': b'-- Up-to-date symlink: /home/athmani-roumaissa/ros2_coach_ws/install/coach_bringup/share/ament_index/resource_index/package_run_dependencies/coach_bringup\n'}
[3.107033] (coach_bringup) StdoutLine: {'line': b'-- Up-to-date symlink: /home/athmani-roumaissa/ros2_coach_ws/install/coach_bringup/share/ament_index/resource_index/parent_prefix_path/coach_bringup\n'}
[3.109533] (coach_bringup) StdoutLine: {'line': b'-- Up-to-date symlink: /home/athmani-roumaissa/ros2_coach_ws/install/coach_bringup/share/coach_bringup/environment/ament_prefix_path.sh\n'}
[3.111135] (coach_bringup) StdoutLine: {'line': b'-- Up-to-date symlink: /home/athmani-roumaissa/ros2_coach_ws/install/coach_bringup/share/coach_bringup/environment/ament_prefix_path.dsv\n'}
[3.116950] (coach_bringup) StdoutLine: {'line': b'-- Up-to-date symlink: /home/athmani-roumaissa/ros2_coach_ws/install/coach_bringup/share/coach_bringup/environment/path.sh\n'}
[3.127049] (coach_bringup) StdoutLine: {'line': b'-- Up-to-date symlink: /home/athmani-roumaissa/ros2_coach_ws/install/coach_bringup/share/coach_bringup/environment/path.dsv\n'}
[3.128672] (coach_bringup) StdoutLine: {'line': b'-- Up-to-date symlink: /home/athmani-roumaissa/ros2_coach_ws/install/coach_bringup/share/coach_bringup/local_setup.bash\n'}
[3.134854] (coach_bringup) StdoutLine: {'line': b'-- Up-to-date symlink: /home/athmani-roumaissa/ros2_coach_ws/install/coach_bringup/share/coach_bringup/local_setup.sh\n'}
[3.140267] (coach_bringup) StdoutLine: {'line': b'-- Up-to-date symlink: /home/athmani-roumaissa/ros2_coach_ws/install/coach_bringup/share/coach_bringup/local_setup.zsh\n'}
[3.147675] (coach_bringup) StdoutLine: {'line': b'-- Up-to-date symlink: /home/athmani-roumaissa/ros2_coach_ws/install/coach_bringup/share/coach_bringup/local_setup.dsv\n'}
[3.153837] (-) TimerEvent: {}
[3.158733] (coach_bringup) StdoutLine: {'line': b'-- Symlinking: /home/athmani-roumaissa/ros2_coach_ws/install/coach_bringup/share/coach_bringup/package.dsv\n'}
[3.236830] (coach_bringup) StdoutLine: {'line': b'-- Up-to-date symlink: /home/athmani-roumaissa/ros2_coach_ws/install/coach_bringup/share/ament_index/resource_index/packages/coach_bringup\n'}
[3.241384] (coach_bringup) StdoutLine: {'line': b'-- Up-to-date symlink: /home/athmani-roumaissa/ros2_coach_ws/install/coach_bringup/share/coach_bringup/cmake/coach_bringupConfig.cmake\n'}
[3.242994] (coach_bringup) StdoutLine: {'line': b'-- Up-to-date symlink: /home/athmani-roumaissa/ros2_coach_ws/install/coach_bringup/share/coach_bringup/cmake/coach_bringupConfig-version.cmake\n'}
[3.247242] (coach_bringup) StdoutLine: {'line': b'-- Up-to-date symlink: /home/athmani-roumaissa/ros2_coach_ws/install/coach_bringup/share/coach_bringup/package.xml\n'}
[3.254123] (-) TimerEvent: {}
[3.258485] (coach_bringup) CommandEnded: {'returncode': 0}
[3.370846] (-) TimerEvent: {}
[3.474455] (-) TimerEvent: {}
[3.518882] (coach_bringup) JobEnded: {'identifier': 'coach_bringup', 'rc': 0}
[3.524143] (coach_vision) JobStarted: {'identifier': 'coach_vision'}
[3.575746] (-) TimerEvent: {}
[3.673104] (coach_interfaces) StdoutLine: {'line': b'[  2%] Built target coach_interfaces__rosidl_generator_type_description\n'}
[3.675927] (-) TimerEvent: {}
[3.781758] (-) TimerEvent: {}
[3.885670] (-) TimerEvent: {}
[3.994390] (-) TimerEvent: {}
[4.009995] (coach_interfaces) StdoutLine: {'line': b'[  2%] Built target ament_cmake_python_copy_coach_interfaces\n'}
[4.094556] (-) TimerEvent: {}
[4.197880] (-) TimerEvent: {}
[4.298709] (-) TimerEvent: {}
[4.301368] (coach_interfaces) StdoutLine: {'line': b'[  4%] Built target coach_interfaces__cpp\n'}
[4.400074] (-) TimerEvent: {}
[4.504033] (-) TimerEvent: {}
[4.604869] (-) TimerEvent: {}
[4.708293] (-) TimerEvent: {}
[4.809158] (-) TimerEvent: {}
[4.914333] (-) TimerEvent: {}
[5.015211] (-) TimerEvent: {}
[5.120116] (-) TimerEvent: {}
[5.220896] (-) TimerEvent: {}
[5.321807] (-) TimerEvent: {}
[5.425002] (-) TimerEvent: {}
[5.525998] (-) TimerEvent: {}
[5.629292] (-) TimerEvent: {}
[5.732058] (-) TimerEvent: {}
[5.834236] (-) TimerEvent: {}
[5.938489] (-) TimerEvent: {}
[6.040530] (-) TimerEvent: {}
[6.141366] (-) TimerEvent: {}
[6.243188] (-) TimerEvent: {}
[6.344345] (-) TimerEvent: {}
[6.467706] (-) TimerEvent: {}
[6.501339] (coach_interfaces) StdoutLine: {'line': b'running egg_info\n'}
[6.567877] (-) TimerEvent: {}
[6.671306] (-) TimerEvent: {}
[6.718002] (coach_interfaces) StdoutLine: {'line': b'writing coach_interfaces.egg-info/PKG-INFO\n'}
[6.719574] (coach_interfaces) StdoutLine: {'line': b'writing dependency_links to coach_interfaces.egg-info/dependency_links.txt\n'}
[6.721976] (coach_interfaces) StdoutLine: {'line': b'writing top-level names to coach_interfaces.egg-info/top_level.txt\n'}
[6.771478] (-) TimerEvent: {}
[6.876088] (-) TimerEvent: {}
[6.982708] (-) TimerEvent: {}
[7.085231] (-) TimerEvent: {}
[7.187581] (-) TimerEvent: {}
[7.291428] (-) TimerEvent: {}
[7.321387] (coach_interfaces) StdoutLine: {'line': b"reading manifest file 'coach_interfaces.egg-info/SOURCES.txt'\n"}
[7.324681] (coach_interfaces) StdoutLine: {'line': b"writing manifest file 'coach_interfaces.egg-info/SOURCES.txt'\n"}
[7.393233] (-) TimerEvent: {}
[7.488355] (coach_interfaces) StdoutLine: {'line': b'[  4%] Built target ament_cmake_python_build_coach_interfaces_egg\n'}
[7.496462] (-) TimerEvent: {}
[7.601595] (-) TimerEvent: {}
[7.706339] (-) TimerEvent: {}
[7.809425] (-) TimerEvent: {}
[7.829208] (coach_interfaces) StdoutLine: {'line': b'[ 22%] Built target coach_interfaces__rosidl_generator_c\n'}
[7.911054] (-) TimerEvent: {}
[8.011887] (-) TimerEvent: {}
[8.114047] (-) TimerEvent: {}
[8.145210] (coach_interfaces) StdoutLine: {'line': b'[ 24%] Built target coach_interfaces__rs\n'}
[8.221079] (-) TimerEvent: {}
[8.322064] (-) TimerEvent: {}
[8.423310] (-) TimerEvent: {}
[8.527399] (-) TimerEvent: {}
[8.560790] (coach_interfaces) StdoutLine: {'line': b'[ 33%] Built target coach_interfaces__rosidl_typesupport_fastrtps_cpp\n'}
[8.628077] (-) TimerEvent: {}
[8.732483] (-) TimerEvent: {}
[8.827787] (coach_interfaces) StdoutLine: {'line': b'[ 42%] Built target coach_interfaces__rosidl_typesupport_introspection_cpp\n'}
[8.835076] (-) TimerEvent: {}
[8.938347] (-) TimerEvent: {}
[9.044919] (-) TimerEvent: {}
[9.102071] (coach_interfaces) StdoutLine: {'line': b'[ 51%] Built target coach_interfaces__rosidl_typesupport_cpp\n'}
[9.145280] (-) TimerEvent: {}
[9.246168] (-) TimerEvent: {}
[9.347695] (-) TimerEvent: {}
[9.423647] (coach_interfaces) StdoutLine: {'line': b'[ 60%] Built target coach_interfaces__rosidl_typesupport_fastrtps_c\n'}
[9.448063] (-) TimerEvent: {}
[9.555456] (-) TimerEvent: {}
[9.660086] (-) TimerEvent: {}
[9.717181] (coach_analyzer) Command: {'cmd': ['/usr/bin/python3', '-W', 'ignore:setup.py install is deprecated', '-W', 'ignore:easy_install command is deprecated', 'setup.py', 'develop', '--editable', '--build-directory', '/home/athmani-roumaissa/ros2_coach_ws/build/coach_analyzer/build', '--no-deps', 'symlink_data'], 'cwd': '/home/athmani-roumaissa/ros2_coach_ws/build/coach_analyzer', 'env': {'LESSOPEN': '| /usr/bin/lesspipe %s', 'GZ_SIM_RESOURCE_PATH': '/opt/ros/jazzy/share', 'USER': 'athmani-roumaissa', 'GZ_CONFIG_PATH': '/opt/ros/jazzy/opt/gz_sim_vendor/share/gz:/opt/ros/jazzy/opt/sdformat_vendor/share/gz:/opt/ros/jazzy/opt/gz_gui_vendor/share/gz:/opt/ros/jazzy/opt/gz_transport_vendor/share/gz:/opt/ros/jazzy/opt/gz_rendering_vendor/share/gz:/opt/ros/jazzy/opt/gz_plugin_vendor/share/gz:/opt/ros/jazzy/opt/gz_fuel_tools_vendor/share/gz:/opt/ros/jazzy/opt/gz_msgs_vendor/share/gz:/opt/ros/jazzy/opt/gz_common_vendor/share/gz', 'ROS_PACKAGE_PATH': '/home/athmani-roumaissa/ros2_coach_ws/install/coach_interfaces/share', 'XDG_SESSION_TYPE': 'wayland', 'CLUTTER_DISABLE_MIPMAPPED_TEXT': '1', 'SHLVL': '1', 'LD_LIBRARY_PATH': '/home/athmani-roumaissa/ros2_coach_ws/install/coach_interfaces/lib:/opt/ros/jazzy/opt/gz_sim_vendor/lib:/opt/ros/jazzy/opt/gz_sensors_vendor/lib:/opt/ros/jazzy/opt/gz_physics_vendor/lib:/opt/ros/jazzy/opt/sdformat_vendor/lib:/opt/ros/jazzy/opt/rviz_ogre_vendor/lib:/opt/ros/jazzy/lib/x86_64-linux-gnu:/opt/ros/jazzy/opt/gz_gui_vendor/lib:/opt/ros/jazzy/opt/gz_transport_vendor/lib:/opt/ros/jazzy/opt/gz_rendering_vendor/lib:/opt/ros/jazzy/opt/gz_plugin_vendor/lib:/opt/ros/jazzy/opt/gz_fuel_tools_vendor/lib:/opt/ros/jazzy/opt/gz_msgs_vendor/lib:/opt/ros/jazzy/opt/gz_common_vendor/lib:/opt/ros/jazzy/opt/gz_math_vendor/lib:/opt/ros/jazzy/opt/gz_utils_vendor/lib:/opt/ros/jazzy/opt/gz_tools_vendor/lib:/opt/ros/jazzy/opt/gz_ogre_next_vendor/lib:/opt/ros/jazzy/opt/gz_dartsim_vendor/lib:/opt/ros/jazzy/opt/gz_cmake_vendor/lib:/opt/ros/jazzy/lib', 'HOME': '/home/athmani-roumaissa', 'OLDPWD': '/home/athmani-roumaissa/ros2_coach_ws', 'DESKTOP_SESSION': 'ubuntu', 'ROS_PYTHON_VERSION': '3', 'GNOME_SHELL_SESSION_MODE': 'ubuntu', 'GTK_MODULES': 'gail:atk-bridge', 'PS1': '\\[\\e]0;\\u@\\h: \\w\\a\\]${debian_chroot:+($debian_chroot)}\\[\\033[01;32m\\]\\u@\\h\\[\\033[00m\\]:\\[\\033[01;34m\\]\\w\\[\\033[00m\\]\\$', 'SYSTEMD_EXEC_PID': '2152', 'GSM_SKIP_SSH_AGENT_WORKAROUND': 'true', 'DBUS_SESSION_BUS_ADDRESS': 'unix:path=/run/user/1000/bus', 'COLORTERM': 'truecolor', 'DEBUGINFOD_URLS': 'https://debuginfod.ubuntu.com', 'IM_CONFIG_PHASE': '1', 'WAYLAND_DISPLAY': 'wayland-0', 'COLCON_PREFIX_PATH': '/home/athmani-roumaissa/ros2_coach_ws/install', 'ROS_DISTRO': 'jazzy', 'LOGNAME': 'athmani-roumaissa', '_': '/usr/bin/colcon', 'ROS_VERSION': '2', 'PKG_CONFIG_PATH': '/home/athmani-roumaissa/ros2_coach_ws/install/coach_interfaces/lib/x86_64-linux-gnu/pkgconfig:/home/athmani-roumaissa/ros2_coach_ws/install/coach_interfaces/lib/pkgconfig', 'MEMORY_PRESSURE_WATCH': '/sys/fs/cgroup/user.slice/user-1000.slice/user@1000.service/session.slice/org.gnome.Shell@wayland.service/memory.pressure', 'XDG_SESSION_CLASS': 'user', 'USERNAME': 'athmani-roumaissa', 'TERM': 'xterm-256color', 'GNOME_DESKTOP_SESSION_ID': 'this-is-deprecated', 'PATH': '/opt/ros/jazzy/opt/gz_msgs_vendor/bin:/opt/ros/jazzy/opt/gz_tools_vendor/bin:/opt/ros/jazzy/opt/gz_ogre_next_vendor/bin:/opt/ros/jazzy/bin:/usr/local/sbin:/usr/local/bin:/usr/sbin:/usr/bin:/sbin:/bin:/usr/games:/usr/local/games:/snap/bin:/snap/bin', 'SESSION_MANAGER': 'local/athmani-roumaissa-HP-EliteBook-840-G3:@/tmp/.ICE-unix/2108,unix/athmani-roumaissa-HP-EliteBook-840-G3:/tmp/.ICE-unix/2108', 'XDG_MENU_PREFIX': 'gnome-', 'GNOME_TERMINAL_SCREEN': '/org/gnome/Terminal/screen/6de1f691_4805_4d42_b9a4_7584054ec357', 'GNOME_SETUP_DISPLAY': ':1', 'XDG_RUNTIME_DIR': '/run/user/1000', 'DISPLAY': ':0', 'LANG': 'en_US.UTF-8', 'XDG_CURRENT_DESKTOP': 'ubuntu:GNOME', 'XMODIFIERS': '@im=ibus', 'XDG_SESSION_DESKTOP': 'ubuntu', 'XAUTHORITY': '/run/user/1000/.mutter-Xwaylandauth.QD14N3', 'LS_COLORS': 'rs=0:di=01;34:ln=01;36:mh=00:pi=40;33:so=01;35:do=01;35:bd=40;33;01:cd=40;33;01:or=40;31;01:mi=00:su=37;41:sg=30;43:ca=00:tw=30;42:ow=34;42:st=37;44:ex=01;32:*.tar=01;31:*.tgz=01;31:*.arc=01;31:*.arj=01;31:*.taz=01;31:*.lha=01;31:*.lz4=01;31:*.lzh=01;31:*.lzma=01;31:*.tlz=01;31:*.txz=01;31:*.tzo=01;31:*.t7z=01;31:*.zip=01;31:*.z=01;31:*.dz=01;31:*.gz=01;31:*.lrz=01;31:*.lz=01;31:*.lzo=01;31:*.xz=01;31:*.zst=01;31:*.tzst=01;31:*.bz2=01;31:*.bz=01;31:*.tbz=01;31:*.tbz2=01;31:*.tz=01;31:*.deb=01;31:*.rpm=01;31:*.jar=01;31:*.war=01;31:*.ear=01;31:*.sar=01;31:*.rar=01;31:*.alz=01;31:*.ace=01;31:*.zoo=01;31:*.cpio=01;31:*.7z=01;31:*.rz=01;31:*.cab=01;31:*.wim=01;31:*.swm=01;31:*.dwm=01;31:*.esd=01;31:*.avif=01;35:*.jpg=01;35:*.jpeg=01;35:*.mjpg=01;35:*.mjpeg=01;35:*.gif=01;35:*.bmp=01;35:*.pbm=01;35:*.pgm=01;35:*.ppm=01;35:*.tga=01;35:*.xbm=01;35:*.xpm=01;35:*.tif=01;35:*.tiff=01;35:*.png=01;35:*.svg=01;35:*.svgz=01;35:*.mng=01;35:*.pcx=01;35:*.mov=01;35:*.mpg=01;35:*.mpeg=01;35:*.m2v=01;35:*.mkv=01;35:*.webm=01;35:*.webp=01;35:*.ogm=01;35:*.mp4=01;35:*.m4v=01;35:*.mp4v=01;35:*.vob=01;35:*.qt=01;35:*.nuv=01;35:*.wmv=01;35:*.asf=01;35:*.rm=01;35:*.rmvb=01;35:*.flc=01;35:*.avi=01;35:*.fli=01;35:*.flv=01;35:*.gl=01;35:*.dl=01;35:*.xcf=01;35:*.xwd=01;35:*.yuv=01;35:*.cgm=01;35:*.emf=01;35:*.ogv=01;35:*.ogx=01;35:*.aac=00;36:*.au=00;36:*.flac=00;36:*.m4a=00;36:*.mid=00;36:*.midi=00;36:*.mka=00;36:*.mp3=00;36:*.mpc=00;36:*.ogg=00;36:*.ra=00;36:*.wav=00;36:*.oga=00;36:*.opus=00;36:*.spx=00;36:*.xspf=00;36:*~=00;90:*#=00;90:*.bak=00;90:*.crdownload=00;90:*.dpkg-dist=00;90:*.dpkg-new=00;90:*.dpkg-old=00;90:*.dpkg-tmp=00;90:*.old=00;90:*.orig=00;90:*.part=00;90:*.rej=00;90:*.rpmnew=00;90:*.rpmorig=00;90:*.rpmsave=00;90:*.swp=00;90:*.tmp=00;90:*.ucf-dist=00;90:*.ucf-new=00;90:*.ucf-old=00;90:', 'GNOME_TERMINAL_SERVICE': ':1.145', 'SSH_AUTH_SOCK': '/run/user/1000/keyring/ssh', 'AMENT_PREFIX_PATH': '/home/athmani-roumaissa/ros2_coach_ws/install/coach_vision:/home/athmani-roumaissa/ros2_coach_ws/install/coach_feedback:/home/athmani-roumaissa/ros2_coach_ws/install/coach_bringup:/home/athmani-roumaissa/ros2_coach_ws/install/coach_analyzer:/opt/ros/jazzy', 'SHELL': '/bin/bash', 'QT_ACCESSIBILITY': '1', 'GDMSESSION': 'ubuntu', 'LESSCLOSE': '/usr/bin/lesspipe %s %s', 'ROS_AUTOMATIC_DISCOVERY_RANGE': 'SUBNET', 'QT_IM_MODULE': 'ibus', 'PWD': '/home/athmani-roumaissa/ros2_coach_ws/build/coach_analyzer', 'LC_ALL': 'en_US.UTF-8', 'XDG_CONFIG_DIRS': '/etc/xdg/xdg-ubuntu:/etc/xdg', 'XDG_DATA_DIRS': '/usr/share/ubuntu:/usr/share/gnome:/usr/local/share/:/usr/share/:/var/lib/snapd/desktop', 'PYTHONPATH': '/home/athmani-roumaissa/ros2_coach_ws/build/coach_analyzer/prefix_override:/usr/lib/python3/dist-packages/colcon_core/task/python/colcon_distutils_commands:/home/athmani-roumaissa/ros2_coach_ws/install/coach_analyzer/lib/python3.12/site-packages:/home/athmani-roumaissa/ros2_coach_ws/build/coach_vision:/home/athmani-roumaissa/ros2_coach_ws/install/coach_vision/lib/python3.12/site-packages:/home/athmani-roumaissa/ros2_coach_ws/install/coach_interfaces/lib/python3.12/site-packages:/home/athmani-roumaissa/ros2_coach_ws/build/coach_feedback:/home/athmani-roumaissa/ros2_coach_ws/install/coach_feedback/lib/python3.12/site-packages:/home/athmani-roumaissa/ros2_coach_ws/build/coach_analyzer:/home/athmani-roumaissa/ros2_coach_ws/install/coach_analyzer/lib/python3.12/site-packages:/opt/ros/jazzy/lib/python3.12/site-packages', 'COLCON': '1', 'MEMORY_PRESSURE_WRITE': 'c29tZSAyMDAwMDAgMjAwMDAwMAA=', 'VTE_VERSION': '7600', 'CMAKE_PREFIX_PATH': '/home/athmani-roumaissa/ros2_coach_ws/install/coach_interfaces:/home/athmani-roumaissa/ros2_coach_ws/install/coach_bringup:/opt/ros/jazzy/opt/gz_sim_vendor:/opt/ros/jazzy/opt/gz_sensors_vendor:/opt/ros/jazzy/opt/gz_physics_vendor:/opt/ros/jazzy/opt/sdformat_vendor:/opt/ros/jazzy/opt/gz_gui_vendor:/opt/ros/jazzy/opt/gz_transport_vendor:/opt/ros/jazzy/opt/gz_rendering_vendor:/opt/ros/jazzy/opt/gz_plugin_vendor:/opt/ros/jazzy/opt/gz_fuel_tools_vendor:/opt/ros/jazzy/opt/gz_msgs_vendor:/opt/ros/jazzy/opt/gz_common_vendor:/opt/ros/jazzy/opt/gz_math_vendor:/opt/ros/jazzy/opt/gz_utils_vendor:/opt/ros/jazzy/opt/gz_tools_vendor:/opt/ros/jazzy/opt/gz_ogre_next_vendor:/opt/ros/jazzy/opt/gz_dartsim_vendor:/opt/ros/jazzy/opt/gz_cmake_vendor'}, 'shell': False}
[9.738074] (coach_interfaces) StdoutLine: {'line': b'[ 68%] Built target coach_interfaces__rosidl_typesupport_c\n'}
[9.762089] (-) TimerEvent: {}
[9.816725] (coach_feedback) Command: {'cmd': ['/usr/bin/python3', '-W', 'ignore:setup.py install is deprecated', '-W', 'ignore:easy_install command is deprecated', 'setup.py', 'develop', '--editable', '--build-directory', '/home/athmani-roumaissa/ros2_coach_ws/build/coach_feedback/build', '--no-deps'], 'cwd': '/home/athmani-roumaissa/ros2_coach_ws/build/coach_feedback', 'env': {'LESSOPEN': '| /usr/bin/lesspipe %s', 'GZ_SIM_RESOURCE_PATH': '/opt/ros/jazzy/share', 'USER': 'athmani-roumaissa', 'GZ_CONFIG_PATH': '/opt/ros/jazzy/opt/gz_sim_vendor/share/gz:/opt/ros/jazzy/opt/sdformat_vendor/share/gz:/opt/ros/jazzy/opt/gz_gui_vendor/share/gz:/opt/ros/jazzy/opt/gz_transport_vendor/share/gz:/opt/ros/jazzy/opt/gz_rendering_vendor/share/gz:/opt/ros/jazzy/opt/gz_plugin_vendor/share/gz:/opt/ros/jazzy/opt/gz_fuel_tools_vendor/share/gz:/opt/ros/jazzy/opt/gz_msgs_vendor/share/gz:/opt/ros/jazzy/opt/gz_common_vendor/share/gz', 'ROS_PACKAGE_PATH': '/home/athmani-roumaissa/ros2_coach_ws/install/coach_interfaces/share', 'XDG_SESSION_TYPE': 'wayland', 'CLUTTER_DISABLE_MIPMAPPED_TEXT': '1', 'SHLVL': '1', 'LD_LIBRARY_PATH': '/home/athmani-roumaissa/ros2_coach_ws/install/coach_interfaces/lib:/opt/ros/jazzy/opt/gz_sim_vendor/lib:/opt/ros/jazzy/opt/gz_sensors_vendor/lib:/opt/ros/jazzy/opt/gz_physics_vendor/lib:/opt/ros/jazzy/opt/sdformat_vendor/lib:/opt/ros/jazzy/opt/rviz_ogre_vendor/lib:/opt/ros/jazzy/lib/x86_64-linux-gnu:/opt/ros/jazzy/opt/gz_gui_vendor/lib:/opt/ros/jazzy/opt/gz_transport_vendor/lib:/opt/ros/jazzy/opt/gz_rendering_vendor/lib:/opt/ros/jazzy/opt/gz_plugin_vendor/lib:/opt/ros/jazzy/opt/gz_fuel_tools_vendor/lib:/opt/ros/jazzy/opt/gz_msgs_vendor/lib:/opt/ros/jazzy/opt/gz_common_vendor/lib:/opt/ros/jazzy/opt/gz_math_vendor/lib:/opt/ros/jazzy/opt/gz_utils_vendor/lib:/opt/ros/jazzy/opt/gz_tools_vendor/lib:/opt/ros/jazzy/opt/gz_ogre_next_vendor/lib:/opt/ros/jazzy/opt/gz_dartsim_vendor/lib:/opt/ros/jazzy/opt/gz_cmake_vendor/lib:/opt/ros/jazzy/lib', 'HOME': '/home/athmani-roumaissa', 'OLDPWD': '/home/athmani-roumaissa/ros2_coach_ws', 'DESKTOP_SESSION': 'ubuntu', 'ROS_PYTHON_VERSION': '3', 'GNOME_SHELL_SESSION_MODE': 'ubuntu', 'GTK_MODULES': 'gail:atk-bridge', 'PS1': '\\[\\e]0;\\u@\\h: \\w\\a\\]${debian_chroot:+($debian_chroot)}\\[\\033[01;32m\\]\\u@\\h\\[\\033[00m\\]:\\[\\033[01;34m\\]\\w\\[\\033[00m\\]\\$', 'SYSTEMD_EXEC_PID': '2152', 'GSM_SKIP_SSH_AGENT_WORKAROUND': 'true', 'DBUS_SESSION_BUS_ADDRESS': 'unix:path=/run/user/1000/bus', 'COLORTERM': 'truecolor', 'DEBUGINFOD_URLS': 'https://debuginfod.ubuntu.com', 'IM_CONFIG_PHASE': '1', 'WAYLAND_DISPLAY': 'wayland-0', 'COLCON_PREFIX_PATH': '/home/athmani-roumaissa/ros2_coach_ws/install', 'ROS_DISTRO': 'jazzy', 'LOGNAME': 'athmani-roumaissa', '_': '/usr/bin/colcon', 'ROS_VERSION': '2', 'PKG_CONFIG_PATH': '/home/athmani-roumaissa/ros2_coach_ws/install/coach_interfaces/lib/x86_64-linux-gnu/pkgconfig:/home/athmani-roumaissa/ros2_coach_ws/install/coach_interfaces/lib/pkgconfig', 'MEMORY_PRESSURE_WATCH': '/sys/fs/cgroup/user.slice/user-1000.slice/user@1000.service/session.slice/org.gnome.Shell@wayland.service/memory.pressure', 'XDG_SESSION_CLASS': 'user', 'USERNAME': 'athmani-roumaissa', 'TERM': 'xterm-256color', 'GNOME_DESKTOP_SESSION_ID': 'this-is-deprecated', 'PATH': '/opt/ros/jazzy/opt/gz_msgs_vendor/bin:/opt/ros/jazzy/opt/gz_tools_vendor/bin:/opt/ros/jazzy/opt/gz_ogre_next_vendor/bin:/opt/ros/jazzy/bin:/usr/local/sbin:/usr/local/bin:/usr/sbin:/usr/bin:/sbin:/bin:/usr/games:/usr/local/games:/snap/bin:/snap/bin', 'SESSION_MANAGER': 'local/athmani-roumaissa-HP-EliteBook-840-G3:@/tmp/.ICE-unix/2108,unix/athmani-roumaissa-HP-EliteBook-840-G3:/tmp/.ICE-unix/2108', 'XDG_MENU_PREFIX': 'gnome-', 'GNOME_TERMINAL_SCREEN': '/org/gnome/Terminal/screen/6de1f691_4805_4d42_b9a4_7584054ec357', 'GNOME_SETUP_DISPLAY': ':1', 'XDG_RUNTIME_DIR': '/run/user/1000', 'DISPLAY': ':0', 'LANG': 'en_US.UTF-8', 'XDG_CURRENT_DESKTOP': 'ubuntu:GNOME', 'XMODIFIERS': '@im=ibus', 'XDG_SESSION_DESKTOP': 'ubuntu', 'XAUTHORITY': '/run/user/1000/.mutter-Xwaylandauth.QD14N3', 'LS_COLORS': 'rs=0:di=01;34:ln=01;36:mh=00:pi=40;33:so=01;35:do=01;35:bd=40;33;01:cd=40;33;01:or=40;31;01:mi=00:su=37;41:sg=30;43:ca=00:tw=30;42:ow=34;42:st=37;44:ex=01;32:*.tar=01;31:*.tgz=01;31:*.arc=01;31:*.arj=01;31:*.taz=01;31:*.lha=01;31:*.lz4=01;31:*.lzh=01;31:*.lzma=01;31:*.tlz=01;31:*.txz=01;31:*.tzo=01;31:*.t7z=01;31:*.zip=01;31:*.z=01;31:*.dz=01;31:*.gz=01;31:*.lrz=01;31:*.lz=01;31:*.lzo=01;31:*.xz=01;31:*.zst=01;31:*.tzst=01;31:*.bz2=01;31:*.bz=01;31:*.tbz=01;31:*.tbz2=01;31:*.tz=01;31:*.deb=01;31:*.rpm=01;31:*.jar=01;31:*.war=01;31:*.ear=01;31:*.sar=01;31:*.rar=01;31:*.alz=01;31:*.ace=01;31:*.zoo=01;31:*.cpio=01;31:*.7z=01;31:*.rz=01;31:*.cab=01;31:*.wim=01;31:*.swm=01;31:*.dwm=01;31:*.esd=01;31:*.avif=01;35:*.jpg=01;35:*.jpeg=01;35:*.mjpg=01;35:*.mjpeg=01;35:*.gif=01;35:*.bmp=01;35:*.pbm=01;35:*.pgm=01;35:*.ppm=01;35:*.tga=01;35:*.xbm=01;35:*.xpm=01;35:*.tif=01;35:*.tiff=01;35:*.png=01;35:*.svg=01;35:*.svgz=01;35:*.mng=01;35:*.pcx=01;35:*.mov=01;35:*.mpg=01;35:*.mpeg=01;35:*.m2v=01;35:*.mkv=01;35:*.webm=01;35:*.webp=01;35:*.ogm=01;35:*.mp4=01;35:*.m4v=01;35:*.mp4v=01;35:*.vob=01;35:*.qt=01;35:*.nuv=01;35:*.wmv=01;35:*.asf=01;35:*.rm=01;35:*.rmvb=01;35:*.flc=01;35:*.avi=01;35:*.fli=01;35:*.flv=01;35:*.gl=01;35:*.dl=01;35:*.xcf=01;35:*.xwd=01;35:*.yuv=01;35:*.cgm=01;35:*.emf=01;35:*.ogv=01;35:*.ogx=01;35:*.aac=00;36:*.au=00;36:*.flac=00;36:*.m4a=00;36:*.mid=00;36:*.midi=00;36:*.mka=00;36:*.mp3=00;36:*.mpc=00;36:*.ogg=00;36:*.ra=00;36:*.wav=00;36:*.oga=00;36:*.opus=00;36:*.spx=00;36:*.xspf=00;36:*~=00;90:*#=00;90:*.bak=00;90:*.crdownload=00;90:*.dpkg-dist=00;90:*.dpkg-new=00;90:*.dpkg-old=00;90:*.dpkg-tmp=00;90:*.old=00;90:*.orig=00;90:*.part=00;90:*.rej=00;90:*.rpmnew=00;90:*.rpmorig=00;90:*.rpmsave=00;90:*.swp=00;90:*.tmp=00;90:*.ucf-dist=00;90:*.ucf-new=00;90:*.ucf-old=00;90:', 'GNOME_TERMINAL_SERVICE': ':1.145', 'SSH_AUTH_SOCK': '/run/user/1000/keyring/ssh', 'AMENT_PREFIX_PATH': '/home/athmani-roumaissa/ros2_coach_ws/install/coach_vision:/home/athmani-roumaissa/ros2_coach_ws/install/coach_feedback:/home/athmani-roumaissa/ros2_coach_ws/install/coach_bringup:/home/athmani-roumaissa/ros2_coach_ws/install/coach_analyzer:/opt/ros/jazzy', 'SHELL': '/bin/bash', 'QT_ACCESSIBILITY': '1', 'GDMSESSION': 'ubuntu', 'LESSCLOSE': '/usr/bin/lesspipe %s %s', 'ROS_AUTOMATIC_DISCOVERY_RANGE': 'SUBNET', 'QT_IM_MODULE': 'ibus', 'PWD': '/home/athmani-roumaissa/ros2_coach_ws/build/coach_feedback', 'LC_ALL': 'en_US.UTF-8', 'XDG_CONFIG_DIRS': '/etc/xdg/xdg-ubuntu:/etc/xdg', 'XDG_DATA_DIRS': '/usr/share/ubuntu:/usr/share/gnome:/usr/local/share/:/usr/share/:/var/lib/snapd/desktop', 'PYTHONPATH': '/home/athmani-roumaissa/ros2_coach_ws/build/coach_feedback/prefix_override:/usr/lib/python3/dist-packages/colcon_core/task/python/colcon_distutils_commands:/home/athmani-roumaissa/ros2_coach_ws/install/coach_feedback/lib/python3.12/site-packages:/home/athmani-roumaissa/ros2_coach_ws/build/coach_vision:/home/athmani-roumaissa/ros2_coach_ws/install/coach_vision/lib/python3.12/site-packages:/home/athmani-roumaissa/ros2_coach_ws/install/coach_interfaces/lib/python3.12/site-packages:/home/athmani-roumaissa/ros2_coach_ws/build/coach_feedback:/home/athmani-roumaissa/ros2_coach_ws/install/coach_feedback/lib/python3.12/site-packages:/home/athmani-roumaissa/ros2_coach_ws/build/coach_analyzer:/home/athmani-roumaissa/ros2_coach_ws/install/coach_analyzer/lib/python3.12/site-packages:/opt/ros/jazzy/lib/python3.12/site-packages', 'COLCON': '1', 'MEMORY_PRESSURE_WRITE': 'c29tZSAyMDAwMDAgMjAwMDAwMAA=', 'VTE_VERSION': '7600', 'CMAKE_PREFIX_PATH': '/home/athmani-roumaissa/ros2_coach_ws/install/coach_interfaces:/home/athmani-roumaissa/ros2_coach_ws/install/coach_bringup:/opt/ros/jazzy/opt/gz_sim_vendor:/opt/ros/jazzy/opt/gz_sensors_vendor:/opt/ros/jazzy/opt/gz_physics_vendor:/opt/ros/jazzy/opt/sdformat_vendor:/opt/ros/jazzy/opt/gz_gui_vendor:/opt/ros/jazzy/opt/gz_transport_vendor:/opt/ros/jazzy/opt/gz_rendering_vendor:/opt/ros/jazzy/opt/gz_plugin_vendor:/opt/ros/jazzy/opt/gz_fuel_tools_vendor:/opt/ros/jazzy/opt/gz_msgs_vendor:/opt/ros/jazzy/opt/gz_common_vendor:/opt/ros/jazzy/opt/gz_math_vendor:/opt/ros/jazzy/opt/gz_utils_vendor:/opt/ros/jazzy/opt/gz_tools_vendor:/opt/ros/jazzy/opt/gz_ogre_next_vendor:/opt/ros/jazzy/opt/gz_dartsim_vendor:/opt/ros/jazzy/opt/gz_cmake_vendor'}, 'shell': False}
[9.863067] (-) TimerEvent: {}
[9.968385] (-) TimerEvent: {}
[10.043066] (coach_interfaces) StdoutLine: {'line': b'[ 77%] Built target coach_interfaces__rosidl_typesupport_introspection_c\n'}
[10.068553] (-) TimerEvent: {}
[10.179073] (-) TimerEvent: {}
[10.261208] (coach_interfaces) StdoutLine: {'line': b'[ 77%] Built target coach_interfaces\n'}
[10.280001] (-) TimerEvent: {}
[10.389087] (-) TimerEvent: {}
[10.491631] (-) TimerEvent: {}
[10.497414] (coach_interfaces) StdoutLine: {'line': b'[ 80%] Built target coach_interfaces__py\n'}
[10.592132] (-) TimerEvent: {}
[10.712609] (-) TimerEvent: {}
[10.814608] (-) TimerEvent: {}
[10.841163] (coach_interfaces) StdoutLine: {'line': b'[ 86%] Built target coach_interfaces__rosidl_generator_py\n'}
[10.914776] (-) TimerEvent: {}
[11.018092] (-) TimerEvent: {}
[11.071439] (coach_interfaces) StdoutLine: {'line': b'[ 91%] Built target coach_interfaces_s__rosidl_typesupport_fastrtps_c\n'}
[11.118345] (-) TimerEvent: {}
[11.221079] (-) TimerEvent: {}
[11.300908] (coach_interfaces) StdoutLine: {'line': b'[ 95%] Built target coach_interfaces_s__rosidl_typesupport_c\n'}
[11.322017] (-) TimerEvent: {}
[11.423384] (-) TimerEvent: {}
[11.512627] (coach_interfaces) StdoutLine: {'line': b'[100%] Built target coach_interfaces_s__rosidl_typesupport_introspection_c\n'}
[11.523574] (-) TimerEvent: {}
[11.597734] (coach_interfaces) CommandEnded: {'returncode': 0}
[11.609889] (coach_interfaces) JobProgress: {'identifier': 'coach_interfaces', 'progress': 'install'}
[11.610092] (coach_interfaces) Command: {'cmd': ['/usr/bin/cmake', '--install', '/home/athmani-roumaissa/ros2_coach_ws/build/coach_interfaces'], 'cwd': '/home/athmani-roumaissa/ros2_coach_ws/build/coach_interfaces', 'env': OrderedDict({'LESSOPEN': '| /usr/bin/lesspipe %s', 'GZ_SIM_RESOURCE_PATH': '/opt/ros/jazzy/share', 'USER': 'athmani-roumaissa', 'GZ_CONFIG_PATH': '/opt/ros/jazzy/opt/gz_sim_vendor/share/gz:/opt/ros/jazzy/opt/sdformat_vendor/share/gz:/opt/ros/jazzy/opt/gz_gui_vendor/share/gz:/opt/ros/jazzy/opt/gz_transport_vendor/share/gz:/opt/ros/jazzy/opt/gz_rendering_vendor/share/gz:/opt/ros/jazzy/opt/gz_plugin_vendor/share/gz:/opt/ros/jazzy/opt/gz_fuel_tools_vendor/share/gz:/opt/ros/jazzy/opt/gz_msgs_vendor/share/gz:/opt/ros/jazzy/opt/gz_common_vendor/share/gz', 'ROS_PACKAGE_PATH': '/home/athmani-roumaissa/ros2_coach_ws/install/coach_interfaces/share', 'XDG_SESSION_TYPE': 'wayland', 'CLUTTER_DISABLE_MIPMAPPED_TEXT': '1', 'SHLVL': '1', 'LD_LIBRARY_PATH': '/home/athmani-roumaissa/ros2_coach_ws/install/coach_interfaces/lib:/opt/ros/jazzy/opt/gz_sim_vendor/lib:/opt/ros/jazzy/opt/gz_sensors_vendor/lib:/opt/ros/jazzy/opt/gz_physics_vendor/lib:/opt/ros/jazzy/opt/sdformat_vendor/lib:/opt/ros/jazzy/opt/rviz_ogre_vendor/lib:/opt/ros/jazzy/lib/x86_64-linux-gnu:/opt/ros/jazzy/opt/gz_gui_vendor/lib:/opt/ros/jazzy/opt/gz_transport_vendor/lib:/opt/ros/jazzy/opt/gz_rendering_vendor/lib:/opt/ros/jazzy/opt/gz_plugin_vendor/lib:/opt/ros/jazzy/opt/gz_fuel_tools_vendor/lib:/opt/ros/jazzy/opt/gz_msgs_vendor/lib:/opt/ros/jazzy/opt/gz_common_vendor/lib:/opt/ros/jazzy/opt/gz_math_vendor/lib:/opt/ros/jazzy/opt/gz_utils_vendor/lib:/opt/ros/jazzy/opt/gz_tools_vendor/lib:/opt/ros/jazzy/opt/gz_ogre_next_vendor/lib:/opt/ros/jazzy/opt/gz_dartsim_vendor/lib:/opt/ros/jazzy/opt/gz_cmake_vendor/lib:/opt/ros/jazzy/lib', 'HOME': '/home/athmani-roumaissa', 'OLDPWD': '/home/athmani-roumaissa/ros2_coach_ws', 'DESKTOP_SESSION': 'ubuntu', 'ROS_PYTHON_VERSION': '3', 'GNOME_SHELL_SESSION_MODE': 'ubuntu', 'GTK_MODULES': 'gail:atk-bridge', 'PS1': '\\[\\e]0;\\u@\\h: \\w\\a\\]${debian_chroot:+($debian_chroot)}\\[\\033[01;32m\\]\\u@\\h\\[\\033[00m\\]:\\[\\033[01;34m\\]\\w\\[\\033[00m\\]\\$', 'SYSTEMD_EXEC_PID': '2152', 'GSM_SKIP_SSH_AGENT_WORKAROUND': 'true', 'DBUS_SESSION_BUS_ADDRESS': 'unix:path=/run/user/1000/bus', 'COLORTERM': 'truecolor', 'DEBUGINFOD_URLS': 'https://debuginfod.ubuntu.com', 'IM_CONFIG_PHASE': '1', 'WAYLAND_DISPLAY': 'wayland-0', 'COLCON_PREFIX_PATH': '/home/athmani-roumaissa/ros2_coach_ws/install', 'ROS_DISTRO': 'jazzy', 'LOGNAME': 'athmani-roumaissa', '_': '/usr/bin/colcon', 'ROS_VERSION': '2', 'PKG_CONFIG_PATH': '/home/athmani-roumaissa/ros2_coach_ws/install/coach_interfaces/lib/x86_64-linux-gnu/pkgconfig:/home/athmani-roumaissa/ros2_coach_ws/install/coach_interfaces/lib/pkgconfig', 'MEMORY_PRESSURE_WATCH': '/sys/fs/cgroup/user.slice/user-1000.slice/user@1000.service/session.slice/org.gnome.Shell@wayland.service/memory.pressure', 'XDG_SESSION_CLASS': 'user', 'USERNAME': 'athmani-roumaissa', 'TERM': 'xterm-256color', 'GNOME_DESKTOP_SESSION_ID': 'this-is-deprecated', 'PATH': '/opt/ros/jazzy/opt/gz_msgs_vendor/bin:/opt/ros/jazzy/opt/gz_tools_vendor/bin:/opt/ros/jazzy/opt/gz_ogre_next_vendor/bin:/opt/ros/jazzy/bin:/usr/local/sbin:/usr/local/bin:/usr/sbin:/usr/bin:/sbin:/bin:/usr/games:/usr/local/games:/snap/bin:/snap/bin', 'SESSION_MANAGER': 'local/athmani-roumaissa-HP-EliteBook-840-G3:@/tmp/.ICE-unix/2108,unix/athmani-roumaissa-HP-EliteBook-840-G3:/tmp/.ICE-unix/2108', 'XDG_MENU_PREFIX': 'gnome-', 'GNOME_TERMINAL_SCREEN': '/org/gnome/Terminal/screen/6de1f691_4805_4d42_b9a4_7584054ec357', 'GNOME_SETUP_DISPLAY': ':1', 'XDG_RUNTIME_DIR': '/run/user/1000', 'DISPLAY': ':0', 'LANG': 'en_US.UTF-8', 'XDG_CURRENT_DESKTOP': 'ubuntu:GNOME', 'XMODIFIERS': '@im=ibus', 'XDG_SESSION_DESKTOP': 'ubuntu', 'XAUTHORITY': '/run/user/1000/.mutter-Xwaylandauth.QD14N3', 'LS_COLORS': 'rs=0:di=01;34:ln=01;36:mh=00:pi=40;33:so=01;35:do=01;35:bd=40;33;01:cd=40;33;01:or=40;31;01:mi=00:su=37;41:sg=30;43:ca=00:tw=30;42:ow=34;42:st=37;44:ex=01;32:*.tar=01;31:*.tgz=01;31:*.arc=01;31:*.arj=01;31:*.taz=01;31:*.lha=01;31:*.lz4=01;31:*.lzh=01;31:*.lzma=01;31:*.tlz=01;31:*.txz=01;31:*.tzo=01;31:*.t7z=01;31:*.zip=01;31:*.z=01;31:*.dz=01;31:*.gz=01;31:*.lrz=01;31:*.lz=01;31:*.lzo=01;31:*.xz=01;31:*.zst=01;31:*.tzst=01;31:*.bz2=01;31:*.bz=01;31:*.tbz=01;31:*.tbz2=01;31:*.tz=01;31:*.deb=01;31:*.rpm=01;31:*.jar=01;31:*.war=01;31:*.ear=01;31:*.sar=01;31:*.rar=01;31:*.alz=01;31:*.ace=01;31:*.zoo=01;31:*.cpio=01;31:*.7z=01;31:*.rz=01;31:*.cab=01;31:*.wim=01;31:*.swm=01;31:*.dwm=01;31:*.esd=01;31:*.avif=01;35:*.jpg=01;35:*.jpeg=01;35:*.mjpg=01;35:*.mjpeg=01;35:*.gif=01;35:*.bmp=01;35:*.pbm=01;35:*.pgm=01;35:*.ppm=01;35:*.tga=01;35:*.xbm=01;35:*.xpm=01;35:*.tif=01;35:*.tiff=01;35:*.png=01;35:*.svg=01;35:*.svgz=01;35:*.mng=01;35:*.pcx=01;35:*.mov=01;35:*.mpg=01;35:*.mpeg=01;35:*.m2v=01;35:*.mkv=01;35:*.webm=01;35:*.webp=01;35:*.ogm=01;35:*.mp4=01;35:*.m4v=01;35:*.mp4v=01;35:*.vob=01;35:*.qt=01;35:*.nuv=01;35:*.wmv=01;35:*.asf=01;35:*.rm=01;35:*.rmvb=01;35:*.flc=01;35:*.avi=01;35:*.fli=01;35:*.flv=01;35:*.gl=01;35:*.dl=01;35:*.xcf=01;35:*.xwd=01;35:*.yuv=01;35:*.cgm=01;35:*.emf=01;35:*.ogv=01;35:*.ogx=01;35:*.aac=00;36:*.au=00;36:*.flac=00;36:*.m4a=00;36:*.mid=00;36:*.midi=00;36:*.mka=00;36:*.mp3=00;36:*.mpc=00;36:*.ogg=00;36:*.ra=00;36:*.wav=00;36:*.oga=00;36:*.opus=00;36:*.spx=00;36:*.xspf=00;36:*~=00;90:*#=00;90:*.bak=00;90:*.crdownload=00;90:*.dpkg-dist=00;90:*.dpkg-new=00;90:*.dpkg-old=00;90:*.dpkg-tmp=00;90:*.old=00;90:*.orig=00;90:*.part=00;90:*.rej=00;90:*.rpmnew=00;90:*.rpmorig=00;90:*.rpmsave=00;90:*.swp=00;90:*.tmp=00;90:*.ucf-dist=00;90:*.ucf-new=00;90:*.ucf-old=00;90:', 'GNOME_TERMINAL_SERVICE': ':1.145', 'SSH_AUTH_SOCK': '/run/user/1000/keyring/ssh', 'AMENT_PREFIX_PATH': '/home/athmani-roumaissa/ros2_coach_ws/install/coach_vision:/home/athmani-roumaissa/ros2_coach_ws/install/coach_feedback:/home/athmani-roumaissa/ros2_coach_ws/install/coach_bringup:/home/athmani-roumaissa/ros2_coach_ws/install/coach_analyzer:/opt/ros/jazzy', 'SHELL': '/bin/bash', 'QT_ACCESSIBILITY': '1', 'GDMSESSION': 'ubuntu', 'LESSCLOSE': '/usr/bin/lesspipe %s %s', 'ROS_AUTOMATIC_DISCOVERY_RANGE': 'SUBNET', 'QT_IM_MODULE': 'ibus', 'PWD': '/home/athmani-roumaissa/ros2_coach_ws/build/coach_interfaces', 'LC_ALL': 'en_US.UTF-8', 'XDG_CONFIG_DIRS': '/etc/xdg/xdg-ubuntu:/etc/xdg', 'XDG_DATA_DIRS': '/usr/share/ubuntu:/usr/share/gnome:/usr/local/share/:/usr/share/:/var/lib/snapd/desktop', 'PYTHONPATH': '/home/athmani-roumaissa/ros2_coach_ws/build/coach_vision:/home/athmani-roumaissa/ros2_coach_ws/install/coach_vision/lib/python3.12/site-packages:/home/athmani-roumaissa/ros2_coach_ws/install/coach_interfaces/lib/python3.12/site-packages:/home/athmani-roumaissa/ros2_coach_ws/build/coach_feedback:/home/athmani-roumaissa/ros2_coach_ws/install/coach_feedback/lib/python3.12/site-packages:/home/athmani-roumaissa/ros2_coach_ws/build/coach_analyzer:/home/athmani-roumaissa/ros2_coach_ws/install/coach_analyzer/lib/python3.12/site-packages:/opt/ros/jazzy/lib/python3.12/site-packages', 'COLCON': '1', 'MEMORY_PRESSURE_WRITE': 'c29tZSAyMDAwMDAgMjAwMDAwMAA=', 'VTE_VERSION': '7600', 'CMAKE_PREFIX_PATH': '/home/athmani-roumaissa/ros2_coach_ws/install/coach_interfaces:/home/athmani-roumaissa/ros2_coach_ws/install/coach_bringup:/opt/ros/jazzy/opt/gz_sim_vendor:/opt/ros/jazzy/opt/gz_sensors_vendor:/opt/ros/jazzy/opt/gz_physics_vendor:/opt/ros/jazzy/opt/sdformat_vendor:/opt/ros/jazzy/opt/gz_gui_vendor:/opt/ros/jazzy/opt/gz_transport_vendor:/opt/ros/jazzy/opt/gz_rendering_vendor:/opt/ros/jazzy/opt/gz_plugin_vendor:/opt/ros/jazzy/opt/gz_fuel_tools_vendor:/opt/ros/jazzy/opt/gz_msgs_vendor:/opt/ros/jazzy/opt/gz_common_vendor:/opt/ros/jazzy/opt/gz_math_vendor:/opt/ros/jazzy/opt/gz_utils_vendor:/opt/ros/jazzy/opt/gz_tools_vendor:/opt/ros/jazzy/opt/gz_ogre_next_vendor:/opt/ros/jazzy/opt/gz_dartsim_vendor:/opt/ros/jazzy/opt/gz_cmake_vendor'}), 'shell': False}
[11.626621] (-) TimerEvent: {}
[11.682899] (coach_interfaces) StdoutLine: {'line': b'-- Install configuration: ""\n'}
[11.687704] (coach_interfaces) StdoutLine: {'line': b'-- Up-to-date: /home/athmani-roumaissa/ros2_coach_ws/install/coach_interfaces/share/ament_index/resource_index/rosidl_interfaces/coach_interfaces\n'}
[11.688437] (coach_interfaces) StdoutLine: {'line': b'-- Up-to-date: /home/athmani-roumaissa/ros2_coach_ws/install/coach_interfaces/share/coach_interfaces/msg/ExerciseConditions.json\n'}
[11.691935] (coach_interfaces) StdoutLine: {'line': b'-- Up-to-date: /home/athmani-roumaissa/ros2_coach_ws/install/coach_interfaces/share/coach_interfaces/msg/RepResult.json\n'}
[11.692946] (coach_interfaces) StdoutLine: {'line': b'-- Up-to-date: /home/athmani-roumaissa/ros2_coach_ws/install/coach_interfaces/include/coach_interfaces/coach_interfaces\n'}
[11.694487] (coach_interfaces) StdoutLine: {'line': b'-- Up-to-date: /home/athmani-roumaissa/ros2_coach_ws/install/coach_interfaces/include/coach_interfaces/coach_interfaces/msg\n'}
[11.696419] (coach_interfaces) StdoutLine: {'line': b'-- Up-to-date: /home/athmani-roumaissa/ros2_coach_ws/install/coach_interfaces/include/coach_interfaces/coach_interfaces/msg/rosidl_generator_c__visibility_control.h\n'}
[11.697108] (coach_interfaces) StdoutLine: {'line': b'-- Up-to-date: /home/athmani-roumaissa/ros2_coach_ws/install/coach_interfaces/include/coach_interfaces/coach_interfaces/msg/rep_result.h\n'}
[11.697719] (coach_interfaces) StdoutLine: {'line': b'-- Up-to-date: /home/athmani-roumaissa/ros2_coach_ws/install/coach_interfaces/include/coach_interfaces/coach_interfaces/msg/detail\n'}
[11.700604] (coach_interfaces) StdoutLine: {'line': b'-- Up-to-date: /home/athmani-roumaissa/ros2_coach_ws/install/coach_interfaces/include/coach_interfaces/coach_interfaces/msg/detail/exercise_conditions__functions.h\n'}
[11.703672] (coach_interfaces) StdoutLine: {'line': b'-- Installing: /home/athmani-roumaissa/ros2_coach_ws/install/coach_interfaces/include/coach_interfaces/coach_interfaces/msg/detail/exercise_conditions__type_support.c\n'}
[11.704356] (coach_interfaces) StdoutLine: {'line': b'-- Up-to-date: /home/athmani-roumaissa/ros2_coach_ws/install/coach_interfaces/include/coach_interfaces/coach_interfaces/msg/detail/exercise_conditions__type_support.h\n'}
[11.713029] (coach_interfaces) StdoutLine: {'line': b'-- Up-to-date: /home/athmani-roumaissa/ros2_coach_ws/install/coach_interfaces/include/coach_interfaces/coach_interfaces/msg/detail/exercise_conditions__description.c\n'}
[11.713728] (coach_interfaces) StdoutLine: {'line': b'-- Up-to-date: /home/athmani-roumaissa/ros2_coach_ws/install/coach_interfaces/include/coach_interfaces/coach_interfaces/msg/detail/exercise_conditions__struct.h\n'}
[11.716614] (coach_interfaces) StdoutLine: {'line': b'-- Up-to-date: /home/athmani-roumaissa/ros2_coach_ws/install/coach_interfaces/include/coach_interfaces/coach_interfaces/msg/detail/rep_result__type_support.h\n'}
[11.717275] (coach_interfaces) StdoutLine: {'line': b'-- Up-to-date: /home/athmani-roumaissa/ros2_coach_ws/install/coach_interfaces/include/coach_interfaces/coach_interfaces/msg/detail/rep_result__description.c\n'}
[11.717843] (coach_interfaces) StdoutLine: {'line': b'-- Up-to-date: /home/athmani-roumaissa/ros2_coach_ws/install/coach_interfaces/include/coach_interfaces/coach_interfaces/msg/detail/rep_result__functions.c\n'}
[11.724792] (coach_interfaces) StdoutLine: {'line': b'-- Up-to-date: /home/athmani-roumaissa/ros2_coach_ws/install/coach_interfaces/include/coach_interfaces/coach_interfaces/msg/detail/rep_result__functions.h\n'}
[11.725444] (coach_interfaces) StdoutLine: {'line': b'-- Up-to-date: /home/athmani-roumaissa/ros2_coach_ws/install/coach_interfaces/include/coach_interfaces/coach_interfaces/msg/detail/rep_result__struct.h\n'}
[11.726254] (coach_interfaces) StdoutLine: {'line': b'-- Up-to-date: /home/athmani-roumaissa/ros2_coach_ws/install/coach_interfaces/include/coach_interfaces/coach_interfaces/msg/detail/exercise_conditions__functions.c\n'}
[11.726810] (-) TimerEvent: {}
[11.729939] (coach_interfaces) StdoutLine: {'line': b'-- Up-to-date: /home/athmani-roumaissa/ros2_coach_ws/install/coach_interfaces/include/coach_interfaces/coach_interfaces/msg/detail/rep_result__type_support.c\n'}
[11.730696] (coach_interfaces) StdoutLine: {'line': b'-- Up-to-date: /home/athmani-roumaissa/ros2_coach_ws/install/coach_interfaces/include/coach_interfaces/coach_interfaces/msg/exercise_conditions.h\n'}
[11.731346] (coach_interfaces) StdoutLine: {'line': b'-- Up-to-date: /home/athmani-roumaissa/ros2_coach_ws/install/coach_interfaces/share/coach_interfaces/environment/library_path.sh\n'}
[11.731900] (coach_interfaces) StdoutLine: {'line': b'-- Up-to-date: /home/athmani-roumaissa/ros2_coach_ws/install/coach_interfaces/share/coach_interfaces/environment/library_path.dsv\n'}
[11.742066] (coach_interfaces) StdoutLine: {'line': b'-- Up-to-date: /home/athmani-roumaissa/ros2_coach_ws/install/coach_interfaces/lib/libcoach_interfaces__rosidl_generator_c.so\n'}
[11.742668] (coach_interfaces) StdoutLine: {'line': b'-- Up-to-date: /home/athmani-roumaissa/ros2_coach_ws/install/coach_interfaces/include/coach_interfaces/coach_interfaces\n'}
[11.743249] (coach_interfaces) StdoutLine: {'line': b'-- Up-to-date: /home/athmani-roumaissa/ros2_coach_ws/install/coach_interfaces/include/coach_interfaces/coach_interfaces/msg\n'}
[11.743811] (coach_interfaces) StdoutLine: {'line': b'-- Up-to-date: /home/athmani-roumaissa/ros2_coach_ws/install/coach_interfaces/include/coach_interfaces/coach_interfaces/msg/rosidl_typesupport_fastrtps_c__visibility_control.h\n'}
[11.750563] (coach_interfaces) StdoutLine: {'line': b'-- Up-to-date: /home/athmani-roumaissa/ros2_coach_ws/install/coach_interfaces/include/coach_interfaces/coach_interfaces/msg/detail\n'}
[11.751179] (coach_interfaces) StdoutLine: {'line': b'-- Up-to-date: /home/athmani-roumaissa/ros2_coach_ws/install/coach_interfaces/include/coach_interfaces/coach_interfaces/msg/detail/exercise_conditions__rosidl_typesupport_fastrtps_c.h\n'}
[11.751749] (coach_interfaces) StdoutLine: {'line': b'-- Up-to-date: /home/athmani-roumaissa/ros2_coach_ws/install/coach_interfaces/include/coach_interfaces/coach_interfaces/msg/detail/rep_result__rosidl_typesupport_fastrtps_c.h\n'}
[11.752341] (coach_interfaces) StdoutLine: {'line': b'-- Up-to-date: /home/athmani-roumaissa/ros2_coach_ws/install/coach_interfaces/lib/libcoach_interfaces__rosidl_typesupport_fastrtps_c.so\n'}
[11.752883] (coach_interfaces) StdoutLine: {'line': b'-- Up-to-date: /home/athmani-roumaissa/ros2_coach_ws/install/coach_interfaces/include/coach_interfaces/coach_interfaces\n'}
[11.766879] (coach_interfaces) StdoutLine: {'line': b'-- Up-to-date: /home/athmani-roumaissa/ros2_coach_ws/install/coach_interfaces/include/coach_interfaces/coach_interfaces/msg\n'}
[11.767532] (coach_interfaces) StdoutLine: {'line': b'-- Up-to-date: /home/athmani-roumaissa/ros2_coach_ws/install/coach_interfaces/include/coach_interfaces/coach_interfaces/msg/rosidl_typesupport_introspection_c__visibility_control.h\n'}
[11.772600] (coach_interfaces) StdoutLine: {'line': b'-- Up-to-date: /home/athmani-roumaissa/ros2_coach_ws/install/coach_interfaces/include/coach_interfaces/coach_interfaces/msg/detail\n'}
[11.778247] (coach_interfaces) StdoutLine: {'line': b'-- Installing: /home/athmani-roumaissa/ros2_coach_ws/install/coach_interfaces/include/coach_interfaces/coach_interfaces/msg/detail/exercise_conditions__type_support.c\n'}
[11.778895] (coach_interfaces) StdoutLine: {'line': b'-- Up-to-date: /home/athmani-roumaissa/ros2_coach_ws/install/coach_interfaces/include/coach_interfaces/coach_interfaces/msg/detail/exercise_conditions__rosidl_typesupport_introspection_c.h\n'}
[11.779881] (coach_interfaces) StdoutLine: {'line': b'-- Up-to-date: /home/athmani-roumaissa/ros2_coach_ws/install/coach_interfaces/include/coach_interfaces/coach_interfaces/msg/detail/rep_result__rosidl_typesupport_introspection_c.h\n'}
[11.780553] (coach_interfaces) StdoutLine: {'line': b'-- Up-to-date: /home/athmani-roumaissa/ros2_coach_ws/install/coach_interfaces/include/coach_interfaces/coach_interfaces/msg/detail/rep_result__type_support.c\n'}
[11.783117] (coach_interfaces) StdoutLine: {'line': b'-- Up-to-date: /home/athmani-roumaissa/ros2_coach_ws/install/coach_interfaces/lib/libcoach_interfaces__rosidl_typesupport_introspection_c.so\n'}
[11.784374] (coach_interfaces) StdoutLine: {'line': b'-- Up-to-date: /home/athmani-roumaissa/ros2_coach_ws/install/coach_interfaces/lib/libcoach_interfaces__rosidl_typesupport_c.so\n'}
[11.785976] (coach_interfaces) StdoutLine: {'line': b'-- Up-to-date: /home/athmani-roumaissa/ros2_coach_ws/install/coach_interfaces/include/coach_interfaces/coach_interfaces\n'}
[11.786604] (coach_interfaces) StdoutLine: {'line': b'-- Up-to-date: /home/athmani-roumaissa/ros2_coach_ws/install/coach_interfaces/include/coach_interfaces/coach_interfaces/msg\n'}
[11.787172] (coach_interfaces) StdoutLine: {'line': b'-- Up-to-date: /home/athmani-roumaissa/ros2_coach_ws/install/coach_interfaces/include/coach_interfaces/coach_interfaces/msg/exercise_conditions.hpp\n'}
[11.787729] (coach_interfaces) StdoutLine: {'line': b'-- Up-to-date: /home/athmani-roumaissa/ros2_coach_ws/install/coach_interfaces/include/coach_interfaces/coach_interfaces/msg/rep_result.hpp\n'}
[11.788338] (coach_interfaces) StdoutLine: {'line': b'-- Up-to-date: /home/athmani-roumaissa/ros2_coach_ws/install/coach_interfaces/include/coach_interfaces/coach_interfaces/msg/rosidl_generator_cpp__visibility_control.hpp\n'}
[11.789086] (coach_interfaces) StdoutLine: {'line': b'-- Up-to-date: /home/athmani-roumaissa/ros2_coach_ws/install/coach_interfaces/include/coach_interfaces/coach_interfaces/msg/detail\n'}
[11.790623] (coach_interfaces) StdoutLine: {'line': b'-- Up-to-date: /home/athmani-roumaissa/ros2_coach_ws/install/coach_interfaces/include/coach_interfaces/coach_interfaces/msg/detail/exercise_conditions__type_support.hpp\n'}
[11.791247] (coach_interfaces) StdoutLine: {'line': b'-- Up-to-date: /home/athmani-roumaissa/ros2_coach_ws/install/coach_interfaces/include/coach_interfaces/coach_interfaces/msg/detail/exercise_conditions__struct.hpp\n'}
[11.791819] (coach_interfaces) StdoutLine: {'line': b'-- Up-to-date: /home/athmani-roumaissa/ros2_coach_ws/install/coach_interfaces/include/coach_interfaces/coach_interfaces/msg/detail/exercise_conditions__traits.hpp\n'}
[11.792461] (coach_interfaces) StdoutLine: {'line': b'-- Up-to-date: /home/athmani-roumaissa/ros2_coach_ws/install/coach_interfaces/include/coach_interfaces/coach_interfaces/msg/detail/rep_result__builder.hpp\n'}
[11.793018] (coach_interfaces) StdoutLine: {'line': b'-- Up-to-date: /home/athmani-roumaissa/ros2_coach_ws/install/coach_interfaces/include/coach_interfaces/coach_interfaces/msg/detail/exercise_conditions__builder.hpp\n'}
[11.793594] (coach_interfaces) StdoutLine: {'line': b'-- Up-to-date: /home/athmani-roumaissa/ros2_coach_ws/install/coach_interfaces/include/coach_interfaces/coach_interfaces/msg/detail/rep_result__type_support.hpp\n'}
[11.794153] (coach_interfaces) StdoutLine: {'line': b'-- Up-to-date: /home/athmani-roumaissa/ros2_coach_ws/install/coach_interfaces/include/coach_interfaces/coach_interfaces/msg/detail/rep_result__struct.hpp\n'}
[11.794985] (coach_interfaces) StdoutLine: {'line': b'-- Up-to-date: /home/athmani-roumaissa/ros2_coach_ws/install/coach_interfaces/include/coach_interfaces/coach_interfaces/msg/detail/rep_result__traits.hpp\n'}
[11.795554] (coach_interfaces) StdoutLine: {'line': b'-- Up-to-date: /home/athmani-roumaissa/ros2_coach_ws/install/coach_interfaces/include/coach_interfaces/coach_interfaces\n'}
[11.796100] (coach_interfaces) StdoutLine: {'line': b'-- Up-to-date: /home/athmani-roumaissa/ros2_coach_ws/install/coach_interfaces/include/coach_interfaces/coach_interfaces/msg\n'}
[11.796649] (coach_interfaces) StdoutLine: {'line': b'-- Up-to-date: /home/athmani-roumaissa/ros2_coach_ws/install/coach_interfaces/include/coach_interfaces/coach_interfaces/msg/rosidl_typesupport_fastrtps_cpp__visibility_control.h\n'}
[11.797662] (coach_interfaces) StdoutLine: {'line': b'-- Up-to-date: /home/athmani-roumaissa/ros2_coach_ws/install/coach_interfaces/include/coach_interfaces/coach_interfaces/msg/detail\n'}
[11.798577] (coach_interfaces) StdoutLine: {'line': b'-- Up-to-date: /home/athmani-roumaissa/ros2_coach_ws/install/coach_interfaces/include/coach_interfaces/coach_interfaces/msg/detail/dds_fastrtps\n'}
[11.800016] (coach_interfaces) StdoutLine: {'line': b'-- Up-to-date: /home/athmani-roumaissa/ros2_coach_ws/install/coach_interfaces/include/coach_interfaces/coach_interfaces/msg/detail/exercise_conditions__rosidl_typesupport_fastrtps_cpp.hpp\n'}
[11.800649] (coach_interfaces) StdoutLine: {'line': b'-- Up-to-date: /home/athmani-roumaissa/ros2_coach_ws/install/coach_interfaces/include/coach_interfaces/coach_interfaces/msg/detail/rep_result__rosidl_typesupport_fastrtps_cpp.hpp\n'}
[11.804566] (coach_interfaces) StdoutLine: {'line': b'-- Up-to-date: /home/athmani-roumaissa/ros2_coach_ws/install/coach_interfaces/lib/libcoach_interfaces__rosidl_typesupport_fastrtps_cpp.so\n'}
[11.805718] (coach_interfaces) StdoutLine: {'line': b'-- Up-to-date: /home/athmani-roumaissa/ros2_coach_ws/install/coach_interfaces/include/coach_interfaces/coach_interfaces\n'}
[11.812430] (coach_interfaces) StdoutLine: {'line': b'-- Up-to-date: /home/athmani-roumaissa/ros2_coach_ws/install/coach_interfaces/include/coach_interfaces/coach_interfaces/msg\n'}
[11.813204] (coach_interfaces) StdoutLine: {'line': b'-- Up-to-date: /home/athmani-roumaissa/ros2_coach_ws/install/coach_interfaces/include/coach_interfaces/coach_interfaces/msg/detail\n'}
[11.814477] (coach_interfaces) StdoutLine: {'line': b'-- Up-to-date: /home/athmani-roumaissa/ros2_coach_ws/install/coach_interfaces/include/coach_interfaces/coach_interfaces/msg/detail/exercise_conditions__rosidl_typesupport_introspection_cpp.hpp\n'}
[11.815068] (coach_interfaces) StdoutLine: {'line': b'-- Up-to-date: /home/athmani-roumaissa/ros2_coach_ws/install/coach_interfaces/include/coach_interfaces/coach_interfaces/msg/detail/rep_result__rosidl_typesupport_introspection_cpp.hpp\n'}
[11.815604] (coach_interfaces) StdoutLine: {'line': b'-- Up-to-date: /home/athmani-roumaissa/ros2_coach_ws/install/coach_interfaces/include/coach_interfaces/coach_interfaces/msg/detail/exercise_conditions__type_support.cpp\n'}
[11.816277] (coach_interfaces) StdoutLine: {'line': b'-- Up-to-date: /home/athmani-roumaissa/ros2_coach_ws/install/coach_interfaces/include/coach_interfaces/coach_interfaces/msg/detail/rep_result__type_support.cpp\n'}
[11.820770] (coach_interfaces) StdoutLine: {'line': b'-- Up-to-date: /home/athmani-roumaissa/ros2_coach_ws/install/coach_interfaces/lib/libcoach_interfaces__rosidl_typesupport_introspection_cpp.so\n'}
[11.825130] (coach_interfaces) StdoutLine: {'line': b'-- Up-to-date: /home/athmani-roumaissa/ros2_coach_ws/install/coach_interfaces/lib/libcoach_interfaces__rosidl_typesupport_cpp.so\n'}
[11.825802] (coach_interfaces) StdoutLine: {'line': b'-- Up-to-date: /home/athmani-roumaissa/ros2_coach_ws/install/coach_interfaces/share/coach_interfaces/environment/pythonpath.sh\n'}
[11.829344] (-) TimerEvent: {}
[11.830104] (coach_interfaces) StdoutLine: {'line': b'-- Up-to-date: /home/athmani-roumaissa/ros2_coach_ws/install/coach_interfaces/share/coach_interfaces/environment/pythonpath.dsv\n'}
[11.835868] (coach_interfaces) StdoutLine: {'line': b'-- Up-to-date: /home/athmani-roumaissa/ros2_coach_ws/install/coach_interfaces/lib/python3.12/site-packages/coach_interfaces-0.1.0-py3.12.egg-info\n'}
[11.840303] (coach_interfaces) StdoutLine: {'line': b'-- Installing: /home/athmani-roumaissa/ros2_coach_ws/install/coach_interfaces/lib/python3.12/site-packages/coach_interfaces-0.1.0-py3.12.egg-info/dependency_links.txt\n'}
[11.840876] (coach_interfaces) StdoutLine: {'line': b'-- Installing: /home/athmani-roumaissa/ros2_coach_ws/install/coach_interfaces/lib/python3.12/site-packages/coach_interfaces-0.1.0-py3.12.egg-info/PKG-INFO\n'}
[11.841468] (coach_interfaces) StdoutLine: {'line': b'-- Installing: /home/athmani-roumaissa/ros2_coach_ws/install/coach_interfaces/lib/python3.12/site-packages/coach_interfaces-0.1.0-py3.12.egg-info/SOURCES.txt\n'}
[11.848133] (coach_interfaces) StdoutLine: {'line': b'-- Installing: /home/athmani-roumaissa/ros2_coach_ws/install/coach_interfaces/lib/python3.12/site-packages/coach_interfaces-0.1.0-py3.12.egg-info/top_level.txt\n'}
[11.849462] (coach_interfaces) StdoutLine: {'line': b'-- Up-to-date: /home/athmani-roumaissa/ros2_coach_ws/install/coach_interfaces/lib/python3.12/site-packages/coach_interfaces\n'}
[11.854915] (coach_interfaces) StdoutLine: {'line': b'-- Up-to-date: /home/athmani-roumaissa/ros2_coach_ws/install/coach_interfaces/lib/python3.12/site-packages/coach_interfaces/__init__.py\n'}
[11.855590] (coach_interfaces) StdoutLine: {'line': b'-- Up-to-date: /home/athmani-roumaissa/ros2_coach_ws/install/coach_interfaces/lib/python3.12/site-packages/coach_interfaces/_coach_interfaces_s.ep.rosidl_typesupport_c.c\n'}
[11.869273] (coach_interfaces) StdoutLine: {'line': b'-- Up-to-date: /home/athmani-roumaissa/ros2_coach_ws/install/coach_interfaces/lib/python3.12/site-packages/coach_interfaces/coach_interfaces_s__rosidl_typesupport_fastrtps_c.so\n'}
[11.869942] (coach_interfaces) StdoutLine: {'line': b'-- Up-to-date: /home/athmani-roumaissa/ros2_coach_ws/install/coach_interfaces/lib/python3.12/site-packages/coach_interfaces/msg\n'}
[11.870563] (coach_interfaces) StdoutLine: {'line': b'-- Up-to-date: /home/athmani-roumaissa/ros2_coach_ws/install/coach_interfaces/lib/python3.12/site-packages/coach_interfaces/msg/_rep_result.py\n'}
[11.875409] (coach_interfaces) StdoutLine: {'line': b'-- Up-to-date: /home/athmani-roumaissa/ros2_coach_ws/install/coach_interfaces/lib/python3.12/site-packages/coach_interfaces/msg/__init__.py\n'}
[11.878183] (coach_interfaces) StdoutLine: {'line': b'-- Up-to-date: /home/athmani-roumaissa/ros2_coach_ws/install/coach_interfaces/lib/python3.12/site-packages/coach_interfaces/msg/_exercise_conditions_s.c\n'}
[11.878856] (coach_interfaces) StdoutLine: {'line': b'-- Up-to-date: /home/athmani-roumaissa/ros2_coach_ws/install/coach_interfaces/lib/python3.12/site-packages/coach_interfaces/msg/_rep_result_s.c\n'}
[11.879492] (coach_interfaces) StdoutLine: {'line': b'-- Up-to-date: /home/athmani-roumaissa/ros2_coach_ws/install/coach_interfaces/lib/python3.12/site-packages/coach_interfaces/msg/_exercise_conditions.py\n'}
[11.880070] (coach_interfaces) StdoutLine: {'line': b'-- Up-to-date: /home/athmani-roumaissa/ros2_coach_ws/install/coach_interfaces/lib/python3.12/site-packages/coach_interfaces/_coach_interfaces_s.ep.rosidl_typesupport_fastrtps_c.c\n'}
[11.880721] (coach_interfaces) StdoutLine: {'line': b'-- Up-to-date: /home/athmani-roumaissa/ros2_coach_ws/install/coach_interfaces/lib/python3.12/site-packages/coach_interfaces/coach_interfaces_s__rosidl_typesupport_introspection_c.so\n'}
[11.885564] (coach_interfaces) StdoutLine: {'line': b'-- Up-to-date: /home/athmani-roumaissa/ros2_coach_ws/install/coach_interfaces/lib/python3.12/site-packages/coach_interfaces/_coach_interfaces_s.ep.rosidl_typesupport_introspection_c.c\n'}
[11.886205] (coach_interfaces) StdoutLine: {'line': b'-- Up-to-date: /home/athmani-roumaissa/ros2_coach_ws/install/coach_interfaces/lib/python3.12/site-packages/coach_interfaces/coach_interfaces_s__rosidl_typesupport_c.so\n'}
[11.930066] (-) TimerEvent: {}
[12.031230] (-) TimerEvent: {}
[12.133323] (-) TimerEvent: {}
[12.238418] (-) TimerEvent: {}
[12.275228] (coach_interfaces) StdoutLine: {'line': b"Listing '/home/athmani-roumaissa/ros2_coach_ws/install/coach_interfaces/lib/python3.12/site-packages/coach_interfaces'...\n"}
[12.277307] (coach_interfaces) StdoutLine: {'line': b"Listing '/home/athmani-roumaissa/ros2_coach_ws/install/coach_interfaces/lib/python3.12/site-packages/coach_interfaces/msg'...\n"}
[12.335080] (coach_interfaces) StdoutLine: {'line': b'-- Up-to-date: /home/athmani-roumaissa/ros2_coach_ws/install/coach_interfaces/lib/python3.12/site-packages/coach_interfaces/coach_interfaces_s__rosidl_typesupport_fastrtps_c.so\n'}
[12.338594] (-) TimerEvent: {}
[12.341777] (coach_interfaces) StdoutLine: {'line': b'-- Up-to-date: /home/athmani-roumaissa/ros2_coach_ws/install/coach_interfaces/lib/python3.12/site-packages/coach_interfaces/coach_interfaces_s__rosidl_typesupport_introspection_c.so\n'}
[12.354936] (coach_interfaces) StdoutLine: {'line': b'-- Up-to-date: /home/athmani-roumaissa/ros2_coach_ws/install/coach_interfaces/lib/python3.12/site-packages/coach_interfaces/coach_interfaces_s__rosidl_typesupport_c.so\n'}
[12.360328] (coach_interfaces) StdoutLine: {'line': b'-- Up-to-date: /home/athmani-roumaissa/ros2_coach_ws/install/coach_interfaces/lib/libcoach_interfaces__rosidl_generator_py.so\n'}
[12.369320] (coach_interfaces) StdoutLine: {'line': b'-- Up-to-date: /home/athmani-roumaissa/ros2_coach_ws/install/coach_interfaces/share/ament_index/resource_index/rust_packages/coach_interfaces\n'}
[12.373103] (coach_interfaces) StdoutLine: {'line': b'-- Up-to-date: /home/athmani-roumaissa/ros2_coach_ws/install/coach_interfaces/share/coach_interfaces/rust\n'}
[12.378286] (coach_interfaces) StdoutLine: {'line': b'-- Up-to-date: /home/athmani-roumaissa/ros2_coach_ws/install/coach_interfaces/share/coach_interfaces/rust/Cargo.toml\n'}
[12.382429] (coach_interfaces) StdoutLine: {'line': b'-- Up-to-date: /home/athmani-roumaissa/ros2_coach_ws/install/coach_interfaces/share/coach_interfaces/rust/src\n'}
[12.383187] (coach_interfaces) StdoutLine: {'line': b'-- Up-to-date: /home/athmani-roumaissa/ros2_coach_ws/install/coach_interfaces/share/coach_interfaces/rust/src/lib.rs\n'}
[12.383867] (coach_interfaces) StdoutLine: {'line': b'-- Up-to-date: /home/athmani-roumaissa/ros2_coach_ws/install/coach_interfaces/share/coach_interfaces/rust/src/msg\n'}
[12.388392] (coach_interfaces) StdoutLine: {'line': b'-- Up-to-date: /home/athmani-roumaissa/ros2_coach_ws/install/coach_interfaces/share/coach_interfaces/rust/src/msg/rmw.rs\n'}
[12.393206] (coach_interfaces) StdoutLine: {'line': b'-- Up-to-date: /home/athmani-roumaissa/ros2_coach_ws/install/coach_interfaces/share/coach_interfaces/rust/src/msg.rs\n'}
[12.395476] (coach_interfaces) StdoutLine: {'line': b'-- Up-to-date: /home/athmani-roumaissa/ros2_coach_ws/install/coach_interfaces/share/coach_interfaces/rust/build.rs\n'}
[12.396527] (coach_interfaces) StdoutLine: {'line': b'-- Up-to-date: /home/athmani-roumaissa/ros2_coach_ws/install/coach_interfaces/share/coach_interfaces/msg/ExerciseConditions.idl\n'}
[12.399445] (coach_interfaces) StdoutLine: {'line': b'-- Up-to-date: /home/athmani-roumaissa/ros2_coach_ws/install/coach_interfaces/share/coach_interfaces/msg/RepResult.idl\n'}
[12.402280] (coach_interfaces) StdoutLine: {'line': b'-- Up-to-date: /home/athmani-roumaissa/ros2_coach_ws/install/coach_interfaces/share/coach_interfaces/msg/ExerciseConditions.msg\n'}
[12.402888] (coach_interfaces) StdoutLine: {'line': b'-- Up-to-date: /home/athmani-roumaissa/ros2_coach_ws/install/coach_interfaces/share/coach_interfaces/msg/RepResult.msg\n'}
[12.408998] (coach_interfaces) StdoutLine: {'line': b'-- Up-to-date: /home/athmani-roumaissa/ros2_coach_ws/install/coach_interfaces/share/ament_index/resource_index/package_run_dependencies/coach_interfaces\n'}
[12.409685] (coach_interfaces) StdoutLine: {'line': b'-- Up-to-date: /home/athmani-roumaissa/ros2_coach_ws/install/coach_interfaces/share/ament_index/resource_index/parent_prefix_path/coach_interfaces\n'}
[12.411381] (coach_interfaces) StdoutLine: {'line': b'-- Up-to-date: /home/athmani-roumaissa/ros2_coach_ws/install/coach_interfaces/share/coach_interfaces/environment/ament_prefix_path.sh\n'}
[12.412327] (coach_interfaces) StdoutLine: {'line': b'-- Up-to-date: /home/athmani-roumaissa/ros2_coach_ws/install/coach_interfaces/share/coach_interfaces/environment/ament_prefix_path.dsv\n'}
[12.413013] (coach_interfaces) StdoutLine: {'line': b'-- Up-to-date: /home/athmani-roumaissa/ros2_coach_ws/install/coach_interfaces/share/coach_interfaces/environment/path.sh\n'}
[12.416837] (coach_interfaces) StdoutLine: {'line': b'-- Up-to-date: /home/athmani-roumaissa/ros2_coach_ws/install/coach_interfaces/share/coach_interfaces/environment/path.dsv\n'}
[12.417609] (coach_interfaces) StdoutLine: {'line': b'-- Up-to-date: /home/athmani-roumaissa/ros2_coach_ws/install/coach_interfaces/share/coach_interfaces/local_setup.bash\n'}
[12.418181] (coach_interfaces) StdoutLine: {'line': b'-- Up-to-date: /home/athmani-roumaissa/ros2_coach_ws/install/coach_interfaces/share/coach_interfaces/local_setup.sh\n'}
[12.418719] (coach_interfaces) StdoutLine: {'line': b'-- Up-to-date: /home/athmani-roumaissa/ros2_coach_ws/install/coach_interfaces/share/coach_interfaces/local_setup.zsh\n'}
[12.426788] (coach_interfaces) StdoutLine: {'line': b'-- Up-to-date: /home/athmani-roumaissa/ros2_coach_ws/install/coach_interfaces/share/coach_interfaces/local_setup.dsv\n'}
[12.427932] (coach_interfaces) StdoutLine: {'line': b'-- Installing: /home/athmani-roumaissa/ros2_coach_ws/install/coach_interfaces/share/coach_interfaces/package.dsv\n'}
[12.428548] (coach_interfaces) StdoutLine: {'line': b'-- Up-to-date: /home/athmani-roumaissa/ros2_coach_ws/install/coach_interfaces/share/ament_index/resource_index/packages/coach_interfaces\n'}
[12.432458] (coach_interfaces) StdoutLine: {'line': b'-- Up-to-date: /home/athmani-roumaissa/ros2_coach_ws/install/coach_interfaces/share/coach_interfaces/cmake/export_coach_interfaces__rosidl_generator_cExport.cmake\n'}
[12.433334] (coach_interfaces) StdoutLine: {'line': b'-- Up-to-date: /home/athmani-roumaissa/ros2_coach_ws/install/coach_interfaces/share/coach_interfaces/cmake/export_coach_interfaces__rosidl_generator_cExport-noconfig.cmake\n'}
[12.434032] (coach_vision) Command: {'cmd': ['/usr/bin/python3', '-W', 'ignore:setup.py install is deprecated', '-W', 'ignore:easy_install command is deprecated', 'setup.py', 'develop', '--editable', '--build-directory', '/home/athmani-roumaissa/ros2_coach_ws/build/coach_vision/build', '--no-deps'], 'cwd': '/home/athmani-roumaissa/ros2_coach_ws/build/coach_vision', 'env': {'LESSOPEN': '| /usr/bin/lesspipe %s', 'GZ_SIM_RESOURCE_PATH': '/opt/ros/jazzy/share', 'USER': 'athmani-roumaissa', 'GZ_CONFIG_PATH': '/opt/ros/jazzy/opt/gz_sim_vendor/share/gz:/opt/ros/jazzy/opt/sdformat_vendor/share/gz:/opt/ros/jazzy/opt/gz_gui_vendor/share/gz:/opt/ros/jazzy/opt/gz_transport_vendor/share/gz:/opt/ros/jazzy/opt/gz_rendering_vendor/share/gz:/opt/ros/jazzy/opt/gz_plugin_vendor/share/gz:/opt/ros/jazzy/opt/gz_fuel_tools_vendor/share/gz:/opt/ros/jazzy/opt/gz_msgs_vendor/share/gz:/opt/ros/jazzy/opt/gz_common_vendor/share/gz', 'ROS_PACKAGE_PATH': '/home/athmani-roumaissa/ros2_coach_ws/install/coach_interfaces/share', 'XDG_SESSION_TYPE': 'wayland', 'CLUTTER_DISABLE_MIPMAPPED_TEXT': '1', 'SHLVL': '1', 'LD_LIBRARY_PATH': '/home/athmani-roumaissa/ros2_coach_ws/install/coach_interfaces/lib:/opt/ros/jazzy/opt/gz_sim_vendor/lib:/opt/ros/jazzy/opt/gz_sensors_vendor/lib:/opt/ros/jazzy/opt/gz_physics_vendor/lib:/opt/ros/jazzy/opt/sdformat_vendor/lib:/opt/ros/jazzy/opt/rviz_ogre_vendor/lib:/opt/ros/jazzy/lib/x86_64-linux-gnu:/opt/ros/jazzy/opt/gz_gui_vendor/lib:/opt/ros/jazzy/opt/gz_transport_vendor/lib:/opt/ros/jazzy/opt/gz_rendering_vendor/lib:/opt/ros/jazzy/opt/gz_plugin_vendor/lib:/opt/ros/jazzy/opt/gz_fuel_tools_vendor/lib:/opt/ros/jazzy/opt/gz_msgs_vendor/lib:/opt/ros/jazzy/opt/gz_common_vendor/lib:/opt/ros/jazzy/opt/gz_math_vendor/lib:/opt/ros/jazzy/opt/gz_utils_vendor/lib:/opt/ros/jazzy/opt/gz_tools_vendor/lib:/opt/ros/jazzy/opt/gz_ogre_next_vendor/lib:/opt/ros/jazzy/opt/gz_dartsim_vendor/lib:/opt/ros/jazzy/opt/gz_cmake_vendor/lib:/opt/ros/jazzy/lib', 'HOME': '/home/athmani-roumaissa', 'OLDPWD': '/home/athmani-roumaissa/ros2_coach_ws', 'DESKTOP_SESSION': 'ubuntu', 'ROS_PYTHON_VERSION': '3', 'GNOME_SHELL_SESSION_MODE': 'ubuntu', 'GTK_MODULES': 'gail:atk-bridge', 'PS1': '\\[\\e]0;\\u@\\h: \\w\\a\\]${debian_chroot:+($debian_chroot)}\\[\\033[01;32m\\]\\u@\\h\\[\\033[00m\\]:\\[\\033[01;34m\\]\\w\\[\\033[00m\\]\\$', 'SYSTEMD_EXEC_PID': '2152', 'GSM_SKIP_SSH_AGENT_WORKAROUND': 'true', 'DBUS_SESSION_BUS_ADDRESS': 'unix:path=/run/user/1000/bus', 'COLORTERM': 'truecolor', 'DEBUGINFOD_URLS': 'https://debuginfod.ubuntu.com', 'IM_CONFIG_PHASE': '1', 'WAYLAND_DISPLAY': 'wayland-0', 'COLCON_PREFIX_PATH': '/home/athmani-roumaissa/ros2_coach_ws/install', 'ROS_DISTRO': 'jazzy', 'LOGNAME': 'athmani-roumaissa', '_': '/usr/bin/colcon', 'ROS_VERSION': '2', 'PKG_CONFIG_PATH': '/home/athmani-roumaissa/ros2_coach_ws/install/coach_interfaces/lib/x86_64-linux-gnu/pkgconfig:/home/athmani-roumaissa/ros2_coach_ws/install/coach_interfaces/lib/pkgconfig', 'MEMORY_PRESSURE_WATCH': '/sys/fs/cgroup/user.slice/user-1000.slice/user@1000.service/session.slice/org.gnome.Shell@wayland.service/memory.pressure', 'XDG_SESSION_CLASS': 'user', 'USERNAME': 'athmani-roumaissa', 'TERM': 'xterm-256color', 'GNOME_DESKTOP_SESSION_ID': 'this-is-deprecated', 'PATH': '/opt/ros/jazzy/opt/gz_msgs_vendor/bin:/opt/ros/jazzy/opt/gz_tools_vendor/bin:/opt/ros/jazzy/opt/gz_ogre_next_vendor/bin:/opt/ros/jazzy/bin:/usr/local/sbin:/usr/local/bin:/usr/sbin:/usr/bin:/sbin:/bin:/usr/games:/usr/local/games:/snap/bin:/snap/bin', 'SESSION_MANAGER': 'local/athmani-roumaissa-HP-EliteBook-840-G3:@/tmp/.ICE-unix/2108,unix/athmani-roumaissa-HP-EliteBook-840-G3:/tmp/.ICE-unix/2108', 'XDG_MENU_PREFIX': 'gnome-', 'GNOME_TERMINAL_SCREEN': '/org/gnome/Terminal/screen/6de1f691_4805_4d42_b9a4_7584054ec357', 'GNOME_SETUP_DISPLAY': ':1', 'XDG_RUNTIME_DIR': '/run/user/1000', 'DISPLAY': ':0', 'LANG': 'en_US.UTF-8', 'XDG_CURRENT_DESKTOP': 'ubuntu:GNOME', 'XMODIFIERS': '@im=ibus', 'XDG_SESSION_DESKTOP': 'ubuntu', 'XAUTHORITY': '/run/user/1000/.mutter-Xwaylandauth.QD14N3', 'LS_COLORS': 'rs=0:di=01;34:ln=01;36:mh=00:pi=40;33:so=01;35:do=01;35:bd=40;33;01:cd=40;33;01:or=40;31;01:mi=00:su=37;41:sg=30;43:ca=00:tw=30;42:ow=34;42:st=37;44:ex=01;32:*.tar=01;31:*.tgz=01;31:*.arc=01;31:*.arj=01;31:*.taz=01;31:*.lha=01;31:*.lz4=01;31:*.lzh=01;31:*.lzma=01;31:*.tlz=01;31:*.txz=01;31:*.tzo=01;31:*.t7z=01;31:*.zip=01;31:*.z=01;31:*.dz=01;31:*.gz=01;31:*.lrz=01;31:*.lz=01;31:*.lzo=01;31:*.xz=01;31:*.zst=01;31:*.tzst=01;31:*.bz2=01;31:*.bz=01;31:*.tbz=01;31:*.tbz2=01;31:*.tz=01;31:*.deb=01;31:*.rpm=01;31:*.jar=01;31:*.war=01;31:*.ear=01;31:*.sar=01;31:*.rar=01;31:*.alz=01;31:*.ace=01;31:*.zoo=01;31:*.cpio=01;31:*.7z=01;31:*.rz=01;31:*.cab=01;31:*.wim=01;31:*.swm=01;31:*.dwm=01;31:*.esd=01;31:*.avif=01;35:*.jpg=01;35:*.jpeg=01;35:*.mjpg=01;35:*.mjpeg=01;35:*.gif=01;35:*.bmp=01;35:*.pbm=01;35:*.pgm=01;35:*.ppm=01;35:*.tga=01;35:*.xbm=01;35:*.xpm=01;35:*.tif=01;35:*.tiff=01;35:*.png=01;35:*.svg=01;35:*.svgz=01;35:*.mng=01;35:*.pcx=01;35:*.mov=01;35:*.mpg=01;35:*.mpeg=01;35:*.m2v=01;35:*.mkv=01;35:*.webm=01;35:*.webp=01;35:*.ogm=01;35:*.mp4=01;35:*.m4v=01;35:*.mp4v=01;35:*.vob=01;35:*.qt=01;35:*.nuv=01;35:*.wmv=01;35:*.asf=01;35:*.rm=01;35:*.rmvb=01;35:*.flc=01;35:*.avi=01;35:*.fli=01;35:*.flv=01;35:*.gl=01;35:*.dl=01;35:*.xcf=01;35:*.xwd=01;35:*.yuv=01;35:*.cgm=01;35:*.emf=01;35:*.ogv=01;35:*.ogx=01;35:*.aac=00;36:*.au=00;36:*.flac=00;36:*.m4a=00;36:*.mid=00;36:*.midi=00;36:*.mka=00;36:*.mp3=00;36:*.mpc=00;36:*.ogg=00;36:*.ra=00;36:*.wav=00;36:*.oga=00;36:*.opus=00;36:*.spx=00;36:*.xspf=00;36:*~=00;90:*#=00;90:*.bak=00;90:*.crdownload=00;90:*.dpkg-dist=00;90:*.dpkg-new=00;90:*.dpkg-old=00;90:*.dpkg-tmp=00;90:*.old=00;90:*.orig=00;90:*.part=00;90:*.rej=00;90:*.rpmnew=00;90:*.rpmorig=00;90:*.rpmsave=00;90:*.swp=00;90:*.tmp=00;90:*.ucf-dist=00;90:*.ucf-new=00;90:*.ucf-old=00;90:', 'GNOME_TERMINAL_SERVICE': ':1.145', 'SSH_AUTH_SOCK': '/run/user/1000/keyring/ssh', 'AMENT_PREFIX_PATH': '/home/athmani-roumaissa/ros2_coach_ws/install/coach_vision:/home/athmani-roumaissa/ros2_coach_ws/install/coach_feedback:/home/athmani-roumaissa/ros2_coach_ws/install/coach_bringup:/home/athmani-roumaissa/ros2_coach_ws/install/coach_analyzer:/opt/ros/jazzy', 'SHELL': '/bin/bash', 'QT_ACCESSIBILITY': '1', 'GDMSESSION': 'ubuntu', 'LESSCLOSE': '/usr/bin/lesspipe %s %s', 'ROS_AUTOMATIC_DISCOVERY_RANGE': 'SUBNET', 'QT_IM_MODULE': 'ibus', 'PWD': '/home/athmani-roumaissa/ros2_coach_ws/build/coach_vision', 'LC_ALL': 'en_US.UTF-8', 'XDG_CONFIG_DIRS': '/etc/xdg/xdg-ubuntu:/etc/xdg', 'XDG_DATA_DIRS': '/usr/share/ubuntu:/usr/share/gnome:/usr/local/share/:/usr/share/:/var/lib/snapd/desktop', 'PYTHONPATH': '/home/athmani-roumaissa/ros2_coach_ws/build/coach_vision/prefix_override:/usr/lib/python3/dist-packages/colcon_core/task/python/colcon_distutils_commands:/home/athmani-roumaissa/ros2_coach_ws/install/coach_vision/lib/python3.12/site-packages:/home/athmani-roumaissa/ros2_coach_ws/build/coach_vision:/home/athmani-roumaissa/ros2_coach_ws/install/coach_vision/lib/python3.12/site-packages:/home/athmani-roumaissa/ros2_coach_ws/install/coach_interfaces/lib/python3.12/site-packages:/home/athmani-roumaissa/ros2_coach_ws/build/coach_feedback:/home/athmani-roumaissa/ros2_coach_ws/install/coach_feedback/lib/python3.12/site-packages:/home/athmani-roumaissa/ros2_coach_ws/build/coach_analyzer:/home/athmani-roumaissa/ros2_coach_ws/install/coach_analyzer/lib/python3.12/site-packages:/opt/ros/jazzy/lib/python3.12/site-packages', 'COLCON': '1', 'MEMORY_PRESSURE_WRITE': 'c29tZSAyMDAwMDAgMjAwMDAwMAA=', 'VTE_VERSION': '7600', 'CMAKE_PREFIX_PATH': '/home/athmani-roumaissa/ros2_coach_ws/install/coach_interfaces:/home/athmani-roumaissa/ros2_coach_ws/install/coach_bringup:/opt/ros/jazzy/opt/gz_sim_vendor:/opt/ros/jazzy/opt/gz_sensors_vendor:/opt/ros/jazzy/opt/gz_physics_vendor:/opt/ros/jazzy/opt/sdformat_vendor:/opt/ros/jazzy/opt/gz_gui_vendor:/opt/ros/jazzy/opt/gz_transport_vendor:/opt/ros/jazzy/opt/gz_rendering_vendor:/opt/ros/jazzy/opt/gz_plugin_vendor:/opt/ros/jazzy/opt/gz_fuel_tools_vendor:/opt/ros/jazzy/opt/gz_msgs_vendor:/opt/ros/jazzy/opt/gz_common_vendor:/opt/ros/jazzy/opt/gz_math_vendor:/opt/ros/jazzy/opt/gz_utils_vendor:/opt/ros/jazzy/opt/gz_tools_vendor:/opt/ros/jazzy/opt/gz_ogre_next_vendor:/opt/ros/jazzy/opt/gz_dartsim_vendor:/opt/ros/jazzy/opt/gz_cmake_vendor'}, 'shell': False}
[12.449453] (-) TimerEvent: {}
[12.453251] (coach_interfaces) StdoutLine: {'line': b'-- Up-to-date: /home/athmani-roumaissa/ros2_coach_ws/install/coach_interfaces/share/coach_interfaces/cmake/export_coach_interfaces__rosidl_typesupport_fastrtps_cExport.cmake\n'}
[12.454166] (coach_interfaces) StdoutLine: {'line': b'-- Up-to-date: /home/athmani-roumaissa/ros2_coach_ws/install/coach_interfaces/share/coach_interfaces/cmake/export_coach_interfaces__rosidl_typesupport_fastrtps_cExport-noconfig.cmake\n'}
[12.454800] (coach_interfaces) StdoutLine: {'line': b'-- Up-to-date: /home/athmani-roumaissa/ros2_coach_ws/install/coach_interfaces/share/coach_interfaces/cmake/coach_interfaces__rosidl_typesupport_introspection_cExport.cmake\n'}
[12.461650] (coach_interfaces) StdoutLine: {'line': b'-- Up-to-date: /home/athmani-roumaissa/ros2_coach_ws/install/coach_interfaces/share/coach_interfaces/cmake/coach_interfaces__rosidl_typesupport_introspection_cExport-noconfig.cmake\n'}
[12.462339] (coach_interfaces) StdoutLine: {'line': b'-- Up-to-date: /home/athmani-roumaissa/ros2_coach_ws/install/coach_interfaces/share/coach_interfaces/cmake/coach_interfaces__rosidl_typesupport_cExport.cmake\n'}
[12.462904] (coach_interfaces) StdoutLine: {'line': b'-- Up-to-date: /home/athmani-roumaissa/ros2_coach_ws/install/coach_interfaces/share/coach_interfaces/cmake/coach_interfaces__rosidl_typesupport_cExport-noconfig.cmake\n'}
[12.463501] (coach_interfaces) StdoutLine: {'line': b'-- Up-to-date: /home/athmani-roumaissa/ros2_coach_ws/install/coach_interfaces/share/coach_interfaces/cmake/export_coach_interfaces__rosidl_generator_cppExport.cmake\n'}
[12.476919] (coach_interfaces) StdoutLine: {'line': b'-- Up-to-date: /home/athmani-roumaissa/ros2_coach_ws/install/coach_interfaces/share/coach_interfaces/cmake/export_coach_interfaces__rosidl_typesupport_fastrtps_cppExport.cmake\n'}
[12.477770] (coach_interfaces) StdoutLine: {'line': b'-- Up-to-date: /home/athmani-roumaissa/ros2_coach_ws/install/coach_interfaces/share/coach_interfaces/cmake/export_coach_interfaces__rosidl_typesupport_fastrtps_cppExport-noconfig.cmake\n'}
[12.484741] (coach_interfaces) StdoutLine: {'line': b'-- Up-to-date: /home/athmani-roumaissa/ros2_coach_ws/install/coach_interfaces/share/coach_interfaces/cmake/coach_interfaces__rosidl_typesupport_introspection_cppExport.cmake\n'}
[12.487709] (coach_interfaces) StdoutLine: {'line': b'-- Up-to-date: /home/athmani-roumaissa/ros2_coach_ws/install/coach_interfaces/share/coach_interfaces/cmake/coach_interfaces__rosidl_typesupport_introspection_cppExport-noconfig.cmake\n'}
[12.488455] (coach_interfaces) StdoutLine: {'line': b'-- Up-to-date: /home/athmani-roumaissa/ros2_coach_ws/install/coach_interfaces/share/coach_interfaces/cmake/coach_interfaces__rosidl_typesupport_cppExport.cmake\n'}
[12.489076] (coach_interfaces) StdoutLine: {'line': b'-- Up-to-date: /home/athmani-roumaissa/ros2_coach_ws/install/coach_interfaces/share/coach_interfaces/cmake/coach_interfaces__rosidl_typesupport_cppExport-noconfig.cmake\n'}
[12.489719] (coach_interfaces) StdoutLine: {'line': b'-- Up-to-date: /home/athmani-roumaissa/ros2_coach_ws/install/coach_interfaces/share/coach_interfaces/cmake/export_coach_interfaces__rosidl_generator_pyExport.cmake\n'}
[12.494675] (coach_interfaces) StdoutLine: {'line': b'-- Up-to-date: /home/athmani-roumaissa/ros2_coach_ws/install/coach_interfaces/share/coach_interfaces/cmake/export_coach_interfaces__rosidl_generator_pyExport-noconfig.cmake\n'}
[12.495308] (coach_interfaces) StdoutLine: {'line': b'-- Up-to-date: /home/athmani-roumaissa/ros2_coach_ws/install/coach_interfaces/share/coach_interfaces/cmake/rosidl_cmake-extras.cmake\n'}
[12.495848] (coach_interfaces) StdoutLine: {'line': b'-- Up-to-date: /home/athmani-roumaissa/ros2_coach_ws/install/coach_interfaces/share/coach_interfaces/cmake/ament_cmake_export_dependencies-extras.cmake\n'}
[12.496538] (coach_interfaces) StdoutLine: {'line': b'-- Up-to-date: /home/athmani-roumaissa/ros2_coach_ws/install/coach_interfaces/share/coach_interfaces/cmake/ament_cmake_export_include_directories-extras.cmake\n'}
[12.500429] (coach_interfaces) StdoutLine: {'line': b'-- Up-to-date: /home/athmani-roumaissa/ros2_coach_ws/install/coach_interfaces/share/coach_interfaces/cmake/ament_cmake_export_libraries-extras.cmake\n'}
[12.501180] (coach_interfaces) StdoutLine: {'line': b'-- Up-to-date: /home/athmani-roumaissa/ros2_coach_ws/install/coach_interfaces/share/coach_interfaces/cmake/ament_cmake_export_targets-extras.cmake\n'}
[12.501770] (coach_interfaces) StdoutLine: {'line': b'-- Up-to-date: /home/athmani-roumaissa/ros2_coach_ws/install/coach_interfaces/share/coach_interfaces/cmake/rosidl_cmake_export_typesupport_targets-extras.cmake\n'}
[12.505516] (coach_interfaces) StdoutLine: {'line': b'-- Up-to-date: /home/athmani-roumaissa/ros2_coach_ws/install/coach_interfaces/share/coach_interfaces/cmake/rosidl_cmake_export_typesupport_libraries-extras.cmake\n'}
[12.507021] (coach_interfaces) StdoutLine: {'line': b'-- Up-to-date: /home/athmani-roumaissa/ros2_coach_ws/install/coach_interfaces/share/coach_interfaces/cmake/coach_interfacesConfig.cmake\n'}
[12.510503] (coach_interfaces) StdoutLine: {'line': b'-- Up-to-date: /home/athmani-roumaissa/ros2_coach_ws/install/coach_interfaces/share/coach_interfaces/cmake/coach_interfacesConfig-version.cmake\n'}
[12.511230] (coach_interfaces) StdoutLine: {'line': b'-- Up-to-date: /home/athmani-roumaissa/ros2_coach_ws/install/coach_interfaces/share/coach_interfaces/package.xml\n'}
[12.515021] (coach_interfaces) CommandEnded: {'returncode': 0}
[12.556162] (-) TimerEvent: {}
[12.651803] (coach_feedback) StdoutLine: {'line': b'running develop\n'}
[12.656312] (-) TimerEvent: {}
[12.720918] (coach_interfaces) JobEnded: {'identifier': 'coach_interfaces', 'rc': 0}
[12.756486] (-) TimerEvent: {}
[12.857262] (-) TimerEvent: {}
[12.958223] (-) TimerEvent: {}
[13.060352] (-) TimerEvent: {}
[13.166392] (-) TimerEvent: {}
[13.269096] (-) TimerEvent: {}
[13.375251] (-) TimerEvent: {}
[13.477318] (-) TimerEvent: {}
[13.489760] (coach_analyzer) StdoutLine: {'line': b'running develop\n'}
[13.578854] (-) TimerEvent: {}
[13.679600] (-) TimerEvent: {}
[13.784871] (-) TimerEvent: {}
[13.886285] (-) TimerEvent: {}
[13.991073] (-) TimerEvent: {}
[14.101378] (-) TimerEvent: {}
[14.202690] (-) TimerEvent: {}
[14.308247] (-) TimerEvent: {}
[14.411282] (-) TimerEvent: {}
[14.512071] (-) TimerEvent: {}
[14.615416] (-) TimerEvent: {}
[14.690604] (coach_feedback) StdoutLine: {'line': b'running egg_info\n'}
[14.716390] (-) TimerEvent: {}
[14.817098] (-) TimerEvent: {}
[14.908506] (coach_feedback) StdoutLine: {'line': b'writing coach_feedback.egg-info/PKG-INFO\n'}
[14.911801] (coach_feedback) StdoutLine: {'line': b'writing dependency_links to coach_feedback.egg-info/dependency_links.txt\n'}
[14.912851] (coach_feedback) StdoutLine: {'line': b'writing entry points to coach_feedback.egg-info/entry_points.txt\n'}
[14.914975] (coach_feedback) StdoutLine: {'line': b'writing requirements to coach_feedback.egg-info/requires.txt\n'}
[14.921056] (coach_feedback) StdoutLine: {'line': b'writing top-level names to coach_feedback.egg-info/top_level.txt\n'}
[14.921743] (-) TimerEvent: {}
[14.996945] (coach_vision) StdoutLine: {'line': b'running develop\n'}
[15.021921] (-) TimerEvent: {}
[15.122813] (-) TimerEvent: {}
[15.228341] (-) TimerEvent: {}
[15.329081] (-) TimerEvent: {}
[15.360771] (coach_analyzer) StdoutLine: {'line': b'running egg_info\n'}
[15.430150] (-) TimerEvent: {}
[15.522015] (coach_feedback) StdoutLine: {'line': b"reading manifest file 'coach_feedback.egg-info/SOURCES.txt'\n"}
[15.527984] (coach_analyzer) StdoutLine: {'line': b'writing coach_analyzer.egg-info/PKG-INFO\n'}
[15.529695] (coach_analyzer) StdoutLine: {'line': b'writing dependency_links to coach_analyzer.egg-info/dependency_links.txt\n'}
[15.533260] (-) TimerEvent: {}
[15.541033] (coach_analyzer) StdoutLine: {'line': b'writing entry points to coach_analyzer.egg-info/entry_points.txt\n'}
[15.541752] (coach_analyzer) StdoutLine: {'line': b'writing requirements to coach_analyzer.egg-info/requires.txt\n'}
[15.545796] (coach_analyzer) StdoutLine: {'line': b'writing top-level names to coach_analyzer.egg-info/top_level.txt\n'}
[15.549906] (coach_feedback) StdoutLine: {'line': b"writing manifest file 'coach_feedback.egg-info/SOURCES.txt'\n"}
[15.634097] (-) TimerEvent: {}
[15.734835] (-) TimerEvent: {}
[15.763486] (coach_feedback) StdoutLine: {'line': b'running build_ext\n'}
[15.764914] (coach_feedback) StdoutLine: {'line': b'Creating /home/athmani-roumaissa/ros2_coach_ws/install/coach_feedback/lib/python3.12/site-packages/coach-feedback.egg-link (link to .)\n'}
[15.773112] (coach_feedback) StdoutLine: {'line': b'Installing feedback_node script to /home/athmani-roumaissa/ros2_coach_ws/install/coach_feedback/lib/coach_feedback\n'}
[15.774638] (coach_feedback) StdoutLine: {'line': b'\n'}
[15.781304] (coach_feedback) StdoutLine: {'line': b'Installed /home/athmani-roumaissa/ros2_coach_ws/build/coach_feedback\n'}
[15.836131] (-) TimerEvent: {}
[15.872142] (coach_analyzer) StdoutLine: {'line': b"reading manifest file 'coach_analyzer.egg-info/SOURCES.txt'\n"}
[15.878893] (coach_analyzer) StdoutLine: {'line': b"writing manifest file 'coach_analyzer.egg-info/SOURCES.txt'\n"}
[15.936798] (-) TimerEvent: {}
[16.020097] (coach_feedback) CommandEnded: {'returncode': 0}
[16.038777] (-) TimerEvent: {}
[16.130768] (coach_analyzer) StdoutLine: {'line': b'running build_ext\n'}
[16.131593] (coach_analyzer) StdoutLine: {'line': b'Creating /home/athmani-roumaissa/ros2_coach_ws/install/coach_analyzer/lib/python3.12/site-packages/coach-analyzer.egg-link (link to .)\n'}
[16.136544] (coach_analyzer) StdoutLine: {'line': b'Installing coach_speaker script to /home/athmani-roumaissa/ros2_coach_ws/install/coach_analyzer/lib/coach_analyzer\n'}
[16.138561] (coach_analyzer) StdoutLine: {'line': b'Installing rep_validator script to /home/athmani-roumaissa/ros2_coach_ws/install/coach_analyzer/lib/coach_analyzer\n'}
[16.143605] (-) TimerEvent: {}
[16.162594] (coach_analyzer) StdoutLine: {'line': b'\n'}
[16.163419] (coach_analyzer) StdoutLine: {'line': b'Installed /home/athmani-roumaissa/ros2_coach_ws/build/coach_analyzer\n'}
[16.164719] (coach_analyzer) StdoutLine: {'line': b'running symlink_data\n'}
[16.204097] (coach_feedback) JobEnded: {'identifier': 'coach_feedback', 'rc': 0}
[16.244369] (-) TimerEvent: {}
[16.328776] (coach_analyzer) CommandEnded: {'returncode': 0}
[16.350561] (-) TimerEvent: {}
[16.391997] (coach_analyzer) JobEnded: {'identifier': 'coach_analyzer', 'rc': 0}
[16.450732] (-) TimerEvent: {}
[16.551529] (-) TimerEvent: {}
[16.652071] (-) TimerEvent: {}
[16.752608] (-) TimerEvent: {}
[16.853200] (-) TimerEvent: {}
[16.867118] (coach_vision) StdoutLine: {'line': b'running egg_info\n'}
[16.953375] (-) TimerEvent: {}
[16.990798] (coach_vision) StdoutLine: {'line': b'writing coach_vision.egg-info/PKG-INFO\n'}
[16.991913] (coach_vision) StdoutLine: {'line': b'writing dependency_links to coach_vision.egg-info/dependency_links.txt\n'}
[16.993141] (coach_vision) StdoutLine: {'line': b'writing entry points to coach_vision.egg-info/entry_points.txt\n'}
[16.994983] (coach_vision) StdoutLine: {'line': b'writing requirements to coach_vision.egg-info/requires.txt\n'}
[16.996238] (coach_vision) StdoutLine: {'line': b'writing top-level names to coach_vision.egg-info/top_level.txt\n'}
[17.053511] (-) TimerEvent: {}
[17.154072] (-) TimerEvent: {}
[17.254704] (-) TimerEvent: {}
[17.262146] (coach_vision) StdoutLine: {'line': b"reading manifest file 'coach_vision.egg-info/SOURCES.txt'\n"}
[17.265991] (coach_vision) StdoutLine: {'line': b"writing manifest file 'coach_vision.egg-info/SOURCES.txt'\n"}
[17.354877] (-) TimerEvent: {}
[17.409266] (coach_vision) StdoutLine: {'line': b'running build_ext\n'}
[17.410197] (coach_vision) StdoutLine: {'line': b'Creating /home/athmani-roumaissa/ros2_coach_ws/install/coach_vision/lib/python3.12/site-packages/coach-vision.egg-link (link to .)\n'}
[17.412425] (coach_vision) StdoutLine: {'line': b'Installing pose_estimator script to /home/athmani-roumaissa/ros2_coach_ws/install/coach_vision/lib/coach_vision\n'}
[17.413572] (coach_vision) StdoutLine: {'line': b'\n'}
[17.414279] (coach_vision) StdoutLine: {'line': b'Installed /home/athmani-roumaissa/ros2_coach_ws/build/coach_vision\n'}
[17.455121] (-) TimerEvent: {}
[17.550008] (coach_vision) CommandEnded: {'returncode': 0}
[17.555652] (-) TimerEvent: {}
[17.586551] (coach_vision) JobEnded: {'identifier': 'coach_vision', 'rc': 0}
[17.589133] (-) EventReactorShutdown: {}
