[0.656s] DEBUG:colcon:Command line arguments: ['/usr/bin/colcon', 'build', '--packages-select', 'coach_bringup', '--event-handlers', 'console_direct+']
[0.657s] DEBUG:colcon:Parsed command line arguments: Namespace(log_base=None, log_level=None, verb_name='build', build_base='build', install_base='install', merge_install=False, symlink_install=False, test_result_base=None, continue_on_error=False, executor='parallel', parallel_workers=4, event_handlers=['console_direct+'], ignore_user_meta=False, metas=['./colcon.meta'], base_paths=['.'], packages_ignore=None, packages_ignore_regex=None, paths=None, packages_up_to=None, packages_up_to_regex=None, packages_above=None, packages_above_and_dependencies=None, packages_above_depth=None, packages_select_by_dep=None, packages_skip_by_dep=None, packages_skip_up_to=None, packages_select_build_failed=False, packages_skip_build_finished=False, packages_select_test_failures=False, packages_skip_test_passed=False, packages_select=['coach_bringup'], packages_skip=None, packages_select_regex=None, packages_skip_regex=None, packages_start=None, packages_end=None, allow_overriding=[], cmake_args=None, cmake_target=None, cmake_target_skip_unavailable=False, cmake_clean_cache=False, cmake_clean_first=False, cmake_force_configure=False, ament_cmake_args=None, catkin_cmake_args=None, catkin_skip_building_tests=False, verb_parser=<colcon_defaults.argument_parser.defaults.DefaultArgumentsDecorator object at 0x756c6d26aab0>, verb_extension=<colcon_core.verb.build.BuildVerb object at 0x756c6d210b00>, main=<bound method BuildVerb.main of <colcon_core.verb.build.BuildVerb object at 0x756c6d210b00>>)
[0.796s] Level 1:colcon.colcon_core.package_discovery:discover_packages(colcon_meta) check parameters
[0.797s] Level 1:colcon.colcon_core.package_discovery:discover_packages(recursive) check parameters
[0.797s] Level 1:colcon.colcon_core.package_discovery:discover_packages(ignore) check parameters
[0.797s] Level 1:colcon.colcon_core.package_discovery:discover_packages(path) check parameters
[0.797s] Level 1:colcon.colcon_core.package_discovery:discover_packages(colcon_meta) discover
[0.797s] Level 1:colcon.colcon_core.package_discovery:discover_packages(recursive) discover
[0.797s] INFO:colcon.colcon_core.package_discovery:Crawling recursively for packages in '/home/athmani-roumaissa/ros2_coach_ws'
[0.797s] Level 1:colcon.colcon_core.package_identification:_identify(.) by extensions ['ignore', 'ignore_ament_install']
[0.798s] Level 1:colcon.colcon_core.package_identification:_identify(.) by extension 'ignore'
[0.798s] Level 1:colcon.colcon_core.package_identification:_identify(.) by extension 'ignore_ament_install'
[0.798s] Level 1:colcon.colcon_core.package_identification:_identify(.) by extensions ['colcon_pkg']
[0.798s] Level 1:colcon.colcon_core.package_identification:_identify(.) by extension 'colcon_pkg'
[0.798s] Level 1:colcon.colcon_core.package_identification:_identify(.) by extensions ['colcon_meta']
[0.798s] Level 1:colcon.colcon_core.package_identification:_identify(.) by extension 'colcon_meta'
[0.799s] Level 1:colcon.colcon_core.package_identification:_identify(.) by extensions ['ros']
[0.799s] Level 1:colcon.colcon_core.package_identification:_identify(.) by extension 'ros'
[0.877s] Level 1:colcon.colcon_core.package_identification:_identify(.) by extensions ['cmake', 'python']
[0.877s] Level 1:colcon.colcon_core.package_identification:_identify(.) by extension 'cmake'
[0.878s] Level 1:colcon.colcon_core.package_identification:_identify(.) by extension 'python'
[0.878s] Level 1:colcon.colcon_core.package_identification:_identify(.) by extensions ['python_setup_py']
[0.878s] Level 1:colcon.colcon_core.package_identification:_identify(.) by extension 'python_setup_py'
[0.878s] Level 1:colcon.colcon_core.package_identification:_identify(build) by extensions ['ignore', 'ignore_ament_install']
[0.878s] Level 1:colcon.colcon_core.package_identification:_identify(build) by extension 'ignore'
[0.878s] Level 1:colcon.colcon_core.package_identification:_identify(build) ignored
[0.879s] Level 1:colcon.colcon_core.package_identification:_identify(gym_env) by extensions ['ignore', 'ignore_ament_install']
[0.879s] Level 1:colcon.colcon_core.package_identification:_identify(gym_env) by extension 'ignore'
[0.879s] Level 1:colcon.colcon_core.package_identification:_identify(gym_env) by extension 'ignore_ament_install'
[0.879s] Level 1:colcon.colcon_core.package_identification:_identify(gym_env) by extensions ['colcon_pkg']
[0.879s] Level 1:colcon.colcon_core.package_identification:_identify(gym_env) by extension 'colcon_pkg'
[0.879s] Level 1:colcon.colcon_core.package_identification:_identify(gym_env) by extensions ['colcon_meta']
[0.879s] Level 1:colcon.colcon_core.package_identification:_identify(gym_env) by extension 'colcon_meta'
[0.880s] Level 1:colcon.colcon_core.package_identification:_identify(gym_env) by extensions ['ros']
[0.880s] Level 1:colcon.colcon_core.package_identification:_identify(gym_env) by extension 'ros'
[0.880s] Level 1:colcon.colcon_core.package_identification:_identify(gym_env) by extensions ['cmake', 'python']
[0.880s] Level 1:colcon.colcon_core.package_identification:_identify(gym_env) by extension 'cmake'
[0.880s] Level 1:colcon.colcon_core.package_identification:_identify(gym_env) by extension 'python'
[0.880s] Level 1:colcon.colcon_core.package_identification:_identify(gym_env) by extensions ['python_setup_py']
[0.880s] Level 1:colcon.colcon_core.package_identification:_identify(gym_env) by extension 'python_setup_py'
[0.881s] Level 1:colcon.colcon_core.package_identification:_identify(gym_env/bin) by extensions ['ignore', 'ignore_ament_install']
[0.881s] Level 1:colcon.colcon_core.package_identification:_identify(gym_env/bin) by extension 'ignore'
[0.881s] Level 1:colcon.colcon_core.package_identification:_identify(gym_env/bin) by extension 'ignore_ament_install'
[0.881s] Level 1:colcon.colcon_core.package_identification:_identify(gym_env/bin) by extensions ['colcon_pkg']
[0.881s] Level 1:colcon.colcon_core.package_identification:_identify(gym_env/bin) by extension 'colcon_pkg'
[0.882s] Level 1:colcon.colcon_core.package_identification:_identify(gym_env/bin) by extensions ['colcon_meta']
[0.882s] Level 1:colcon.colcon_core.package_identification:_identify(gym_env/bin) by extension 'colcon_meta'
[0.882s] Level 1:colcon.colcon_core.package_identification:_identify(gym_env/bin) by extensions ['ros']
[0.882s] Level 1:colcon.colcon_core.package_identification:_identify(gym_env/bin) by extension 'ros'
[0.882s] Level 1:colcon.colcon_core.package_identification:_identify(gym_env/bin) by extensions ['cmake', 'python']
[0.882s] Level 1:colcon.colcon_core.package_identification:_identify(gym_env/bin) by extension 'cmake'
[0.883s] Level 1:colcon.colcon_core.package_identification:_identify(gym_env/bin) by extension 'python'
[0.883s] Level 1:colcon.colcon_core.package_identification:_identify(gym_env/bin) by extensions ['python_setup_py']
[0.883s] Level 1:colcon.colcon_core.package_identification:_identify(gym_env/bin) by extension 'python_setup_py'
[0.883s] Level 1:colcon.colcon_core.package_identification:_identify(gym_env/include) by extensions ['ignore', 'ignore_ament_install']
[0.884s] Level 1:colcon.colcon_core.package_identification:_identify(gym_env/include) by extension 'ignore'
[0.884s] Level 1:colcon.colcon_core.package_identification:_identify(gym_env/include) by extension 'ignore_ament_install'
[0.884s] Level 1:colcon.colcon_core.package_identification:_identify(gym_env/include) by extensions ['colcon_pkg']
[0.884s] Level 1:colcon.colcon_core.package_identification:_identify(gym_env/include) by extension 'colcon_pkg'
[0.884s] Level 1:colcon.colcon_core.package_identification:_identify(gym_env/include) by extensions ['colcon_meta']
[0.884s] Level 1:colcon.colcon_core.package_identification:_identify(gym_env/include) by extension 'colcon_meta'
[0.885s] Level 1:colcon.colcon_core.package_identification:_identify(gym_env/include) by extensions ['ros']
[0.885s] Level 1:colcon.colcon_core.package_identification:_identify(gym_env/include) by extension 'ros'
[0.885s] Level 1:colcon.colcon_core.package_identification:_identify(gym_env/include) by extensions ['cmake', 'python']
[0.885s] Level 1:colcon.colcon_core.package_identification:_identify(gym_env/include) by extension 'cmake'
[0.885s] Level 1:colcon.colcon_core.package_identification:_identify(gym_env/include) by extension 'python'
[0.885s] Level 1:colcon.colcon_core.package_identification:_identify(gym_env/include) by extensions ['python_setup_py']
[0.885s] Level 1:colcon.colcon_core.package_identification:_identify(gym_env/include) by extension 'python_setup_py'
[0.886s] Level 1:colcon.colcon_core.package_identification:_identify(gym_env/include/python3.12) by extensions ['ignore', 'ignore_ament_install']
[0.886s] Level 1:colcon.colcon_core.package_identification:_identify(gym_env/include/python3.12) by extension 'ignore'
[0.886s] Level 1:colcon.colcon_core.package_identification:_identify(gym_env/include/python3.12) by extension 'ignore_ament_install'
[0.886s] Level 1:colcon.colcon_core.package_identification:_identify(gym_env/include/python3.12) by extensions ['colcon_pkg']
[0.886s] Level 1:colcon.colcon_core.package_identification:_identify(gym_env/include/python3.12) by extension 'colcon_pkg'
[0.887s] Level 1:colcon.colcon_core.package_identification:_identify(gym_env/include/python3.12) by extensions ['colcon_meta']
[0.887s] Level 1:colcon.colcon_core.package_identification:_identify(gym_env/include/python3.12) by extension 'colcon_meta'
[0.887s] Level 1:colcon.colcon_core.package_identification:_identify(gym_env/include/python3.12) by extensions ['ros']
[0.887s] Level 1:colcon.colcon_core.package_identification:_identify(gym_env/include/python3.12) by extension 'ros'
[0.887s] Level 1:colcon.colcon_core.package_identification:_identify(gym_env/include/python3.12) by extensions ['cmake', 'python']
[0.887s] Level 1:colcon.colcon_core.package_identification:_identify(gym_env/include/python3.12) by extension 'cmake'
[0.887s] Level 1:colcon.colcon_core.package_identification:_identify(gym_env/include/python3.12) by extension 'python'
[0.887s] Level 1:colcon.colcon_core.package_identification:_identify(gym_env/include/python3.12) by extensions ['python_setup_py']
[0.887s] Level 1:colcon.colcon_core.package_identification:_identify(gym_env/include/python3.12) by extension 'python_setup_py'
[0.889s] Level 1:colcon.colcon_core.package_identification:_identify(gym_env/include/site) by extensions ['ignore', 'ignore_ament_install']
[0.889s] Level 1:colcon.colcon_core.package_identification:_identify(gym_env/include/site) by extension 'ignore'
[0.889s] Level 1:colcon.colcon_core.package_identification:_identify(gym_env/include/site) by extension 'ignore_ament_install'
[0.889s] Level 1:colcon.colcon_core.package_identification:_identify(gym_env/include/site) by extensions ['colcon_pkg']
[0.889s] Level 1:colcon.colcon_core.package_identification:_identify(gym_env/include/site) by extension 'colcon_pkg'
[0.889s] Level 1:colcon.colcon_core.package_identification:_identify(gym_env/include/site) by extensions ['colcon_meta']
[0.889s] Level 1:colcon.colcon_core.package_identification:_identify(gym_env/include/site) by extension 'colcon_meta'
[0.889s] Level 1:colcon.colcon_core.package_identification:_identify(gym_env/include/site) by extensions ['ros']
[0.890s] Level 1:colcon.colcon_core.package_identification:_identify(gym_env/include/site) by extension 'ros'
[0.890s] Level 1:colcon.colcon_core.package_identification:_identify(gym_env/include/site) by extensions ['cmake', 'python']
[0.890s] Level 1:colcon.colcon_core.package_identification:_identify(gym_env/include/site) by extension 'cmake'
[0.890s] Level 1:colcon.colcon_core.package_identification:_identify(gym_env/include/site) by extension 'python'
[0.890s] Level 1:colcon.colcon_core.package_identification:_identify(gym_env/include/site) by extensions ['python_setup_py']
[0.890s] Level 1:colcon.colcon_core.package_identification:_identify(gym_env/include/site) by extension 'python_setup_py'
[0.890s] Level 1:colcon.colcon_core.package_identification:_identify(gym_env/include/site/python3.12) by extensions ['ignore', 'ignore_ament_install']
[0.891s] Level 1:colcon.colcon_core.package_identification:_identify(gym_env/include/site/python3.12) by extension 'ignore'
[0.891s] Level 1:colcon.colcon_core.package_identification:_identify(gym_env/include/site/python3.12) by extension 'ignore_ament_install'
[0.891s] Level 1:colcon.colcon_core.package_identification:_identify(gym_env/include/site/python3.12) by extensions ['colcon_pkg']
[0.891s] Level 1:colcon.colcon_core.package_identification:_identify(gym_env/include/site/python3.12) by extension 'colcon_pkg'
[0.891s] Level 1:colcon.colcon_core.package_identification:_identify(gym_env/include/site/python3.12) by extensions ['colcon_meta']
[0.891s] Level 1:colcon.colcon_core.package_identification:_identify(gym_env/include/site/python3.12) by extension 'colcon_meta'
[0.891s] Level 1:colcon.colcon_core.package_identification:_identify(gym_env/include/site/python3.12) by extensions ['ros']
[0.891s] Level 1:colcon.colcon_core.package_identification:_identify(gym_env/include/site/python3.12) by extension 'ros'
[0.892s] Level 1:colcon.colcon_core.package_identification:_identify(gym_env/include/site/python3.12) by extensions ['cmake', 'python']
[0.892s] Level 1:colcon.colcon_core.package_identification:_identify(gym_env/include/site/python3.12) by extension 'cmake'
[0.892s] Level 1:colcon.colcon_core.package_identification:_identify(gym_env/include/site/python3.12) by extension 'python'
[0.892s] Level 1:colcon.colcon_core.package_identification:_identify(gym_env/include/site/python3.12) by extensions ['python_setup_py']
[0.892s] Level 1:colcon.colcon_core.package_identification:_identify(gym_env/include/site/python3.12) by extension 'python_setup_py'
[0.892s] Level 1:colcon.colcon_core.package_identification:_identify(gym_env/include/site/python3.12/pygame) by extensions ['ignore', 'ignore_ament_install']
[0.893s] Level 1:colcon.colcon_core.package_identification:_identify(gym_env/include/site/python3.12/pygame) by extension 'ignore'
[0.893s] Level 1:colcon.colcon_core.package_identification:_identify(gym_env/include/site/python3.12/pygame) by extension 'ignore_ament_install'
[0.893s] Level 1:colcon.colcon_core.package_identification:_identify(gym_env/include/site/python3.12/pygame) by extensions ['colcon_pkg']
[0.893s] Level 1:colcon.colcon_core.package_identification:_identify(gym_env/include/site/python3.12/pygame) by extension 'colcon_pkg'
[0.893s] Level 1:colcon.colcon_core.package_identification:_identify(gym_env/include/site/python3.12/pygame) by extensions ['colcon_meta']
[0.893s] Level 1:colcon.colcon_core.package_identification:_identify(gym_env/include/site/python3.12/pygame) by extension 'colcon_meta'
[0.893s] Level 1:colcon.colcon_core.package_identification:_identify(gym_env/include/site/python3.12/pygame) by extensions ['ros']
[0.893s] Level 1:colcon.colcon_core.package_identification:_identify(gym_env/include/site/python3.12/pygame) by extension 'ros'
[0.894s] Level 1:colcon.colcon_core.package_identification:_identify(gym_env/include/site/python3.12/pygame) by extensions ['cmake', 'python']
[0.894s] Level 1:colcon.colcon_core.package_identification:_identify(gym_env/include/site/python3.12/pygame) by extension 'cmake'
[0.894s] Level 1:colcon.colcon_core.package_identification:_identify(gym_env/include/site/python3.12/pygame) by extension 'python'
[0.894s] Level 1:colcon.colcon_core.package_identification:_identify(gym_env/include/site/python3.12/pygame) by extensions ['python_setup_py']
[0.894s] Level 1:colcon.colcon_core.package_identification:_identify(gym_env/include/site/python3.12/pygame) by extension 'python_setup_py'
[0.895s] Level 1:colcon.colcon_core.package_identification:_identify(gym_env/include/site/python3.12/pygame/include) by extensions ['ignore', 'ignore_ament_install']
[0.895s] Level 1:colcon.colcon_core.package_identification:_identify(gym_env/include/site/python3.12/pygame/include) by extension 'ignore'
[0.895s] Level 1:colcon.colcon_core.package_identification:_identify(gym_env/include/site/python3.12/pygame/include) by extension 'ignore_ament_install'
[0.895s] Level 1:colcon.colcon_core.package_identification:_identify(gym_env/include/site/python3.12/pygame/include) by extensions ['colcon_pkg']
[0.895s] Level 1:colcon.colcon_core.package_identification:_identify(gym_env/include/site/python3.12/pygame/include) by extension 'colcon_pkg'
[0.895s] Level 1:colcon.colcon_core.package_identification:_identify(gym_env/include/site/python3.12/pygame/include) by extensions ['colcon_meta']
[0.895s] Level 1:colcon.colcon_core.package_identification:_identify(gym_env/include/site/python3.12/pygame/include) by extension 'colcon_meta'
[0.896s] Level 1:colcon.colcon_core.package_identification:_identify(gym_env/include/site/python3.12/pygame/include) by extensions ['ros']
[0.896s] Level 1:colcon.colcon_core.package_identification:_identify(gym_env/include/site/python3.12/pygame/include) by extension 'ros'
[0.896s] Level 1:colcon.colcon_core.package_identification:_identify(gym_env/include/site/python3.12/pygame/include) by extensions ['cmake', 'python']
[0.896s] Level 1:colcon.colcon_core.package_identification:_identify(gym_env/include/site/python3.12/pygame/include) by extension 'cmake'
[0.896s] Level 1:colcon.colcon_core.package_identification:_identify(gym_env/include/site/python3.12/pygame/include) by extension 'python'
[0.896s] Level 1:colcon.colcon_core.package_identification:_identify(gym_env/include/site/python3.12/pygame/include) by extensions ['python_setup_py']
[0.896s] Level 1:colcon.colcon_core.package_identification:_identify(gym_env/include/site/python3.12/pygame/include) by extension 'python_setup_py'
[0.897s] Level 1:colcon.colcon_core.package_identification:_identify(gym_env/lib) by extensions ['ignore', 'ignore_ament_install']
[0.897s] Level 1:colcon.colcon_core.package_identification:_identify(gym_env/lib) by extension 'ignore'
[0.897s] Level 1:colcon.colcon_core.package_identification:_identify(gym_env/lib) by extension 'ignore_ament_install'
[0.898s] Level 1:colcon.colcon_core.package_identification:_identify(gym_env/lib) by extensions ['colcon_pkg']
[0.898s] Level 1:colcon.colcon_core.package_identification:_identify(gym_env/lib) by extension 'colcon_pkg'
[0.898s] Level 1:colcon.colcon_core.package_identification:_identify(gym_env/lib) by extensions ['colcon_meta']
[0.898s] Level 1:colcon.colcon_core.package_identification:_identify(gym_env/lib) by extension 'colcon_meta'
[0.898s] Level 1:colcon.colcon_core.package_identification:_identify(gym_env/lib) by extensions ['ros']
[0.898s] Level 1:colcon.colcon_core.package_identification:_identify(gym_env/lib) by extension 'ros'
[0.898s] Level 1:colcon.colcon_core.package_identification:_identify(gym_env/lib) by extensions ['cmake', 'python']
[0.899s] Level 1:colcon.colcon_core.package_identification:_identify(gym_env/lib) by extension 'cmake'
[0.899s] Level 1:colcon.colcon_core.package_identification:_identify(gym_env/lib) by extension 'python'
[0.899s] Level 1:colcon.colcon_core.package_identification:_identify(gym_env/lib) by extensions ['python_setup_py']
[0.899s] Level 1:colcon.colcon_core.package_identification:_identify(gym_env/lib) by extension 'python_setup_py'
[0.900s] Level 1:colcon.colcon_core.package_identification:_identify(gym_env/lib/python3.12) by extensions ['ignore', 'ignore_ament_install']
[0.900s] Level 1:colcon.colcon_core.package_identification:_identify(gym_env/lib/python3.12) by extension 'ignore'
[0.900s] Level 1:colcon.colcon_core.package_identification:_identify(gym_env/lib/python3.12) by extension 'ignore_ament_install'
[0.900s] Level 1:colcon.colcon_core.package_identification:_identify(gym_env/lib/python3.12) by extensions ['colcon_pkg']
[0.900s] Level 1:colcon.colcon_core.package_identification:_identify(gym_env/lib/python3.12) by extension 'colcon_pkg'
[0.901s] Level 1:colcon.colcon_core.package_identification:_identify(gym_env/lib/python3.12) by extensions ['colcon_meta']
[0.901s] Level 1:colcon.colcon_core.package_identification:_identify(gym_env/lib/python3.12) by extension 'colcon_meta'
[0.901s] Level 1:colcon.colcon_core.package_identification:_identify(gym_env/lib/python3.12) by extensions ['ros']
[0.901s] Level 1:colcon.colcon_core.package_identification:_identify(gym_env/lib/python3.12) by extension 'ros'
[0.901s] Level 1:colcon.colcon_core.package_identification:_identify(gym_env/lib/python3.12) by extensions ['cmake', 'python']
[0.901s] Level 1:colcon.colcon_core.package_identification:_identify(gym_env/lib/python3.12) by extension 'cmake'
[0.901s] Level 1:colcon.colcon_core.package_identification:_identify(gym_env/lib/python3.12) by extension 'python'
[0.901s] Level 1:colcon.colcon_core.package_identification:_identify(gym_env/lib/python3.12) by extensions ['python_setup_py']
[0.901s] Level 1:colcon.colcon_core.package_identification:_identify(gym_env/lib/python3.12) by extension 'python_setup_py'
[0.902s] Level 1:colcon.colcon_core.package_identification:_identify(gym_env/lib/python3.12/site-packages) by extensions ['ignore', 'ignore_ament_install']
[0.902s] Level 1:colcon.colcon_core.package_identification:_identify(gym_env/lib/python3.12/site-packages) by extension 'ignore'
[0.902s] Level 1:colcon.colcon_core.package_identification:_identify(gym_env/lib/python3.12/site-packages) by extension 'ignore_ament_install'
[0.902s] Level 1:colcon.colcon_core.package_identification:_identify(gym_env/lib/python3.12/site-packages) by extensions ['colcon_pkg']
[0.902s] Level 1:colcon.colcon_core.package_identification:_identify(gym_env/lib/python3.12/site-packages) by extension 'colcon_pkg'
[0.902s] Level 1:colcon.colcon_core.package_identification:_identify(gym_env/lib/python3.12/site-packages) by extensions ['colcon_meta']
[0.902s] Level 1:colcon.colcon_core.package_identification:_identify(gym_env/lib/python3.12/site-packages) by extension 'colcon_meta'
[0.902s] Level 1:colcon.colcon_core.package_identification:_identify(gym_env/lib/python3.12/site-packages) by extensions ['ros']
[0.903s] Level 1:colcon.colcon_core.package_identification:_identify(gym_env/lib/python3.12/site-packages) by extension 'ros'
[0.903s] Level 1:colcon.colcon_core.package_identification:_identify(gym_env/lib/python3.12/site-packages) by extensions ['cmake', 'python']
[0.903s] Level 1:colcon.colcon_core.package_identification:_identify(gym_env/lib/python3.12/site-packages) by extension 'cmake'
[0.903s] Level 1:colcon.colcon_core.package_identification:_identify(gym_env/lib/python3.12/site-packages) by extension 'python'
[0.903s] Level 1:colcon.colcon_core.package_identification:_identify(gym_env/lib/python3.12/site-packages) by extensions ['python_setup_py']
[0.903s] Level 1:colcon.colcon_core.package_identification:_identify(gym_env/lib/python3.12/site-packages) by extension 'python_setup_py'
[0.903s] Level 1:colcon.colcon_core.package_identification:_identify(gym_env/lib/python3.12/site-packages/certifi) by extensions ['ignore', 'ignore_ament_install']
[0.904s] Level 1:colcon.colcon_core.package_identification:_identify(gym_env/lib/python3.12/site-packages/certifi) by extension 'ignore'
[0.904s] Level 1:colcon.colcon_core.package_identification:_identify(gym_env/lib/python3.12/site-packages/certifi) by extension 'ignore_ament_install'
[0.904s] Level 1:colcon.colcon_core.package_identification:_identify(gym_env/lib/python3.12/site-packages/certifi) by extensions ['colcon_pkg']
[0.904s] Level 1:colcon.colcon_core.package_identification:_identify(gym_env/lib/python3.12/site-packages/certifi) by extension 'colcon_pkg'
[0.904s] Level 1:colcon.colcon_core.package_identification:_identify(gym_env/lib/python3.12/site-packages/certifi) by extensions ['colcon_meta']
[0.904s] Level 1:colcon.colcon_core.package_identification:_identify(gym_env/lib/python3.12/site-packages/certifi) by extension 'colcon_meta'
[0.904s] Level 1:colcon.colcon_core.package_identification:_identify(gym_env/lib/python3.12/site-packages/certifi) by extensions ['ros']
[0.904s] Level 1:colcon.colcon_core.package_identification:_identify(gym_env/lib/python3.12/site-packages/certifi) by extension 'ros'
[0.904s] Level 1:colcon.colcon_core.package_identification:_identify(gym_env/lib/python3.12/site-packages/certifi) by extensions ['cmake', 'python']
[0.904s] Level 1:colcon.colcon_core.package_identification:_identify(gym_env/lib/python3.12/site-packages/certifi) by extension 'cmake'
[0.905s] Level 1:colcon.colcon_core.package_identification:_identify(gym_env/lib/python3.12/site-packages/certifi) by extension 'python'
[0.905s] Level 1:colcon.colcon_core.package_identification:_identify(gym_env/lib/python3.12/site-packages/certifi) by extensions ['python_setup_py']
[0.905s] Level 1:colcon.colcon_core.package_identification:_identify(gym_env/lib/python3.12/site-packages/certifi) by extension 'python_setup_py'
[0.905s] Level 1:colcon.colcon_core.package_identification:_identify(gym_env/lib/python3.12/site-packages/certifi/__pycache__) by extensions ['ignore', 'ignore_ament_install']
[0.906s] Level 1:colcon.colcon_core.package_identification:_identify(gym_env/lib/python3.12/site-packages/certifi/__pycache__) by extension 'ignore'
[0.906s] Level 1:colcon.colcon_core.package_identification:_identify(gym_env/lib/python3.12/site-packages/certifi/__pycache__) by extension 'ignore_ament_install'
[0.906s] Level 1:colcon.colcon_core.package_identification:_identify(gym_env/lib/python3.12/site-packages/certifi/__pycache__) by extensions ['colcon_pkg']
[0.906s] Level 1:colcon.colcon_core.package_identification:_identify(gym_env/lib/python3.12/site-packages/certifi/__pycache__) by extension 'colcon_pkg'
[0.906s] Level 1:colcon.colcon_core.package_identification:_identify(gym_env/lib/python3.12/site-packages/certifi/__pycache__) by extensions ['colcon_meta']
[0.906s] Level 1:colcon.colcon_core.package_identification:_identify(gym_env/lib/python3.12/site-packages/certifi/__pycache__) by extension 'colcon_meta'
[0.906s] Level 1:colcon.colcon_core.package_identification:_identify(gym_env/lib/python3.12/site-packages/certifi/__pycache__) by extensions ['ros']
[0.906s] Level 1:colcon.colcon_core.package_identification:_identify(gym_env/lib/python3.12/site-packages/certifi/__pycache__) by extension 'ros'
[0.907s] Level 1:colcon.colcon_core.package_identification:_identify(gym_env/lib/python3.12/site-packages/certifi/__pycache__) by extensions ['cmake', 'python']
[0.907s] Level 1:colcon.colcon_core.package_identification:_identify(gym_env/lib/python3.12/site-packages/certifi/__pycache__) by extension 'cmake'
[0.907s] Level 1:colcon.colcon_core.package_identification:_identify(gym_env/lib/python3.12/site-packages/certifi/__pycache__) by extension 'python'
[0.907s] Level 1:colcon.colcon_core.package_identification:_identify(gym_env/lib/python3.12/site-packages/certifi/__pycache__) by extensions ['python_setup_py']
[0.907s] Level 1:colcon.colcon_core.package_identification:_identify(gym_env/lib/python3.12/site-packages/certifi/__pycache__) by extension 'python_setup_py'
[0.907s] Level 1:colcon.colcon_core.package_identification:_identify(gym_env/lib/python3.12/site-packages/certifi-2026.4.22.dist-info) by extensions ['ignore', 'ignore_ament_install']
[0.907s] Level 1:colcon.colcon_core.package_identification:_identify(gym_env/lib/python3.12/site-packages/certifi-2026.4.22.dist-info) by extension 'ignore'
[0.907s] Level 1:colcon.colcon_core.package_identification:_identify(gym_env/lib/python3.12/site-packages/certifi-2026.4.22.dist-info) by extension 'ignore_ament_install'
[0.908s] Level 1:colcon.colcon_core.package_identification:_identify(gym_env/lib/python3.12/site-packages/certifi-2026.4.22.dist-info) by extensions ['colcon_pkg']
[0.908s] Level 1:colcon.colcon_core.package_identification:_identify(gym_env/lib/python3.12/site-packages/certifi-2026.4.22.dist-info) by extension 'colcon_pkg'
[0.908s] Level 1:colcon.colcon_core.package_identification:_identify(gym_env/lib/python3.12/site-packages/certifi-2026.4.22.dist-info) by extensions ['colcon_meta']
[0.908s] Level 1:colcon.colcon_core.package_identification:_identify(gym_env/lib/python3.12/site-packages/certifi-2026.4.22.dist-info) by extension 'colcon_meta'
[0.908s] Level 1:colcon.colcon_core.package_identification:_identify(gym_env/lib/python3.12/site-packages/certifi-2026.4.22.dist-info) by extensions ['ros']
[0.908s] Level 1:colcon.colcon_core.package_identification:_identify(gym_env/lib/python3.12/site-packages/certifi-2026.4.22.dist-info) by extension 'ros'
[0.908s] Level 1:colcon.colcon_core.package_identification:_identify(gym_env/lib/python3.12/site-packages/certifi-2026.4.22.dist-info) by extensions ['cmake', 'python']
[0.908s] Level 1:colcon.colcon_core.package_identification:_identify(gym_env/lib/python3.12/site-packages/certifi-2026.4.22.dist-info) by extension 'cmake'
[0.908s] Level 1:colcon.colcon_core.package_identification:_identify(gym_env/lib/python3.12/site-packages/certifi-2026.4.22.dist-info) by extension 'python'
[0.908s] Level 1:colcon.colcon_core.package_identification:_identify(gym_env/lib/python3.12/site-packages/certifi-2026.4.22.dist-info) by extensions ['python_setup_py']
[0.908s] Level 1:colcon.colcon_core.package_identification:_identify(gym_env/lib/python3.12/site-packages/certifi-2026.4.22.dist-info) by extension 'python_setup_py'
[0.909s] Level 1:colcon.colcon_core.package_identification:_identify(gym_env/lib/python3.12/site-packages/certifi-2026.4.22.dist-info/licenses) by extensions ['ignore', 'ignore_ament_install']
[0.909s] Level 1:colcon.colcon_core.package_identification:_identify(gym_env/lib/python3.12/site-packages/certifi-2026.4.22.dist-info/licenses) by extension 'ignore'
[0.909s] Level 1:colcon.colcon_core.package_identification:_identify(gym_env/lib/python3.12/site-packages/certifi-2026.4.22.dist-info/licenses) by extension 'ignore_ament_install'
[0.910s] Level 1:colcon.colcon_core.package_identification:_identify(gym_env/lib/python3.12/site-packages/certifi-2026.4.22.dist-info/licenses) by extensions ['colcon_pkg']
[0.910s] Level 1:colcon.colcon_core.package_identification:_identify(gym_env/lib/python3.12/site-packages/certifi-2026.4.22.dist-info/licenses) by extension 'colcon_pkg'
[0.910s] Level 1:colcon.colcon_core.package_identification:_identify(gym_env/lib/python3.12/site-packages/certifi-2026.4.22.dist-info/licenses) by extensions ['colcon_meta']
[0.910s] Level 1:colcon.colcon_core.package_identification:_identify(gym_env/lib/python3.12/site-packages/certifi-2026.4.22.dist-info/licenses) by extension 'colcon_meta'
[0.910s] Level 1:colcon.colcon_core.package_identification:_identify(gym_env/lib/python3.12/site-packages/certifi-2026.4.22.dist-info/licenses) by extensions ['ros']
[0.910s] Level 1:colcon.colcon_core.package_identification:_identify(gym_env/lib/python3.12/site-packages/certifi-2026.4.22.dist-info/licenses) by extension 'ros'
[0.910s] Level 1:colcon.colcon_core.package_identification:_identify(gym_env/lib/python3.12/site-packages/certifi-2026.4.22.dist-info/licenses) by extensions ['cmake', 'python']
[0.910s] Level 1:colcon.colcon_core.package_identification:_identify(gym_env/lib/python3.12/site-packages/certifi-2026.4.22.dist-info/licenses) by extension 'cmake'
[0.910s] Level 1:colcon.colcon_core.package_identification:_identify(gym_env/lib/python3.12/site-packages/certifi-2026.4.22.dist-info/licenses) by extension 'python'
[0.911s] Level 1:colcon.colcon_core.package_identification:_identify(gym_env/lib/python3.12/site-packages/certifi-2026.4.22.dist-info/licenses) by extensions ['python_setup_py']
[0.911s] Level 1:colcon.colcon_core.package_identification:_identify(gym_env/lib/python3.12/site-packages/certifi-2026.4.22.dist-info/licenses) by extension 'python_setup_py'
[0.912s] Level 1:colcon.colcon_core.package_identification:_identify(gym_env/lib/python3.12/site-packages/charset_normalizer) by extensions ['ignore', 'ignore_ament_install']
[0.912s] Level 1:colcon.colcon_core.package_identification:_identify(gym_env/lib/python3.12/site-packages/charset_normalizer) by extension 'ignore'
[0.912s] Level 1:colcon.colcon_core.package_identification:_identify(gym_env/lib/python3.12/site-packages/charset_normalizer) by extension 'ignore_ament_install'
[0.913s] Level 1:colcon.colcon_core.package_identification:_identify(gym_env/lib/python3.12/site-packages/charset_normalizer) by extensions ['colcon_pkg']
[0.913s] Level 1:colcon.colcon_core.package_identification:_identify(gym_env/lib/python3.12/site-packages/charset_normalizer) by extension 'colcon_pkg'
[0.913s] Level 1:colcon.colcon_core.package_identification:_identify(gym_env/lib/python3.12/site-packages/charset_normalizer) by extensions ['colcon_meta']
[0.913s] Level 1:colcon.colcon_core.package_identification:_identify(gym_env/lib/python3.12/site-packages/charset_normalizer) by extension 'colcon_meta'
[0.913s] Level 1:colcon.colcon_core.package_identification:_identify(gym_env/lib/python3.12/site-packages/charset_normalizer) by extensions ['ros']
[0.913s] Level 1:colcon.colcon_core.package_identification:_identify(gym_env/lib/python3.12/site-packages/charset_normalizer) by extension 'ros'
[0.914s] Level 1:colcon.colcon_core.package_identification:_identify(gym_env/lib/python3.12/site-packages/charset_normalizer) by extensions ['cmake', 'python']
[0.914s] Level 1:colcon.colcon_core.package_identification:_identify(gym_env/lib/python3.12/site-packages/charset_normalizer) by extension 'cmake'
[0.914s] Level 1:colcon.colcon_core.package_identification:_identify(gym_env/lib/python3.12/site-packages/charset_normalizer) by extension 'python'
[0.914s] Level 1:colcon.colcon_core.package_identification:_identify(gym_env/lib/python3.12/site-packages/charset_normalizer) by extensions ['python_setup_py']
[0.914s] Level 1:colcon.colcon_core.package_identification:_identify(gym_env/lib/python3.12/site-packages/charset_normalizer) by extension 'python_setup_py'
[0.915s] Level 1:colcon.colcon_core.package_identification:_identify(gym_env/lib/python3.12/site-packages/charset_normalizer/__pycache__) by extensions ['ignore', 'ignore_ament_install']
[0.915s] Level 1:colcon.colcon_core.package_identification:_identify(gym_env/lib/python3.12/site-packages/charset_normalizer/__pycache__) by extension 'ignore'
[0.915s] Level 1:colcon.colcon_core.package_identification:_identify(gym_env/lib/python3.12/site-packages/charset_normalizer/__pycache__) by extension 'ignore_ament_install'
[0.916s] Level 1:colcon.colcon_core.package_identification:_identify(gym_env/lib/python3.12/site-packages/charset_normalizer/__pycache__) by extensions ['colcon_pkg']
[0.916s] Level 1:colcon.colcon_core.package_identification:_identify(gym_env/lib/python3.12/site-packages/charset_normalizer/__pycache__) by extension 'colcon_pkg'
[0.916s] Level 1:colcon.colcon_core.package_identification:_identify(gym_env/lib/python3.12/site-packages/charset_normalizer/__pycache__) by extensions ['colcon_meta']
[0.916s] Level 1:colcon.colcon_core.package_identification:_identify(gym_env/lib/python3.12/site-packages/charset_normalizer/__pycache__) by extension 'colcon_meta'
[0.916s] Level 1:colcon.colcon_core.package_identification:_identify(gym_env/lib/python3.12/site-packages/charset_normalizer/__pycache__) by extensions ['ros']
[0.916s] Level 1:colcon.colcon_core.package_identification:_identify(gym_env/lib/python3.12/site-packages/charset_normalizer/__pycache__) by extension 'ros'
[0.917s] Level 1:colcon.colcon_core.package_identification:_identify(gym_env/lib/python3.12/site-packages/charset_normalizer/__pycache__) by extensions ['cmake', 'python']
[0.917s] Level 1:colcon.colcon_core.package_identification:_identify(gym_env/lib/python3.12/site-packages/charset_normalizer/__pycache__) by extension 'cmake'
[0.917s] Level 1:colcon.colcon_core.package_identification:_identify(gym_env/lib/python3.12/site-packages/charset_normalizer/__pycache__) by extension 'python'
[0.917s] Level 1:colcon.colcon_core.package_identification:_identify(gym_env/lib/python3.12/site-packages/charset_normalizer/__pycache__) by extensions ['python_setup_py']
[0.917s] Level 1:colcon.colcon_core.package_identification:_identify(gym_env/lib/python3.12/site-packages/charset_normalizer/__pycache__) by extension 'python_setup_py'
[0.918s] Level 1:colcon.colcon_core.package_identification:_identify(gym_env/lib/python3.12/site-packages/charset_normalizer/cli) by extensions ['ignore', 'ignore_ament_install']
[0.918s] Level 1:colcon.colcon_core.package_identification:_identify(gym_env/lib/python3.12/site-packages/charset_normalizer/cli) by extension 'ignore'
[0.918s] Level 1:colcon.colcon_core.package_identification:_identify(gym_env/lib/python3.12/site-packages/charset_normalizer/cli) by extension 'ignore_ament_install'
[0.918s] Level 1:colcon.colcon_core.package_identification:_identify(gym_env/lib/python3.12/site-packages/charset_normalizer/cli) by extensions ['colcon_pkg']
[0.918s] Level 1:colcon.colcon_core.package_identification:_identify(gym_env/lib/python3.12/site-packages/charset_normalizer/cli) by extension 'colcon_pkg'
[0.918s] Level 1:colcon.colcon_core.package_identification:_identify(gym_env/lib/python3.12/site-packages/charset_normalizer/cli) by extensions ['colcon_meta']
[0.919s] Level 1:colcon.colcon_core.package_identification:_identify(gym_env/lib/python3.12/site-packages/charset_normalizer/cli) by extension 'colcon_meta'
[0.919s] Level 1:colcon.colcon_core.package_identification:_identify(gym_env/lib/python3.12/site-packages/charset_normalizer/cli) by extensions ['ros']
[0.919s] Level 1:colcon.colcon_core.package_identification:_identify(gym_env/lib/python3.12/site-packages/charset_normalizer/cli) by extension 'ros'
[0.919s] Level 1:colcon.colcon_core.package_identification:_identify(gym_env/lib/python3.12/site-packages/charset_normalizer/cli) by extensions ['cmake', 'python']
[0.919s] Level 1:colcon.colcon_core.package_identification:_identify(gym_env/lib/python3.12/site-packages/charset_normalizer/cli) by extension 'cmake'
[0.919s] Level 1:colcon.colcon_core.package_identification:_identify(gym_env/lib/python3.12/site-packages/charset_normalizer/cli) by extension 'python'
[0.919s] Level 1:colcon.colcon_core.package_identification:_identify(gym_env/lib/python3.12/site-packages/charset_normalizer/cli) by extensions ['python_setup_py']
[0.919s] Level 1:colcon.colcon_core.package_identification:_identify(gym_env/lib/python3.12/site-packages/charset_normalizer/cli) by extension 'python_setup_py'
[0.920s] Level 1:colcon.colcon_core.package_identification:_identify(gym_env/lib/python3.12/site-packages/charset_normalizer/cli/__pycache__) by extensions ['ignore', 'ignore_ament_install']
[0.920s] Level 1:colcon.colcon_core.package_identification:_identify(gym_env/lib/python3.12/site-packages/charset_normalizer/cli/__pycache__) by extension 'ignore'
[0.920s] Level 1:colcon.colcon_core.package_identification:_identify(gym_env/lib/python3.12/site-packages/charset_normalizer/cli/__pycache__) by extension 'ignore_ament_install'
[0.920s] Level 1:colcon.colcon_core.package_identification:_identify(gym_env/lib/python3.12/site-packages/charset_normalizer/cli/__pycache__) by extensions ['colcon_pkg']
[0.920s] Level 1:colcon.colcon_core.package_identification:_identify(gym_env/lib/python3.12/site-packages/charset_normalizer/cli/__pycache__) by extension 'colcon_pkg'
[0.920s] Level 1:colcon.colcon_core.package_identification:_identify(gym_env/lib/python3.12/site-packages/charset_normalizer/cli/__pycache__) by extensions ['colcon_meta']
[0.921s] Level 1:colcon.colcon_core.package_identification:_identify(gym_env/lib/python3.12/site-packages/charset_normalizer/cli/__pycache__) by extension 'colcon_meta'
[0.921s] Level 1:colcon.colcon_core.package_identification:_identify(gym_env/lib/python3.12/site-packages/charset_normalizer/cli/__pycache__) by extensions ['ros']
[0.921s] Level 1:colcon.colcon_core.package_identification:_identify(gym_env/lib/python3.12/site-packages/charset_normalizer/cli/__pycache__) by extension 'ros'
[0.921s] Level 1:colcon.colcon_core.package_identification:_identify(gym_env/lib/python3.12/site-packages/charset_normalizer/cli/__pycache__) by extensions ['cmake', 'python']
[0.921s] Level 1:colcon.colcon_core.package_identification:_identify(gym_env/lib/python3.12/site-packages/charset_normalizer/cli/__pycache__) by extension 'cmake'
[0.921s] Level 1:colcon.colcon_core.package_identification:_identify(gym_env/lib/python3.12/site-packages/charset_normalizer/cli/__pycache__) by extension 'python'
[0.921s] Level 1:colcon.colcon_core.package_identification:_identify(gym_env/lib/python3.12/site-packages/charset_normalizer/cli/__pycache__) by extensions ['python_setup_py']
[0.921s] Level 1:colcon.colcon_core.package_identification:_identify(gym_env/lib/python3.12/site-packages/charset_normalizer/cli/__pycache__) by extension 'python_setup_py'
[0.921s] Level 1:colcon.colcon_core.package_identification:_identify(gym_env/lib/python3.12/site-packages/charset_normalizer-3.4.7.dist-info) by extensions ['ignore', 'ignore_ament_install']
[0.922s] Level 1:colcon.colcon_core.package_identification:_identify(gym_env/lib/python3.12/site-packages/charset_normalizer-3.4.7.dist-info) by extension 'ignore'
[0.922s] Level 1:colcon.colcon_core.package_identification:_identify(gym_env/lib/python3.12/site-packages/charset_normalizer-3.4.7.dist-info) by extension 'ignore_ament_install'
[0.922s] Level 1:colcon.colcon_core.package_identification:_identify(gym_env/lib/python3.12/site-packages/charset_normalizer-3.4.7.dist-info) by extensions ['colcon_pkg']
[0.922s] Level 1:colcon.colcon_core.package_identification:_identify(gym_env/lib/python3.12/site-packages/charset_normalizer-3.4.7.dist-info) by extension 'colcon_pkg'
[0.922s] Level 1:colcon.colcon_core.package_identification:_identify(gym_env/lib/python3.12/site-packages/charset_normalizer-3.4.7.dist-info) by extensions ['colcon_meta']
[0.922s] Level 1:colcon.colcon_core.package_identification:_identify(gym_env/lib/python3.12/site-packages/charset_normalizer-3.4.7.dist-info) by extension 'colcon_meta'
[0.922s] Level 1:colcon.colcon_core.package_identification:_identify(gym_env/lib/python3.12/site-packages/charset_normalizer-3.4.7.dist-info) by extensions ['ros']
[0.922s] Level 1:colcon.colcon_core.package_identification:_identify(gym_env/lib/python3.12/site-packages/charset_normalizer-3.4.7.dist-info) by extension 'ros'
[0.922s] Level 1:colcon.colcon_core.package_identification:_identify(gym_env/lib/python3.12/site-packages/charset_normalizer-3.4.7.dist-info) by extensions ['cmake', 'python']
[0.923s] Level 1:colcon.colcon_core.package_identification:_identify(gym_env/lib/python3.12/site-packages/charset_normalizer-3.4.7.dist-info) by extension 'cmake'
[0.923s] Level 1:colcon.colcon_core.package_identification:_identify(gym_env/lib/python3.12/site-packages/charset_normalizer-3.4.7.dist-info) by extension 'python'
[0.923s] Level 1:colcon.colcon_core.package_identification:_identify(gym_env/lib/python3.12/site-packages/charset_normalizer-3.4.7.dist-info) by extensions ['python_setup_py']
[0.923s] Level 1:colcon.colcon_core.package_identification:_identify(gym_env/lib/python3.12/site-packages/charset_normalizer-3.4.7.dist-info) by extension 'python_setup_py'
[0.923s] Level 1:colcon.colcon_core.package_identification:_identify(gym_env/lib/python3.12/site-packages/charset_normalizer-3.4.7.dist-info/licenses) by extensions ['ignore', 'ignore_ament_install']
[0.924s] Level 1:colcon.colcon_core.package_identification:_identify(gym_env/lib/python3.12/site-packages/charset_normalizer-3.4.7.dist-info/licenses) by extension 'ignore'
[0.924s] Level 1:colcon.colcon_core.package_identification:_identify(gym_env/lib/python3.12/site-packages/charset_normalizer-3.4.7.dist-info/licenses) by extension 'ignore_ament_install'
[0.924s] Level 1:colcon.colcon_core.package_identification:_identify(gym_env/lib/python3.12/site-packages/charset_normalizer-3.4.7.dist-info/licenses) by extensions ['colcon_pkg']
[0.924s] Level 1:colcon.colcon_core.package_identification:_identify(gym_env/lib/python3.12/site-packages/charset_normalizer-3.4.7.dist-info/licenses) by extension 'colcon_pkg'
[0.924s] Level 1:colcon.colcon_core.package_identification:_identify(gym_env/lib/python3.12/site-packages/charset_normalizer-3.4.7.dist-info/licenses) by extensions ['colcon_meta']
[0.924s] Level 1:colcon.colcon_core.package_identification:_identify(gym_env/lib/python3.12/site-packages/charset_normalizer-3.4.7.dist-info/licenses) by extension 'colcon_meta'
[0.924s] Level 1:colcon.colcon_core.package_identification:_identify(gym_env/lib/python3.12/site-packages/charset_normalizer-3.4.7.dist-info/licenses) by extensions ['ros']
[0.924s] Level 1:colcon.colcon_core.package_identification:_identify(gym_env/lib/python3.12/site-packages/charset_normalizer-3.4.7.dist-info/licenses) by extension 'ros'
[0.924s] Level 1:colcon.colcon_core.package_identification:_identify(gym_env/lib/python3.12/site-packages/charset_normalizer-3.4.7.dist-info/licenses) by extensions ['cmake', 'python']
[0.925s] Level 1:colcon.colcon_core.package_identification:_identify(gym_env/lib/python3.12/site-packages/charset_normalizer-3.4.7.dist-info/licenses) by extension 'cmake'
[0.925s] Level 1:colcon.colcon_core.package_identification:_identify(gym_env/lib/python3.12/site-packages/charset_normalizer-3.4.7.dist-info/licenses) by extension 'python'
[0.925s] Level 1:colcon.colcon_core.package_identification:_identify(gym_env/lib/python3.12/site-packages/charset_normalizer-3.4.7.dist-info/licenses) by extensions ['python_setup_py']
[0.925s] Level 1:colcon.colcon_core.package_identification:_identify(gym_env/lib/python3.12/site-packages/charset_normalizer-3.4.7.dist-info/licenses) by extension 'python_setup_py'
[0.925s] Level 1:colcon.colcon_core.package_identification:_identify(gym_env/lib/python3.12/site-packages/click) by extensions ['ignore', 'ignore_ament_install']
[0.926s] Level 1:colcon.colcon_core.package_identification:_identify(gym_env/lib/python3.12/site-packages/click) by extension 'ignore'
[0.926s] Level 1:colcon.colcon_core.package_identification:_identify(gym_env/lib/python3.12/site-packages/click) by extension 'ignore_ament_install'
[0.926s] Level 1:colcon.colcon_core.package_identification:_identify(gym_env/lib/python3.12/site-packages/click) by extensions ['colcon_pkg']
[0.926s] Level 1:colcon.colcon_core.package_identification:_identify(gym_env/lib/python3.12/site-packages/click) by extension 'colcon_pkg'
[0.926s] Level 1:colcon.colcon_core.package_identification:_identify(gym_env/lib/python3.12/site-packages/click) by extensions ['colcon_meta']
[0.926s] Level 1:colcon.colcon_core.package_identification:_identify(gym_env/lib/python3.12/site-packages/click) by extension 'colcon_meta'
[0.926s] Level 1:colcon.colcon_core.package_identification:_identify(gym_env/lib/python3.12/site-packages/click) by extensions ['ros']
[0.926s] Level 1:colcon.colcon_core.package_identification:_identify(gym_env/lib/python3.12/site-packages/click) by extension 'ros'
[0.926s] Level 1:colcon.colcon_core.package_identification:_identify(gym_env/lib/python3.12/site-packages/click) by extensions ['cmake', 'python']
[0.926s] Level 1:colcon.colcon_core.package_identification:_identify(gym_env/lib/python3.12/site-packages/click) by extension 'cmake'
[0.927s] Level 1:colcon.colcon_core.package_identification:_identify(gym_env/lib/python3.12/site-packages/click) by extension 'python'
[0.927s] Level 1:colcon.colcon_core.package_identification:_identify(gym_env/lib/python3.12/site-packages/click) by extensions ['python_setup_py']
[0.927s] Level 1:colcon.colcon_core.package_identification:_identify(gym_env/lib/python3.12/site-packages/click) by extension 'python_setup_py'
[0.927s] Level 1:colcon.colcon_core.package_identification:_identify(gym_env/lib/python3.12/site-packages/click/__pycache__) by extensions ['ignore', 'ignore_ament_install']
[0.928s] Level 1:colcon.colcon_core.package_identification:_identify(gym_env/lib/python3.12/site-packages/click/__pycache__) by extension 'ignore'
[0.928s] Level 1:colcon.colcon_core.package_identification:_identify(gym_env/lib/python3.12/site-packages/click/__pycache__) by extension 'ignore_ament_install'
[0.928s] Level 1:colcon.colcon_core.package_identification:_identify(gym_env/lib/python3.12/site-packages/click/__pycache__) by extensions ['colcon_pkg']
[0.928s] Level 1:colcon.colcon_core.package_identification:_identify(gym_env/lib/python3.12/site-packages/click/__pycache__) by extension 'colcon_pkg'
[0.928s] Level 1:colcon.colcon_core.package_identification:_identify(gym_env/lib/python3.12/site-packages/click/__pycache__) by extensions ['colcon_meta']
[0.928s] Level 1:colcon.colcon_core.package_identification:_identify(gym_env/lib/python3.12/site-packages/click/__pycache__) by extension 'colcon_meta'
[0.928s] Level 1:colcon.colcon_core.package_identification:_identify(gym_env/lib/python3.12/site-packages/click/__pycache__) by extensions ['ros']
[0.928s] Level 1:colcon.colcon_core.package_identification:_identify(gym_env/lib/python3.12/site-packages/click/__pycache__) by extension 'ros'
[0.929s] Level 1:colcon.colcon_core.package_identification:_identify(gym_env/lib/python3.12/site-packages/click/__pycache__) by extensions ['cmake', 'python']
[0.929s] Level 1:colcon.colcon_core.package_identification:_identify(gym_env/lib/python3.12/site-packages/click/__pycache__) by extension 'cmake'
[0.929s] Level 1:colcon.colcon_core.package_identification:_identify(gym_env/lib/python3.12/site-packages/click/__pycache__) by extension 'python'
[0.929s] Level 1:colcon.colcon_core.package_identification:_identify(gym_env/lib/python3.12/site-packages/click/__pycache__) by extensions ['python_setup_py']
[0.929s] Level 1:colcon.colcon_core.package_identification:_identify(gym_env/lib/python3.12/site-packages/click/__pycache__) by extension 'python_setup_py'
[0.929s] Level 1:colcon.colcon_core.package_identification:_identify(gym_env/lib/python3.12/site-packages/click-8.1.8.dist-info) by extensions ['ignore', 'ignore_ament_install']
[0.929s] Level 1:colcon.colcon_core.package_identification:_identify(gym_env/lib/python3.12/site-packages/click-8.1.8.dist-info) by extension 'ignore'
[0.929s] Level 1:colcon.colcon_core.package_identification:_identify(gym_env/lib/python3.12/site-packages/click-8.1.8.dist-info) by extension 'ignore_ament_install'
[0.930s] Level 1:colcon.colcon_core.package_identification:_identify(gym_env/lib/python3.12/site-packages/click-8.1.8.dist-info) by extensions ['colcon_pkg']
[0.930s] Level 1:colcon.colcon_core.package_identification:_identify(gym_env/lib/python3.12/site-packages/click-8.1.8.dist-info) by extension 'colcon_pkg'
[0.930s] Level 1:colcon.colcon_core.package_identification:_identify(gym_env/lib/python3.12/site-packages/click-8.1.8.dist-info) by extensions ['colcon_meta']
[0.930s] Level 1:colcon.colcon_core.package_identification:_identify(gym_env/lib/python3.12/site-packages/click-8.1.8.dist-info) by extension 'colcon_meta'
[0.930s] Level 1:colcon.colcon_core.package_identification:_identify(gym_env/lib/python3.12/site-packages/click-8.1.8.dist-info) by extensions ['ros']
[0.930s] Level 1:colcon.colcon_core.package_identification:_identify(gym_env/lib/python3.12/site-packages/click-8.1.8.dist-info) by extension 'ros'
[0.931s] Level 1:colcon.colcon_core.package_identification:_identify(gym_env/lib/python3.12/site-packages/click-8.1.8.dist-info) by extensions ['cmake', 'python']
[0.931s] Level 1:colcon.colcon_core.package_identification:_identify(gym_env/lib/python3.12/site-packages/click-8.1.8.dist-info) by extension 'cmake'
[0.931s] Level 1:colcon.colcon_core.package_identification:_identify(gym_env/lib/python3.12/site-packages/click-8.1.8.dist-info) by extension 'python'
[0.931s] Level 1:colcon.colcon_core.package_identification:_identify(gym_env/lib/python3.12/site-packages/click-8.1.8.dist-info) by extensions ['python_setup_py']
[0.931s] Level 1:colcon.colcon_core.package_identification:_identify(gym_env/lib/python3.12/site-packages/click-8.1.8.dist-info) by extension 'python_setup_py'
[0.931s] Level 1:colcon.colcon_core.package_identification:_identify(gym_env/lib/python3.12/site-packages/gTTS-2.5.4.dist-info) by extensions ['ignore', 'ignore_ament_install']
[0.932s] Level 1:colcon.colcon_core.package_identification:_identify(gym_env/lib/python3.12/site-packages/gTTS-2.5.4.dist-info) by extension 'ignore'
[0.932s] Level 1:colcon.colcon_core.package_identification:_identify(gym_env/lib/python3.12/site-packages/gTTS-2.5.4.dist-info) by extension 'ignore_ament_install'
[0.932s] Level 1:colcon.colcon_core.package_identification:_identify(gym_env/lib/python3.12/site-packages/gTTS-2.5.4.dist-info) by extensions ['colcon_pkg']
[0.932s] Level 1:colcon.colcon_core.package_identification:_identify(gym_env/lib/python3.12/site-packages/gTTS-2.5.4.dist-info) by extension 'colcon_pkg'
[0.932s] Level 1:colcon.colcon_core.package_identification:_identify(gym_env/lib/python3.12/site-packages/gTTS-2.5.4.dist-info) by extensions ['colcon_meta']
[0.932s] Level 1:colcon.colcon_core.package_identification:_identify(gym_env/lib/python3.12/site-packages/gTTS-2.5.4.dist-info) by extension 'colcon_meta'
[0.933s] Level 1:colcon.colcon_core.package_identification:_identify(gym_env/lib/python3.12/site-packages/gTTS-2.5.4.dist-info) by extensions ['ros']
[0.933s] Level 1:colcon.colcon_core.package_identification:_identify(gym_env/lib/python3.12/site-packages/gTTS-2.5.4.dist-info) by extension 'ros'
[0.933s] Level 1:colcon.colcon_core.package_identification:_identify(gym_env/lib/python3.12/site-packages/gTTS-2.5.4.dist-info) by extensions ['cmake', 'python']
[0.933s] Level 1:colcon.colcon_core.package_identification:_identify(gym_env/lib/python3.12/site-packages/gTTS-2.5.4.dist-info) by extension 'cmake'
[0.934s] Level 1:colcon.colcon_core.package_identification:_identify(gym_env/lib/python3.12/site-packages/gTTS-2.5.4.dist-info) by extension 'python'
[0.934s] Level 1:colcon.colcon_core.package_identification:_identify(gym_env/lib/python3.12/site-packages/gTTS-2.5.4.dist-info) by extensions ['python_setup_py']
[0.934s] Level 1:colcon.colcon_core.package_identification:_identify(gym_env/lib/python3.12/site-packages/gTTS-2.5.4.dist-info) by extension 'python_setup_py'
[0.935s] Level 1:colcon.colcon_core.package_identification:_identify(gym_env/lib/python3.12/site-packages/gtts) by extensions ['ignore', 'ignore_ament_install']
[0.935s] Level 1:colcon.colcon_core.package_identification:_identify(gym_env/lib/python3.12/site-packages/gtts) by extension 'ignore'
[0.935s] Level 1:colcon.colcon_core.package_identification:_identify(gym_env/lib/python3.12/site-packages/gtts) by extension 'ignore_ament_install'
[0.935s] Level 1:colcon.colcon_core.package_identification:_identify(gym_env/lib/python3.12/site-packages/gtts) by extensions ['colcon_pkg']
[0.935s] Level 1:colcon.colcon_core.package_identification:_identify(gym_env/lib/python3.12/site-packages/gtts) by extension 'colcon_pkg'
[0.935s] Level 1:colcon.colcon_core.package_identification:_identify(gym_env/lib/python3.12/site-packages/gtts) by extensions ['colcon_meta']
[0.935s] Level 1:colcon.colcon_core.package_identification:_identify(gym_env/lib/python3.12/site-packages/gtts) by extension 'colcon_meta'
[0.935s] Level 1:colcon.colcon_core.package_identification:_identify(gym_env/lib/python3.12/site-packages/gtts) by extensions ['ros']
[0.936s] Level 1:colcon.colcon_core.package_identification:_identify(gym_env/lib/python3.12/site-packages/gtts) by extension 'ros'
[0.936s] Level 1:colcon.colcon_core.package_identification:_identify(gym_env/lib/python3.12/site-packages/gtts) by extensions ['cmake', 'python']
[0.936s] Level 1:colcon.colcon_core.package_identification:_identify(gym_env/lib/python3.12/site-packages/gtts) by extension 'cmake'
[0.936s] Level 1:colcon.colcon_core.package_identification:_identify(gym_env/lib/python3.12/site-packages/gtts) by extension 'python'
[0.936s] Level 1:colcon.colcon_core.package_identification:_identify(gym_env/lib/python3.12/site-packages/gtts) by extensions ['python_setup_py']
[0.936s] Level 1:colcon.colcon_core.package_identification:_identify(gym_env/lib/python3.12/site-packages/gtts) by extension 'python_setup_py'
[0.937s] Level 1:colcon.colcon_core.package_identification:_identify(gym_env/lib/python3.12/site-packages/gtts/__pycache__) by extensions ['ignore', 'ignore_ament_install']
[0.937s] Level 1:colcon.colcon_core.package_identification:_identify(gym_env/lib/python3.12/site-packages/gtts/__pycache__) by extension 'ignore'
[0.937s] Level 1:colcon.colcon_core.package_identification:_identify(gym_env/lib/python3.12/site-packages/gtts/__pycache__) by extension 'ignore_ament_install'
[0.937s] Level 1:colcon.colcon_core.package_identification:_identify(gym_env/lib/python3.12/site-packages/gtts/__pycache__) by extensions ['colcon_pkg']
[0.937s] Level 1:colcon.colcon_core.package_identification:_identify(gym_env/lib/python3.12/site-packages/gtts/__pycache__) by extension 'colcon_pkg'
[0.937s] Level 1:colcon.colcon_core.package_identification:_identify(gym_env/lib/python3.12/site-packages/gtts/__pycache__) by extensions ['colcon_meta']
[0.937s] Level 1:colcon.colcon_core.package_identification:_identify(gym_env/lib/python3.12/site-packages/gtts/__pycache__) by extension 'colcon_meta'
[0.937s] Level 1:colcon.colcon_core.package_identification:_identify(gym_env/lib/python3.12/site-packages/gtts/__pycache__) by extensions ['ros']
[0.938s] Level 1:colcon.colcon_core.package_identification:_identify(gym_env/lib/python3.12/site-packages/gtts/__pycache__) by extension 'ros'
[0.938s] Level 1:colcon.colcon_core.package_identification:_identify(gym_env/lib/python3.12/site-packages/gtts/__pycache__) by extensions ['cmake', 'python']
[0.938s] Level 1:colcon.colcon_core.package_identification:_identify(gym_env/lib/python3.12/site-packages/gtts/__pycache__) by extension 'cmake'
[0.938s] Level 1:colcon.colcon_core.package_identification:_identify(gym_env/lib/python3.12/site-packages/gtts/__pycache__) by extension 'python'
[0.938s] Level 1:colcon.colcon_core.package_identification:_identify(gym_env/lib/python3.12/site-packages/gtts/__pycache__) by extensions ['python_setup_py']
[0.938s] Level 1:colcon.colcon_core.package_identification:_identify(gym_env/lib/python3.12/site-packages/gtts/__pycache__) by extension 'python_setup_py'
[0.939s] Level 1:colcon.colcon_core.package_identification:_identify(gym_env/lib/python3.12/site-packages/gtts/tests) by extensions ['ignore', 'ignore_ament_install']
[0.939s] Level 1:colcon.colcon_core.package_identification:_identify(gym_env/lib/python3.12/site-packages/gtts/tests) by extension 'ignore'
[0.939s] Level 1:colcon.colcon_core.package_identification:_identify(gym_env/lib/python3.12/site-packages/gtts/tests) by extension 'ignore_ament_install'
[0.939s] Level 1:colcon.colcon_core.package_identification:_identify(gym_env/lib/python3.12/site-packages/gtts/tests) by extensions ['colcon_pkg']
[0.939s] Level 1:colcon.colcon_core.package_identification:_identify(gym_env/lib/python3.12/site-packages/gtts/tests) by extension 'colcon_pkg'
[0.939s] Level 1:colcon.colcon_core.package_identification:_identify(gym_env/lib/python3.12/site-packages/gtts/tests) by extensions ['colcon_meta']
[0.939s] Level 1:colcon.colcon_core.package_identification:_identify(gym_env/lib/python3.12/site-packages/gtts/tests) by extension 'colcon_meta'
[0.940s] Level 1:colcon.colcon_core.package_identification:_identify(gym_env/lib/python3.12/site-packages/gtts/tests) by extensions ['ros']
[0.940s] Level 1:colcon.colcon_core.package_identification:_identify(gym_env/lib/python3.12/site-packages/gtts/tests) by extension 'ros'
[0.940s] Level 1:colcon.colcon_core.package_identification:_identify(gym_env/lib/python3.12/site-packages/gtts/tests) by extensions ['cmake', 'python']
[0.940s] Level 1:colcon.colcon_core.package_identification:_identify(gym_env/lib/python3.12/site-packages/gtts/tests) by extension 'cmake'
[0.940s] Level 1:colcon.colcon_core.package_identification:_identify(gym_env/lib/python3.12/site-packages/gtts/tests) by extension 'python'
[0.940s] Level 1:colcon.colcon_core.package_identification:_identify(gym_env/lib/python3.12/site-packages/gtts/tests) by extensions ['python_setup_py']
[0.940s] Level 1:colcon.colcon_core.package_identification:_identify(gym_env/lib/python3.12/site-packages/gtts/tests) by extension 'python_setup_py'
[0.941s] Level 1:colcon.colcon_core.package_identification:_identify(gym_env/lib/python3.12/site-packages/gtts/tests/__pycache__) by extensions ['ignore', 'ignore_ament_install']
[0.941s] Level 1:colcon.colcon_core.package_identification:_identify(gym_env/lib/python3.12/site-packages/gtts/tests/__pycache__) by extension 'ignore'
[0.941s] Level 1:colcon.colcon_core.package_identification:_identify(gym_env/lib/python3.12/site-packages/gtts/tests/__pycache__) by extension 'ignore_ament_install'
[0.941s] Level 1:colcon.colcon_core.package_identification:_identify(gym_env/lib/python3.12/site-packages/gtts/tests/__pycache__) by extensions ['colcon_pkg']
[0.941s] Level 1:colcon.colcon_core.package_identification:_identify(gym_env/lib/python3.12/site-packages/gtts/tests/__pycache__) by extension 'colcon_pkg'
[0.941s] Level 1:colcon.colcon_core.package_identification:_identify(gym_env/lib/python3.12/site-packages/gtts/tests/__pycache__) by extensions ['colcon_meta']
[0.941s] Level 1:colcon.colcon_core.package_identification:_identify(gym_env/lib/python3.12/site-packages/gtts/tests/__pycache__) by extension 'colcon_meta'
[0.942s] Level 1:colcon.colcon_core.package_identification:_identify(gym_env/lib/python3.12/site-packages/gtts/tests/__pycache__) by extensions ['ros']
[0.942s] Level 1:colcon.colcon_core.package_identification:_identify(gym_env/lib/python3.12/site-packages/gtts/tests/__pycache__) by extension 'ros'
[0.942s] Level 1:colcon.colcon_core.package_identification:_identify(gym_env/lib/python3.12/site-packages/gtts/tests/__pycache__) by extensions ['cmake', 'python']
[0.942s] Level 1:colcon.colcon_core.package_identification:_identify(gym_env/lib/python3.12/site-packages/gtts/tests/__pycache__) by extension 'cmake'
[0.942s] Level 1:colcon.colcon_core.package_identification:_identify(gym_env/lib/python3.12/site-packages/gtts/tests/__pycache__) by extension 'python'
[0.942s] Level 1:colcon.colcon_core.package_identification:_identify(gym_env/lib/python3.12/site-packages/gtts/tests/__pycache__) by extensions ['python_setup_py']
[0.942s] Level 1:colcon.colcon_core.package_identification:_identify(gym_env/lib/python3.12/site-packages/gtts/tests/__pycache__) by extension 'python_setup_py'
[0.943s] Level 1:colcon.colcon_core.package_identification:_identify(gym_env/lib/python3.12/site-packages/gtts/tests/input_files) by extensions ['ignore', 'ignore_ament_install']
[0.943s] Level 1:colcon.colcon_core.package_identification:_identify(gym_env/lib/python3.12/site-packages/gtts/tests/input_files) by extension 'ignore'
[0.943s] Level 1:colcon.colcon_core.package_identification:_identify(gym_env/lib/python3.12/site-packages/gtts/tests/input_files) by extension 'ignore_ament_install'
[0.943s] Level 1:colcon.colcon_core.package_identification:_identify(gym_env/lib/python3.12/site-packages/gtts/tests/input_files) by extensions ['colcon_pkg']
[0.943s] Level 1:colcon.colcon_core.package_identification:_identify(gym_env/lib/python3.12/site-packages/gtts/tests/input_files) by extension 'colcon_pkg'
[0.943s] Level 1:colcon.colcon_core.package_identification:_identify(gym_env/lib/python3.12/site-packages/gtts/tests/input_files) by extensions ['colcon_meta']
[0.943s] Level 1:colcon.colcon_core.package_identification:_identify(gym_env/lib/python3.12/site-packages/gtts/tests/input_files) by extension 'colcon_meta'
[0.944s] Level 1:colcon.colcon_core.package_identification:_identify(gym_env/lib/python3.12/site-packages/gtts/tests/input_files) by extensions ['ros']
[0.944s] Level 1:colcon.colcon_core.package_identification:_identify(gym_env/lib/python3.12/site-packages/gtts/tests/input_files) by extension 'ros'
[0.944s] Level 1:colcon.colcon_core.package_identification:_identify(gym_env/lib/python3.12/site-packages/gtts/tests/input_files) by extensions ['cmake', 'python']
[0.944s] Level 1:colcon.colcon_core.package_identification:_identify(gym_env/lib/python3.12/site-packages/gtts/tests/input_files) by extension 'cmake'
[0.944s] Level 1:colcon.colcon_core.package_identification:_identify(gym_env/lib/python3.12/site-packages/gtts/tests/input_files) by extension 'python'
[0.944s] Level 1:colcon.colcon_core.package_identification:_identify(gym_env/lib/python3.12/site-packages/gtts/tests/input_files) by extensions ['python_setup_py']
[0.944s] Level 1:colcon.colcon_core.package_identification:_identify(gym_env/lib/python3.12/site-packages/gtts/tests/input_files) by extension 'python_setup_py'
[0.945s] Level 1:colcon.colcon_core.package_identification:_identify(gym_env/lib/python3.12/site-packages/gtts/tokenizer) by extensions ['ignore', 'ignore_ament_install']
[0.945s] Level 1:colcon.colcon_core.package_identification:_identify(gym_env/lib/python3.12/site-packages/gtts/tokenizer) by extension 'ignore'
[0.945s] Level 1:colcon.colcon_core.package_identification:_identify(gym_env/lib/python3.12/site-packages/gtts/tokenizer) by extension 'ignore_ament_install'
[0.945s] Level 1:colcon.colcon_core.package_identification:_identify(gym_env/lib/python3.12/site-packages/gtts/tokenizer) by extensions ['colcon_pkg']
[0.945s] Level 1:colcon.colcon_core.package_identification:_identify(gym_env/lib/python3.12/site-packages/gtts/tokenizer) by extension 'colcon_pkg'
[0.945s] Level 1:colcon.colcon_core.package_identification:_identify(gym_env/lib/python3.12/site-packages/gtts/tokenizer) by extensions ['colcon_meta']
[0.946s] Level 1:colcon.colcon_core.package_identification:_identify(gym_env/lib/python3.12/site-packages/gtts/tokenizer) by extension 'colcon_meta'
[0.946s] Level 1:colcon.colcon_core.package_identification:_identify(gym_env/lib/python3.12/site-packages/gtts/tokenizer) by extensions ['ros']
[0.946s] Level 1:colcon.colcon_core.package_identification:_identify(gym_env/lib/python3.12/site-packages/gtts/tokenizer) by extension 'ros'
[0.946s] Level 1:colcon.colcon_core.package_identification:_identify(gym_env/lib/python3.12/site-packages/gtts/tokenizer) by extensions ['cmake', 'python']
[0.946s] Level 1:colcon.colcon_core.package_identification:_identify(gym_env/lib/python3.12/site-packages/gtts/tokenizer) by extension 'cmake'
[0.947s] Level 1:colcon.colcon_core.package_identification:_identify(gym_env/lib/python3.12/site-packages/gtts/tokenizer) by extension 'python'
[0.947s] Level 1:colcon.colcon_core.package_identification:_identify(gym_env/lib/python3.12/site-packages/gtts/tokenizer) by extensions ['python_setup_py']
[0.947s] Level 1:colcon.colcon_core.package_identification:_identify(gym_env/lib/python3.12/site-packages/gtts/tokenizer) by extension 'python_setup_py'
[0.948s] Level 1:colcon.colcon_core.package_identification:_identify(gym_env/lib/python3.12/site-packages/gtts/tokenizer/__pycache__) by extensions ['ignore', 'ignore_ament_install']
[0.948s] Level 1:colcon.colcon_core.package_identification:_identify(gym_env/lib/python3.12/site-packages/gtts/tokenizer/__pycache__) by extension 'ignore'
[0.948s] Level 1:colcon.colcon_core.package_identification:_identify(gym_env/lib/python3.12/site-packages/gtts/tokenizer/__pycache__) by extension 'ignore_ament_install'
[0.949s] Level 1:colcon.colcon_core.package_identification:_identify(gym_env/lib/python3.12/site-packages/gtts/tokenizer/__pycache__) by extensions ['colcon_pkg']
[0.949s] Level 1:colcon.colcon_core.package_identification:_identify(gym_env/lib/python3.12/site-packages/gtts/tokenizer/__pycache__) by extension 'colcon_pkg'
[0.949s] Level 1:colcon.colcon_core.package_identification:_identify(gym_env/lib/python3.12/site-packages/gtts/tokenizer/__pycache__) by extensions ['colcon_meta']
[0.949s] Level 1:colcon.colcon_core.package_identification:_identify(gym_env/lib/python3.12/site-packages/gtts/tokenizer/__pycache__) by extension 'colcon_meta'
[0.949s] Level 1:colcon.colcon_core.package_identification:_identify(gym_env/lib/python3.12/site-packages/gtts/tokenizer/__pycache__) by extensions ['ros']
[0.949s] Level 1:colcon.colcon_core.package_identification:_identify(gym_env/lib/python3.12/site-packages/gtts/tokenizer/__pycache__) by extension 'ros'
[0.950s] Level 1:colcon.colcon_core.package_identification:_identify(gym_env/lib/python3.12/site-packages/gtts/tokenizer/__pycache__) by extensions ['cmake', 'python']
[0.950s] Level 1:colcon.colcon_core.package_identification:_identify(gym_env/lib/python3.12/site-packages/gtts/tokenizer/__pycache__) by extension 'cmake'
[0.950s] Level 1:colcon.colcon_core.package_identification:_identify(gym_env/lib/python3.12/site-packages/gtts/tokenizer/__pycache__) by extension 'python'
[0.950s] Level 1:colcon.colcon_core.package_identification:_identify(gym_env/lib/python3.12/site-packages/gtts/tokenizer/__pycache__) by extensions ['python_setup_py']
[0.950s] Level 1:colcon.colcon_core.package_identification:_identify(gym_env/lib/python3.12/site-packages/gtts/tokenizer/__pycache__) by extension 'python_setup_py'
[0.951s] Level 1:colcon.colcon_core.package_identification:_identify(gym_env/lib/python3.12/site-packages/gtts/tokenizer/tests) by extensions ['ignore', 'ignore_ament_install']
[0.951s] Level 1:colcon.colcon_core.package_identification:_identify(gym_env/lib/python3.12/site-packages/gtts/tokenizer/tests) by extension 'ignore'
[0.952s] Level 1:colcon.colcon_core.package_identification:_identify(gym_env/lib/python3.12/site-packages/gtts/tokenizer/tests) by extension 'ignore_ament_install'
[0.952s] Level 1:colcon.colcon_core.package_identification:_identify(gym_env/lib/python3.12/site-packages/gtts/tokenizer/tests) by extensions ['colcon_pkg']
[0.952s] Level 1:colcon.colcon_core.package_identification:_identify(gym_env/lib/python3.12/site-packages/gtts/tokenizer/tests) by extension 'colcon_pkg'
[0.952s] Level 1:colcon.colcon_core.package_identification:_identify(gym_env/lib/python3.12/site-packages/gtts/tokenizer/tests) by extensions ['colcon_meta']
[0.952s] Level 1:colcon.colcon_core.package_identification:_identify(gym_env/lib/python3.12/site-packages/gtts/tokenizer/tests) by extension 'colcon_meta'
[0.952s] Level 1:colcon.colcon_core.package_identification:_identify(gym_env/lib/python3.12/site-packages/gtts/tokenizer/tests) by extensions ['ros']
[0.952s] Level 1:colcon.colcon_core.package_identification:_identify(gym_env/lib/python3.12/site-packages/gtts/tokenizer/tests) by extension 'ros'
[0.953s] Level 1:colcon.colcon_core.package_identification:_identify(gym_env/lib/python3.12/site-packages/gtts/tokenizer/tests) by extensions ['cmake', 'python']
[0.953s] Level 1:colcon.colcon_core.package_identification:_identify(gym_env/lib/python3.12/site-packages/gtts/tokenizer/tests) by extension 'cmake'
[0.953s] Level 1:colcon.colcon_core.package_identification:_identify(gym_env/lib/python3.12/site-packages/gtts/tokenizer/tests) by extension 'python'
[0.953s] Level 1:colcon.colcon_core.package_identification:_identify(gym_env/lib/python3.12/site-packages/gtts/tokenizer/tests) by extensions ['python_setup_py']
[0.953s] Level 1:colcon.colcon_core.package_identification:_identify(gym_env/lib/python3.12/site-packages/gtts/tokenizer/tests) by extension 'python_setup_py'
[0.954s] Level 1:colcon.colcon_core.package_identification:_identify(gym_env/lib/python3.12/site-packages/gtts/tokenizer/tests/__pycache__) by extensions ['ignore', 'ignore_ament_install']
[0.954s] Level 1:colcon.colcon_core.package_identification:_identify(gym_env/lib/python3.12/site-packages/gtts/tokenizer/tests/__pycache__) by extension 'ignore'
[0.954s] Level 1:colcon.colcon_core.package_identification:_identify(gym_env/lib/python3.12/site-packages/gtts/tokenizer/tests/__pycache__) by extension 'ignore_ament_install'
[0.954s] Level 1:colcon.colcon_core.package_identification:_identify(gym_env/lib/python3.12/site-packages/gtts/tokenizer/tests/__pycache__) by extensions ['colcon_pkg']
[0.954s] Level 1:colcon.colcon_core.package_identification:_identify(gym_env/lib/python3.12/site-packages/gtts/tokenizer/tests/__pycache__) by extension 'colcon_pkg'
[0.954s] Level 1:colcon.colcon_core.package_identification:_identify(gym_env/lib/python3.12/site-packages/gtts/tokenizer/tests/__pycache__) by extensions ['colcon_meta']
[0.955s] Level 1:colcon.colcon_core.package_identification:_identify(gym_env/lib/python3.12/site-packages/gtts/tokenizer/tests/__pycache__) by extension 'colcon_meta'
[0.955s] Level 1:colcon.colcon_core.package_identification:_identify(gym_env/lib/python3.12/site-packages/gtts/tokenizer/tests/__pycache__) by extensions ['ros']
[0.955s] Level 1:colcon.colcon_core.package_identification:_identify(gym_env/lib/python3.12/site-packages/gtts/tokenizer/tests/__pycache__) by extension 'ros'
[0.955s] Level 1:colcon.colcon_core.package_identification:_identify(gym_env/lib/python3.12/site-packages/gtts/tokenizer/tests/__pycache__) by extensions ['cmake', 'python']
[0.955s] Level 1:colcon.colcon_core.package_identification:_identify(gym_env/lib/python3.12/site-packages/gtts/tokenizer/tests/__pycache__) by extension 'cmake'
[0.955s] Level 1:colcon.colcon_core.package_identification:_identify(gym_env/lib/python3.12/site-packages/gtts/tokenizer/tests/__pycache__) by extension 'python'
[0.955s] Level 1:colcon.colcon_core.package_identification:_identify(gym_env/lib/python3.12/site-packages/gtts/tokenizer/tests/__pycache__) by extensions ['python_setup_py']
[0.955s] Level 1:colcon.colcon_core.package_identification:_identify(gym_env/lib/python3.12/site-packages/gtts/tokenizer/tests/__pycache__) by extension 'python_setup_py'
[0.956s] Level 1:colcon.colcon_core.package_identification:_identify(gym_env/lib/python3.12/site-packages/idna) by extensions ['ignore', 'ignore_ament_install']
[0.956s] Level 1:colcon.colcon_core.package_identification:_identify(gym_env/lib/python3.12/site-packages/idna) by extension 'ignore'
[0.956s] Level 1:colcon.colcon_core.package_identification:_identify(gym_env/lib/python3.12/site-packages/idna) by extension 'ignore_ament_install'
[0.956s] Level 1:colcon.colcon_core.package_identification:_identify(gym_env/lib/python3.12/site-packages/idna) by extensions ['colcon_pkg']
[0.956s] Level 1:colcon.colcon_core.package_identification:_identify(gym_env/lib/python3.12/site-packages/idna) by extension 'colcon_pkg'
[0.956s] Level 1:colcon.colcon_core.package_identification:_identify(gym_env/lib/python3.12/site-packages/idna) by extensions ['colcon_meta']
[0.956s] Level 1:colcon.colcon_core.package_identification:_identify(gym_env/lib/python3.12/site-packages/idna) by extension 'colcon_meta'
[0.957s] Level 1:colcon.colcon_core.package_identification:_identify(gym_env/lib/python3.12/site-packages/idna) by extensions ['ros']
[0.957s] Level 1:colcon.colcon_core.package_identification:_identify(gym_env/lib/python3.12/site-packages/idna) by extension 'ros'
[0.957s] Level 1:colcon.colcon_core.package_identification:_identify(gym_env/lib/python3.12/site-packages/idna) by extensions ['cmake', 'python']
[0.957s] Level 1:colcon.colcon_core.package_identification:_identify(gym_env/lib/python3.12/site-packages/idna) by extension 'cmake'
[0.957s] Level 1:colcon.colcon_core.package_identification:_identify(gym_env/lib/python3.12/site-packages/idna) by extension 'python'
[0.957s] Level 1:colcon.colcon_core.package_identification:_identify(gym_env/lib/python3.12/site-packages/idna) by extensions ['python_setup_py']
[0.957s] Level 1:colcon.colcon_core.package_identification:_identify(gym_env/lib/python3.12/site-packages/idna) by extension 'python_setup_py'
[0.957s] Level 1:colcon.colcon_core.package_identification:_identify(gym_env/lib/python3.12/site-packages/idna/__pycache__) by extensions ['ignore', 'ignore_ament_install']
[0.958s] Level 1:colcon.colcon_core.package_identification:_identify(gym_env/lib/python3.12/site-packages/idna/__pycache__) by extension 'ignore'
[0.958s] Level 1:colcon.colcon_core.package_identification:_identify(gym_env/lib/python3.12/site-packages/idna/__pycache__) by extension 'ignore_ament_install'
[0.958s] Level 1:colcon.colcon_core.package_identification:_identify(gym_env/lib/python3.12/site-packages/idna/__pycache__) by extensions ['colcon_pkg']
[0.958s] Level 1:colcon.colcon_core.package_identification:_identify(gym_env/lib/python3.12/site-packages/idna/__pycache__) by extension 'colcon_pkg'
[0.958s] Level 1:colcon.colcon_core.package_identification:_identify(gym_env/lib/python3.12/site-packages/idna/__pycache__) by extensions ['colcon_meta']
[0.958s] Level 1:colcon.colcon_core.package_identification:_identify(gym_env/lib/python3.12/site-packages/idna/__pycache__) by extension 'colcon_meta'
[0.958s] Level 1:colcon.colcon_core.package_identification:_identify(gym_env/lib/python3.12/site-packages/idna/__pycache__) by extensions ['ros']
[0.958s] Level 1:colcon.colcon_core.package_identification:_identify(gym_env/lib/python3.12/site-packages/idna/__pycache__) by extension 'ros'
[0.959s] Level 1:colcon.colcon_core.package_identification:_identify(gym_env/lib/python3.12/site-packages/idna/__pycache__) by extensions ['cmake', 'python']
[0.959s] Level 1:colcon.colcon_core.package_identification:_identify(gym_env/lib/python3.12/site-packages/idna/__pycache__) by extension 'cmake'
[0.959s] Level 1:colcon.colcon_core.package_identification:_identify(gym_env/lib/python3.12/site-packages/idna/__pycache__) by extension 'python'
[0.959s] Level 1:colcon.colcon_core.package_identification:_identify(gym_env/lib/python3.12/site-packages/idna/__pycache__) by extensions ['python_setup_py']
[0.959s] Level 1:colcon.colcon_core.package_identification:_identify(gym_env/lib/python3.12/site-packages/idna/__pycache__) by extension 'python_setup_py'
[0.959s] Level 1:colcon.colcon_core.package_identification:_identify(gym_env/lib/python3.12/site-packages/idna-3.13.dist-info) by extensions ['ignore', 'ignore_ament_install']
[0.959s] Level 1:colcon.colcon_core.package_identification:_identify(gym_env/lib/python3.12/site-packages/idna-3.13.dist-info) by extension 'ignore'
[0.959s] Level 1:colcon.colcon_core.package_identification:_identify(gym_env/lib/python3.12/site-packages/idna-3.13.dist-info) by extension 'ignore_ament_install'
[0.960s] Level 1:colcon.colcon_core.package_identification:_identify(gym_env/lib/python3.12/site-packages/idna-3.13.dist-info) by extensions ['colcon_pkg']
[0.960s] Level 1:colcon.colcon_core.package_identification:_identify(gym_env/lib/python3.12/site-packages/idna-3.13.dist-info) by extension 'colcon_pkg'
[0.960s] Level 1:colcon.colcon_core.package_identification:_identify(gym_env/lib/python3.12/site-packages/idna-3.13.dist-info) by extensions ['colcon_meta']
[0.960s] Level 1:colcon.colcon_core.package_identification:_identify(gym_env/lib/python3.12/site-packages/idna-3.13.dist-info) by extension 'colcon_meta'
[0.960s] Level 1:colcon.colcon_core.package_identification:_identify(gym_env/lib/python3.12/site-packages/idna-3.13.dist-info) by extensions ['ros']
[0.960s] Level 1:colcon.colcon_core.package_identification:_identify(gym_env/lib/python3.12/site-packages/idna-3.13.dist-info) by extension 'ros'
[0.960s] Level 1:colcon.colcon_core.package_identification:_identify(gym_env/lib/python3.12/site-packages/idna-3.13.dist-info) by extensions ['cmake', 'python']
[0.960s] Level 1:colcon.colcon_core.package_identification:_identify(gym_env/lib/python3.12/site-packages/idna-3.13.dist-info) by extension 'cmake'
[0.960s] Level 1:colcon.colcon_core.package_identification:_identify(gym_env/lib/python3.12/site-packages/idna-3.13.dist-info) by extension 'python'
[0.961s] Level 1:colcon.colcon_core.package_identification:_identify(gym_env/lib/python3.12/site-packages/idna-3.13.dist-info) by extensions ['python_setup_py']
[0.961s] Level 1:colcon.colcon_core.package_identification:_identify(gym_env/lib/python3.12/site-packages/idna-3.13.dist-info) by extension 'python_setup_py'
[0.961s] Level 1:colcon.colcon_core.package_identification:_identify(gym_env/lib/python3.12/site-packages/idna-3.13.dist-info/licenses) by extensions ['ignore', 'ignore_ament_install']
[0.962s] Level 1:colcon.colcon_core.package_identification:_identify(gym_env/lib/python3.12/site-packages/idna-3.13.dist-info/licenses) by extension 'ignore'
[0.962s] Level 1:colcon.colcon_core.package_identification:_identify(gym_env/lib/python3.12/site-packages/idna-3.13.dist-info/licenses) by extension 'ignore_ament_install'
[0.962s] Level 1:colcon.colcon_core.package_identification:_identify(gym_env/lib/python3.12/site-packages/idna-3.13.dist-info/licenses) by extensions ['colcon_pkg']
[0.962s] Level 1:colcon.colcon_core.package_identification:_identify(gym_env/lib/python3.12/site-packages/idna-3.13.dist-info/licenses) by extension 'colcon_pkg'
[0.962s] Level 1:colcon.colcon_core.package_identification:_identify(gym_env/lib/python3.12/site-packages/idna-3.13.dist-info/licenses) by extensions ['colcon_meta']
[0.962s] Level 1:colcon.colcon_core.package_identification:_identify(gym_env/lib/python3.12/site-packages/idna-3.13.dist-info/licenses) by extension 'colcon_meta'
[0.963s] Level 1:colcon.colcon_core.package_identification:_identify(gym_env/lib/python3.12/site-packages/idna-3.13.dist-info/licenses) by extensions ['ros']
[0.963s] Level 1:colcon.colcon_core.package_identification:_identify(gym_env/lib/python3.12/site-packages/idna-3.13.dist-info/licenses) by extension 'ros'
[0.963s] Level 1:colcon.colcon_core.package_identification:_identify(gym_env/lib/python3.12/site-packages/idna-3.13.dist-info/licenses) by extensions ['cmake', 'python']
[0.963s] Level 1:colcon.colcon_core.package_identification:_identify(gym_env/lib/python3.12/site-packages/idna-3.13.dist-info/licenses) by extension 'cmake'
[0.963s] Level 1:colcon.colcon_core.package_identification:_identify(gym_env/lib/python3.12/site-packages/idna-3.13.dist-info/licenses) by extension 'python'
[0.964s] Level 1:colcon.colcon_core.package_identification:_identify(gym_env/lib/python3.12/site-packages/idna-3.13.dist-info/licenses) by extensions ['python_setup_py']
[0.964s] Level 1:colcon.colcon_core.package_identification:_identify(gym_env/lib/python3.12/site-packages/idna-3.13.dist-info/licenses) by extension 'python_setup_py'
[0.964s] Level 1:colcon.colcon_core.package_identification:_identify(gym_env/lib/python3.12/site-packages/pip) by extensions ['ignore', 'ignore_ament_install']
[0.964s] Level 1:colcon.colcon_core.package_identification:_identify(gym_env/lib/python3.12/site-packages/pip) by extension 'ignore'
[0.965s] Level 1:colcon.colcon_core.package_identification:_identify(gym_env/lib/python3.12/site-packages/pip) by extension 'ignore_ament_install'
[0.965s] Level 1:colcon.colcon_core.package_identification:_identify(gym_env/lib/python3.12/site-packages/pip) by extensions ['colcon_pkg']
[0.965s] Level 1:colcon.colcon_core.package_identification:_identify(gym_env/lib/python3.12/site-packages/pip) by extension 'colcon_pkg'
[0.965s] Level 1:colcon.colcon_core.package_identification:_identify(gym_env/lib/python3.12/site-packages/pip) by extensions ['colcon_meta']
[0.965s] Level 1:colcon.colcon_core.package_identification:_identify(gym_env/lib/python3.12/site-packages/pip) by extension 'colcon_meta'
[0.965s] Level 1:colcon.colcon_core.package_identification:_identify(gym_env/lib/python3.12/site-packages/pip) by extensions ['ros']
[0.965s] Level 1:colcon.colcon_core.package_identification:_identify(gym_env/lib/python3.12/site-packages/pip) by extension 'ros'
[0.966s] Level 1:colcon.colcon_core.package_identification:_identify(gym_env/lib/python3.12/site-packages/pip) by extensions ['cmake', 'python']
[0.966s] Level 1:colcon.colcon_core.package_identification:_identify(gym_env/lib/python3.12/site-packages/pip) by extension 'cmake'
[0.966s] Level 1:colcon.colcon_core.package_identification:_identify(gym_env/lib/python3.12/site-packages/pip) by extension 'python'
[0.966s] Level 1:colcon.colcon_core.package_identification:_identify(gym_env/lib/python3.12/site-packages/pip) by extensions ['python_setup_py']
[0.966s] Level 1:colcon.colcon_core.package_identification:_identify(gym_env/lib/python3.12/site-packages/pip) by extension 'python_setup_py'
[0.967s] Level 1:colcon.colcon_core.package_identification:_identify(gym_env/lib/python3.12/site-packages/pip/__pycache__) by extensions ['ignore', 'ignore_ament_install']
[0.967s] Level 1:colcon.colcon_core.package_identification:_identify(gym_env/lib/python3.12/site-packages/pip/__pycache__) by extension 'ignore'
[0.968s] Level 1:colcon.colcon_core.package_identification:_identify(gym_env/lib/python3.12/site-packages/pip/__pycache__) by extension 'ignore_ament_install'
[0.968s] Level 1:colcon.colcon_core.package_identification:_identify(gym_env/lib/python3.12/site-packages/pip/__pycache__) by extensions ['colcon_pkg']
[0.968s] Level 1:colcon.colcon_core.package_identification:_identify(gym_env/lib/python3.12/site-packages/pip/__pycache__) by extension 'colcon_pkg'
[0.968s] Level 1:colcon.colcon_core.package_identification:_identify(gym_env/lib/python3.12/site-packages/pip/__pycache__) by extensions ['colcon_meta']
[0.968s] Level 1:colcon.colcon_core.package_identification:_identify(gym_env/lib/python3.12/site-packages/pip/__pycache__) by extension 'colcon_meta'
[0.968s] Level 1:colcon.colcon_core.package_identification:_identify(gym_env/lib/python3.12/site-packages/pip/__pycache__) by extensions ['ros']
[0.968s] Level 1:colcon.colcon_core.package_identification:_identify(gym_env/lib/python3.12/site-packages/pip/__pycache__) by extension 'ros'
[0.968s] Level 1:colcon.colcon_core.package_identification:_identify(gym_env/lib/python3.12/site-packages/pip/__pycache__) by extensions ['cmake', 'python']
[0.968s] Level 1:colcon.colcon_core.package_identification:_identify(gym_env/lib/python3.12/site-packages/pip/__pycache__) by extension 'cmake'
[0.969s] Level 1:colcon.colcon_core.package_identification:_identify(gym_env/lib/python3.12/site-packages/pip/__pycache__) by extension 'python'
[0.969s] Level 1:colcon.colcon_core.package_identification:_identify(gym_env/lib/python3.12/site-packages/pip/__pycache__) by extensions ['python_setup_py']
[0.969s] Level 1:colcon.colcon_core.package_identification:_identify(gym_env/lib/python3.12/site-packages/pip/__pycache__) by extension 'python_setup_py'
[0.969s] Level 1:colcon.colcon_core.package_identification:_identify(gym_env/lib/python3.12/site-packages/pip/_internal) by extensions ['ignore', 'ignore_ament_install']
[0.969s] Level 1:colcon.colcon_core.package_identification:_identify(gym_env/lib/python3.12/site-packages/pip/_internal) by extension 'ignore'
[0.969s] Level 1:colcon.colcon_core.package_identification:_identify(gym_env/lib/python3.12/site-packages/pip/_internal) by extension 'ignore_ament_install'
[0.969s] Level 1:colcon.colcon_core.package_identification:_identify(gym_env/lib/python3.12/site-packages/pip/_internal) by extensions ['colcon_pkg']
[0.970s] Level 1:colcon.colcon_core.package_identification:_identify(gym_env/lib/python3.12/site-packages/pip/_internal) by extension 'colcon_pkg'
[0.970s] Level 1:colcon.colcon_core.package_identification:_identify(gym_env/lib/python3.12/site-packages/pip/_internal) by extensions ['colcon_meta']
[0.970s] Level 1:colcon.colcon_core.package_identification:_identify(gym_env/lib/python3.12/site-packages/pip/_internal) by extension 'colcon_meta'
[0.970s] Level 1:colcon.colcon_core.package_identification:_identify(gym_env/lib/python3.12/site-packages/pip/_internal) by extensions ['ros']
[0.970s] Level 1:colcon.colcon_core.package_identification:_identify(gym_env/lib/python3.12/site-packages/pip/_internal) by extension 'ros'
[0.970s] Level 1:colcon.colcon_core.package_identification:_identify(gym_env/lib/python3.12/site-packages/pip/_internal) by extensions ['cmake', 'python']
[0.970s] Level 1:colcon.colcon_core.package_identification:_identify(gym_env/lib/python3.12/site-packages/pip/_internal) by extension 'cmake'
[0.970s] Level 1:colcon.colcon_core.package_identification:_identify(gym_env/lib/python3.12/site-packages/pip/_internal) by extension 'python'
[0.970s] Level 1:colcon.colcon_core.package_identification:_identify(gym_env/lib/python3.12/site-packages/pip/_internal) by extensions ['python_setup_py']
[0.970s] Level 1:colcon.colcon_core.package_identification:_identify(gym_env/lib/python3.12/site-packages/pip/_internal) by extension 'python_setup_py'
[0.971s] Level 1:colcon.colcon_core.package_identification:_identify(gym_env/lib/python3.12/site-packages/pip/_internal/__pycache__) by extensions ['ignore', 'ignore_ament_install']
[0.971s] Level 1:colcon.colcon_core.package_identification:_identify(gym_env/lib/python3.12/site-packages/pip/_internal/__pycache__) by extension 'ignore'
[0.971s] Level 1:colcon.colcon_core.package_identification:_identify(gym_env/lib/python3.12/site-packages/pip/_internal/__pycache__) by extension 'ignore_ament_install'
[0.971s] Level 1:colcon.colcon_core.package_identification:_identify(gym_env/lib/python3.12/site-packages/pip/_internal/__pycache__) by extensions ['colcon_pkg']
[0.971s] Level 1:colcon.colcon_core.package_identification:_identify(gym_env/lib/python3.12/site-packages/pip/_internal/__pycache__) by extension 'colcon_pkg'
[0.971s] Level 1:colcon.colcon_core.package_identification:_identify(gym_env/lib/python3.12/site-packages/pip/_internal/__pycache__) by extensions ['colcon_meta']
[0.972s] Level 1:colcon.colcon_core.package_identification:_identify(gym_env/lib/python3.12/site-packages/pip/_internal/__pycache__) by extension 'colcon_meta'
[0.972s] Level 1:colcon.colcon_core.package_identification:_identify(gym_env/lib/python3.12/site-packages/pip/_internal/__pycache__) by extensions ['ros']
[0.972s] Level 1:colcon.colcon_core.package_identification:_identify(gym_env/lib/python3.12/site-packages/pip/_internal/__pycache__) by extension 'ros'
[0.972s] Level 1:colcon.colcon_core.package_identification:_identify(gym_env/lib/python3.12/site-packages/pip/_internal/__pycache__) by extensions ['cmake', 'python']
[0.972s] Level 1:colcon.colcon_core.package_identification:_identify(gym_env/lib/python3.12/site-packages/pip/_internal/__pycache__) by extension 'cmake'
[0.972s] Level 1:colcon.colcon_core.package_identification:_identify(gym_env/lib/python3.12/site-packages/pip/_internal/__pycache__) by extension 'python'
[0.972s] Level 1:colcon.colcon_core.package_identification:_identify(gym_env/lib/python3.12/site-packages/pip/_internal/__pycache__) by extensions ['python_setup_py']
[0.972s] Level 1:colcon.colcon_core.package_identification:_identify(gym_env/lib/python3.12/site-packages/pip/_internal/__pycache__) by extension 'python_setup_py'
[0.973s] Level 1:colcon.colcon_core.package_identification:_identify(gym_env/lib/python3.12/site-packages/pip/_internal/cli) by extensions ['ignore', 'ignore_ament_install']
[0.973s] Level 1:colcon.colcon_core.package_identification:_identify(gym_env/lib/python3.12/site-packages/pip/_internal/cli) by extension 'ignore'
[0.973s] Level 1:colcon.colcon_core.package_identification:_identify(gym_env/lib/python3.12/site-packages/pip/_internal/cli) by extension 'ignore_ament_install'
[0.973s] Level 1:colcon.colcon_core.package_identification:_identify(gym_env/lib/python3.12/site-packages/pip/_internal/cli) by extensions ['colcon_pkg']
[0.973s] Level 1:colcon.colcon_core.package_identification:_identify(gym_env/lib/python3.12/site-packages/pip/_internal/cli) by extension 'colcon_pkg'
[0.973s] Level 1:colcon.colcon_core.package_identification:_identify(gym_env/lib/python3.12/site-packages/pip/_internal/cli) by extensions ['colcon_meta']
[0.973s] Level 1:colcon.colcon_core.package_identification:_identify(gym_env/lib/python3.12/site-packages/pip/_internal/cli) by extension 'colcon_meta'
[0.973s] Level 1:colcon.colcon_core.package_identification:_identify(gym_env/lib/python3.12/site-packages/pip/_internal/cli) by extensions ['ros']
[0.973s] Level 1:colcon.colcon_core.package_identification:_identify(gym_env/lib/python3.12/site-packages/pip/_internal/cli) by extension 'ros'
[0.974s] Level 1:colcon.colcon_core.package_identification:_identify(gym_env/lib/python3.12/site-packages/pip/_internal/cli) by extensions ['cmake', 'python']
[0.974s] Level 1:colcon.colcon_core.package_identification:_identify(gym_env/lib/python3.12/site-packages/pip/_internal/cli) by extension 'cmake'
[0.974s] Level 1:colcon.colcon_core.package_identification:_identify(gym_env/lib/python3.12/site-packages/pip/_internal/cli) by extension 'python'
[0.974s] Level 1:colcon.colcon_core.package_identification:_identify(gym_env/lib/python3.12/site-packages/pip/_internal/cli) by extensions ['python_setup_py']
[0.974s] Level 1:colcon.colcon_core.package_identification:_identify(gym_env/lib/python3.12/site-packages/pip/_internal/cli) by extension 'python_setup_py'
[0.974s] Level 1:colcon.colcon_core.package_identification:_identify(gym_env/lib/python3.12/site-packages/pip/_internal/cli/__pycache__) by extensions ['ignore', 'ignore_ament_install']
[0.975s] Level 1:colcon.colcon_core.package_identification:_identify(gym_env/lib/python3.12/site-packages/pip/_internal/cli/__pycache__) by extension 'ignore'
[0.975s] Level 1:colcon.colcon_core.package_identification:_identify(gym_env/lib/python3.12/site-packages/pip/_internal/cli/__pycache__) by extension 'ignore_ament_install'
[0.975s] Level 1:colcon.colcon_core.package_identification:_identify(gym_env/lib/python3.12/site-packages/pip/_internal/cli/__pycache__) by extensions ['colcon_pkg']
[0.975s] Level 1:colcon.colcon_core.package_identification:_identify(gym_env/lib/python3.12/site-packages/pip/_internal/cli/__pycache__) by extension 'colcon_pkg'
[0.975s] Level 1:colcon.colcon_core.package_identification:_identify(gym_env/lib/python3.12/site-packages/pip/_internal/cli/__pycache__) by extensions ['colcon_meta']
[0.975s] Level 1:colcon.colcon_core.package_identification:_identify(gym_env/lib/python3.12/site-packages/pip/_internal/cli/__pycache__) by extension 'colcon_meta'
[0.975s] Level 1:colcon.colcon_core.package_identification:_identify(gym_env/lib/python3.12/site-packages/pip/_internal/cli/__pycache__) by extensions ['ros']
[0.975s] Level 1:colcon.colcon_core.package_identification:_identify(gym_env/lib/python3.12/site-packages/pip/_internal/cli/__pycache__) by extension 'ros'
[0.976s] Level 1:colcon.colcon_core.package_identification:_identify(gym_env/lib/python3.12/site-packages/pip/_internal/cli/__pycache__) by extensions ['cmake', 'python']
[0.976s] Level 1:colcon.colcon_core.package_identification:_identify(gym_env/lib/python3.12/site-packages/pip/_internal/cli/__pycache__) by extension 'cmake'
[0.976s] Level 1:colcon.colcon_core.package_identification:_identify(gym_env/lib/python3.12/site-packages/pip/_internal/cli/__pycache__) by extension 'python'
[0.976s] Level 1:colcon.colcon_core.package_identification:_identify(gym_env/lib/python3.12/site-packages/pip/_internal/cli/__pycache__) by extensions ['python_setup_py']
[0.976s] Level 1:colcon.colcon_core.package_identification:_identify(gym_env/lib/python3.12/site-packages/pip/_internal/cli/__pycache__) by extension 'python_setup_py'
[0.976s] Level 1:colcon.colcon_core.package_identification:_identify(gym_env/lib/python3.12/site-packages/pip/_internal/commands) by extensions ['ignore', 'ignore_ament_install']
[0.976s] Level 1:colcon.colcon_core.package_identification:_identify(gym_env/lib/python3.12/site-packages/pip/_internal/commands) by extension 'ignore'
[0.976s] Level 1:colcon.colcon_core.package_identification:_identify(gym_env/lib/python3.12/site-packages/pip/_internal/commands) by extension 'ignore_ament_install'
[0.977s] Level 1:colcon.colcon_core.package_identification:_identify(gym_env/lib/python3.12/site-packages/pip/_internal/commands) by extensions ['colcon_pkg']
[0.977s] Level 1:colcon.colcon_core.package_identification:_identify(gym_env/lib/python3.12/site-packages/pip/_internal/commands) by extension 'colcon_pkg'
[0.977s] Level 1:colcon.colcon_core.package_identification:_identify(gym_env/lib/python3.12/site-packages/pip/_internal/commands) by extensions ['colcon_meta']
[0.977s] Level 1:colcon.colcon_core.package_identification:_identify(gym_env/lib/python3.12/site-packages/pip/_internal/commands) by extension 'colcon_meta'
[0.977s] Level 1:colcon.colcon_core.package_identification:_identify(gym_env/lib/python3.12/site-packages/pip/_internal/commands) by extensions ['ros']
[0.977s] Level 1:colcon.colcon_core.package_identification:_identify(gym_env/lib/python3.12/site-packages/pip/_internal/commands) by extension 'ros'
[0.977s] Level 1:colcon.colcon_core.package_identification:_identify(gym_env/lib/python3.12/site-packages/pip/_internal/commands) by extensions ['cmake', 'python']
[0.977s] Level 1:colcon.colcon_core.package_identification:_identify(gym_env/lib/python3.12/site-packages/pip/_internal/commands) by extension 'cmake'
[0.978s] Level 1:colcon.colcon_core.package_identification:_identify(gym_env/lib/python3.12/site-packages/pip/_internal/commands) by extension 'python'
[0.978s] Level 1:colcon.colcon_core.package_identification:_identify(gym_env/lib/python3.12/site-packages/pip/_internal/commands) by extensions ['python_setup_py']
[0.978s] Level 1:colcon.colcon_core.package_identification:_identify(gym_env/lib/python3.12/site-packages/pip/_internal/commands) by extension 'python_setup_py'
[0.979s] Level 1:colcon.colcon_core.package_identification:_identify(gym_env/lib/python3.12/site-packages/pip/_internal/commands/__pycache__) by extensions ['ignore', 'ignore_ament_install']
[0.979s] Level 1:colcon.colcon_core.package_identification:_identify(gym_env/lib/python3.12/site-packages/pip/_internal/commands/__pycache__) by extension 'ignore'
[0.979s] Level 1:colcon.colcon_core.package_identification:_identify(gym_env/lib/python3.12/site-packages/pip/_internal/commands/__pycache__) by extension 'ignore_ament_install'
[0.979s] Level 1:colcon.colcon_core.package_identification:_identify(gym_env/lib/python3.12/site-packages/pip/_internal/commands/__pycache__) by extensions ['colcon_pkg']
[0.980s] Level 1:colcon.colcon_core.package_identification:_identify(gym_env/lib/python3.12/site-packages/pip/_internal/commands/__pycache__) by extension 'colcon_pkg'
[0.980s] Level 1:colcon.colcon_core.package_identification:_identify(gym_env/lib/python3.12/site-packages/pip/_internal/commands/__pycache__) by extensions ['colcon_meta']
[0.980s] Level 1:colcon.colcon_core.package_identification:_identify(gym_env/lib/python3.12/site-packages/pip/_internal/commands/__pycache__) by extension 'colcon_meta'
[0.980s] Level 1:colcon.colcon_core.package_identification:_identify(gym_env/lib/python3.12/site-packages/pip/_internal/commands/__pycache__) by extensions ['ros']
[0.980s] Level 1:colcon.colcon_core.package_identification:_identify(gym_env/lib/python3.12/site-packages/pip/_internal/commands/__pycache__) by extension 'ros'
[0.981s] Level 1:colcon.colcon_core.package_identification:_identify(gym_env/lib/python3.12/site-packages/pip/_internal/commands/__pycache__) by extensions ['cmake', 'python']
[0.981s] Level 1:colcon.colcon_core.package_identification:_identify(gym_env/lib/python3.12/site-packages/pip/_internal/commands/__pycache__) by extension 'cmake'
[0.981s] Level 1:colcon.colcon_core.package_identification:_identify(gym_env/lib/python3.12/site-packages/pip/_internal/commands/__pycache__) by extension 'python'
[0.981s] Level 1:colcon.colcon_core.package_identification:_identify(gym_env/lib/python3.12/site-packages/pip/_internal/commands/__pycache__) by extensions ['python_setup_py']
[0.981s] Level 1:colcon.colcon_core.package_identification:_identify(gym_env/lib/python3.12/site-packages/pip/_internal/commands/__pycache__) by extension 'python_setup_py'
[0.982s] Level 1:colcon.colcon_core.package_identification:_identify(gym_env/lib/python3.12/site-packages/pip/_internal/distributions) by extensions ['ignore', 'ignore_ament_install']
[0.982s] Level 1:colcon.colcon_core.package_identification:_identify(gym_env/lib/python3.12/site-packages/pip/_internal/distributions) by extension 'ignore'
[0.982s] Level 1:colcon.colcon_core.package_identification:_identify(gym_env/lib/python3.12/site-packages/pip/_internal/distributions) by extension 'ignore_ament_install'
[0.982s] Level 1:colcon.colcon_core.package_identification:_identify(gym_env/lib/python3.12/site-packages/pip/_internal/distributions) by extensions ['colcon_pkg']
[0.982s] Level 1:colcon.colcon_core.package_identification:_identify(gym_env/lib/python3.12/site-packages/pip/_internal/distributions) by extension 'colcon_pkg'
[0.983s] Level 1:colcon.colcon_core.package_identification:_identify(gym_env/lib/python3.12/site-packages/pip/_internal/distributions) by extensions ['colcon_meta']
[0.983s] Level 1:colcon.colcon_core.package_identification:_identify(gym_env/lib/python3.12/site-packages/pip/_internal/distributions) by extension 'colcon_meta'
[0.983s] Level 1:colcon.colcon_core.package_identification:_identify(gym_env/lib/python3.12/site-packages/pip/_internal/distributions) by extensions ['ros']
[0.983s] Level 1:colcon.colcon_core.package_identification:_identify(gym_env/lib/python3.12/site-packages/pip/_internal/distributions) by extension 'ros'
[0.983s] Level 1:colcon.colcon_core.package_identification:_identify(gym_env/lib/python3.12/site-packages/pip/_internal/distributions) by extensions ['cmake', 'python']
[0.983s] Level 1:colcon.colcon_core.package_identification:_identify(gym_env/lib/python3.12/site-packages/pip/_internal/distributions) by extension 'cmake'
[0.984s] Level 1:colcon.colcon_core.package_identification:_identify(gym_env/lib/python3.12/site-packages/pip/_internal/distributions) by extension 'python'
[0.984s] Level 1:colcon.colcon_core.package_identification:_identify(gym_env/lib/python3.12/site-packages/pip/_internal/distributions) by extensions ['python_setup_py']
[0.984s] Level 1:colcon.colcon_core.package_identification:_identify(gym_env/lib/python3.12/site-packages/pip/_internal/distributions) by extension 'python_setup_py'
[0.984s] Level 1:colcon.colcon_core.package_identification:_identify(gym_env/lib/python3.12/site-packages/pip/_internal/distributions/__pycache__) by extensions ['ignore', 'ignore_ament_install']
[0.985s] Level 1:colcon.colcon_core.package_identification:_identify(gym_env/lib/python3.12/site-packages/pip/_internal/distributions/__pycache__) by extension 'ignore'
[0.985s] Level 1:colcon.colcon_core.package_identification:_identify(gym_env/lib/python3.12/site-packages/pip/_internal/distributions/__pycache__) by extension 'ignore_ament_install'
[0.985s] Level 1:colcon.colcon_core.package_identification:_identify(gym_env/lib/python3.12/site-packages/pip/_internal/distributions/__pycache__) by extensions ['colcon_pkg']
[0.985s] Level 1:colcon.colcon_core.package_identification:_identify(gym_env/lib/python3.12/site-packages/pip/_internal/distributions/__pycache__) by extension 'colcon_pkg'
[0.985s] Level 1:colcon.colcon_core.package_identification:_identify(gym_env/lib/python3.12/site-packages/pip/_internal/distributions/__pycache__) by extensions ['colcon_meta']
[0.985s] Level 1:colcon.colcon_core.package_identification:_identify(gym_env/lib/python3.12/site-packages/pip/_internal/distributions/__pycache__) by extension 'colcon_meta'
[0.986s] Level 1:colcon.colcon_core.package_identification:_identify(gym_env/lib/python3.12/site-packages/pip/_internal/distributions/__pycache__) by extensions ['ros']
[0.986s] Level 1:colcon.colcon_core.package_identification:_identify(gym_env/lib/python3.12/site-packages/pip/_internal/distributions/__pycache__) by extension 'ros'
[0.986s] Level 1:colcon.colcon_core.package_identification:_identify(gym_env/lib/python3.12/site-packages/pip/_internal/distributions/__pycache__) by extensions ['cmake', 'python']
[0.986s] Level 1:colcon.colcon_core.package_identification:_identify(gym_env/lib/python3.12/site-packages/pip/_internal/distributions/__pycache__) by extension 'cmake'
[0.986s] Level 1:colcon.colcon_core.package_identification:_identify(gym_env/lib/python3.12/site-packages/pip/_internal/distributions/__pycache__) by extension 'python'
[0.986s] Level 1:colcon.colcon_core.package_identification:_identify(gym_env/lib/python3.12/site-packages/pip/_internal/distributions/__pycache__) by extensions ['python_setup_py']
[0.986s] Level 1:colcon.colcon_core.package_identification:_identify(gym_env/lib/python3.12/site-packages/pip/_internal/distributions/__pycache__) by extension 'python_setup_py'
[0.987s] Level 1:colcon.colcon_core.package_identification:_identify(gym_env/lib/python3.12/site-packages/pip/_internal/index) by extensions ['ignore', 'ignore_ament_install']
[0.987s] Level 1:colcon.colcon_core.package_identification:_identify(gym_env/lib/python3.12/site-packages/pip/_internal/index) by extension 'ignore'
[0.987s] Level 1:colcon.colcon_core.package_identification:_identify(gym_env/lib/python3.12/site-packages/pip/_internal/index) by extension 'ignore_ament_install'
[0.987s] Level 1:colcon.colcon_core.package_identification:_identify(gym_env/lib/python3.12/site-packages/pip/_internal/index) by extensions ['colcon_pkg']
[0.987s] Level 1:colcon.colcon_core.package_identification:_identify(gym_env/lib/python3.12/site-packages/pip/_internal/index) by extension 'colcon_pkg'
[0.987s] Level 1:colcon.colcon_core.package_identification:_identify(gym_env/lib/python3.12/site-packages/pip/_internal/index) by extensions ['colcon_meta']
[0.987s] Level 1:colcon.colcon_core.package_identification:_identify(gym_env/lib/python3.12/site-packages/pip/_internal/index) by extension 'colcon_meta'
[0.988s] Level 1:colcon.colcon_core.package_identification:_identify(gym_env/lib/python3.12/site-packages/pip/_internal/index) by extensions ['ros']
[0.988s] Level 1:colcon.colcon_core.package_identification:_identify(gym_env/lib/python3.12/site-packages/pip/_internal/index) by extension 'ros'
[0.988s] Level 1:colcon.colcon_core.package_identification:_identify(gym_env/lib/python3.12/site-packages/pip/_internal/index) by extensions ['cmake', 'python']
[0.988s] Level 1:colcon.colcon_core.package_identification:_identify(gym_env/lib/python3.12/site-packages/pip/_internal/index) by extension 'cmake'
[0.988s] Level 1:colcon.colcon_core.package_identification:_identify(gym_env/lib/python3.12/site-packages/pip/_internal/index) by extension 'python'
[0.988s] Level 1:colcon.colcon_core.package_identification:_identify(gym_env/lib/python3.12/site-packages/pip/_internal/index) by extensions ['python_setup_py']
[0.989s] Level 1:colcon.colcon_core.package_identification:_identify(gym_env/lib/python3.12/site-packages/pip/_internal/index) by extension 'python_setup_py'
[0.989s] Level 1:colcon.colcon_core.package_identification:_identify(gym_env/lib/python3.12/site-packages/pip/_internal/index/__pycache__) by extensions ['ignore', 'ignore_ament_install']
[0.989s] Level 1:colcon.colcon_core.package_identification:_identify(gym_env/lib/python3.12/site-packages/pip/_internal/index/__pycache__) by extension 'ignore'
[0.990s] Level 1:colcon.colcon_core.package_identification:_identify(gym_env/lib/python3.12/site-packages/pip/_internal/index/__pycache__) by extension 'ignore_ament_install'
[0.990s] Level 1:colcon.colcon_core.package_identification:_identify(gym_env/lib/python3.12/site-packages/pip/_internal/index/__pycache__) by extensions ['colcon_pkg']
[0.990s] Level 1:colcon.colcon_core.package_identification:_identify(gym_env/lib/python3.12/site-packages/pip/_internal/index/__pycache__) by extension 'colcon_pkg'
[0.990s] Level 1:colcon.colcon_core.package_identification:_identify(gym_env/lib/python3.12/site-packages/pip/_internal/index/__pycache__) by extensions ['colcon_meta']
[0.990s] Level 1:colcon.colcon_core.package_identification:_identify(gym_env/lib/python3.12/site-packages/pip/_internal/index/__pycache__) by extension 'colcon_meta'
[0.990s] Level 1:colcon.colcon_core.package_identification:_identify(gym_env/lib/python3.12/site-packages/pip/_internal/index/__pycache__) by extensions ['ros']
[0.990s] Level 1:colcon.colcon_core.package_identification:_identify(gym_env/lib/python3.12/site-packages/pip/_internal/index/__pycache__) by extension 'ros'
[0.990s] Level 1:colcon.colcon_core.package_identification:_identify(gym_env/lib/python3.12/site-packages/pip/_internal/index/__pycache__) by extensions ['cmake', 'python']
[0.991s] Level 1:colcon.colcon_core.package_identification:_identify(gym_env/lib/python3.12/site-packages/pip/_internal/index/__pycache__) by extension 'cmake'
[0.991s] Level 1:colcon.colcon_core.package_identification:_identify(gym_env/lib/python3.12/site-packages/pip/_internal/index/__pycache__) by extension 'python'
[0.991s] Level 1:colcon.colcon_core.package_identification:_identify(gym_env/lib/python3.12/site-packages/pip/_internal/index/__pycache__) by extensions ['python_setup_py']
[0.991s] Level 1:colcon.colcon_core.package_identification:_identify(gym_env/lib/python3.12/site-packages/pip/_internal/index/__pycache__) by extension 'python_setup_py'
[0.991s] Level 1:colcon.colcon_core.package_identification:_identify(gym_env/lib/python3.12/site-packages/pip/_internal/locations) by extensions ['ignore', 'ignore_ament_install']
[0.991s] Level 1:colcon.colcon_core.package_identification:_identify(gym_env/lib/python3.12/site-packages/pip/_internal/locations) by extension 'ignore'
[0.991s] Level 1:colcon.colcon_core.package_identification:_identify(gym_env/lib/python3.12/site-packages/pip/_internal/locations) by extension 'ignore_ament_install'
[0.992s] Level 1:colcon.colcon_core.package_identification:_identify(gym_env/lib/python3.12/site-packages/pip/_internal/locations) by extensions ['colcon_pkg']
[0.992s] Level 1:colcon.colcon_core.package_identification:_identify(gym_env/lib/python3.12/site-packages/pip/_internal/locations) by extension 'colcon_pkg'
[0.992s] Level 1:colcon.colcon_core.package_identification:_identify(gym_env/lib/python3.12/site-packages/pip/_internal/locations) by extensions ['colcon_meta']
[0.992s] Level 1:colcon.colcon_core.package_identification:_identify(gym_env/lib/python3.12/site-packages/pip/_internal/locations) by extension 'colcon_meta'
[0.992s] Level 1:colcon.colcon_core.package_identification:_identify(gym_env/lib/python3.12/site-packages/pip/_internal/locations) by extensions ['ros']
[0.992s] Level 1:colcon.colcon_core.package_identification:_identify(gym_env/lib/python3.12/site-packages/pip/_internal/locations) by extension 'ros'
[0.992s] Level 1:colcon.colcon_core.package_identification:_identify(gym_env/lib/python3.12/site-packages/pip/_internal/locations) by extensions ['cmake', 'python']
[0.992s] Level 1:colcon.colcon_core.package_identification:_identify(gym_env/lib/python3.12/site-packages/pip/_internal/locations) by extension 'cmake'
[0.993s] Level 1:colcon.colcon_core.package_identification:_identify(gym_env/lib/python3.12/site-packages/pip/_internal/locations) by extension 'python'
[0.993s] Level 1:colcon.colcon_core.package_identification:_identify(gym_env/lib/python3.12/site-packages/pip/_internal/locations) by extensions ['python_setup_py']
[0.993s] Level 1:colcon.colcon_core.package_identification:_identify(gym_env/lib/python3.12/site-packages/pip/_internal/locations) by extension 'python_setup_py'
[0.993s] Level 1:colcon.colcon_core.package_identification:_identify(gym_env/lib/python3.12/site-packages/pip/_internal/locations/__pycache__) by extensions ['ignore', 'ignore_ament_install']
[0.994s] Level 1:colcon.colcon_core.package_identification:_identify(gym_env/lib/python3.12/site-packages/pip/_internal/locations/__pycache__) by extension 'ignore'
[0.994s] Level 1:colcon.colcon_core.package_identification:_identify(gym_env/lib/python3.12/site-packages/pip/_internal/locations/__pycache__) by extension 'ignore_ament_install'
[0.994s] Level 1:colcon.colcon_core.package_identification:_identify(gym_env/lib/python3.12/site-packages/pip/_internal/locations/__pycache__) by extensions ['colcon_pkg']
[0.994s] Level 1:colcon.colcon_core.package_identification:_identify(gym_env/lib/python3.12/site-packages/pip/_internal/locations/__pycache__) by extension 'colcon_pkg'
[0.994s] Level 1:colcon.colcon_core.package_identification:_identify(gym_env/lib/python3.12/site-packages/pip/_internal/locations/__pycache__) by extensions ['colcon_meta']
[0.994s] Level 1:colcon.colcon_core.package_identification:_identify(gym_env/lib/python3.12/site-packages/pip/_internal/locations/__pycache__) by extension 'colcon_meta'
[0.994s] Level 1:colcon.colcon_core.package_identification:_identify(gym_env/lib/python3.12/site-packages/pip/_internal/locations/__pycache__) by extensions ['ros']
[0.994s] Level 1:colcon.colcon_core.package_identification:_identify(gym_env/lib/python3.12/site-packages/pip/_internal/locations/__pycache__) by extension 'ros'
[0.995s] Level 1:colcon.colcon_core.package_identification:_identify(gym_env/lib/python3.12/site-packages/pip/_internal/locations/__pycache__) by extensions ['cmake', 'python']
[0.995s] Level 1:colcon.colcon_core.package_identification:_identify(gym_env/lib/python3.12/site-packages/pip/_internal/locations/__pycache__) by extension 'cmake'
[0.995s] Level 1:colcon.colcon_core.package_identification:_identify(gym_env/lib/python3.12/site-packages/pip/_internal/locations/__pycache__) by extension 'python'
[0.995s] Level 1:colcon.colcon_core.package_identification:_identify(gym_env/lib/python3.12/site-packages/pip/_internal/locations/__pycache__) by extensions ['python_setup_py']
[0.995s] Level 1:colcon.colcon_core.package_identification:_identify(gym_env/lib/python3.12/site-packages/pip/_internal/locations/__pycache__) by extension 'python_setup_py'
[0.996s] Level 1:colcon.colcon_core.package_identification:_identify(gym_env/lib/python3.12/site-packages/pip/_internal/metadata) by extensions ['ignore', 'ignore_ament_install']
[0.996s] Level 1:colcon.colcon_core.package_identification:_identify(gym_env/lib/python3.12/site-packages/pip/_internal/metadata) by extension 'ignore'
[0.996s] Level 1:colcon.colcon_core.package_identification:_identify(gym_env/lib/python3.12/site-packages/pip/_internal/metadata) by extension 'ignore_ament_install'
[0.996s] Level 1:colcon.colcon_core.package_identification:_identify(gym_env/lib/python3.12/site-packages/pip/_internal/metadata) by extensions ['colcon_pkg']
[0.996s] Level 1:colcon.colcon_core.package_identification:_identify(gym_env/lib/python3.12/site-packages/pip/_internal/metadata) by extension 'colcon_pkg'
[0.996s] Level 1:colcon.colcon_core.package_identification:_identify(gym_env/lib/python3.12/site-packages/pip/_internal/metadata) by extensions ['colcon_meta']
[0.996s] Level 1:colcon.colcon_core.package_identification:_identify(gym_env/lib/python3.12/site-packages/pip/_internal/metadata) by extension 'colcon_meta'
[0.996s] Level 1:colcon.colcon_core.package_identification:_identify(gym_env/lib/python3.12/site-packages/pip/_internal/metadata) by extensions ['ros']
[0.996s] Level 1:colcon.colcon_core.package_identification:_identify(gym_env/lib/python3.12/site-packages/pip/_internal/metadata) by extension 'ros'
[0.997s] Level 1:colcon.colcon_core.package_identification:_identify(gym_env/lib/python3.12/site-packages/pip/_internal/metadata) by extensions ['cmake', 'python']
[0.997s] Level 1:colcon.colcon_core.package_identification:_identify(gym_env/lib/python3.12/site-packages/pip/_internal/metadata) by extension 'cmake'
[0.997s] Level 1:colcon.colcon_core.package_identification:_identify(gym_env/lib/python3.12/site-packages/pip/_internal/metadata) by extension 'python'
[0.997s] Level 1:colcon.colcon_core.package_identification:_identify(gym_env/lib/python3.12/site-packages/pip/_internal/metadata) by extensions ['python_setup_py']
[0.997s] Level 1:colcon.colcon_core.package_identification:_identify(gym_env/lib/python3.12/site-packages/pip/_internal/metadata) by extension 'python_setup_py'
[0.998s] Level 1:colcon.colcon_core.package_identification:_identify(gym_env/lib/python3.12/site-packages/pip/_internal/metadata/__pycache__) by extensions ['ignore', 'ignore_ament_install']
[0.998s] Level 1:colcon.colcon_core.package_identification:_identify(gym_env/lib/python3.12/site-packages/pip/_internal/metadata/__pycache__) by extension 'ignore'
[0.998s] Level 1:colcon.colcon_core.package_identification:_identify(gym_env/lib/python3.12/site-packages/pip/_internal/metadata/__pycache__) by extension 'ignore_ament_install'
[0.998s] Level 1:colcon.colcon_core.package_identification:_identify(gym_env/lib/python3.12/site-packages/pip/_internal/metadata/__pycache__) by extensions ['colcon_pkg']
[0.998s] Level 1:colcon.colcon_core.package_identification:_identify(gym_env/lib/python3.12/site-packages/pip/_internal/metadata/__pycache__) by extension 'colcon_pkg'
[0.998s] Level 1:colcon.colcon_core.package_identification:_identify(gym_env/lib/python3.12/site-packages/pip/_internal/metadata/__pycache__) by extensions ['colcon_meta']
[0.998s] Level 1:colcon.colcon_core.package_identification:_identify(gym_env/lib/python3.12/site-packages/pip/_internal/metadata/__pycache__) by extension 'colcon_meta'
[0.999s] Level 1:colcon.colcon_core.package_identification:_identify(gym_env/lib/python3.12/site-packages/pip/_internal/metadata/__pycache__) by extensions ['ros']
[0.999s] Level 1:colcon.colcon_core.package_identification:_identify(gym_env/lib/python3.12/site-packages/pip/_internal/metadata/__pycache__) by extension 'ros'
[0.999s] Level 1:colcon.colcon_core.package_identification:_identify(gym_env/lib/python3.12/site-packages/pip/_internal/metadata/__pycache__) by extensions ['cmake', 'python']
[0.999s] Level 1:colcon.colcon_core.package_identification:_identify(gym_env/lib/python3.12/site-packages/pip/_internal/metadata/__pycache__) by extension 'cmake'
[0.999s] Level 1:colcon.colcon_core.package_identification:_identify(gym_env/lib/python3.12/site-packages/pip/_internal/metadata/__pycache__) by extension 'python'
[0.999s] Level 1:colcon.colcon_core.package_identification:_identify(gym_env/lib/python3.12/site-packages/pip/_internal/metadata/__pycache__) by extensions ['python_setup_py']
[0.999s] Level 1:colcon.colcon_core.package_identification:_identify(gym_env/lib/python3.12/site-packages/pip/_internal/metadata/__pycache__) by extension 'python_setup_py'
[1.000s] Level 1:colcon.colcon_core.package_identification:_identify(gym_env/lib/python3.12/site-packages/pip/_internal/metadata/importlib) by extensions ['ignore', 'ignore_ament_install']
[1.001s] Level 1:colcon.colcon_core.package_identification:_identify(gym_env/lib/python3.12/site-packages/pip/_internal/metadata/importlib) by extension 'ignore'
[1.001s] Level 1:colcon.colcon_core.package_identification:_identify(gym_env/lib/python3.12/site-packages/pip/_internal/metadata/importlib) by extension 'ignore_ament_install'
[1.001s] Level 1:colcon.colcon_core.package_identification:_identify(gym_env/lib/python3.12/site-packages/pip/_internal/metadata/importlib) by extensions ['colcon_pkg']
[1.001s] Level 1:colcon.colcon_core.package_identification:_identify(gym_env/lib/python3.12/site-packages/pip/_internal/metadata/importlib) by extension 'colcon_pkg'
[1.001s] Level 1:colcon.colcon_core.package_identification:_identify(gym_env/lib/python3.12/site-packages/pip/_internal/metadata/importlib) by extensions ['colcon_meta']
[1.002s] Level 1:colcon.colcon_core.package_identification:_identify(gym_env/lib/python3.12/site-packages/pip/_internal/metadata/importlib) by extension 'colcon_meta'
[1.002s] Level 1:colcon.colcon_core.package_identification:_identify(gym_env/lib/python3.12/site-packages/pip/_internal/metadata/importlib) by extensions ['ros']
[1.002s] Level 1:colcon.colcon_core.package_identification:_identify(gym_env/lib/python3.12/site-packages/pip/_internal/metadata/importlib) by extension 'ros'
[1.002s] Level 1:colcon.colcon_core.package_identification:_identify(gym_env/lib/python3.12/site-packages/pip/_internal/metadata/importlib) by extensions ['cmake', 'python']
[1.002s] Level 1:colcon.colcon_core.package_identification:_identify(gym_env/lib/python3.12/site-packages/pip/_internal/metadata/importlib) by extension 'cmake'
[1.002s] Level 1:colcon.colcon_core.package_identification:_identify(gym_env/lib/python3.12/site-packages/pip/_internal/metadata/importlib) by extension 'python'
[1.003s] Level 1:colcon.colcon_core.package_identification:_identify(gym_env/lib/python3.12/site-packages/pip/_internal/metadata/importlib) by extensions ['python_setup_py']
[1.003s] Level 1:colcon.colcon_core.package_identification:_identify(gym_env/lib/python3.12/site-packages/pip/_internal/metadata/importlib) by extension 'python_setup_py'
[1.003s] Level 1:colcon.colcon_core.package_identification:_identify(gym_env/lib/python3.12/site-packages/pip/_internal/metadata/importlib/__pycache__) by extensions ['ignore', 'ignore_ament_install']
[1.004s] Level 1:colcon.colcon_core.package_identification:_identify(gym_env/lib/python3.12/site-packages/pip/_internal/metadata/importlib/__pycache__) by extension 'ignore'
[1.004s] Level 1:colcon.colcon_core.package_identification:_identify(gym_env/lib/python3.12/site-packages/pip/_internal/metadata/importlib/__pycache__) by extension 'ignore_ament_install'
[1.004s] Level 1:colcon.colcon_core.package_identification:_identify(gym_env/lib/python3.12/site-packages/pip/_internal/metadata/importlib/__pycache__) by extensions ['colcon_pkg']
[1.004s] Level 1:colcon.colcon_core.package_identification:_identify(gym_env/lib/python3.12/site-packages/pip/_internal/metadata/importlib/__pycache__) by extension 'colcon_pkg'
[1.004s] Level 1:colcon.colcon_core.package_identification:_identify(gym_env/lib/python3.12/site-packages/pip/_internal/metadata/importlib/__pycache__) by extensions ['colcon_meta']
[1.004s] Level 1:colcon.colcon_core.package_identification:_identify(gym_env/lib/python3.12/site-packages/pip/_internal/metadata/importlib/__pycache__) by extension 'colcon_meta'
[1.004s] Level 1:colcon.colcon_core.package_identification:_identify(gym_env/lib/python3.12/site-packages/pip/_internal/metadata/importlib/__pycache__) by extensions ['ros']
[1.005s] Level 1:colcon.colcon_core.package_identification:_identify(gym_env/lib/python3.12/site-packages/pip/_internal/metadata/importlib/__pycache__) by extension 'ros'
[1.005s] Level 1:colcon.colcon_core.package_identification:_identify(gym_env/lib/python3.12/site-packages/pip/_internal/metadata/importlib/__pycache__) by extensions ['cmake', 'python']
[1.005s] Level 1:colcon.colcon_core.package_identification:_identify(gym_env/lib/python3.12/site-packages/pip/_internal/metadata/importlib/__pycache__) by extension 'cmake'
[1.005s] Level 1:colcon.colcon_core.package_identification:_identify(gym_env/lib/python3.12/site-packages/pip/_internal/metadata/importlib/__pycache__) by extension 'python'
[1.005s] Level 1:colcon.colcon_core.package_identification:_identify(gym_env/lib/python3.12/site-packages/pip/_internal/metadata/importlib/__pycache__) by extensions ['python_setup_py']
[1.005s] Level 1:colcon.colcon_core.package_identification:_identify(gym_env/lib/python3.12/site-packages/pip/_internal/metadata/importlib/__pycache__) by extension 'python_setup_py'
[1.006s] Level 1:colcon.colcon_core.package_identification:_identify(gym_env/lib/python3.12/site-packages/pip/_internal/models) by extensions ['ignore', 'ignore_ament_install']
[1.006s] Level 1:colcon.colcon_core.package_identification:_identify(gym_env/lib/python3.12/site-packages/pip/_internal/models) by extension 'ignore'
[1.006s] Level 1:colcon.colcon_core.package_identification:_identify(gym_env/lib/python3.12/site-packages/pip/_internal/models) by extension 'ignore_ament_install'
[1.007s] Level 1:colcon.colcon_core.package_identification:_identify(gym_env/lib/python3.12/site-packages/pip/_internal/models) by extensions ['colcon_pkg']
[1.007s] Level 1:colcon.colcon_core.package_identification:_identify(gym_env/lib/python3.12/site-packages/pip/_internal/models) by extension 'colcon_pkg'
[1.007s] Level 1:colcon.colcon_core.package_identification:_identify(gym_env/lib/python3.12/site-packages/pip/_internal/models) by extensions ['colcon_meta']
[1.007s] Level 1:colcon.colcon_core.package_identification:_identify(gym_env/lib/python3.12/site-packages/pip/_internal/models) by extension 'colcon_meta'
[1.007s] Level 1:colcon.colcon_core.package_identification:_identify(gym_env/lib/python3.12/site-packages/pip/_internal/models) by extensions ['ros']
[1.007s] Level 1:colcon.colcon_core.package_identification:_identify(gym_env/lib/python3.12/site-packages/pip/_internal/models) by extension 'ros'
[1.007s] Level 1:colcon.colcon_core.package_identification:_identify(gym_env/lib/python3.12/site-packages/pip/_internal/models) by extensions ['cmake', 'python']
[1.007s] Level 1:colcon.colcon_core.package_identification:_identify(gym_env/lib/python3.12/site-packages/pip/_internal/models) by extension 'cmake'
[1.008s] Level 1:colcon.colcon_core.package_identification:_identify(gym_env/lib/python3.12/site-packages/pip/_internal/models) by extension 'python'
[1.008s] Level 1:colcon.colcon_core.package_identification:_identify(gym_env/lib/python3.12/site-packages/pip/_internal/models) by extensions ['python_setup_py']
[1.008s] Level 1:colcon.colcon_core.package_identification:_identify(gym_env/lib/python3.12/site-packages/pip/_internal/models) by extension 'python_setup_py'
[1.008s] Level 1:colcon.colcon_core.package_identification:_identify(gym_env/lib/python3.12/site-packages/pip/_internal/models/__pycache__) by extensions ['ignore', 'ignore_ament_install']
[1.008s] Level 1:colcon.colcon_core.package_identification:_identify(gym_env/lib/python3.12/site-packages/pip/_internal/models/__pycache__) by extension 'ignore'
[1.009s] Level 1:colcon.colcon_core.package_identification:_identify(gym_env/lib/python3.12/site-packages/pip/_internal/models/__pycache__) by extension 'ignore_ament_install'
[1.009s] Level 1:colcon.colcon_core.package_identification:_identify(gym_env/lib/python3.12/site-packages/pip/_internal/models/__pycache__) by extensions ['colcon_pkg']
[1.009s] Level 1:colcon.colcon_core.package_identification:_identify(gym_env/lib/python3.12/site-packages/pip/_internal/models/__pycache__) by extension 'colcon_pkg'
[1.009s] Level 1:colcon.colcon_core.package_identification:_identify(gym_env/lib/python3.12/site-packages/pip/_internal/models/__pycache__) by extensions ['colcon_meta']
[1.009s] Level 1:colcon.colcon_core.package_identification:_identify(gym_env/lib/python3.12/site-packages/pip/_internal/models/__pycache__) by extension 'colcon_meta'
[1.009s] Level 1:colcon.colcon_core.package_identification:_identify(gym_env/lib/python3.12/site-packages/pip/_internal/models/__pycache__) by extensions ['ros']
[1.009s] Level 1:colcon.colcon_core.package_identification:_identify(gym_env/lib/python3.12/site-packages/pip/_internal/models/__pycache__) by extension 'ros'
[1.009s] Level 1:colcon.colcon_core.package_identification:_identify(gym_env/lib/python3.12/site-packages/pip/_internal/models/__pycache__) by extensions ['cmake', 'python']
[1.010s] Level 1:colcon.colcon_core.package_identification:_identify(gym_env/lib/python3.12/site-packages/pip/_internal/models/__pycache__) by extension 'cmake'
[1.010s] Level 1:colcon.colcon_core.package_identification:_identify(gym_env/lib/python3.12/site-packages/pip/_internal/models/__pycache__) by extension 'python'
[1.010s] Level 1:colcon.colcon_core.package_identification:_identify(gym_env/lib/python3.12/site-packages/pip/_internal/models/__pycache__) by extensions ['python_setup_py']
[1.010s] Level 1:colcon.colcon_core.package_identification:_identify(gym_env/lib/python3.12/site-packages/pip/_internal/models/__pycache__) by extension 'python_setup_py'
[1.010s] Level 1:colcon.colcon_core.package_identification:_identify(gym_env/lib/python3.12/site-packages/pip/_internal/network) by extensions ['ignore', 'ignore_ament_install']
[1.010s] Level 1:colcon.colcon_core.package_identification:_identify(gym_env/lib/python3.12/site-packages/pip/_internal/network) by extension 'ignore'
[1.010s] Level 1:colcon.colcon_core.package_identification:_identify(gym_env/lib/python3.12/site-packages/pip/_internal/network) by extension 'ignore_ament_install'
[1.011s] Level 1:colcon.colcon_core.package_identification:_identify(gym_env/lib/python3.12/site-packages/pip/_internal/network) by extensions ['colcon_pkg']
[1.011s] Level 1:colcon.colcon_core.package_identification:_identify(gym_env/lib/python3.12/site-packages/pip/_internal/network) by extension 'colcon_pkg'
[1.011s] Level 1:colcon.colcon_core.package_identification:_identify(gym_env/lib/python3.12/site-packages/pip/_internal/network) by extensions ['colcon_meta']
[1.011s] Level 1:colcon.colcon_core.package_identification:_identify(gym_env/lib/python3.12/site-packages/pip/_internal/network) by extension 'colcon_meta'
[1.011s] Level 1:colcon.colcon_core.package_identification:_identify(gym_env/lib/python3.12/site-packages/pip/_internal/network) by extensions ['ros']
[1.011s] Level 1:colcon.colcon_core.package_identification:_identify(gym_env/lib/python3.12/site-packages/pip/_internal/network) by extension 'ros'
[1.012s] Level 1:colcon.colcon_core.package_identification:_identify(gym_env/lib/python3.12/site-packages/pip/_internal/network) by extensions ['cmake', 'python']
[1.012s] Level 1:colcon.colcon_core.package_identification:_identify(gym_env/lib/python3.12/site-packages/pip/_internal/network) by extension 'cmake'
[1.012s] Level 1:colcon.colcon_core.package_identification:_identify(gym_env/lib/python3.12/site-packages/pip/_internal/network) by extension 'python'
[1.012s] Level 1:colcon.colcon_core.package_identification:_identify(gym_env/lib/python3.12/site-packages/pip/_internal/network) by extensions ['python_setup_py']
[1.012s] Level 1:colcon.colcon_core.package_identification:_identify(gym_env/lib/python3.12/site-packages/pip/_internal/network) by extension 'python_setup_py'
[1.012s] Level 1:colcon.colcon_core.package_identification:_identify(gym_env/lib/python3.12/site-packages/pip/_internal/network/__pycache__) by extensions ['ignore', 'ignore_ament_install']
[1.013s] Level 1:colcon.colcon_core.package_identification:_identify(gym_env/lib/python3.12/site-packages/pip/_internal/network/__pycache__) by extension 'ignore'
[1.013s] Level 1:colcon.colcon_core.package_identification:_identify(gym_env/lib/python3.12/site-packages/pip/_internal/network/__pycache__) by extension 'ignore_ament_install'
[1.013s] Level 1:colcon.colcon_core.package_identification:_identify(gym_env/lib/python3.12/site-packages/pip/_internal/network/__pycache__) by extensions ['colcon_pkg']
[1.013s] Level 1:colcon.colcon_core.package_identification:_identify(gym_env/lib/python3.12/site-packages/pip/_internal/network/__pycache__) by extension 'colcon_pkg'
[1.014s] Level 1:colcon.colcon_core.package_identification:_identify(gym_env/lib/python3.12/site-packages/pip/_internal/network/__pycache__) by extensions ['colcon_meta']
[1.014s] Level 1:colcon.colcon_core.package_identification:_identify(gym_env/lib/python3.12/site-packages/pip/_internal/network/__pycache__) by extension 'colcon_meta'
[1.014s] Level 1:colcon.colcon_core.package_identification:_identify(gym_env/lib/python3.12/site-packages/pip/_internal/network/__pycache__) by extensions ['ros']
[1.014s] Level 1:colcon.colcon_core.package_identification:_identify(gym_env/lib/python3.12/site-packages/pip/_internal/network/__pycache__) by extension 'ros'
[1.015s] Level 1:colcon.colcon_core.package_identification:_identify(gym_env/lib/python3.12/site-packages/pip/_internal/network/__pycache__) by extensions ['cmake', 'python']
[1.015s] Level 1:colcon.colcon_core.package_identification:_identify(gym_env/lib/python3.12/site-packages/pip/_internal/network/__pycache__) by extension 'cmake'
[1.015s] Level 1:colcon.colcon_core.package_identification:_identify(gym_env/lib/python3.12/site-packages/pip/_internal/network/__pycache__) by extension 'python'
[1.015s] Level 1:colcon.colcon_core.package_identification:_identify(gym_env/lib/python3.12/site-packages/pip/_internal/network/__pycache__) by extensions ['python_setup_py']
[1.015s] Level 1:colcon.colcon_core.package_identification:_identify(gym_env/lib/python3.12/site-packages/pip/_internal/network/__pycache__) by extension 'python_setup_py'
[1.016s] Level 1:colcon.colcon_core.package_identification:_identify(gym_env/lib/python3.12/site-packages/pip/_internal/operations) by extensions ['ignore', 'ignore_ament_install']
[1.016s] Level 1:colcon.colcon_core.package_identification:_identify(gym_env/lib/python3.12/site-packages/pip/_internal/operations) by extension 'ignore'
[1.017s] Level 1:colcon.colcon_core.package_identification:_identify(gym_env/lib/python3.12/site-packages/pip/_internal/operations) by extension 'ignore_ament_install'
[1.017s] Level 1:colcon.colcon_core.package_identification:_identify(gym_env/lib/python3.12/site-packages/pip/_internal/operations) by extensions ['colcon_pkg']
[1.017s] Level 1:colcon.colcon_core.package_identification:_identify(gym_env/lib/python3.12/site-packages/pip/_internal/operations) by extension 'colcon_pkg'
[1.017s] Level 1:colcon.colcon_core.package_identification:_identify(gym_env/lib/python3.12/site-packages/pip/_internal/operations) by extensions ['colcon_meta']
[1.017s] Level 1:colcon.colcon_core.package_identification:_identify(gym_env/lib/python3.12/site-packages/pip/_internal/operations) by extension 'colcon_meta'
[1.018s] Level 1:colcon.colcon_core.package_identification:_identify(gym_env/lib/python3.12/site-packages/pip/_internal/operations) by extensions ['ros']
[1.018s] Level 1:colcon.colcon_core.package_identification:_identify(gym_env/lib/python3.12/site-packages/pip/_internal/operations) by extension 'ros'
[1.018s] Level 1:colcon.colcon_core.package_identification:_identify(gym_env/lib/python3.12/site-packages/pip/_internal/operations) by extensions ['cmake', 'python']
[1.018s] Level 1:colcon.colcon_core.package_identification:_identify(gym_env/lib/python3.12/site-packages/pip/_internal/operations) by extension 'cmake'
[1.018s] Level 1:colcon.colcon_core.package_identification:_identify(gym_env/lib/python3.12/site-packages/pip/_internal/operations) by extension 'python'
[1.019s] Level 1:colcon.colcon_core.package_identification:_identify(gym_env/lib/python3.12/site-packages/pip/_internal/operations) by extensions ['python_setup_py']
[1.019s] Level 1:colcon.colcon_core.package_identification:_identify(gym_env/lib/python3.12/site-packages/pip/_internal/operations) by extension 'python_setup_py'
[1.020s] Level 1:colcon.colcon_core.package_identification:_identify(gym_env/lib/python3.12/site-packages/pip/_internal/operations/__pycache__) by extensions ['ignore', 'ignore_ament_install']
[1.020s] Level 1:colcon.colcon_core.package_identification:_identify(gym_env/lib/python3.12/site-packages/pip/_internal/operations/__pycache__) by extension 'ignore'
[1.020s] Level 1:colcon.colcon_core.package_identification:_identify(gym_env/lib/python3.12/site-packages/pip/_internal/operations/__pycache__) by extension 'ignore_ament_install'
[1.020s] Level 1:colcon.colcon_core.package_identification:_identify(gym_env/lib/python3.12/site-packages/pip/_internal/operations/__pycache__) by extensions ['colcon_pkg']
[1.020s] Level 1:colcon.colcon_core.package_identification:_identify(gym_env/lib/python3.12/site-packages/pip/_internal/operations/__pycache__) by extension 'colcon_pkg'
[1.020s] Level 1:colcon.colcon_core.package_identification:_identify(gym_env/lib/python3.12/site-packages/pip/_internal/operations/__pycache__) by extensions ['colcon_meta']
[1.021s] Level 1:colcon.colcon_core.package_identification:_identify(gym_env/lib/python3.12/site-packages/pip/_internal/operations/__pycache__) by extension 'colcon_meta'
[1.021s] Level 1:colcon.colcon_core.package_identification:_identify(gym_env/lib/python3.12/site-packages/pip/_internal/operations/__pycache__) by extensions ['ros']
[1.021s] Level 1:colcon.colcon_core.package_identification:_identify(gym_env/lib/python3.12/site-packages/pip/_internal/operations/__pycache__) by extension 'ros'
[1.021s] Level 1:colcon.colcon_core.package_identification:_identify(gym_env/lib/python3.12/site-packages/pip/_internal/operations/__pycache__) by extensions ['cmake', 'python']
[1.021s] Level 1:colcon.colcon_core.package_identification:_identify(gym_env/lib/python3.12/site-packages/pip/_internal/operations/__pycache__) by extension 'cmake'
[1.021s] Level 1:colcon.colcon_core.package_identification:_identify(gym_env/lib/python3.12/site-packages/pip/_internal/operations/__pycache__) by extension 'python'
[1.021s] Level 1:colcon.colcon_core.package_identification:_identify(gym_env/lib/python3.12/site-packages/pip/_internal/operations/__pycache__) by extensions ['python_setup_py']
[1.021s] Level 1:colcon.colcon_core.package_identification:_identify(gym_env/lib/python3.12/site-packages/pip/_internal/operations/__pycache__) by extension 'python_setup_py'
[1.022s] Level 1:colcon.colcon_core.package_identification:_identify(gym_env/lib/python3.12/site-packages/pip/_internal/operations/build) by extensions ['ignore', 'ignore_ament_install']
[1.022s] Level 1:colcon.colcon_core.package_identification:_identify(gym_env/lib/python3.12/site-packages/pip/_internal/operations/build) by extension 'ignore'
[1.022s] Level 1:colcon.colcon_core.package_identification:_identify(gym_env/lib/python3.12/site-packages/pip/_internal/operations/build) by extension 'ignore_ament_install'
[1.022s] Level 1:colcon.colcon_core.package_identification:_identify(gym_env/lib/python3.12/site-packages/pip/_internal/operations/build) by extensions ['colcon_pkg']
[1.022s] Level 1:colcon.colcon_core.package_identification:_identify(gym_env/lib/python3.12/site-packages/pip/_internal/operations/build) by extension 'colcon_pkg'
[1.022s] Level 1:colcon.colcon_core.package_identification:_identify(gym_env/lib/python3.12/site-packages/pip/_internal/operations/build) by extensions ['colcon_meta']
[1.022s] Level 1:colcon.colcon_core.package_identification:_identify(gym_env/lib/python3.12/site-packages/pip/_internal/operations/build) by extension 'colcon_meta'
[1.022s] Level 1:colcon.colcon_core.package_identification:_identify(gym_env/lib/python3.12/site-packages/pip/_internal/operations/build) by extensions ['ros']
[1.023s] Level 1:colcon.colcon_core.package_identification:_identify(gym_env/lib/python3.12/site-packages/pip/_internal/operations/build) by extension 'ros'
[1.023s] Level 1:colcon.colcon_core.package_identification:_identify(gym_env/lib/python3.12/site-packages/pip/_internal/operations/build) by extensions ['cmake', 'python']
[1.023s] Level 1:colcon.colcon_core.package_identification:_identify(gym_env/lib/python3.12/site-packages/pip/_internal/operations/build) by extension 'cmake'
[1.023s] Level 1:colcon.colcon_core.package_identification:_identify(gym_env/lib/python3.12/site-packages/pip/_internal/operations/build) by extension 'python'
[1.023s] Level 1:colcon.colcon_core.package_identification:_identify(gym_env/lib/python3.12/site-packages/pip/_internal/operations/build) by extensions ['python_setup_py']
[1.023s] Level 1:colcon.colcon_core.package_identification:_identify(gym_env/lib/python3.12/site-packages/pip/_internal/operations/build) by extension 'python_setup_py'
[1.023s] Level 1:colcon.colcon_core.package_identification:_identify(gym_env/lib/python3.12/site-packages/pip/_internal/operations/build/__pycache__) by extensions ['ignore', 'ignore_ament_install']
[1.024s] Level 1:colcon.colcon_core.package_identification:_identify(gym_env/lib/python3.12/site-packages/pip/_internal/operations/build/__pycache__) by extension 'ignore'
[1.024s] Level 1:colcon.colcon_core.package_identification:_identify(gym_env/lib/python3.12/site-packages/pip/_internal/operations/build/__pycache__) by extension 'ignore_ament_install'
[1.024s] Level 1:colcon.colcon_core.package_identification:_identify(gym_env/lib/python3.12/site-packages/pip/_internal/operations/build/__pycache__) by extensions ['colcon_pkg']
[1.024s] Level 1:colcon.colcon_core.package_identification:_identify(gym_env/lib/python3.12/site-packages/pip/_internal/operations/build/__pycache__) by extension 'colcon_pkg'
[1.024s] Level 1:colcon.colcon_core.package_identification:_identify(gym_env/lib/python3.12/site-packages/pip/_internal/operations/build/__pycache__) by extensions ['colcon_meta']
[1.024s] Level 1:colcon.colcon_core.package_identification:_identify(gym_env/lib/python3.12/site-packages/pip/_internal/operations/build/__pycache__) by extension 'colcon_meta'
[1.024s] Level 1:colcon.colcon_core.package_identification:_identify(gym_env/lib/python3.12/site-packages/pip/_internal/operations/build/__pycache__) by extensions ['ros']
[1.024s] Level 1:colcon.colcon_core.package_identification:_identify(gym_env/lib/python3.12/site-packages/pip/_internal/operations/build/__pycache__) by extension 'ros'
[1.025s] Level 1:colcon.colcon_core.package_identification:_identify(gym_env/lib/python3.12/site-packages/pip/_internal/operations/build/__pycache__) by extensions ['cmake', 'python']
[1.025s] Level 1:colcon.colcon_core.package_identification:_identify(gym_env/lib/python3.12/site-packages/pip/_internal/operations/build/__pycache__) by extension 'cmake'
[1.025s] Level 1:colcon.colcon_core.package_identification:_identify(gym_env/lib/python3.12/site-packages/pip/_internal/operations/build/__pycache__) by extension 'python'
[1.025s] Level 1:colcon.colcon_core.package_identification:_identify(gym_env/lib/python3.12/site-packages/pip/_internal/operations/build/__pycache__) by extensions ['python_setup_py']
[1.025s] Level 1:colcon.colcon_core.package_identification:_identify(gym_env/lib/python3.12/site-packages/pip/_internal/operations/build/__pycache__) by extension 'python_setup_py'
[1.025s] Level 1:colcon.colcon_core.package_identification:_identify(gym_env/lib/python3.12/site-packages/pip/_internal/operations/install) by extensions ['ignore', 'ignore_ament_install']
[1.025s] Level 1:colcon.colcon_core.package_identification:_identify(gym_env/lib/python3.12/site-packages/pip/_internal/operations/install) by extension 'ignore'
[1.026s] Level 1:colcon.colcon_core.package_identification:_identify(gym_env/lib/python3.12/site-packages/pip/_internal/operations/install) by extension 'ignore_ament_install'
[1.026s] Level 1:colcon.colcon_core.package_identification:_identify(gym_env/lib/python3.12/site-packages/pip/_internal/operations/install) by extensions ['colcon_pkg']
[1.026s] Level 1:colcon.colcon_core.package_identification:_identify(gym_env/lib/python3.12/site-packages/pip/_internal/operations/install) by extension 'colcon_pkg'
[1.026s] Level 1:colcon.colcon_core.package_identification:_identify(gym_env/lib/python3.12/site-packages/pip/_internal/operations/install) by extensions ['colcon_meta']
[1.026s] Level 1:colcon.colcon_core.package_identification:_identify(gym_env/lib/python3.12/site-packages/pip/_internal/operations/install) by extension 'colcon_meta'
[1.026s] Level 1:colcon.colcon_core.package_identification:_identify(gym_env/lib/python3.12/site-packages/pip/_internal/operations/install) by extensions ['ros']
[1.026s] Level 1:colcon.colcon_core.package_identification:_identify(gym_env/lib/python3.12/site-packages/pip/_internal/operations/install) by extension 'ros'
[1.026s] Level 1:colcon.colcon_core.package_identification:_identify(gym_env/lib/python3.12/site-packages/pip/_internal/operations/install) by extensions ['cmake', 'python']
[1.026s] Level 1:colcon.colcon_core.package_identification:_identify(gym_env/lib/python3.12/site-packages/pip/_internal/operations/install) by extension 'cmake'
[1.027s] Level 1:colcon.colcon_core.package_identification:_identify(gym_env/lib/python3.12/site-packages/pip/_internal/operations/install) by extension 'python'
[1.027s] Level 1:colcon.colcon_core.package_identification:_identify(gym_env/lib/python3.12/site-packages/pip/_internal/operations/install) by extensions ['python_setup_py']
[1.027s] Level 1:colcon.colcon_core.package_identification:_identify(gym_env/lib/python3.12/site-packages/pip/_internal/operations/install) by extension 'python_setup_py'
[1.027s] Level 1:colcon.colcon_core.package_identification:_identify(gym_env/lib/python3.12/site-packages/pip/_internal/operations/install/__pycache__) by extensions ['ignore', 'ignore_ament_install']
[1.027s] Level 1:colcon.colcon_core.package_identification:_identify(gym_env/lib/python3.12/site-packages/pip/_internal/operations/install/__pycache__) by extension 'ignore'
[1.028s] Level 1:colcon.colcon_core.package_identification:_identify(gym_env/lib/python3.12/site-packages/pip/_internal/operations/install/__pycache__) by extension 'ignore_ament_install'
[1.028s] Level 1:colcon.colcon_core.package_identification:_identify(gym_env/lib/python3.12/site-packages/pip/_internal/operations/install/__pycache__) by extensions ['colcon_pkg']
[1.028s] Level 1:colcon.colcon_core.package_identification:_identify(gym_env/lib/python3.12/site-packages/pip/_internal/operations/install/__pycache__) by extension 'colcon_pkg'
[1.028s] Level 1:colcon.colcon_core.package_identification:_identify(gym_env/lib/python3.12/site-packages/pip/_internal/operations/install/__pycache__) by extensions ['colcon_meta']
[1.028s] Level 1:colcon.colcon_core.package_identification:_identify(gym_env/lib/python3.12/site-packages/pip/_internal/operations/install/__pycache__) by extension 'colcon_meta'
[1.029s] Level 1:colcon.colcon_core.package_identification:_identify(gym_env/lib/python3.12/site-packages/pip/_internal/operations/install/__pycache__) by extensions ['ros']
[1.029s] Level 1:colcon.colcon_core.package_identification:_identify(gym_env/lib/python3.12/site-packages/pip/_internal/operations/install/__pycache__) by extension 'ros'
[1.029s] Level 1:colcon.colcon_core.package_identification:_identify(gym_env/lib/python3.12/site-packages/pip/_internal/operations/install/__pycache__) by extensions ['cmake', 'python']
[1.029s] Level 1:colcon.colcon_core.package_identification:_identify(gym_env/lib/python3.12/site-packages/pip/_internal/operations/install/__pycache__) by extension 'cmake'
[1.029s] Level 1:colcon.colcon_core.package_identification:_identify(gym_env/lib/python3.12/site-packages/pip/_internal/operations/install/__pycache__) by extension 'python'
[1.030s] Level 1:colcon.colcon_core.package_identification:_identify(gym_env/lib/python3.12/site-packages/pip/_internal/operations/install/__pycache__) by extensions ['python_setup_py']
[1.030s] Level 1:colcon.colcon_core.package_identification:_identify(gym_env/lib/python3.12/site-packages/pip/_internal/operations/install/__pycache__) by extension 'python_setup_py'
[1.030s] Level 1:colcon.colcon_core.package_identification:_identify(gym_env/lib/python3.12/site-packages/pip/_internal/req) by extensions ['ignore', 'ignore_ament_install']
[1.030s] Level 1:colcon.colcon_core.package_identification:_identify(gym_env/lib/python3.12/site-packages/pip/_internal/req) by extension 'ignore'
[1.031s] Level 1:colcon.colcon_core.package_identification:_identify(gym_env/lib/python3.12/site-packages/pip/_internal/req) by extension 'ignore_ament_install'
[1.031s] Level 1:colcon.colcon_core.package_identification:_identify(gym_env/lib/python3.12/site-packages/pip/_internal/req) by extensions ['colcon_pkg']
[1.031s] Level 1:colcon.colcon_core.package_identification:_identify(gym_env/lib/python3.12/site-packages/pip/_internal/req) by extension 'colcon_pkg'
[1.032s] Level 1:colcon.colcon_core.package_identification:_identify(gym_env/lib/python3.12/site-packages/pip/_internal/req) by extensions ['colcon_meta']
[1.032s] Level 1:colcon.colcon_core.package_identification:_identify(gym_env/lib/python3.12/site-packages/pip/_internal/req) by extension 'colcon_meta'
[1.032s] Level 1:colcon.colcon_core.package_identification:_identify(gym_env/lib/python3.12/site-packages/pip/_internal/req) by extensions ['ros']
[1.032s] Level 1:colcon.colcon_core.package_identification:_identify(gym_env/lib/python3.12/site-packages/pip/_internal/req) by extension 'ros'
[1.033s] Level 1:colcon.colcon_core.package_identification:_identify(gym_env/lib/python3.12/site-packages/pip/_internal/req) by extensions ['cmake', 'python']
[1.033s] Level 1:colcon.colcon_core.package_identification:_identify(gym_env/lib/python3.12/site-packages/pip/_internal/req) by extension 'cmake'
[1.033s] Level 1:colcon.colcon_core.package_identification:_identify(gym_env/lib/python3.12/site-packages/pip/_internal/req) by extension 'python'
[1.033s] Level 1:colcon.colcon_core.package_identification:_identify(gym_env/lib/python3.12/site-packages/pip/_internal/req) by extensions ['python_setup_py']
[1.033s] Level 1:colcon.colcon_core.package_identification:_identify(gym_env/lib/python3.12/site-packages/pip/_internal/req) by extension 'python_setup_py'
[1.034s] Level 1:colcon.colcon_core.package_identification:_identify(gym_env/lib/python3.12/site-packages/pip/_internal/req/__pycache__) by extensions ['ignore', 'ignore_ament_install']
[1.034s] Level 1:colcon.colcon_core.package_identification:_identify(gym_env/lib/python3.12/site-packages/pip/_internal/req/__pycache__) by extension 'ignore'
[1.034s] Level 1:colcon.colcon_core.package_identification:_identify(gym_env/lib/python3.12/site-packages/pip/_internal/req/__pycache__) by extension 'ignore_ament_install'
[1.035s] Level 1:colcon.colcon_core.package_identification:_identify(gym_env/lib/python3.12/site-packages/pip/_internal/req/__pycache__) by extensions ['colcon_pkg']
[1.035s] Level 1:colcon.colcon_core.package_identification:_identify(gym_env/lib/python3.12/site-packages/pip/_internal/req/__pycache__) by extension 'colcon_pkg'
[1.035s] Level 1:colcon.colcon_core.package_identification:_identify(gym_env/lib/python3.12/site-packages/pip/_internal/req/__pycache__) by extensions ['colcon_meta']
[1.035s] Level 1:colcon.colcon_core.package_identification:_identify(gym_env/lib/python3.12/site-packages/pip/_internal/req/__pycache__) by extension 'colcon_meta'
[1.035s] Level 1:colcon.colcon_core.package_identification:_identify(gym_env/lib/python3.12/site-packages/pip/_internal/req/__pycache__) by extensions ['ros']
[1.035s] Level 1:colcon.colcon_core.package_identification:_identify(gym_env/lib/python3.12/site-packages/pip/_internal/req/__pycache__) by extension 'ros'
[1.035s] Level 1:colcon.colcon_core.package_identification:_identify(gym_env/lib/python3.12/site-packages/pip/_internal/req/__pycache__) by extensions ['cmake', 'python']
[1.035s] Level 1:colcon.colcon_core.package_identification:_identify(gym_env/lib/python3.12/site-packages/pip/_internal/req/__pycache__) by extension 'cmake'
[1.036s] Level 1:colcon.colcon_core.package_identification:_identify(gym_env/lib/python3.12/site-packages/pip/_internal/req/__pycache__) by extension 'python'
[1.036s] Level 1:colcon.colcon_core.package_identification:_identify(gym_env/lib/python3.12/site-packages/pip/_internal/req/__pycache__) by extensions ['python_setup_py']
[1.036s] Level 1:colcon.colcon_core.package_identification:_identify(gym_env/lib/python3.12/site-packages/pip/_internal/req/__pycache__) by extension 'python_setup_py'
[1.036s] Level 1:colcon.colcon_core.package_identification:_identify(gym_env/lib/python3.12/site-packages/pip/_internal/resolution) by extensions ['ignore', 'ignore_ament_install']
[1.036s] Level 1:colcon.colcon_core.package_identification:_identify(gym_env/lib/python3.12/site-packages/pip/_internal/resolution) by extension 'ignore'
[1.036s] Level 1:colcon.colcon_core.package_identification:_identify(gym_env/lib/python3.12/site-packages/pip/_internal/resolution) by extension 'ignore_ament_install'
[1.037s] Level 1:colcon.colcon_core.package_identification:_identify(gym_env/lib/python3.12/site-packages/pip/_internal/resolution) by extensions ['colcon_pkg']
[1.037s] Level 1:colcon.colcon_core.package_identification:_identify(gym_env/lib/python3.12/site-packages/pip/_internal/resolution) by extension 'colcon_pkg'
[1.037s] Level 1:colcon.colcon_core.package_identification:_identify(gym_env/lib/python3.12/site-packages/pip/_internal/resolution) by extensions ['colcon_meta']
[1.037s] Level 1:colcon.colcon_core.package_identification:_identify(gym_env/lib/python3.12/site-packages/pip/_internal/resolution) by extension 'colcon_meta'
[1.037s] Level 1:colcon.colcon_core.package_identification:_identify(gym_env/lib/python3.12/site-packages/pip/_internal/resolution) by extensions ['ros']
[1.037s] Level 1:colcon.colcon_core.package_identification:_identify(gym_env/lib/python3.12/site-packages/pip/_internal/resolution) by extension 'ros'
[1.037s] Level 1:colcon.colcon_core.package_identification:_identify(gym_env/lib/python3.12/site-packages/pip/_internal/resolution) by extensions ['cmake', 'python']
[1.037s] Level 1:colcon.colcon_core.package_identification:_identify(gym_env/lib/python3.12/site-packages/pip/_internal/resolution) by extension 'cmake'
[1.037s] Level 1:colcon.colcon_core.package_identification:_identify(gym_env/lib/python3.12/site-packages/pip/_internal/resolution) by extension 'python'
[1.037s] Level 1:colcon.colcon_core.package_identification:_identify(gym_env/lib/python3.12/site-packages/pip/_internal/resolution) by extensions ['python_setup_py']
[1.038s] Level 1:colcon.colcon_core.package_identification:_identify(gym_env/lib/python3.12/site-packages/pip/_internal/resolution) by extension 'python_setup_py'
[1.038s] Level 1:colcon.colcon_core.package_identification:_identify(gym_env/lib/python3.12/site-packages/pip/_internal/resolution/__pycache__) by extensions ['ignore', 'ignore_ament_install']
[1.038s] Level 1:colcon.colcon_core.package_identification:_identify(gym_env/lib/python3.12/site-packages/pip/_internal/resolution/__pycache__) by extension 'ignore'
[1.038s] Level 1:colcon.colcon_core.package_identification:_identify(gym_env/lib/python3.12/site-packages/pip/_internal/resolution/__pycache__) by extension 'ignore_ament_install'
[1.038s] Level 1:colcon.colcon_core.package_identification:_identify(gym_env/lib/python3.12/site-packages/pip/_internal/resolution/__pycache__) by extensions ['colcon_pkg']
[1.039s] Level 1:colcon.colcon_core.package_identification:_identify(gym_env/lib/python3.12/site-packages/pip/_internal/resolution/__pycache__) by extension 'colcon_pkg'
[1.039s] Level 1:colcon.colcon_core.package_identification:_identify(gym_env/lib/python3.12/site-packages/pip/_internal/resolution/__pycache__) by extensions ['colcon_meta']
[1.039s] Level 1:colcon.colcon_core.package_identification:_identify(gym_env/lib/python3.12/site-packages/pip/_internal/resolution/__pycache__) by extension 'colcon_meta'
[1.039s] Level 1:colcon.colcon_core.package_identification:_identify(gym_env/lib/python3.12/site-packages/pip/_internal/resolution/__pycache__) by extensions ['ros']
[1.039s] Level 1:colcon.colcon_core.package_identification:_identify(gym_env/lib/python3.12/site-packages/pip/_internal/resolution/__pycache__) by extension 'ros'
[1.039s] Level 1:colcon.colcon_core.package_identification:_identify(gym_env/lib/python3.12/site-packages/pip/_internal/resolution/__pycache__) by extensions ['cmake', 'python']
[1.039s] Level 1:colcon.colcon_core.package_identification:_identify(gym_env/lib/python3.12/site-packages/pip/_internal/resolution/__pycache__) by extension 'cmake'
[1.039s] Level 1:colcon.colcon_core.package_identification:_identify(gym_env/lib/python3.12/site-packages/pip/_internal/resolution/__pycache__) by extension 'python'
[1.039s] Level 1:colcon.colcon_core.package_identification:_identify(gym_env/lib/python3.12/site-packages/pip/_internal/resolution/__pycache__) by extensions ['python_setup_py']
[1.039s] Level 1:colcon.colcon_core.package_identification:_identify(gym_env/lib/python3.12/site-packages/pip/_internal/resolution/__pycache__) by extension 'python_setup_py'
[1.040s] Level 1:colcon.colcon_core.package_identification:_identify(gym_env/lib/python3.12/site-packages/pip/_internal/resolution/legacy) by extensions ['ignore', 'ignore_ament_install']
[1.040s] Level 1:colcon.colcon_core.package_identification:_identify(gym_env/lib/python3.12/site-packages/pip/_internal/resolution/legacy) by extension 'ignore'
[1.040s] Level 1:colcon.colcon_core.package_identification:_identify(gym_env/lib/python3.12/site-packages/pip/_internal/resolution/legacy) by extension 'ignore_ament_install'
[1.041s] Level 1:colcon.colcon_core.package_identification:_identify(gym_env/lib/python3.12/site-packages/pip/_internal/resolution/legacy) by extensions ['colcon_pkg']
[1.041s] Level 1:colcon.colcon_core.package_identification:_identify(gym_env/lib/python3.12/site-packages/pip/_internal/resolution/legacy) by extension 'colcon_pkg'
[1.041s] Level 1:colcon.colcon_core.package_identification:_identify(gym_env/lib/python3.12/site-packages/pip/_internal/resolution/legacy) by extensions ['colcon_meta']
[1.041s] Level 1:colcon.colcon_core.package_identification:_identify(gym_env/lib/python3.12/site-packages/pip/_internal/resolution/legacy) by extension 'colcon_meta'
[1.041s] Level 1:colcon.colcon_core.package_identification:_identify(gym_env/lib/python3.12/site-packages/pip/_internal/resolution/legacy) by extensions ['ros']
[1.041s] Level 1:colcon.colcon_core.package_identification:_identify(gym_env/lib/python3.12/site-packages/pip/_internal/resolution/legacy) by extension 'ros'
[1.041s] Level 1:colcon.colcon_core.package_identification:_identify(gym_env/lib/python3.12/site-packages/pip/_internal/resolution/legacy) by extensions ['cmake', 'python']
[1.041s] Level 1:colcon.colcon_core.package_identification:_identify(gym_env/lib/python3.12/site-packages/pip/_internal/resolution/legacy) by extension 'cmake'
[1.041s] Level 1:colcon.colcon_core.package_identification:_identify(gym_env/lib/python3.12/site-packages/pip/_internal/resolution/legacy) by extension 'python'
[1.042s] Level 1:colcon.colcon_core.package_identification:_identify(gym_env/lib/python3.12/site-packages/pip/_internal/resolution/legacy) by extensions ['python_setup_py']
[1.042s] Level 1:colcon.colcon_core.package_identification:_identify(gym_env/lib/python3.12/site-packages/pip/_internal/resolution/legacy) by extension 'python_setup_py'
[1.042s] Level 1:colcon.colcon_core.package_identification:_identify(gym_env/lib/python3.12/site-packages/pip/_internal/resolution/legacy/__pycache__) by extensions ['ignore', 'ignore_ament_install']
[1.042s] Level 1:colcon.colcon_core.package_identification:_identify(gym_env/lib/python3.12/site-packages/pip/_internal/resolution/legacy/__pycache__) by extension 'ignore'
[1.042s] Level 1:colcon.colcon_core.package_identification:_identify(gym_env/lib/python3.12/site-packages/pip/_internal/resolution/legacy/__pycache__) by extension 'ignore_ament_install'
[1.043s] Level 1:colcon.colcon_core.package_identification:_identify(gym_env/lib/python3.12/site-packages/pip/_internal/resolution/legacy/__pycache__) by extensions ['colcon_pkg']
[1.043s] Level 1:colcon.colcon_core.package_identification:_identify(gym_env/lib/python3.12/site-packages/pip/_internal/resolution/legacy/__pycache__) by extension 'colcon_pkg'
[1.043s] Level 1:colcon.colcon_core.package_identification:_identify(gym_env/lib/python3.12/site-packages/pip/_internal/resolution/legacy/__pycache__) by extensions ['colcon_meta']
[1.043s] Level 1:colcon.colcon_core.package_identification:_identify(gym_env/lib/python3.12/site-packages/pip/_internal/resolution/legacy/__pycache__) by extension 'colcon_meta'
[1.043s] Level 1:colcon.colcon_core.package_identification:_identify(gym_env/lib/python3.12/site-packages/pip/_internal/resolution/legacy/__pycache__) by extensions ['ros']
[1.043s] Level 1:colcon.colcon_core.package_identification:_identify(gym_env/lib/python3.12/site-packages/pip/_internal/resolution/legacy/__pycache__) by extension 'ros'
[1.043s] Level 1:colcon.colcon_core.package_identification:_identify(gym_env/lib/python3.12/site-packages/pip/_internal/resolution/legacy/__pycache__) by extensions ['cmake', 'python']
[1.043s] Level 1:colcon.colcon_core.package_identification:_identify(gym_env/lib/python3.12/site-packages/pip/_internal/resolution/legacy/__pycache__) by extension 'cmake'
[1.043s] Level 1:colcon.colcon_core.package_identification:_identify(gym_env/lib/python3.12/site-packages/pip/_internal/resolution/legacy/__pycache__) by extension 'python'
[1.044s] Level 1:colcon.colcon_core.package_identification:_identify(gym_env/lib/python3.12/site-packages/pip/_internal/resolution/legacy/__pycache__) by extensions ['python_setup_py']
[1.044s] Level 1:colcon.colcon_core.package_identification:_identify(gym_env/lib/python3.12/site-packages/pip/_internal/resolution/legacy/__pycache__) by extension 'python_setup_py'
[1.044s] Level 1:colcon.colcon_core.package_identification:_identify(gym_env/lib/python3.12/site-packages/pip/_internal/resolution/resolvelib) by extensions ['ignore', 'ignore_ament_install']
[1.044s] Level 1:colcon.colcon_core.package_identification:_identify(gym_env/lib/python3.12/site-packages/pip/_internal/resolution/resolvelib) by extension 'ignore'
[1.044s] Level 1:colcon.colcon_core.package_identification:_identify(gym_env/lib/python3.12/site-packages/pip/_internal/resolution/resolvelib) by extension 'ignore_ament_install'
[1.044s] Level 1:colcon.colcon_core.package_identification:_identify(gym_env/lib/python3.12/site-packages/pip/_internal/resolution/resolvelib) by extensions ['colcon_pkg']
[1.045s] Level 1:colcon.colcon_core.package_identification:_identify(gym_env/lib/python3.12/site-packages/pip/_internal/resolution/resolvelib) by extension 'colcon_pkg'
[1.045s] Level 1:colcon.colcon_core.package_identification:_identify(gym_env/lib/python3.12/site-packages/pip/_internal/resolution/resolvelib) by extensions ['colcon_meta']
[1.045s] Level 1:colcon.colcon_core.package_identification:_identify(gym_env/lib/python3.12/site-packages/pip/_internal/resolution/resolvelib) by extension 'colcon_meta'
[1.045s] Level 1:colcon.colcon_core.package_identification:_identify(gym_env/lib/python3.12/site-packages/pip/_internal/resolution/resolvelib) by extensions ['ros']
[1.045s] Level 1:colcon.colcon_core.package_identification:_identify(gym_env/lib/python3.12/site-packages/pip/_internal/resolution/resolvelib) by extension 'ros'
[1.045s] Level 1:colcon.colcon_core.package_identification:_identify(gym_env/lib/python3.12/site-packages/pip/_internal/resolution/resolvelib) by extensions ['cmake', 'python']
[1.045s] Level 1:colcon.colcon_core.package_identification:_identify(gym_env/lib/python3.12/site-packages/pip/_internal/resolution/resolvelib) by extension 'cmake'
[1.045s] Level 1:colcon.colcon_core.package_identification:_identify(gym_env/lib/python3.12/site-packages/pip/_internal/resolution/resolvelib) by extension 'python'
[1.045s] Level 1:colcon.colcon_core.package_identification:_identify(gym_env/lib/python3.12/site-packages/pip/_internal/resolution/resolvelib) by extensions ['python_setup_py']
[1.045s] Level 1:colcon.colcon_core.package_identification:_identify(gym_env/lib/python3.12/site-packages/pip/_internal/resolution/resolvelib) by extension 'python_setup_py'
[1.046s] Level 1:colcon.colcon_core.package_identification:_identify(gym_env/lib/python3.12/site-packages/pip/_internal/resolution/resolvelib/__pycache__) by extensions ['ignore', 'ignore_ament_install']
[1.046s] Level 1:colcon.colcon_core.package_identification:_identify(gym_env/lib/python3.12/site-packages/pip/_internal/resolution/resolvelib/__pycache__) by extension 'ignore'
[1.046s] Level 1:colcon.colcon_core.package_identification:_identify(gym_env/lib/python3.12/site-packages/pip/_internal/resolution/resolvelib/__pycache__) by extension 'ignore_ament_install'
[1.046s] Level 1:colcon.colcon_core.package_identification:_identify(gym_env/lib/python3.12/site-packages/pip/_internal/resolution/resolvelib/__pycache__) by extensions ['colcon_pkg']
[1.046s] Level 1:colcon.colcon_core.package_identification:_identify(gym_env/lib/python3.12/site-packages/pip/_internal/resolution/resolvelib/__pycache__) by extension 'colcon_pkg'
[1.046s] Level 1:colcon.colcon_core.package_identification:_identify(gym_env/lib/python3.12/site-packages/pip/_internal/resolution/resolvelib/__pycache__) by extensions ['colcon_meta']
[1.047s] Level 1:colcon.colcon_core.package_identification:_identify(gym_env/lib/python3.12/site-packages/pip/_internal/resolution/resolvelib/__pycache__) by extension 'colcon_meta'
[1.047s] Level 1:colcon.colcon_core.package_identification:_identify(gym_env/lib/python3.12/site-packages/pip/_internal/resolution/resolvelib/__pycache__) by extensions ['ros']
[1.047s] Level 1:colcon.colcon_core.package_identification:_identify(gym_env/lib/python3.12/site-packages/pip/_internal/resolution/resolvelib/__pycache__) by extension 'ros'
[1.047s] Level 1:colcon.colcon_core.package_identification:_identify(gym_env/lib/python3.12/site-packages/pip/_internal/resolution/resolvelib/__pycache__) by extensions ['cmake', 'python']
[1.047s] Level 1:colcon.colcon_core.package_identification:_identify(gym_env/lib/python3.12/site-packages/pip/_internal/resolution/resolvelib/__pycache__) by extension 'cmake'
[1.047s] Level 1:colcon.colcon_core.package_identification:_identify(gym_env/lib/python3.12/site-packages/pip/_internal/resolution/resolvelib/__pycache__) by extension 'python'
[1.047s] Level 1:colcon.colcon_core.package_identification:_identify(gym_env/lib/python3.12/site-packages/pip/_internal/resolution/resolvelib/__pycache__) by extensions ['python_setup_py']
[1.047s] Level 1:colcon.colcon_core.package_identification:_identify(gym_env/lib/python3.12/site-packages/pip/_internal/resolution/resolvelib/__pycache__) by extension 'python_setup_py'
[1.048s] Level 1:colcon.colcon_core.package_identification:_identify(gym_env/lib/python3.12/site-packages/pip/_internal/utils) by extensions ['ignore', 'ignore_ament_install']
[1.048s] Level 1:colcon.colcon_core.package_identification:_identify(gym_env/lib/python3.12/site-packages/pip/_internal/utils) by extension 'ignore'
[1.048s] Level 1:colcon.colcon_core.package_identification:_identify(gym_env/lib/python3.12/site-packages/pip/_internal/utils) by extension 'ignore_ament_install'
[1.048s] Level 1:colcon.colcon_core.package_identification:_identify(gym_env/lib/python3.12/site-packages/pip/_internal/utils) by extensions ['colcon_pkg']
[1.048s] Level 1:colcon.colcon_core.package_identification:_identify(gym_env/lib/python3.12/site-packages/pip/_internal/utils) by extension 'colcon_pkg'
[1.048s] Level 1:colcon.colcon_core.package_identification:_identify(gym_env/lib/python3.12/site-packages/pip/_internal/utils) by extensions ['colcon_meta']
[1.048s] Level 1:colcon.colcon_core.package_identification:_identify(gym_env/lib/python3.12/site-packages/pip/_internal/utils) by extension 'colcon_meta'
[1.048s] Level 1:colcon.colcon_core.package_identification:_identify(gym_env/lib/python3.12/site-packages/pip/_internal/utils) by extensions ['ros']
[1.048s] Level 1:colcon.colcon_core.package_identification:_identify(gym_env/lib/python3.12/site-packages/pip/_internal/utils) by extension 'ros'
[1.049s] Level 1:colcon.colcon_core.package_identification:_identify(gym_env/lib/python3.12/site-packages/pip/_internal/utils) by extensions ['cmake', 'python']
[1.049s] Level 1:colcon.colcon_core.package_identification:_identify(gym_env/lib/python3.12/site-packages/pip/_internal/utils) by extension 'cmake'
[1.049s] Level 1:colcon.colcon_core.package_identification:_identify(gym_env/lib/python3.12/site-packages/pip/_internal/utils) by extension 'python'
[1.049s] Level 1:colcon.colcon_core.package_identification:_identify(gym_env/lib/python3.12/site-packages/pip/_internal/utils) by extensions ['python_setup_py']
[1.049s] Level 1:colcon.colcon_core.package_identification:_identify(gym_env/lib/python3.12/site-packages/pip/_internal/utils) by extension 'python_setup_py'
[1.050s] Level 1:colcon.colcon_core.package_identification:_identify(gym_env/lib/python3.12/site-packages/pip/_internal/utils/__pycache__) by extensions ['ignore', 'ignore_ament_install']
[1.050s] Level 1:colcon.colcon_core.package_identification:_identify(gym_env/lib/python3.12/site-packages/pip/_internal/utils/__pycache__) by extension 'ignore'
[1.050s] Level 1:colcon.colcon_core.package_identification:_identify(gym_env/lib/python3.12/site-packages/pip/_internal/utils/__pycache__) by extension 'ignore_ament_install'
[1.050s] Level 1:colcon.colcon_core.package_identification:_identify(gym_env/lib/python3.12/site-packages/pip/_internal/utils/__pycache__) by extensions ['colcon_pkg']
[1.050s] Level 1:colcon.colcon_core.package_identification:_identify(gym_env/lib/python3.12/site-packages/pip/_internal/utils/__pycache__) by extension 'colcon_pkg'
[1.051s] Level 1:colcon.colcon_core.package_identification:_identify(gym_env/lib/python3.12/site-packages/pip/_internal/utils/__pycache__) by extensions ['colcon_meta']
[1.051s] Level 1:colcon.colcon_core.package_identification:_identify(gym_env/lib/python3.12/site-packages/pip/_internal/utils/__pycache__) by extension 'colcon_meta'
[1.051s] Level 1:colcon.colcon_core.package_identification:_identify(gym_env/lib/python3.12/site-packages/pip/_internal/utils/__pycache__) by extensions ['ros']
[1.051s] Level 1:colcon.colcon_core.package_identification:_identify(gym_env/lib/python3.12/site-packages/pip/_internal/utils/__pycache__) by extension 'ros'
[1.051s] Level 1:colcon.colcon_core.package_identification:_identify(gym_env/lib/python3.12/site-packages/pip/_internal/utils/__pycache__) by extensions ['cmake', 'python']
[1.052s] Level 1:colcon.colcon_core.package_identification:_identify(gym_env/lib/python3.12/site-packages/pip/_internal/utils/__pycache__) by extension 'cmake'
[1.052s] Level 1:colcon.colcon_core.package_identification:_identify(gym_env/lib/python3.12/site-packages/pip/_internal/utils/__pycache__) by extension 'python'
[1.052s] Level 1:colcon.colcon_core.package_identification:_identify(gym_env/lib/python3.12/site-packages/pip/_internal/utils/__pycache__) by extensions ['python_setup_py']
[1.052s] Level 1:colcon.colcon_core.package_identification:_identify(gym_env/lib/python3.12/site-packages/pip/_internal/utils/__pycache__) by extension 'python_setup_py'
[1.053s] Level 1:colcon.colcon_core.package_identification:_identify(gym_env/lib/python3.12/site-packages/pip/_internal/vcs) by extensions ['ignore', 'ignore_ament_install']
[1.053s] Level 1:colcon.colcon_core.package_identification:_identify(gym_env/lib/python3.12/site-packages/pip/_internal/vcs) by extension 'ignore'
[1.053s] Level 1:colcon.colcon_core.package_identification:_identify(gym_env/lib/python3.12/site-packages/pip/_internal/vcs) by extension 'ignore_ament_install'
[1.054s] Level 1:colcon.colcon_core.package_identification:_identify(gym_env/lib/python3.12/site-packages/pip/_internal/vcs) by extensions ['colcon_pkg']
[1.054s] Level 1:colcon.colcon_core.package_identification:_identify(gym_env/lib/python3.12/site-packages/pip/_internal/vcs) by extension 'colcon_pkg'
[1.054s] Level 1:colcon.colcon_core.package_identification:_identify(gym_env/lib/python3.12/site-packages/pip/_internal/vcs) by extensions ['colcon_meta']
[1.054s] Level 1:colcon.colcon_core.package_identification:_identify(gym_env/lib/python3.12/site-packages/pip/_internal/vcs) by extension 'colcon_meta'
[1.054s] Level 1:colcon.colcon_core.package_identification:_identify(gym_env/lib/python3.12/site-packages/pip/_internal/vcs) by extensions ['ros']
[1.054s] Level 1:colcon.colcon_core.package_identification:_identify(gym_env/lib/python3.12/site-packages/pip/_internal/vcs) by extension 'ros'
[1.055s] Level 1:colcon.colcon_core.package_identification:_identify(gym_env/lib/python3.12/site-packages/pip/_internal/vcs) by extensions ['cmake', 'python']
[1.055s] Level 1:colcon.colcon_core.package_identification:_identify(gym_env/lib/python3.12/site-packages/pip/_internal/vcs) by extension 'cmake'
[1.055s] Level 1:colcon.colcon_core.package_identification:_identify(gym_env/lib/python3.12/site-packages/pip/_internal/vcs) by extension 'python'
[1.055s] Level 1:colcon.colcon_core.package_identification:_identify(gym_env/lib/python3.12/site-packages/pip/_internal/vcs) by extensions ['python_setup_py']
[1.055s] Level 1:colcon.colcon_core.package_identification:_identify(gym_env/lib/python3.12/site-packages/pip/_internal/vcs) by extension 'python_setup_py'
[1.056s] Level 1:colcon.colcon_core.package_identification:_identify(gym_env/lib/python3.12/site-packages/pip/_internal/vcs/__pycache__) by extensions ['ignore', 'ignore_ament_install']
[1.056s] Level 1:colcon.colcon_core.package_identification:_identify(gym_env/lib/python3.12/site-packages/pip/_internal/vcs/__pycache__) by extension 'ignore'
[1.056s] Level 1:colcon.colcon_core.package_identification:_identify(gym_env/lib/python3.12/site-packages/pip/_internal/vcs/__pycache__) by extension 'ignore_ament_install'
[1.057s] Level 1:colcon.colcon_core.package_identification:_identify(gym_env/lib/python3.12/site-packages/pip/_internal/vcs/__pycache__) by extensions ['colcon_pkg']
[1.057s] Level 1:colcon.colcon_core.package_identification:_identify(gym_env/lib/python3.12/site-packages/pip/_internal/vcs/__pycache__) by extension 'colcon_pkg'
[1.057s] Level 1:colcon.colcon_core.package_identification:_identify(gym_env/lib/python3.12/site-packages/pip/_internal/vcs/__pycache__) by extensions ['colcon_meta']
[1.057s] Level 1:colcon.colcon_core.package_identification:_identify(gym_env/lib/python3.12/site-packages/pip/_internal/vcs/__pycache__) by extension 'colcon_meta'
[1.057s] Level 1:colcon.colcon_core.package_identification:_identify(gym_env/lib/python3.12/site-packages/pip/_internal/vcs/__pycache__) by extensions ['ros']
[1.057s] Level 1:colcon.colcon_core.package_identification:_identify(gym_env/lib/python3.12/site-packages/pip/_internal/vcs/__pycache__) by extension 'ros'
[1.057s] Level 1:colcon.colcon_core.package_identification:_identify(gym_env/lib/python3.12/site-packages/pip/_internal/vcs/__pycache__) by extensions ['cmake', 'python']
[1.058s] Level 1:colcon.colcon_core.package_identification:_identify(gym_env/lib/python3.12/site-packages/pip/_internal/vcs/__pycache__) by extension 'cmake'
[1.058s] Level 1:colcon.colcon_core.package_identification:_identify(gym_env/lib/python3.12/site-packages/pip/_internal/vcs/__pycache__) by extension 'python'
[1.058s] Level 1:colcon.colcon_core.package_identification:_identify(gym_env/lib/python3.12/site-packages/pip/_internal/vcs/__pycache__) by extensions ['python_setup_py']
[1.058s] Level 1:colcon.colcon_core.package_identification:_identify(gym_env/lib/python3.12/site-packages/pip/_internal/vcs/__pycache__) by extension 'python_setup_py'
[1.058s] Level 1:colcon.colcon_core.package_identification:_identify(gym_env/lib/python3.12/site-packages/pip/_vendor) by extensions ['ignore', 'ignore_ament_install']
[1.059s] Level 1:colcon.colcon_core.package_identification:_identify(gym_env/lib/python3.12/site-packages/pip/_vendor) by extension 'ignore'
[1.059s] Level 1:colcon.colcon_core.package_identification:_identify(gym_env/lib/python3.12/site-packages/pip/_vendor) by extension 'ignore_ament_install'
[1.059s] Level 1:colcon.colcon_core.package_identification:_identify(gym_env/lib/python3.12/site-packages/pip/_vendor) by extensions ['colcon_pkg']
[1.059s] Level 1:colcon.colcon_core.package_identification:_identify(gym_env/lib/python3.12/site-packages/pip/_vendor) by extension 'colcon_pkg'
[1.059s] Level 1:colcon.colcon_core.package_identification:_identify(gym_env/lib/python3.12/site-packages/pip/_vendor) by extensions ['colcon_meta']
[1.059s] Level 1:colcon.colcon_core.package_identification:_identify(gym_env/lib/python3.12/site-packages/pip/_vendor) by extension 'colcon_meta'
[1.060s] Level 1:colcon.colcon_core.package_identification:_identify(gym_env/lib/python3.12/site-packages/pip/_vendor) by extensions ['ros']
[1.060s] Level 1:colcon.colcon_core.package_identification:_identify(gym_env/lib/python3.12/site-packages/pip/_vendor) by extension 'ros'
[1.060s] Level 1:colcon.colcon_core.package_identification:_identify(gym_env/lib/python3.12/site-packages/pip/_vendor) by extensions ['cmake', 'python']
[1.060s] Level 1:colcon.colcon_core.package_identification:_identify(gym_env/lib/python3.12/site-packages/pip/_vendor) by extension 'cmake'
[1.060s] Level 1:colcon.colcon_core.package_identification:_identify(gym_env/lib/python3.12/site-packages/pip/_vendor) by extension 'python'
[1.060s] Level 1:colcon.colcon_core.package_identification:_identify(gym_env/lib/python3.12/site-packages/pip/_vendor) by extensions ['python_setup_py']
[1.060s] Level 1:colcon.colcon_core.package_identification:_identify(gym_env/lib/python3.12/site-packages/pip/_vendor) by extension 'python_setup_py'
[1.061s] Level 1:colcon.colcon_core.package_identification:_identify(gym_env/lib/python3.12/site-packages/pip/_vendor/__pycache__) by extensions ['ignore', 'ignore_ament_install']
[1.061s] Level 1:colcon.colcon_core.package_identification:_identify(gym_env/lib/python3.12/site-packages/pip/_vendor/__pycache__) by extension 'ignore'
[1.061s] Level 1:colcon.colcon_core.package_identification:_identify(gym_env/lib/python3.12/site-packages/pip/_vendor/__pycache__) by extension 'ignore_ament_install'
[1.061s] Level 1:colcon.colcon_core.package_identification:_identify(gym_env/lib/python3.12/site-packages/pip/_vendor/__pycache__) by extensions ['colcon_pkg']
[1.062s] Level 1:colcon.colcon_core.package_identification:_identify(gym_env/lib/python3.12/site-packages/pip/_vendor/__pycache__) by extension 'colcon_pkg'
[1.062s] Level 1:colcon.colcon_core.package_identification:_identify(gym_env/lib/python3.12/site-packages/pip/_vendor/__pycache__) by extensions ['colcon_meta']
[1.062s] Level 1:colcon.colcon_core.package_identification:_identify(gym_env/lib/python3.12/site-packages/pip/_vendor/__pycache__) by extension 'colcon_meta'
[1.062s] Level 1:colcon.colcon_core.package_identification:_identify(gym_env/lib/python3.12/site-packages/pip/_vendor/__pycache__) by extensions ['ros']
[1.062s] Level 1:colcon.colcon_core.package_identification:_identify(gym_env/lib/python3.12/site-packages/pip/_vendor/__pycache__) by extension 'ros'
[1.062s] Level 1:colcon.colcon_core.package_identification:_identify(gym_env/lib/python3.12/site-packages/pip/_vendor/__pycache__) by extensions ['cmake', 'python']
[1.062s] Level 1:colcon.colcon_core.package_identification:_identify(gym_env/lib/python3.12/site-packages/pip/_vendor/__pycache__) by extension 'cmake'
[1.062s] Level 1:colcon.colcon_core.package_identification:_identify(gym_env/lib/python3.12/site-packages/pip/_vendor/__pycache__) by extension 'python'
[1.062s] Level 1:colcon.colcon_core.package_identification:_identify(gym_env/lib/python3.12/site-packages/pip/_vendor/__pycache__) by extensions ['python_setup_py']
[1.062s] Level 1:colcon.colcon_core.package_identification:_identify(gym_env/lib/python3.12/site-packages/pip/_vendor/__pycache__) by extension 'python_setup_py'
[1.063s] Level 1:colcon.colcon_core.package_identification:_identify(gym_env/lib/python3.12/site-packages/pip/_vendor/cachecontrol) by extensions ['ignore', 'ignore_ament_install']
[1.063s] Level 1:colcon.colcon_core.package_identification:_identify(gym_env/lib/python3.12/site-packages/pip/_vendor/cachecontrol) by extension 'ignore'
[1.063s] Level 1:colcon.colcon_core.package_identification:_identify(gym_env/lib/python3.12/site-packages/pip/_vendor/cachecontrol) by extension 'ignore_ament_install'
[1.063s] Level 1:colcon.colcon_core.package_identification:_identify(gym_env/lib/python3.12/site-packages/pip/_vendor/cachecontrol) by extensions ['colcon_pkg']
[1.063s] Level 1:colcon.colcon_core.package_identification:_identify(gym_env/lib/python3.12/site-packages/pip/_vendor/cachecontrol) by extension 'colcon_pkg'
[1.063s] Level 1:colcon.colcon_core.package_identification:_identify(gym_env/lib/python3.12/site-packages/pip/_vendor/cachecontrol) by extensions ['colcon_meta']
[1.063s] Level 1:colcon.colcon_core.package_identification:_identify(gym_env/lib/python3.12/site-packages/pip/_vendor/cachecontrol) by extension 'colcon_meta'
[1.064s] Level 1:colcon.colcon_core.package_identification:_identify(gym_env/lib/python3.12/site-packages/pip/_vendor/cachecontrol) by extensions ['ros']
[1.064s] Level 1:colcon.colcon_core.package_identification:_identify(gym_env/lib/python3.12/site-packages/pip/_vendor/cachecontrol) by extension 'ros'
[1.064s] Level 1:colcon.colcon_core.package_identification:_identify(gym_env/lib/python3.12/site-packages/pip/_vendor/cachecontrol) by extensions ['cmake', 'python']
[1.064s] Level 1:colcon.colcon_core.package_identification:_identify(gym_env/lib/python3.12/site-packages/pip/_vendor/cachecontrol) by extension 'cmake'
[1.064s] Level 1:colcon.colcon_core.package_identification:_identify(gym_env/lib/python3.12/site-packages/pip/_vendor/cachecontrol) by extension 'python'
[1.064s] Level 1:colcon.colcon_core.package_identification:_identify(gym_env/lib/python3.12/site-packages/pip/_vendor/cachecontrol) by extensions ['python_setup_py']
[1.064s] Level 1:colcon.colcon_core.package_identification:_identify(gym_env/lib/python3.12/site-packages/pip/_vendor/cachecontrol) by extension 'python_setup_py'
[1.064s] Level 1:colcon.colcon_core.package_identification:_identify(gym_env/lib/python3.12/site-packages/pip/_vendor/cachecontrol/__pycache__) by extensions ['ignore', 'ignore_ament_install']
[1.065s] Level 1:colcon.colcon_core.package_identification:_identify(gym_env/lib/python3.12/site-packages/pip/_vendor/cachecontrol/__pycache__) by extension 'ignore'
[1.065s] Level 1:colcon.colcon_core.package_identification:_identify(gym_env/lib/python3.12/site-packages/pip/_vendor/cachecontrol/__pycache__) by extension 'ignore_ament_install'
[1.065s] Level 1:colcon.colcon_core.package_identification:_identify(gym_env/lib/python3.12/site-packages/pip/_vendor/cachecontrol/__pycache__) by extensions ['colcon_pkg']
[1.065s] Level 1:colcon.colcon_core.package_identification:_identify(gym_env/lib/python3.12/site-packages/pip/_vendor/cachecontrol/__pycache__) by extension 'colcon_pkg'
[1.065s] Level 1:colcon.colcon_core.package_identification:_identify(gym_env/lib/python3.12/site-packages/pip/_vendor/cachecontrol/__pycache__) by extensions ['colcon_meta']
[1.065s] Level 1:colcon.colcon_core.package_identification:_identify(gym_env/lib/python3.12/site-packages/pip/_vendor/cachecontrol/__pycache__) by extension 'colcon_meta'
[1.065s] Level 1:colcon.colcon_core.package_identification:_identify(gym_env/lib/python3.12/site-packages/pip/_vendor/cachecontrol/__pycache__) by extensions ['ros']
[1.065s] Level 1:colcon.colcon_core.package_identification:_identify(gym_env/lib/python3.12/site-packages/pip/_vendor/cachecontrol/__pycache__) by extension 'ros'
[1.066s] Level 1:colcon.colcon_core.package_identification:_identify(gym_env/lib/python3.12/site-packages/pip/_vendor/cachecontrol/__pycache__) by extensions ['cmake', 'python']
[1.066s] Level 1:colcon.colcon_core.package_identification:_identify(gym_env/lib/python3.12/site-packages/pip/_vendor/cachecontrol/__pycache__) by extension 'cmake'
[1.066s] Level 1:colcon.colcon_core.package_identification:_identify(gym_env/lib/python3.12/site-packages/pip/_vendor/cachecontrol/__pycache__) by extension 'python'
[1.066s] Level 1:colcon.colcon_core.package_identification:_identify(gym_env/lib/python3.12/site-packages/pip/_vendor/cachecontrol/__pycache__) by extensions ['python_setup_py']
[1.066s] Level 1:colcon.colcon_core.package_identification:_identify(gym_env/lib/python3.12/site-packages/pip/_vendor/cachecontrol/__pycache__) by extension 'python_setup_py'
[1.066s] Level 1:colcon.colcon_core.package_identification:_identify(gym_env/lib/python3.12/site-packages/pip/_vendor/cachecontrol/caches) by extensions ['ignore', 'ignore_ament_install']
[1.067s] Level 1:colcon.colcon_core.package_identification:_identify(gym_env/lib/python3.12/site-packages/pip/_vendor/cachecontrol/caches) by extension 'ignore'
[1.067s] Level 1:colcon.colcon_core.package_identification:_identify(gym_env/lib/python3.12/site-packages/pip/_vendor/cachecontrol/caches) by extension 'ignore_ament_install'
[1.067s] Level 1:colcon.colcon_core.package_identification:_identify(gym_env/lib/python3.12/site-packages/pip/_vendor/cachecontrol/caches) by extensions ['colcon_pkg']
[1.067s] Level 1:colcon.colcon_core.package_identification:_identify(gym_env/lib/python3.12/site-packages/pip/_vendor/cachecontrol/caches) by extension 'colcon_pkg'
[1.068s] Level 1:colcon.colcon_core.package_identification:_identify(gym_env/lib/python3.12/site-packages/pip/_vendor/cachecontrol/caches) by extensions ['colcon_meta']
[1.068s] Level 1:colcon.colcon_core.package_identification:_identify(gym_env/lib/python3.12/site-packages/pip/_vendor/cachecontrol/caches) by extension 'colcon_meta'
[1.068s] Level 1:colcon.colcon_core.package_identification:_identify(gym_env/lib/python3.12/site-packages/pip/_vendor/cachecontrol/caches) by extensions ['ros']
[1.068s] Level 1:colcon.colcon_core.package_identification:_identify(gym_env/lib/python3.12/site-packages/pip/_vendor/cachecontrol/caches) by extension 'ros'
[1.068s] Level 1:colcon.colcon_core.package_identification:_identify(gym_env/lib/python3.12/site-packages/pip/_vendor/cachecontrol/caches) by extensions ['cmake', 'python']
[1.069s] Level 1:colcon.colcon_core.package_identification:_identify(gym_env/lib/python3.12/site-packages/pip/_vendor/cachecontrol/caches) by extension 'cmake'
[1.069s] Level 1:colcon.colcon_core.package_identification:_identify(gym_env/lib/python3.12/site-packages/pip/_vendor/cachecontrol/caches) by extension 'python'
[1.069s] Level 1:colcon.colcon_core.package_identification:_identify(gym_env/lib/python3.12/site-packages/pip/_vendor/cachecontrol/caches) by extensions ['python_setup_py']
[1.069s] Level 1:colcon.colcon_core.package_identification:_identify(gym_env/lib/python3.12/site-packages/pip/_vendor/cachecontrol/caches) by extension 'python_setup_py'
[1.070s] Level 1:colcon.colcon_core.package_identification:_identify(gym_env/lib/python3.12/site-packages/pip/_vendor/cachecontrol/caches/__pycache__) by extensions ['ignore', 'ignore_ament_install']
[1.071s] Level 1:colcon.colcon_core.package_identification:_identify(gym_env/lib/python3.12/site-packages/pip/_vendor/cachecontrol/caches/__pycache__) by extension 'ignore'
[1.071s] Level 1:colcon.colcon_core.package_identification:_identify(gym_env/lib/python3.12/site-packages/pip/_vendor/cachecontrol/caches/__pycache__) by extension 'ignore_ament_install'
[1.071s] Level 1:colcon.colcon_core.package_identification:_identify(gym_env/lib/python3.12/site-packages/pip/_vendor/cachecontrol/caches/__pycache__) by extensions ['colcon_pkg']
[1.071s] Level 1:colcon.colcon_core.package_identification:_identify(gym_env/lib/python3.12/site-packages/pip/_vendor/cachecontrol/caches/__pycache__) by extension 'colcon_pkg'
[1.071s] Level 1:colcon.colcon_core.package_identification:_identify(gym_env/lib/python3.12/site-packages/pip/_vendor/cachecontrol/caches/__pycache__) by extensions ['colcon_meta']
[1.071s] Level 1:colcon.colcon_core.package_identification:_identify(gym_env/lib/python3.12/site-packages/pip/_vendor/cachecontrol/caches/__pycache__) by extension 'colcon_meta'
[1.072s] Level 1:colcon.colcon_core.package_identification:_identify(gym_env/lib/python3.12/site-packages/pip/_vendor/cachecontrol/caches/__pycache__) by extensions ['ros']
[1.072s] Level 1:colcon.colcon_core.package_identification:_identify(gym_env/lib/python3.12/site-packages/pip/_vendor/cachecontrol/caches/__pycache__) by extension 'ros'
[1.072s] Level 1:colcon.colcon_core.package_identification:_identify(gym_env/lib/python3.12/site-packages/pip/_vendor/cachecontrol/caches/__pycache__) by extensions ['cmake', 'python']
[1.072s] Level 1:colcon.colcon_core.package_identification:_identify(gym_env/lib/python3.12/site-packages/pip/_vendor/cachecontrol/caches/__pycache__) by extension 'cmake'
[1.073s] Level 1:colcon.colcon_core.package_identification:_identify(gym_env/lib/python3.12/site-packages/pip/_vendor/cachecontrol/caches/__pycache__) by extension 'python'
[1.073s] Level 1:colcon.colcon_core.package_identification:_identify(gym_env/lib/python3.12/site-packages/pip/_vendor/cachecontrol/caches/__pycache__) by extensions ['python_setup_py']
[1.073s] Level 1:colcon.colcon_core.package_identification:_identify(gym_env/lib/python3.12/site-packages/pip/_vendor/cachecontrol/caches/__pycache__) by extension 'python_setup_py'
[1.074s] Level 1:colcon.colcon_core.package_identification:_identify(gym_env/lib/python3.12/site-packages/pip/_vendor/certifi) by extensions ['ignore', 'ignore_ament_install']
[1.074s] Level 1:colcon.colcon_core.package_identification:_identify(gym_env/lib/python3.12/site-packages/pip/_vendor/certifi) by extension 'ignore'
[1.074s] Level 1:colcon.colcon_core.package_identification:_identify(gym_env/lib/python3.12/site-packages/pip/_vendor/certifi) by extension 'ignore_ament_install'
[1.074s] Level 1:colcon.colcon_core.package_identification:_identify(gym_env/lib/python3.12/site-packages/pip/_vendor/certifi) by extensions ['colcon_pkg']
[1.074s] Level 1:colcon.colcon_core.package_identification:_identify(gym_env/lib/python3.12/site-packages/pip/_vendor/certifi) by extension 'colcon_pkg'
[1.074s] Level 1:colcon.colcon_core.package_identification:_identify(gym_env/lib/python3.12/site-packages/pip/_vendor/certifi) by extensions ['colcon_meta']
[1.074s] Level 1:colcon.colcon_core.package_identification:_identify(gym_env/lib/python3.12/site-packages/pip/_vendor/certifi) by extension 'colcon_meta'
[1.075s] Level 1:colcon.colcon_core.package_identification:_identify(gym_env/lib/python3.12/site-packages/pip/_vendor/certifi) by extensions ['ros']
[1.075s] Level 1:colcon.colcon_core.package_identification:_identify(gym_env/lib/python3.12/site-packages/pip/_vendor/certifi) by extension 'ros'
[1.075s] Level 1:colcon.colcon_core.package_identification:_identify(gym_env/lib/python3.12/site-packages/pip/_vendor/certifi) by extensions ['cmake', 'python']
[1.075s] Level 1:colcon.colcon_core.package_identification:_identify(gym_env/lib/python3.12/site-packages/pip/_vendor/certifi) by extension 'cmake'
[1.075s] Level 1:colcon.colcon_core.package_identification:_identify(gym_env/lib/python3.12/site-packages/pip/_vendor/certifi) by extension 'python'
[1.075s] Level 1:colcon.colcon_core.package_identification:_identify(gym_env/lib/python3.12/site-packages/pip/_vendor/certifi) by extensions ['python_setup_py']
[1.075s] Level 1:colcon.colcon_core.package_identification:_identify(gym_env/lib/python3.12/site-packages/pip/_vendor/certifi) by extension 'python_setup_py'
[1.076s] Level 1:colcon.colcon_core.package_identification:_identify(gym_env/lib/python3.12/site-packages/pip/_vendor/certifi/__pycache__) by extensions ['ignore', 'ignore_ament_install']
[1.076s] Level 1:colcon.colcon_core.package_identification:_identify(gym_env/lib/python3.12/site-packages/pip/_vendor/certifi/__pycache__) by extension 'ignore'
[1.076s] Level 1:colcon.colcon_core.package_identification:_identify(gym_env/lib/python3.12/site-packages/pip/_vendor/certifi/__pycache__) by extension 'ignore_ament_install'
[1.076s] Level 1:colcon.colcon_core.package_identification:_identify(gym_env/lib/python3.12/site-packages/pip/_vendor/certifi/__pycache__) by extensions ['colcon_pkg']
[1.076s] Level 1:colcon.colcon_core.package_identification:_identify(gym_env/lib/python3.12/site-packages/pip/_vendor/certifi/__pycache__) by extension 'colcon_pkg'
[1.076s] Level 1:colcon.colcon_core.package_identification:_identify(gym_env/lib/python3.12/site-packages/pip/_vendor/certifi/__pycache__) by extensions ['colcon_meta']
[1.077s] Level 1:colcon.colcon_core.package_identification:_identify(gym_env/lib/python3.12/site-packages/pip/_vendor/certifi/__pycache__) by extension 'colcon_meta'
[1.077s] Level 1:colcon.colcon_core.package_identification:_identify(gym_env/lib/python3.12/site-packages/pip/_vendor/certifi/__pycache__) by extensions ['ros']
[1.077s] Level 1:colcon.colcon_core.package_identification:_identify(gym_env/lib/python3.12/site-packages/pip/_vendor/certifi/__pycache__) by extension 'ros'
[1.077s] Level 1:colcon.colcon_core.package_identification:_identify(gym_env/lib/python3.12/site-packages/pip/_vendor/certifi/__pycache__) by extensions ['cmake', 'python']
[1.077s] Level 1:colcon.colcon_core.package_identification:_identify(gym_env/lib/python3.12/site-packages/pip/_vendor/certifi/__pycache__) by extension 'cmake'
[1.077s] Level 1:colcon.colcon_core.package_identification:_identify(gym_env/lib/python3.12/site-packages/pip/_vendor/certifi/__pycache__) by extension 'python'
[1.077s] Level 1:colcon.colcon_core.package_identification:_identify(gym_env/lib/python3.12/site-packages/pip/_vendor/certifi/__pycache__) by extensions ['python_setup_py']
[1.077s] Level 1:colcon.colcon_core.package_identification:_identify(gym_env/lib/python3.12/site-packages/pip/_vendor/certifi/__pycache__) by extension 'python_setup_py'
[1.078s] Level 1:colcon.colcon_core.package_identification:_identify(gym_env/lib/python3.12/site-packages/pip/_vendor/chardet) by extensions ['ignore', 'ignore_ament_install']
[1.078s] Level 1:colcon.colcon_core.package_identification:_identify(gym_env/lib/python3.12/site-packages/pip/_vendor/chardet) by extension 'ignore'
[1.078s] Level 1:colcon.colcon_core.package_identification:_identify(gym_env/lib/python3.12/site-packages/pip/_vendor/chardet) by extension 'ignore_ament_install'
[1.078s] Level 1:colcon.colcon_core.package_identification:_identify(gym_env/lib/python3.12/site-packages/pip/_vendor/chardet) by extensions ['colcon_pkg']
[1.078s] Level 1:colcon.colcon_core.package_identification:_identify(gym_env/lib/python3.12/site-packages/pip/_vendor/chardet) by extension 'colcon_pkg'
[1.078s] Level 1:colcon.colcon_core.package_identification:_identify(gym_env/lib/python3.12/site-packages/pip/_vendor/chardet) by extensions ['colcon_meta']
[1.078s] Level 1:colcon.colcon_core.package_identification:_identify(gym_env/lib/python3.12/site-packages/pip/_vendor/chardet) by extension 'colcon_meta'
[1.079s] Level 1:colcon.colcon_core.package_identification:_identify(gym_env/lib/python3.12/site-packages/pip/_vendor/chardet) by extensions ['ros']
[1.079s] Level 1:colcon.colcon_core.package_identification:_identify(gym_env/lib/python3.12/site-packages/pip/_vendor/chardet) by extension 'ros'
[1.079s] Level 1:colcon.colcon_core.package_identification:_identify(gym_env/lib/python3.12/site-packages/pip/_vendor/chardet) by extensions ['cmake', 'python']
[1.079s] Level 1:colcon.colcon_core.package_identification:_identify(gym_env/lib/python3.12/site-packages/pip/_vendor/chardet) by extension 'cmake'
[1.079s] Level 1:colcon.colcon_core.package_identification:_identify(gym_env/lib/python3.12/site-packages/pip/_vendor/chardet) by extension 'python'
[1.079s] Level 1:colcon.colcon_core.package_identification:_identify(gym_env/lib/python3.12/site-packages/pip/_vendor/chardet) by extensions ['python_setup_py']
[1.079s] Level 1:colcon.colcon_core.package_identification:_identify(gym_env/lib/python3.12/site-packages/pip/_vendor/chardet) by extension 'python_setup_py'
[1.079s] Level 1:colcon.colcon_core.package_identification:_identify(gym_env/lib/python3.12/site-packages/pip/_vendor/chardet/__pycache__) by extensions ['ignore', 'ignore_ament_install']
[1.080s] Level 1:colcon.colcon_core.package_identification:_identify(gym_env/lib/python3.12/site-packages/pip/_vendor/chardet/__pycache__) by extension 'ignore'
[1.080s] Level 1:colcon.colcon_core.package_identification:_identify(gym_env/lib/python3.12/site-packages/pip/_vendor/chardet/__pycache__) by extension 'ignore_ament_install'
[1.080s] Level 1:colcon.colcon_core.package_identification:_identify(gym_env/lib/python3.12/site-packages/pip/_vendor/chardet/__pycache__) by extensions ['colcon_pkg']
[1.080s] Level 1:colcon.colcon_core.package_identification:_identify(gym_env/lib/python3.12/site-packages/pip/_vendor/chardet/__pycache__) by extension 'colcon_pkg'
[1.080s] Level 1:colcon.colcon_core.package_identification:_identify(gym_env/lib/python3.12/site-packages/pip/_vendor/chardet/__pycache__) by extensions ['colcon_meta']
[1.080s] Level 1:colcon.colcon_core.package_identification:_identify(gym_env/lib/python3.12/site-packages/pip/_vendor/chardet/__pycache__) by extension 'colcon_meta'
[1.080s] Level 1:colcon.colcon_core.package_identification:_identify(gym_env/lib/python3.12/site-packages/pip/_vendor/chardet/__pycache__) by extensions ['ros']
[1.080s] Level 1:colcon.colcon_core.package_identification:_identify(gym_env/lib/python3.12/site-packages/pip/_vendor/chardet/__pycache__) by extension 'ros'
[1.081s] Level 1:colcon.colcon_core.package_identification:_identify(gym_env/lib/python3.12/site-packages/pip/_vendor/chardet/__pycache__) by extensions ['cmake', 'python']
[1.081s] Level 1:colcon.colcon_core.package_identification:_identify(gym_env/lib/python3.12/site-packages/pip/_vendor/chardet/__pycache__) by extension 'cmake'
[1.081s] Level 1:colcon.colcon_core.package_identification:_identify(gym_env/lib/python3.12/site-packages/pip/_vendor/chardet/__pycache__) by extension 'python'
[1.081s] Level 1:colcon.colcon_core.package_identification:_identify(gym_env/lib/python3.12/site-packages/pip/_vendor/chardet/__pycache__) by extensions ['python_setup_py']
[1.081s] Level 1:colcon.colcon_core.package_identification:_identify(gym_env/lib/python3.12/site-packages/pip/_vendor/chardet/__pycache__) by extension 'python_setup_py'
[1.082s] Level 1:colcon.colcon_core.package_identification:_identify(gym_env/lib/python3.12/site-packages/pip/_vendor/chardet/cli) by extensions ['ignore', 'ignore_ament_install']
[1.082s] Level 1:colcon.colcon_core.package_identification:_identify(gym_env/lib/python3.12/site-packages/pip/_vendor/chardet/cli) by extension 'ignore'
[1.082s] Level 1:colcon.colcon_core.package_identification:_identify(gym_env/lib/python3.12/site-packages/pip/_vendor/chardet/cli) by extension 'ignore_ament_install'
[1.082s] Level 1:colcon.colcon_core.package_identification:_identify(gym_env/lib/python3.12/site-packages/pip/_vendor/chardet/cli) by extensions ['colcon_pkg']
[1.082s] Level 1:colcon.colcon_core.package_identification:_identify(gym_env/lib/python3.12/site-packages/pip/_vendor/chardet/cli) by extension 'colcon_pkg'
[1.083s] Level 1:colcon.colcon_core.package_identification:_identify(gym_env/lib/python3.12/site-packages/pip/_vendor/chardet/cli) by extensions ['colcon_meta']
[1.083s] Level 1:colcon.colcon_core.package_identification:_identify(gym_env/lib/python3.12/site-packages/pip/_vendor/chardet/cli) by extension 'colcon_meta'
[1.083s] Level 1:colcon.colcon_core.package_identification:_identify(gym_env/lib/python3.12/site-packages/pip/_vendor/chardet/cli) by extensions ['ros']
[1.083s] Level 1:colcon.colcon_core.package_identification:_identify(gym_env/lib/python3.12/site-packages/pip/_vendor/chardet/cli) by extension 'ros'
[1.083s] Level 1:colcon.colcon_core.package_identification:_identify(gym_env/lib/python3.12/site-packages/pip/_vendor/chardet/cli) by extensions ['cmake', 'python']
[1.083s] Level 1:colcon.colcon_core.package_identification:_identify(gym_env/lib/python3.12/site-packages/pip/_vendor/chardet/cli) by extension 'cmake'
[1.084s] Level 1:colcon.colcon_core.package_identification:_identify(gym_env/lib/python3.12/site-packages/pip/_vendor/chardet/cli) by extension 'python'
[1.084s] Level 1:colcon.colcon_core.package_identification:_identify(gym_env/lib/python3.12/site-packages/pip/_vendor/chardet/cli) by extensions ['python_setup_py']
[1.084s] Level 1:colcon.colcon_core.package_identification:_identify(gym_env/lib/python3.12/site-packages/pip/_vendor/chardet/cli) by extension 'python_setup_py'
[1.085s] Level 1:colcon.colcon_core.package_identification:_identify(gym_env/lib/python3.12/site-packages/pip/_vendor/chardet/cli/__pycache__) by extensions ['ignore', 'ignore_ament_install']
[1.085s] Level 1:colcon.colcon_core.package_identification:_identify(gym_env/lib/python3.12/site-packages/pip/_vendor/chardet/cli/__pycache__) by extension 'ignore'
[1.085s] Level 1:colcon.colcon_core.package_identification:_identify(gym_env/lib/python3.12/site-packages/pip/_vendor/chardet/cli/__pycache__) by extension 'ignore_ament_install'
[1.086s] Level 1:colcon.colcon_core.package_identification:_identify(gym_env/lib/python3.12/site-packages/pip/_vendor/chardet/cli/__pycache__) by extensions ['colcon_pkg']
[1.086s] Level 1:colcon.colcon_core.package_identification:_identify(gym_env/lib/python3.12/site-packages/pip/_vendor/chardet/cli/__pycache__) by extension 'colcon_pkg'
[1.086s] Level 1:colcon.colcon_core.package_identification:_identify(gym_env/lib/python3.12/site-packages/pip/_vendor/chardet/cli/__pycache__) by extensions ['colcon_meta']
[1.086s] Level 1:colcon.colcon_core.package_identification:_identify(gym_env/lib/python3.12/site-packages/pip/_vendor/chardet/cli/__pycache__) by extension 'colcon_meta'
[1.086s] Level 1:colcon.colcon_core.package_identification:_identify(gym_env/lib/python3.12/site-packages/pip/_vendor/chardet/cli/__pycache__) by extensions ['ros']
[1.086s] Level 1:colcon.colcon_core.package_identification:_identify(gym_env/lib/python3.12/site-packages/pip/_vendor/chardet/cli/__pycache__) by extension 'ros'
[1.087s] Level 1:colcon.colcon_core.package_identification:_identify(gym_env/lib/python3.12/site-packages/pip/_vendor/chardet/cli/__pycache__) by extensions ['cmake', 'python']
[1.087s] Level 1:colcon.colcon_core.package_identification:_identify(gym_env/lib/python3.12/site-packages/pip/_vendor/chardet/cli/__pycache__) by extension 'cmake'
[1.087s] Level 1:colcon.colcon_core.package_identification:_identify(gym_env/lib/python3.12/site-packages/pip/_vendor/chardet/cli/__pycache__) by extension 'python'
[1.087s] Level 1:colcon.colcon_core.package_identification:_identify(gym_env/lib/python3.12/site-packages/pip/_vendor/chardet/cli/__pycache__) by extensions ['python_setup_py']
[1.087s] Level 1:colcon.colcon_core.package_identification:_identify(gym_env/lib/python3.12/site-packages/pip/_vendor/chardet/cli/__pycache__) by extension 'python_setup_py'
[1.088s] Level 1:colcon.colcon_core.package_identification:_identify(gym_env/lib/python3.12/site-packages/pip/_vendor/chardet/metadata) by extensions ['ignore', 'ignore_ament_install']
[1.088s] Level 1:colcon.colcon_core.package_identification:_identify(gym_env/lib/python3.12/site-packages/pip/_vendor/chardet/metadata) by extension 'ignore'
[1.089s] Level 1:colcon.colcon_core.package_identification:_identify(gym_env/lib/python3.12/site-packages/pip/_vendor/chardet/metadata) by extension 'ignore_ament_install'
[1.089s] Level 1:colcon.colcon_core.package_identification:_identify(gym_env/lib/python3.12/site-packages/pip/_vendor/chardet/metadata) by extensions ['colcon_pkg']
[1.089s] Level 1:colcon.colcon_core.package_identification:_identify(gym_env/lib/python3.12/site-packages/pip/_vendor/chardet/metadata) by extension 'colcon_pkg'
[1.089s] Level 1:colcon.colcon_core.package_identification:_identify(gym_env/lib/python3.12/site-packages/pip/_vendor/chardet/metadata) by extensions ['colcon_meta']
[1.089s] Level 1:colcon.colcon_core.package_identification:_identify(gym_env/lib/python3.12/site-packages/pip/_vendor/chardet/metadata) by extension 'colcon_meta'
[1.089s] Level 1:colcon.colcon_core.package_identification:_identify(gym_env/lib/python3.12/site-packages/pip/_vendor/chardet/metadata) by extensions ['ros']
[1.089s] Level 1:colcon.colcon_core.package_identification:_identify(gym_env/lib/python3.12/site-packages/pip/_vendor/chardet/metadata) by extension 'ros'
[1.090s] Level 1:colcon.colcon_core.package_identification:_identify(gym_env/lib/python3.12/site-packages/pip/_vendor/chardet/metadata) by extensions ['cmake', 'python']
[1.090s] Level 1:colcon.colcon_core.package_identification:_identify(gym_env/lib/python3.12/site-packages/pip/_vendor/chardet/metadata) by extension 'cmake'
[1.090s] Level 1:colcon.colcon_core.package_identification:_identify(gym_env/lib/python3.12/site-packages/pip/_vendor/chardet/metadata) by extension 'python'
[1.090s] Level 1:colcon.colcon_core.package_identification:_identify(gym_env/lib/python3.12/site-packages/pip/_vendor/chardet/metadata) by extensions ['python_setup_py']
[1.090s] Level 1:colcon.colcon_core.package_identification:_identify(gym_env/lib/python3.12/site-packages/pip/_vendor/chardet/metadata) by extension 'python_setup_py'
[1.090s] Level 1:colcon.colcon_core.package_identification:_identify(gym_env/lib/python3.12/site-packages/pip/_vendor/chardet/metadata/__pycache__) by extensions ['ignore', 'ignore_ament_install']
[1.091s] Level 1:colcon.colcon_core.package_identification:_identify(gym_env/lib/python3.12/site-packages/pip/_vendor/chardet/metadata/__pycache__) by extension 'ignore'
[1.091s] Level 1:colcon.colcon_core.package_identification:_identify(gym_env/lib/python3.12/site-packages/pip/_vendor/chardet/metadata/__pycache__) by extension 'ignore_ament_install'
[1.091s] Level 1:colcon.colcon_core.package_identification:_identify(gym_env/lib/python3.12/site-packages/pip/_vendor/chardet/metadata/__pycache__) by extensions ['colcon_pkg']
[1.091s] Level 1:colcon.colcon_core.package_identification:_identify(gym_env/lib/python3.12/site-packages/pip/_vendor/chardet/metadata/__pycache__) by extension 'colcon_pkg'
[1.091s] Level 1:colcon.colcon_core.package_identification:_identify(gym_env/lib/python3.12/site-packages/pip/_vendor/chardet/metadata/__pycache__) by extensions ['colcon_meta']
[1.091s] Level 1:colcon.colcon_core.package_identification:_identify(gym_env/lib/python3.12/site-packages/pip/_vendor/chardet/metadata/__pycache__) by extension 'colcon_meta'
[1.091s] Level 1:colcon.colcon_core.package_identification:_identify(gym_env/lib/python3.12/site-packages/pip/_vendor/chardet/metadata/__pycache__) by extensions ['ros']
[1.091s] Level 1:colcon.colcon_core.package_identification:_identify(gym_env/lib/python3.12/site-packages/pip/_vendor/chardet/metadata/__pycache__) by extension 'ros'
[1.092s] Level 1:colcon.colcon_core.package_identification:_identify(gym_env/lib/python3.12/site-packages/pip/_vendor/chardet/metadata/__pycache__) by extensions ['cmake', 'python']
[1.092s] Level 1:colcon.colcon_core.package_identification:_identify(gym_env/lib/python3.12/site-packages/pip/_vendor/chardet/metadata/__pycache__) by extension 'cmake'
[1.092s] Level 1:colcon.colcon_core.package_identification:_identify(gym_env/lib/python3.12/site-packages/pip/_vendor/chardet/metadata/__pycache__) by extension 'python'
[1.092s] Level 1:colcon.colcon_core.package_identification:_identify(gym_env/lib/python3.12/site-packages/pip/_vendor/chardet/metadata/__pycache__) by extensions ['python_setup_py']
[1.092s] Level 1:colcon.colcon_core.package_identification:_identify(gym_env/lib/python3.12/site-packages/pip/_vendor/chardet/metadata/__pycache__) by extension 'python_setup_py'
[1.093s] Level 1:colcon.colcon_core.package_identification:_identify(gym_env/lib/python3.12/site-packages/pip/_vendor/colorama) by extensions ['ignore', 'ignore_ament_install']
[1.093s] Level 1:colcon.colcon_core.package_identification:_identify(gym_env/lib/python3.12/site-packages/pip/_vendor/colorama) by extension 'ignore'
[1.093s] Level 1:colcon.colcon_core.package_identification:_identify(gym_env/lib/python3.12/site-packages/pip/_vendor/colorama) by extension 'ignore_ament_install'
[1.093s] Level 1:colcon.colcon_core.package_identification:_identify(gym_env/lib/python3.12/site-packages/pip/_vendor/colorama) by extensions ['colcon_pkg']
[1.093s] Level 1:colcon.colcon_core.package_identification:_identify(gym_env/lib/python3.12/site-packages/pip/_vendor/colorama) by extension 'colcon_pkg'
[1.093s] Level 1:colcon.colcon_core.package_identification:_identify(gym_env/lib/python3.12/site-packages/pip/_vendor/colorama) by extensions ['colcon_meta']
[1.093s] Level 1:colcon.colcon_core.package_identification:_identify(gym_env/lib/python3.12/site-packages/pip/_vendor/colorama) by extension 'colcon_meta'
[1.093s] Level 1:colcon.colcon_core.package_identification:_identify(gym_env/lib/python3.12/site-packages/pip/_vendor/colorama) by extensions ['ros']
[1.094s] Level 1:colcon.colcon_core.package_identification:_identify(gym_env/lib/python3.12/site-packages/pip/_vendor/colorama) by extension 'ros'
[1.094s] Level 1:colcon.colcon_core.package_identification:_identify(gym_env/lib/python3.12/site-packages/pip/_vendor/colorama) by extensions ['cmake', 'python']
[1.094s] Level 1:colcon.colcon_core.package_identification:_identify(gym_env/lib/python3.12/site-packages/pip/_vendor/colorama) by extension 'cmake'
[1.094s] Level 1:colcon.colcon_core.package_identification:_identify(gym_env/lib/python3.12/site-packages/pip/_vendor/colorama) by extension 'python'
[1.094s] Level 1:colcon.colcon_core.package_identification:_identify(gym_env/lib/python3.12/site-packages/pip/_vendor/colorama) by extensions ['python_setup_py']
[1.094s] Level 1:colcon.colcon_core.package_identification:_identify(gym_env/lib/python3.12/site-packages/pip/_vendor/colorama) by extension 'python_setup_py'
[1.095s] Level 1:colcon.colcon_core.package_identification:_identify(gym_env/lib/python3.12/site-packages/pip/_vendor/colorama/__pycache__) by extensions ['ignore', 'ignore_ament_install']
[1.095s] Level 1:colcon.colcon_core.package_identification:_identify(gym_env/lib/python3.12/site-packages/pip/_vendor/colorama/__pycache__) by extension 'ignore'
[1.095s] Level 1:colcon.colcon_core.package_identification:_identify(gym_env/lib/python3.12/site-packages/pip/_vendor/colorama/__pycache__) by extension 'ignore_ament_install'
[1.095s] Level 1:colcon.colcon_core.package_identification:_identify(gym_env/lib/python3.12/site-packages/pip/_vendor/colorama/__pycache__) by extensions ['colcon_pkg']
[1.095s] Level 1:colcon.colcon_core.package_identification:_identify(gym_env/lib/python3.12/site-packages/pip/_vendor/colorama/__pycache__) by extension 'colcon_pkg'
[1.096s] Level 1:colcon.colcon_core.package_identification:_identify(gym_env/lib/python3.12/site-packages/pip/_vendor/colorama/__pycache__) by extensions ['colcon_meta']
[1.096s] Level 1:colcon.colcon_core.package_identification:_identify(gym_env/lib/python3.12/site-packages/pip/_vendor/colorama/__pycache__) by extension 'colcon_meta'
[1.096s] Level 1:colcon.colcon_core.package_identification:_identify(gym_env/lib/python3.12/site-packages/pip/_vendor/colorama/__pycache__) by extensions ['ros']
[1.096s] Level 1:colcon.colcon_core.package_identification:_identify(gym_env/lib/python3.12/site-packages/pip/_vendor/colorama/__pycache__) by extension 'ros'
[1.096s] Level 1:colcon.colcon_core.package_identification:_identify(gym_env/lib/python3.12/site-packages/pip/_vendor/colorama/__pycache__) by extensions ['cmake', 'python']
[1.096s] Level 1:colcon.colcon_core.package_identification:_identify(gym_env/lib/python3.12/site-packages/pip/_vendor/colorama/__pycache__) by extension 'cmake'
[1.096s] Level 1:colcon.colcon_core.package_identification:_identify(gym_env/lib/python3.12/site-packages/pip/_vendor/colorama/__pycache__) by extension 'python'
[1.096s] Level 1:colcon.colcon_core.package_identification:_identify(gym_env/lib/python3.12/site-packages/pip/_vendor/colorama/__pycache__) by extensions ['python_setup_py']
[1.096s] Level 1:colcon.colcon_core.package_identification:_identify(gym_env/lib/python3.12/site-packages/pip/_vendor/colorama/__pycache__) by extension 'python_setup_py'
[1.097s] Level 1:colcon.colcon_core.package_identification:_identify(gym_env/lib/python3.12/site-packages/pip/_vendor/colorama/tests) by extensions ['ignore', 'ignore_ament_install']
[1.097s] Level 1:colcon.colcon_core.package_identification:_identify(gym_env/lib/python3.12/site-packages/pip/_vendor/colorama/tests) by extension 'ignore'
[1.097s] Level 1:colcon.colcon_core.package_identification:_identify(gym_env/lib/python3.12/site-packages/pip/_vendor/colorama/tests) by extension 'ignore_ament_install'
[1.098s] Level 1:colcon.colcon_core.package_identification:_identify(gym_env/lib/python3.12/site-packages/pip/_vendor/colorama/tests) by extensions ['colcon_pkg']
[1.098s] Level 1:colcon.colcon_core.package_identification:_identify(gym_env/lib/python3.12/site-packages/pip/_vendor/colorama/tests) by extension 'colcon_pkg'
[1.098s] Level 1:colcon.colcon_core.package_identification:_identify(gym_env/lib/python3.12/site-packages/pip/_vendor/colorama/tests) by extensions ['colcon_meta']
[1.098s] Level 1:colcon.colcon_core.package_identification:_identify(gym_env/lib/python3.12/site-packages/pip/_vendor/colorama/tests) by extension 'colcon_meta'
[1.098s] Level 1:colcon.colcon_core.package_identification:_identify(gym_env/lib/python3.12/site-packages/pip/_vendor/colorama/tests) by extensions ['ros']
[1.098s] Level 1:colcon.colcon_core.package_identification:_identify(gym_env/lib/python3.12/site-packages/pip/_vendor/colorama/tests) by extension 'ros'
[1.098s] Level 1:colcon.colcon_core.package_identification:_identify(gym_env/lib/python3.12/site-packages/pip/_vendor/colorama/tests) by extensions ['cmake', 'python']
[1.098s] Level 1:colcon.colcon_core.package_identification:_identify(gym_env/lib/python3.12/site-packages/pip/_vendor/colorama/tests) by extension 'cmake'
[1.098s] Level 1:colcon.colcon_core.package_identification:_identify(gym_env/lib/python3.12/site-packages/pip/_vendor/colorama/tests) by extension 'python'
[1.099s] Level 1:colcon.colcon_core.package_identification:_identify(gym_env/lib/python3.12/site-packages/pip/_vendor/colorama/tests) by extensions ['python_setup_py']
[1.099s] Level 1:colcon.colcon_core.package_identification:_identify(gym_env/lib/python3.12/site-packages/pip/_vendor/colorama/tests) by extension 'python_setup_py'
[1.099s] Level 1:colcon.colcon_core.package_identification:_identify(gym_env/lib/python3.12/site-packages/pip/_vendor/colorama/tests/__pycache__) by extensions ['ignore', 'ignore_ament_install']
[1.100s] Level 1:colcon.colcon_core.package_identification:_identify(gym_env/lib/python3.12/site-packages/pip/_vendor/colorama/tests/__pycache__) by extension 'ignore'
[1.100s] Level 1:colcon.colcon_core.package_identification:_identify(gym_env/lib/python3.12/site-packages/pip/_vendor/colorama/tests/__pycache__) by extension 'ignore_ament_install'
[1.100s] Level 1:colcon.colcon_core.package_identification:_identify(gym_env/lib/python3.12/site-packages/pip/_vendor/colorama/tests/__pycache__) by extensions ['colcon_pkg']
[1.100s] Level 1:colcon.colcon_core.package_identification:_identify(gym_env/lib/python3.12/site-packages/pip/_vendor/colorama/tests/__pycache__) by extension 'colcon_pkg'
[1.100s] Level 1:colcon.colcon_core.package_identification:_identify(gym_env/lib/python3.12/site-packages/pip/_vendor/colorama/tests/__pycache__) by extensions ['colcon_meta']
[1.100s] Level 1:colcon.colcon_core.package_identification:_identify(gym_env/lib/python3.12/site-packages/pip/_vendor/colorama/tests/__pycache__) by extension 'colcon_meta'
[1.101s] Level 1:colcon.colcon_core.package_identification:_identify(gym_env/lib/python3.12/site-packages/pip/_vendor/colorama/tests/__pycache__) by extensions ['ros']
[1.101s] Level 1:colcon.colcon_core.package_identification:_identify(gym_env/lib/python3.12/site-packages/pip/_vendor/colorama/tests/__pycache__) by extension 'ros'
[1.101s] Level 1:colcon.colcon_core.package_identification:_identify(gym_env/lib/python3.12/site-packages/pip/_vendor/colorama/tests/__pycache__) by extensions ['cmake', 'python']
[1.101s] Level 1:colcon.colcon_core.package_identification:_identify(gym_env/lib/python3.12/site-packages/pip/_vendor/colorama/tests/__pycache__) by extension 'cmake'
[1.102s] Level 1:colcon.colcon_core.package_identification:_identify(gym_env/lib/python3.12/site-packages/pip/_vendor/colorama/tests/__pycache__) by extension 'python'
[1.102s] Level 1:colcon.colcon_core.package_identification:_identify(gym_env/lib/python3.12/site-packages/pip/_vendor/colorama/tests/__pycache__) by extensions ['python_setup_py']
[1.102s] Level 1:colcon.colcon_core.package_identification:_identify(gym_env/lib/python3.12/site-packages/pip/_vendor/colorama/tests/__pycache__) by extension 'python_setup_py'
[1.102s] Level 1:colcon.colcon_core.package_identification:_identify(gym_env/lib/python3.12/site-packages/pip/_vendor/distlib) by extensions ['ignore', 'ignore_ament_install']
[1.103s] Level 1:colcon.colcon_core.package_identification:_identify(gym_env/lib/python3.12/site-packages/pip/_vendor/distlib) by extension 'ignore'
[1.103s] Level 1:colcon.colcon_core.package_identification:_identify(gym_env/lib/python3.12/site-packages/pip/_vendor/distlib) by extension 'ignore_ament_install'
[1.103s] Level 1:colcon.colcon_core.package_identification:_identify(gym_env/lib/python3.12/site-packages/pip/_vendor/distlib) by extensions ['colcon_pkg']
[1.103s] Level 1:colcon.colcon_core.package_identification:_identify(gym_env/lib/python3.12/site-packages/pip/_vendor/distlib) by extension 'colcon_pkg'
[1.103s] Level 1:colcon.colcon_core.package_identification:_identify(gym_env/lib/python3.12/site-packages/pip/_vendor/distlib) by extensions ['colcon_meta']
[1.103s] Level 1:colcon.colcon_core.package_identification:_identify(gym_env/lib/python3.12/site-packages/pip/_vendor/distlib) by extension 'colcon_meta'
[1.104s] Level 1:colcon.colcon_core.package_identification:_identify(gym_env/lib/python3.12/site-packages/pip/_vendor/distlib) by extensions ['ros']
[1.104s] Level 1:colcon.colcon_core.package_identification:_identify(gym_env/lib/python3.12/site-packages/pip/_vendor/distlib) by extension 'ros'
[1.104s] Level 1:colcon.colcon_core.package_identification:_identify(gym_env/lib/python3.12/site-packages/pip/_vendor/distlib) by extensions ['cmake', 'python']
[1.104s] Level 1:colcon.colcon_core.package_identification:_identify(gym_env/lib/python3.12/site-packages/pip/_vendor/distlib) by extension 'cmake'
[1.104s] Level 1:colcon.colcon_core.package_identification:_identify(gym_env/lib/python3.12/site-packages/pip/_vendor/distlib) by extension 'python'
[1.105s] Level 1:colcon.colcon_core.package_identification:_identify(gym_env/lib/python3.12/site-packages/pip/_vendor/distlib) by extensions ['python_setup_py']
[1.105s] Level 1:colcon.colcon_core.package_identification:_identify(gym_env/lib/python3.12/site-packages/pip/_vendor/distlib) by extension 'python_setup_py'
[1.105s] Level 1:colcon.colcon_core.package_identification:_identify(gym_env/lib/python3.12/site-packages/pip/_vendor/distlib/__pycache__) by extensions ['ignore', 'ignore_ament_install']
[1.106s] Level 1:colcon.colcon_core.package_identification:_identify(gym_env/lib/python3.12/site-packages/pip/_vendor/distlib/__pycache__) by extension 'ignore'
[1.106s] Level 1:colcon.colcon_core.package_identification:_identify(gym_env/lib/python3.12/site-packages/pip/_vendor/distlib/__pycache__) by extension 'ignore_ament_install'
[1.106s] Level 1:colcon.colcon_core.package_identification:_identify(gym_env/lib/python3.12/site-packages/pip/_vendor/distlib/__pycache__) by extensions ['colcon_pkg']
[1.106s] Level 1:colcon.colcon_core.package_identification:_identify(gym_env/lib/python3.12/site-packages/pip/_vendor/distlib/__pycache__) by extension 'colcon_pkg'
[1.106s] Level 1:colcon.colcon_core.package_identification:_identify(gym_env/lib/python3.12/site-packages/pip/_vendor/distlib/__pycache__) by extensions ['colcon_meta']
[1.106s] Level 1:colcon.colcon_core.package_identification:_identify(gym_env/lib/python3.12/site-packages/pip/_vendor/distlib/__pycache__) by extension 'colcon_meta'
[1.106s] Level 1:colcon.colcon_core.package_identification:_identify(gym_env/lib/python3.12/site-packages/pip/_vendor/distlib/__pycache__) by extensions ['ros']
[1.106s] Level 1:colcon.colcon_core.package_identification:_identify(gym_env/lib/python3.12/site-packages/pip/_vendor/distlib/__pycache__) by extension 'ros'
[1.107s] Level 1:colcon.colcon_core.package_identification:_identify(gym_env/lib/python3.12/site-packages/pip/_vendor/distlib/__pycache__) by extensions ['cmake', 'python']
[1.107s] Level 1:colcon.colcon_core.package_identification:_identify(gym_env/lib/python3.12/site-packages/pip/_vendor/distlib/__pycache__) by extension 'cmake'
[1.107s] Level 1:colcon.colcon_core.package_identification:_identify(gym_env/lib/python3.12/site-packages/pip/_vendor/distlib/__pycache__) by extension 'python'
[1.107s] Level 1:colcon.colcon_core.package_identification:_identify(gym_env/lib/python3.12/site-packages/pip/_vendor/distlib/__pycache__) by extensions ['python_setup_py']
[1.107s] Level 1:colcon.colcon_core.package_identification:_identify(gym_env/lib/python3.12/site-packages/pip/_vendor/distlib/__pycache__) by extension 'python_setup_py'
[1.107s] Level 1:colcon.colcon_core.package_identification:_identify(gym_env/lib/python3.12/site-packages/pip/_vendor/distro) by extensions ['ignore', 'ignore_ament_install']
[1.107s] Level 1:colcon.colcon_core.package_identification:_identify(gym_env/lib/python3.12/site-packages/pip/_vendor/distro) by extension 'ignore'
[1.108s] Level 1:colcon.colcon_core.package_identification:_identify(gym_env/lib/python3.12/site-packages/pip/_vendor/distro) by extension 'ignore_ament_install'
[1.108s] Level 1:colcon.colcon_core.package_identification:_identify(gym_env/lib/python3.12/site-packages/pip/_vendor/distro) by extensions ['colcon_pkg']
[1.108s] Level 1:colcon.colcon_core.package_identification:_identify(gym_env/lib/python3.12/site-packages/pip/_vendor/distro) by extension 'colcon_pkg'
[1.108s] Level 1:colcon.colcon_core.package_identification:_identify(gym_env/lib/python3.12/site-packages/pip/_vendor/distro) by extensions ['colcon_meta']
[1.108s] Level 1:colcon.colcon_core.package_identification:_identify(gym_env/lib/python3.12/site-packages/pip/_vendor/distro) by extension 'colcon_meta'
[1.108s] Level 1:colcon.colcon_core.package_identification:_identify(gym_env/lib/python3.12/site-packages/pip/_vendor/distro) by extensions ['ros']
[1.108s] Level 1:colcon.colcon_core.package_identification:_identify(gym_env/lib/python3.12/site-packages/pip/_vendor/distro) by extension 'ros'
[1.109s] Level 1:colcon.colcon_core.package_identification:_identify(gym_env/lib/python3.12/site-packages/pip/_vendor/distro) by extensions ['cmake', 'python']
[1.109s] Level 1:colcon.colcon_core.package_identification:_identify(gym_env/lib/python3.12/site-packages/pip/_vendor/distro) by extension 'cmake'
[1.109s] Level 1:colcon.colcon_core.package_identification:_identify(gym_env/lib/python3.12/site-packages/pip/_vendor/distro) by extension 'python'
[1.109s] Level 1:colcon.colcon_core.package_identification:_identify(gym_env/lib/python3.12/site-packages/pip/_vendor/distro) by extensions ['python_setup_py']
[1.109s] Level 1:colcon.colcon_core.package_identification:_identify(gym_env/lib/python3.12/site-packages/pip/_vendor/distro) by extension 'python_setup_py'
[1.110s] Level 1:colcon.colcon_core.package_identification:_identify(gym_env/lib/python3.12/site-packages/pip/_vendor/distro/__pycache__) by extensions ['ignore', 'ignore_ament_install']
[1.110s] Level 1:colcon.colcon_core.package_identification:_identify(gym_env/lib/python3.12/site-packages/pip/_vendor/distro/__pycache__) by extension 'ignore'
[1.110s] Level 1:colcon.colcon_core.package_identification:_identify(gym_env/lib/python3.12/site-packages/pip/_vendor/distro/__pycache__) by extension 'ignore_ament_install'
[1.110s] Level 1:colcon.colcon_core.package_identification:_identify(gym_env/lib/python3.12/site-packages/pip/_vendor/distro/__pycache__) by extensions ['colcon_pkg']
[1.110s] Level 1:colcon.colcon_core.package_identification:_identify(gym_env/lib/python3.12/site-packages/pip/_vendor/distro/__pycache__) by extension 'colcon_pkg'
[1.110s] Level 1:colcon.colcon_core.package_identification:_identify(gym_env/lib/python3.12/site-packages/pip/_vendor/distro/__pycache__) by extensions ['colcon_meta']
[1.110s] Level 1:colcon.colcon_core.package_identification:_identify(gym_env/lib/python3.12/site-packages/pip/_vendor/distro/__pycache__) by extension 'colcon_meta'
[1.111s] Level 1:colcon.colcon_core.package_identification:_identify(gym_env/lib/python3.12/site-packages/pip/_vendor/distro/__pycache__) by extensions ['ros']
[1.111s] Level 1:colcon.colcon_core.package_identification:_identify(gym_env/lib/python3.12/site-packages/pip/_vendor/distro/__pycache__) by extension 'ros'
[1.111s] Level 1:colcon.colcon_core.package_identification:_identify(gym_env/lib/python3.12/site-packages/pip/_vendor/distro/__pycache__) by extensions ['cmake', 'python']
[1.111s] Level 1:colcon.colcon_core.package_identification:_identify(gym_env/lib/python3.12/site-packages/pip/_vendor/distro/__pycache__) by extension 'cmake'
[1.111s] Level 1:colcon.colcon_core.package_identification:_identify(gym_env/lib/python3.12/site-packages/pip/_vendor/distro/__pycache__) by extension 'python'
[1.111s] Level 1:colcon.colcon_core.package_identification:_identify(gym_env/lib/python3.12/site-packages/pip/_vendor/distro/__pycache__) by extensions ['python_setup_py']
[1.111s] Level 1:colcon.colcon_core.package_identification:_identify(gym_env/lib/python3.12/site-packages/pip/_vendor/distro/__pycache__) by extension 'python_setup_py'
[1.112s] Level 1:colcon.colcon_core.package_identification:_identify(gym_env/lib/python3.12/site-packages/pip/_vendor/idna) by extensions ['ignore', 'ignore_ament_install']
[1.112s] Level 1:colcon.colcon_core.package_identification:_identify(gym_env/lib/python3.12/site-packages/pip/_vendor/idna) by extension 'ignore'
[1.112s] Level 1:colcon.colcon_core.package_identification:_identify(gym_env/lib/python3.12/site-packages/pip/_vendor/idna) by extension 'ignore_ament_install'
[1.112s] Level 1:colcon.colcon_core.package_identification:_identify(gym_env/lib/python3.12/site-packages/pip/_vendor/idna) by extensions ['colcon_pkg']
[1.112s] Level 1:colcon.colcon_core.package_identification:_identify(gym_env/lib/python3.12/site-packages/pip/_vendor/idna) by extension 'colcon_pkg'
[1.112s] Level 1:colcon.colcon_core.package_identification:_identify(gym_env/lib/python3.12/site-packages/pip/_vendor/idna) by extensions ['colcon_meta']
[1.112s] Level 1:colcon.colcon_core.package_identification:_identify(gym_env/lib/python3.12/site-packages/pip/_vendor/idna) by extension 'colcon_meta'
[1.112s] Level 1:colcon.colcon_core.package_identification:_identify(gym_env/lib/python3.12/site-packages/pip/_vendor/idna) by extensions ['ros']
[1.112s] Level 1:colcon.colcon_core.package_identification:_identify(gym_env/lib/python3.12/site-packages/pip/_vendor/idna) by extension 'ros'
[1.113s] Level 1:colcon.colcon_core.package_identification:_identify(gym_env/lib/python3.12/site-packages/pip/_vendor/idna) by extensions ['cmake', 'python']
[1.113s] Level 1:colcon.colcon_core.package_identification:_identify(gym_env/lib/python3.12/site-packages/pip/_vendor/idna) by extension 'cmake'
[1.113s] Level 1:colcon.colcon_core.package_identification:_identify(gym_env/lib/python3.12/site-packages/pip/_vendor/idna) by extension 'python'
[1.113s] Level 1:colcon.colcon_core.package_identification:_identify(gym_env/lib/python3.12/site-packages/pip/_vendor/idna) by extensions ['python_setup_py']
[1.113s] Level 1:colcon.colcon_core.package_identification:_identify(gym_env/lib/python3.12/site-packages/pip/_vendor/idna) by extension 'python_setup_py'
[1.114s] Level 1:colcon.colcon_core.package_identification:_identify(gym_env/lib/python3.12/site-packages/pip/_vendor/idna/__pycache__) by extensions ['ignore', 'ignore_ament_install']
[1.114s] Level 1:colcon.colcon_core.package_identification:_identify(gym_env/lib/python3.12/site-packages/pip/_vendor/idna/__pycache__) by extension 'ignore'
[1.114s] Level 1:colcon.colcon_core.package_identification:_identify(gym_env/lib/python3.12/site-packages/pip/_vendor/idna/__pycache__) by extension 'ignore_ament_install'
[1.114s] Level 1:colcon.colcon_core.package_identification:_identify(gym_env/lib/python3.12/site-packages/pip/_vendor/idna/__pycache__) by extensions ['colcon_pkg']
[1.114s] Level 1:colcon.colcon_core.package_identification:_identify(gym_env/lib/python3.12/site-packages/pip/_vendor/idna/__pycache__) by extension 'colcon_pkg'
[1.114s] Level 1:colcon.colcon_core.package_identification:_identify(gym_env/lib/python3.12/site-packages/pip/_vendor/idna/__pycache__) by extensions ['colcon_meta']
[1.114s] Level 1:colcon.colcon_core.package_identification:_identify(gym_env/lib/python3.12/site-packages/pip/_vendor/idna/__pycache__) by extension 'colcon_meta'
[1.115s] Level 1:colcon.colcon_core.package_identification:_identify(gym_env/lib/python3.12/site-packages/pip/_vendor/idna/__pycache__) by extensions ['ros']
[1.115s] Level 1:colcon.colcon_core.package_identification:_identify(gym_env/lib/python3.12/site-packages/pip/_vendor/idna/__pycache__) by extension 'ros'
[1.115s] Level 1:colcon.colcon_core.package_identification:_identify(gym_env/lib/python3.12/site-packages/pip/_vendor/idna/__pycache__) by extensions ['cmake', 'python']
[1.115s] Level 1:colcon.colcon_core.package_identification:_identify(gym_env/lib/python3.12/site-packages/pip/_vendor/idna/__pycache__) by extension 'cmake'
[1.115s] Level 1:colcon.colcon_core.package_identification:_identify(gym_env/lib/python3.12/site-packages/pip/_vendor/idna/__pycache__) by extension 'python'
[1.115s] Level 1:colcon.colcon_core.package_identification:_identify(gym_env/lib/python3.12/site-packages/pip/_vendor/idna/__pycache__) by extensions ['python_setup_py']
[1.115s] Level 1:colcon.colcon_core.package_identification:_identify(gym_env/lib/python3.12/site-packages/pip/_vendor/idna/__pycache__) by extension 'python_setup_py'
[1.115s] Level 1:colcon.colcon_core.package_identification:_identify(gym_env/lib/python3.12/site-packages/pip/_vendor/msgpack) by extensions ['ignore', 'ignore_ament_install']
[1.116s] Level 1:colcon.colcon_core.package_identification:_identify(gym_env/lib/python3.12/site-packages/pip/_vendor/msgpack) by extension 'ignore'
[1.116s] Level 1:colcon.colcon_core.package_identification:_identify(gym_env/lib/python3.12/site-packages/pip/_vendor/msgpack) by extension 'ignore_ament_install'
[1.116s] Level 1:colcon.colcon_core.package_identification:_identify(gym_env/lib/python3.12/site-packages/pip/_vendor/msgpack) by extensions ['colcon_pkg']
[1.116s] Level 1:colcon.colcon_core.package_identification:_identify(gym_env/lib/python3.12/site-packages/pip/_vendor/msgpack) by extension 'colcon_pkg'
[1.116s] Level 1:colcon.colcon_core.package_identification:_identify(gym_env/lib/python3.12/site-packages/pip/_vendor/msgpack) by extensions ['colcon_meta']
[1.116s] Level 1:colcon.colcon_core.package_identification:_identify(gym_env/lib/python3.12/site-packages/pip/_vendor/msgpack) by extension 'colcon_meta'
[1.117s] Level 1:colcon.colcon_core.package_identification:_identify(gym_env/lib/python3.12/site-packages/pip/_vendor/msgpack) by extensions ['ros']
[1.117s] Level 1:colcon.colcon_core.package_identification:_identify(gym_env/lib/python3.12/site-packages/pip/_vendor/msgpack) by extension 'ros'
[1.117s] Level 1:colcon.colcon_core.package_identification:_identify(gym_env/lib/python3.12/site-packages/pip/_vendor/msgpack) by extensions ['cmake', 'python']
[1.117s] Level 1:colcon.colcon_core.package_identification:_identify(gym_env/lib/python3.12/site-packages/pip/_vendor/msgpack) by extension 'cmake'
[1.117s] Level 1:colcon.colcon_core.package_identification:_identify(gym_env/lib/python3.12/site-packages/pip/_vendor/msgpack) by extension 'python'
[1.118s] Level 1:colcon.colcon_core.package_identification:_identify(gym_env/lib/python3.12/site-packages/pip/_vendor/msgpack) by extensions ['python_setup_py']
[1.118s] Level 1:colcon.colcon_core.package_identification:_identify(gym_env/lib/python3.12/site-packages/pip/_vendor/msgpack) by extension 'python_setup_py'
[1.118s] Level 1:colcon.colcon_core.package_identification:_identify(gym_env/lib/python3.12/site-packages/pip/_vendor/msgpack/__pycache__) by extensions ['ignore', 'ignore_ament_install']
[1.118s] Level 1:colcon.colcon_core.package_identification:_identify(gym_env/lib/python3.12/site-packages/pip/_vendor/msgpack/__pycache__) by extension 'ignore'
[1.119s] Level 1:colcon.colcon_core.package_identification:_identify(gym_env/lib/python3.12/site-packages/pip/_vendor/msgpack/__pycache__) by extension 'ignore_ament_install'
[1.119s] Level 1:colcon.colcon_core.package_identification:_identify(gym_env/lib/python3.12/site-packages/pip/_vendor/msgpack/__pycache__) by extensions ['colcon_pkg']
[1.119s] Level 1:colcon.colcon_core.package_identification:_identify(gym_env/lib/python3.12/site-packages/pip/_vendor/msgpack/__pycache__) by extension 'colcon_pkg'
[1.119s] Level 1:colcon.colcon_core.package_identification:_identify(gym_env/lib/python3.12/site-packages/pip/_vendor/msgpack/__pycache__) by extensions ['colcon_meta']
[1.119s] Level 1:colcon.colcon_core.package_identification:_identify(gym_env/lib/python3.12/site-packages/pip/_vendor/msgpack/__pycache__) by extension 'colcon_meta'
[1.120s] Level 1:colcon.colcon_core.package_identification:_identify(gym_env/lib/python3.12/site-packages/pip/_vendor/msgpack/__pycache__) by extensions ['ros']
[1.120s] Level 1:colcon.colcon_core.package_identification:_identify(gym_env/lib/python3.12/site-packages/pip/_vendor/msgpack/__pycache__) by extension 'ros'
[1.120s] Level 1:colcon.colcon_core.package_identification:_identify(gym_env/lib/python3.12/site-packages/pip/_vendor/msgpack/__pycache__) by extensions ['cmake', 'python']
[1.121s] Level 1:colcon.colcon_core.package_identification:_identify(gym_env/lib/python3.12/site-packages/pip/_vendor/msgpack/__pycache__) by extension 'cmake'
[1.121s] Level 1:colcon.colcon_core.package_identification:_identify(gym_env/lib/python3.12/site-packages/pip/_vendor/msgpack/__pycache__) by extension 'python'
[1.121s] Level 1:colcon.colcon_core.package_identification:_identify(gym_env/lib/python3.12/site-packages/pip/_vendor/msgpack/__pycache__) by extensions ['python_setup_py']
[1.121s] Level 1:colcon.colcon_core.package_identification:_identify(gym_env/lib/python3.12/site-packages/pip/_vendor/msgpack/__pycache__) by extension 'python_setup_py'
[1.122s] Level 1:colcon.colcon_core.package_identification:_identify(gym_env/lib/python3.12/site-packages/pip/_vendor/packaging) by extensions ['ignore', 'ignore_ament_install']
[1.122s] Level 1:colcon.colcon_core.package_identification:_identify(gym_env/lib/python3.12/site-packages/pip/_vendor/packaging) by extension 'ignore'
[1.122s] Level 1:colcon.colcon_core.package_identification:_identify(gym_env/lib/python3.12/site-packages/pip/_vendor/packaging) by extension 'ignore_ament_install'
[1.122s] Level 1:colcon.colcon_core.package_identification:_identify(gym_env/lib/python3.12/site-packages/pip/_vendor/packaging) by extensions ['colcon_pkg']
[1.122s] Level 1:colcon.colcon_core.package_identification:_identify(gym_env/lib/python3.12/site-packages/pip/_vendor/packaging) by extension 'colcon_pkg'
[1.123s] Level 1:colcon.colcon_core.package_identification:_identify(gym_env/lib/python3.12/site-packages/pip/_vendor/packaging) by extensions ['colcon_meta']
[1.123s] Level 1:colcon.colcon_core.package_identification:_identify(gym_env/lib/python3.12/site-packages/pip/_vendor/packaging) by extension 'colcon_meta'
[1.123s] Level 1:colcon.colcon_core.package_identification:_identify(gym_env/lib/python3.12/site-packages/pip/_vendor/packaging) by extensions ['ros']
[1.123s] Level 1:colcon.colcon_core.package_identification:_identify(gym_env/lib/python3.12/site-packages/pip/_vendor/packaging) by extension 'ros'
[1.123s] Level 1:colcon.colcon_core.package_identification:_identify(gym_env/lib/python3.12/site-packages/pip/_vendor/packaging) by extensions ['cmake', 'python']
[1.123s] Level 1:colcon.colcon_core.package_identification:_identify(gym_env/lib/python3.12/site-packages/pip/_vendor/packaging) by extension 'cmake'
[1.123s] Level 1:colcon.colcon_core.package_identification:_identify(gym_env/lib/python3.12/site-packages/pip/_vendor/packaging) by extension 'python'
[1.123s] Level 1:colcon.colcon_core.package_identification:_identify(gym_env/lib/python3.12/site-packages/pip/_vendor/packaging) by extensions ['python_setup_py']
[1.123s] Level 1:colcon.colcon_core.package_identification:_identify(gym_env/lib/python3.12/site-packages/pip/_vendor/packaging) by extension 'python_setup_py'
[1.124s] Level 1:colcon.colcon_core.package_identification:_identify(gym_env/lib/python3.12/site-packages/pip/_vendor/packaging/__pycache__) by extensions ['ignore', 'ignore_ament_install']
[1.124s] Level 1:colcon.colcon_core.package_identification:_identify(gym_env/lib/python3.12/site-packages/pip/_vendor/packaging/__pycache__) by extension 'ignore'
[1.124s] Level 1:colcon.colcon_core.package_identification:_identify(gym_env/lib/python3.12/site-packages/pip/_vendor/packaging/__pycache__) by extension 'ignore_ament_install'
[1.124s] Level 1:colcon.colcon_core.package_identification:_identify(gym_env/lib/python3.12/site-packages/pip/_vendor/packaging/__pycache__) by extensions ['colcon_pkg']
[1.125s] Level 1:colcon.colcon_core.package_identification:_identify(gym_env/lib/python3.12/site-packages/pip/_vendor/packaging/__pycache__) by extension 'colcon_pkg'
[1.125s] Level 1:colcon.colcon_core.package_identification:_identify(gym_env/lib/python3.12/site-packages/pip/_vendor/packaging/__pycache__) by extensions ['colcon_meta']
[1.125s] Level 1:colcon.colcon_core.package_identification:_identify(gym_env/lib/python3.12/site-packages/pip/_vendor/packaging/__pycache__) by extension 'colcon_meta'
[1.125s] Level 1:colcon.colcon_core.package_identification:_identify(gym_env/lib/python3.12/site-packages/pip/_vendor/packaging/__pycache__) by extensions ['ros']
[1.125s] Level 1:colcon.colcon_core.package_identification:_identify(gym_env/lib/python3.12/site-packages/pip/_vendor/packaging/__pycache__) by extension 'ros'
[1.125s] Level 1:colcon.colcon_core.package_identification:_identify(gym_env/lib/python3.12/site-packages/pip/_vendor/packaging/__pycache__) by extensions ['cmake', 'python']
[1.125s] Level 1:colcon.colcon_core.package_identification:_identify(gym_env/lib/python3.12/site-packages/pip/_vendor/packaging/__pycache__) by extension 'cmake'
[1.125s] Level 1:colcon.colcon_core.package_identification:_identify(gym_env/lib/python3.12/site-packages/pip/_vendor/packaging/__pycache__) by extension 'python'
[1.125s] Level 1:colcon.colcon_core.package_identification:_identify(gym_env/lib/python3.12/site-packages/pip/_vendor/packaging/__pycache__) by extensions ['python_setup_py']
[1.125s] Level 1:colcon.colcon_core.package_identification:_identify(gym_env/lib/python3.12/site-packages/pip/_vendor/packaging/__pycache__) by extension 'python_setup_py'
[1.126s] Level 1:colcon.colcon_core.package_identification:_identify(gym_env/lib/python3.12/site-packages/pip/_vendor/pkg_resources) by extensions ['ignore', 'ignore_ament_install']
[1.126s] Level 1:colcon.colcon_core.package_identification:_identify(gym_env/lib/python3.12/site-packages/pip/_vendor/pkg_resources) by extension 'ignore'
[1.126s] Level 1:colcon.colcon_core.package_identification:_identify(gym_env/lib/python3.12/site-packages/pip/_vendor/pkg_resources) by extension 'ignore_ament_install'
[1.127s] Level 1:colcon.colcon_core.package_identification:_identify(gym_env/lib/python3.12/site-packages/pip/_vendor/pkg_resources) by extensions ['colcon_pkg']
[1.127s] Level 1:colcon.colcon_core.package_identification:_identify(gym_env/lib/python3.12/site-packages/pip/_vendor/pkg_resources) by extension 'colcon_pkg'
[1.127s] Level 1:colcon.colcon_core.package_identification:_identify(gym_env/lib/python3.12/site-packages/pip/_vendor/pkg_resources) by extensions ['colcon_meta']
[1.127s] Level 1:colcon.colcon_core.package_identification:_identify(gym_env/lib/python3.12/site-packages/pip/_vendor/pkg_resources) by extension 'colcon_meta'
[1.127s] Level 1:colcon.colcon_core.package_identification:_identify(gym_env/lib/python3.12/site-packages/pip/_vendor/pkg_resources) by extensions ['ros']
[1.127s] Level 1:colcon.colcon_core.package_identification:_identify(gym_env/lib/python3.12/site-packages/pip/_vendor/pkg_resources) by extension 'ros'
[1.127s] Level 1:colcon.colcon_core.package_identification:_identify(gym_env/lib/python3.12/site-packages/pip/_vendor/pkg_resources) by extensions ['cmake', 'python']
[1.127s] Level 1:colcon.colcon_core.package_identification:_identify(gym_env/lib/python3.12/site-packages/pip/_vendor/pkg_resources) by extension 'cmake'
[1.127s] Level 1:colcon.colcon_core.package_identification:_identify(gym_env/lib/python3.12/site-packages/pip/_vendor/pkg_resources) by extension 'python'
[1.127s] Level 1:colcon.colcon_core.package_identification:_identify(gym_env/lib/python3.12/site-packages/pip/_vendor/pkg_resources) by extensions ['python_setup_py']
[1.128s] Level 1:colcon.colcon_core.package_identification:_identify(gym_env/lib/python3.12/site-packages/pip/_vendor/pkg_resources) by extension 'python_setup_py'
[1.128s] Level 1:colcon.colcon_core.package_identification:_identify(gym_env/lib/python3.12/site-packages/pip/_vendor/pkg_resources/__pycache__) by extensions ['ignore', 'ignore_ament_install']
[1.128s] Level 1:colcon.colcon_core.package_identification:_identify(gym_env/lib/python3.12/site-packages/pip/_vendor/pkg_resources/__pycache__) by extension 'ignore'
[1.128s] Level 1:colcon.colcon_core.package_identification:_identify(gym_env/lib/python3.12/site-packages/pip/_vendor/pkg_resources/__pycache__) by extension 'ignore_ament_install'
[1.128s] Level 1:colcon.colcon_core.package_identification:_identify(gym_env/lib/python3.12/site-packages/pip/_vendor/pkg_resources/__pycache__) by extensions ['colcon_pkg']
[1.128s] Level 1:colcon.colcon_core.package_identification:_identify(gym_env/lib/python3.12/site-packages/pip/_vendor/pkg_resources/__pycache__) by extension 'colcon_pkg'
[1.129s] Level 1:colcon.colcon_core.package_identification:_identify(gym_env/lib/python3.12/site-packages/pip/_vendor/pkg_resources/__pycache__) by extensions ['colcon_meta']
[1.129s] Level 1:colcon.colcon_core.package_identification:_identify(gym_env/lib/python3.12/site-packages/pip/_vendor/pkg_resources/__pycache__) by extension 'colcon_meta'
[1.129s] Level 1:colcon.colcon_core.package_identification:_identify(gym_env/lib/python3.12/site-packages/pip/_vendor/pkg_resources/__pycache__) by extensions ['ros']
[1.129s] Level 1:colcon.colcon_core.package_identification:_identify(gym_env/lib/python3.12/site-packages/pip/_vendor/pkg_resources/__pycache__) by extension 'ros'
[1.129s] Level 1:colcon.colcon_core.package_identification:_identify(gym_env/lib/python3.12/site-packages/pip/_vendor/pkg_resources/__pycache__) by extensions ['cmake', 'python']
[1.129s] Level 1:colcon.colcon_core.package_identification:_identify(gym_env/lib/python3.12/site-packages/pip/_vendor/pkg_resources/__pycache__) by extension 'cmake'
[1.129s] Level 1:colcon.colcon_core.package_identification:_identify(gym_env/lib/python3.12/site-packages/pip/_vendor/pkg_resources/__pycache__) by extension 'python'
[1.129s] Level 1:colcon.colcon_core.package_identification:_identify(gym_env/lib/python3.12/site-packages/pip/_vendor/pkg_resources/__pycache__) by extensions ['python_setup_py']
[1.129s] Level 1:colcon.colcon_core.package_identification:_identify(gym_env/lib/python3.12/site-packages/pip/_vendor/pkg_resources/__pycache__) by extension 'python_setup_py'
[1.130s] Level 1:colcon.colcon_core.package_identification:_identify(gym_env/lib/python3.12/site-packages/pip/_vendor/platformdirs) by extensions ['ignore', 'ignore_ament_install']
[1.130s] Level 1:colcon.colcon_core.package_identification:_identify(gym_env/lib/python3.12/site-packages/pip/_vendor/platformdirs) by extension 'ignore'
[1.130s] Level 1:colcon.colcon_core.package_identification:_identify(gym_env/lib/python3.12/site-packages/pip/_vendor/platformdirs) by extension 'ignore_ament_install'
[1.130s] Level 1:colcon.colcon_core.package_identification:_identify(gym_env/lib/python3.12/site-packages/pip/_vendor/platformdirs) by extensions ['colcon_pkg']
[1.130s] Level 1:colcon.colcon_core.package_identification:_identify(gym_env/lib/python3.12/site-packages/pip/_vendor/platformdirs) by extension 'colcon_pkg'
[1.130s] Level 1:colcon.colcon_core.package_identification:_identify(gym_env/lib/python3.12/site-packages/pip/_vendor/platformdirs) by extensions ['colcon_meta']
[1.130s] Level 1:colcon.colcon_core.package_identification:_identify(gym_env/lib/python3.12/site-packages/pip/_vendor/platformdirs) by extension 'colcon_meta'
[1.130s] Level 1:colcon.colcon_core.package_identification:_identify(gym_env/lib/python3.12/site-packages/pip/_vendor/platformdirs) by extensions ['ros']
[1.130s] Level 1:colcon.colcon_core.package_identification:_identify(gym_env/lib/python3.12/site-packages/pip/_vendor/platformdirs) by extension 'ros'
[1.131s] Level 1:colcon.colcon_core.package_identification:_identify(gym_env/lib/python3.12/site-packages/pip/_vendor/platformdirs) by extensions ['cmake', 'python']
[1.131s] Level 1:colcon.colcon_core.package_identification:_identify(gym_env/lib/python3.12/site-packages/pip/_vendor/platformdirs) by extension 'cmake'
[1.131s] Level 1:colcon.colcon_core.package_identification:_identify(gym_env/lib/python3.12/site-packages/pip/_vendor/platformdirs) by extension 'python'
[1.131s] Level 1:colcon.colcon_core.package_identification:_identify(gym_env/lib/python3.12/site-packages/pip/_vendor/platformdirs) by extensions ['python_setup_py']
[1.131s] Level 1:colcon.colcon_core.package_identification:_identify(gym_env/lib/python3.12/site-packages/pip/_vendor/platformdirs) by extension 'python_setup_py'
[1.131s] Level 1:colcon.colcon_core.package_identification:_identify(gym_env/lib/python3.12/site-packages/pip/_vendor/platformdirs/__pycache__) by extensions ['ignore', 'ignore_ament_install']
[1.131s] Level 1:colcon.colcon_core.package_identification:_identify(gym_env/lib/python3.12/site-packages/pip/_vendor/platformdirs/__pycache__) by extension 'ignore'
[1.131s] Level 1:colcon.colcon_core.package_identification:_identify(gym_env/lib/python3.12/site-packages/pip/_vendor/platformdirs/__pycache__) by extension 'ignore_ament_install'
[1.132s] Level 1:colcon.colcon_core.package_identification:_identify(gym_env/lib/python3.12/site-packages/pip/_vendor/platformdirs/__pycache__) by extensions ['colcon_pkg']
[1.132s] Level 1:colcon.colcon_core.package_identification:_identify(gym_env/lib/python3.12/site-packages/pip/_vendor/platformdirs/__pycache__) by extension 'colcon_pkg'
[1.132s] Level 1:colcon.colcon_core.package_identification:_identify(gym_env/lib/python3.12/site-packages/pip/_vendor/platformdirs/__pycache__) by extensions ['colcon_meta']
[1.132s] Level 1:colcon.colcon_core.package_identification:_identify(gym_env/lib/python3.12/site-packages/pip/_vendor/platformdirs/__pycache__) by extension 'colcon_meta'
[1.132s] Level 1:colcon.colcon_core.package_identification:_identify(gym_env/lib/python3.12/site-packages/pip/_vendor/platformdirs/__pycache__) by extensions ['ros']
[1.132s] Level 1:colcon.colcon_core.package_identification:_identify(gym_env/lib/python3.12/site-packages/pip/_vendor/platformdirs/__pycache__) by extension 'ros'
[1.132s] Level 1:colcon.colcon_core.package_identification:_identify(gym_env/lib/python3.12/site-packages/pip/_vendor/platformdirs/__pycache__) by extensions ['cmake', 'python']
[1.133s] Level 1:colcon.colcon_core.package_identification:_identify(gym_env/lib/python3.12/site-packages/pip/_vendor/platformdirs/__pycache__) by extension 'cmake'
[1.133s] Level 1:colcon.colcon_core.package_identification:_identify(gym_env/lib/python3.12/site-packages/pip/_vendor/platformdirs/__pycache__) by extension 'python'
[1.133s] Level 1:colcon.colcon_core.package_identification:_identify(gym_env/lib/python3.12/site-packages/pip/_vendor/platformdirs/__pycache__) by extensions ['python_setup_py']
[1.133s] Level 1:colcon.colcon_core.package_identification:_identify(gym_env/lib/python3.12/site-packages/pip/_vendor/platformdirs/__pycache__) by extension 'python_setup_py'
[1.133s] Level 1:colcon.colcon_core.package_identification:_identify(gym_env/lib/python3.12/site-packages/pip/_vendor/pygments) by extensions ['ignore', 'ignore_ament_install']
[1.134s] Level 1:colcon.colcon_core.package_identification:_identify(gym_env/lib/python3.12/site-packages/pip/_vendor/pygments) by extension 'ignore'
[1.134s] Level 1:colcon.colcon_core.package_identification:_identify(gym_env/lib/python3.12/site-packages/pip/_vendor/pygments) by extension 'ignore_ament_install'
[1.134s] Level 1:colcon.colcon_core.package_identification:_identify(gym_env/lib/python3.12/site-packages/pip/_vendor/pygments) by extensions ['colcon_pkg']
[1.134s] Level 1:colcon.colcon_core.package_identification:_identify(gym_env/lib/python3.12/site-packages/pip/_vendor/pygments) by extension 'colcon_pkg'
[1.134s] Level 1:colcon.colcon_core.package_identification:_identify(gym_env/lib/python3.12/site-packages/pip/_vendor/pygments) by extensions ['colcon_meta']
[1.134s] Level 1:colcon.colcon_core.package_identification:_identify(gym_env/lib/python3.12/site-packages/pip/_vendor/pygments) by extension 'colcon_meta'
[1.135s] Level 1:colcon.colcon_core.package_identification:_identify(gym_env/lib/python3.12/site-packages/pip/_vendor/pygments) by extensions ['ros']
[1.135s] Level 1:colcon.colcon_core.package_identification:_identify(gym_env/lib/python3.12/site-packages/pip/_vendor/pygments) by extension 'ros'
[1.135s] Level 1:colcon.colcon_core.package_identification:_identify(gym_env/lib/python3.12/site-packages/pip/_vendor/pygments) by extensions ['cmake', 'python']
[1.135s] Level 1:colcon.colcon_core.package_identification:_identify(gym_env/lib/python3.12/site-packages/pip/_vendor/pygments) by extension 'cmake'
[1.135s] Level 1:colcon.colcon_core.package_identification:_identify(gym_env/lib/python3.12/site-packages/pip/_vendor/pygments) by extension 'python'
[1.136s] Level 1:colcon.colcon_core.package_identification:_identify(gym_env/lib/python3.12/site-packages/pip/_vendor/pygments) by extensions ['python_setup_py']
[1.136s] Level 1:colcon.colcon_core.package_identification:_identify(gym_env/lib/python3.12/site-packages/pip/_vendor/pygments) by extension 'python_setup_py'
[1.136s] Level 1:colcon.colcon_core.package_identification:_identify(gym_env/lib/python3.12/site-packages/pip/_vendor/pygments/__pycache__) by extensions ['ignore', 'ignore_ament_install']
[1.136s] Level 1:colcon.colcon_core.package_identification:_identify(gym_env/lib/python3.12/site-packages/pip/_vendor/pygments/__pycache__) by extension 'ignore'
[1.136s] Level 1:colcon.colcon_core.package_identification:_identify(gym_env/lib/python3.12/site-packages/pip/_vendor/pygments/__pycache__) by extension 'ignore_ament_install'
[1.137s] Level 1:colcon.colcon_core.package_identification:_identify(gym_env/lib/python3.12/site-packages/pip/_vendor/pygments/__pycache__) by extensions ['colcon_pkg']
[1.137s] Level 1:colcon.colcon_core.package_identification:_identify(gym_env/lib/python3.12/site-packages/pip/_vendor/pygments/__pycache__) by extension 'colcon_pkg'
[1.137s] Level 1:colcon.colcon_core.package_identification:_identify(gym_env/lib/python3.12/site-packages/pip/_vendor/pygments/__pycache__) by extensions ['colcon_meta']
[1.137s] Level 1:colcon.colcon_core.package_identification:_identify(gym_env/lib/python3.12/site-packages/pip/_vendor/pygments/__pycache__) by extension 'colcon_meta'
[1.137s] Level 1:colcon.colcon_core.package_identification:_identify(gym_env/lib/python3.12/site-packages/pip/_vendor/pygments/__pycache__) by extensions ['ros']
[1.138s] Level 1:colcon.colcon_core.package_identification:_identify(gym_env/lib/python3.12/site-packages/pip/_vendor/pygments/__pycache__) by extension 'ros'
[1.138s] Level 1:colcon.colcon_core.package_identification:_identify(gym_env/lib/python3.12/site-packages/pip/_vendor/pygments/__pycache__) by extensions ['cmake', 'python']
[1.138s] Level 1:colcon.colcon_core.package_identification:_identify(gym_env/lib/python3.12/site-packages/pip/_vendor/pygments/__pycache__) by extension 'cmake'
[1.138s] Level 1:colcon.colcon_core.package_identification:_identify(gym_env/lib/python3.12/site-packages/pip/_vendor/pygments/__pycache__) by extension 'python'
[1.138s] Level 1:colcon.colcon_core.package_identification:_identify(gym_env/lib/python3.12/site-packages/pip/_vendor/pygments/__pycache__) by extensions ['python_setup_py']
[1.139s] Level 1:colcon.colcon_core.package_identification:_identify(gym_env/lib/python3.12/site-packages/pip/_vendor/pygments/__pycache__) by extension 'python_setup_py'
[1.139s] Level 1:colcon.colcon_core.package_identification:_identify(gym_env/lib/python3.12/site-packages/pip/_vendor/pygments/filters) by extensions ['ignore', 'ignore_ament_install']
[1.139s] Level 1:colcon.colcon_core.package_identification:_identify(gym_env/lib/python3.12/site-packages/pip/_vendor/pygments/filters) by extension 'ignore'
[1.139s] Level 1:colcon.colcon_core.package_identification:_identify(gym_env/lib/python3.12/site-packages/pip/_vendor/pygments/filters) by extension 'ignore_ament_install'
[1.139s] Level 1:colcon.colcon_core.package_identification:_identify(gym_env/lib/python3.12/site-packages/pip/_vendor/pygments/filters) by extensions ['colcon_pkg']
[1.139s] Level 1:colcon.colcon_core.package_identification:_identify(gym_env/lib/python3.12/site-packages/pip/_vendor/pygments/filters) by extension 'colcon_pkg'
[1.140s] Level 1:colcon.colcon_core.package_identification:_identify(gym_env/lib/python3.12/site-packages/pip/_vendor/pygments/filters) by extensions ['colcon_meta']
[1.140s] Level 1:colcon.colcon_core.package_identification:_identify(gym_env/lib/python3.12/site-packages/pip/_vendor/pygments/filters) by extension 'colcon_meta'
[1.140s] Level 1:colcon.colcon_core.package_identification:_identify(gym_env/lib/python3.12/site-packages/pip/_vendor/pygments/filters) by extensions ['ros']
[1.140s] Level 1:colcon.colcon_core.package_identification:_identify(gym_env/lib/python3.12/site-packages/pip/_vendor/pygments/filters) by extension 'ros'
[1.140s] Level 1:colcon.colcon_core.package_identification:_identify(gym_env/lib/python3.12/site-packages/pip/_vendor/pygments/filters) by extensions ['cmake', 'python']
[1.140s] Level 1:colcon.colcon_core.package_identification:_identify(gym_env/lib/python3.12/site-packages/pip/_vendor/pygments/filters) by extension 'cmake'
[1.140s] Level 1:colcon.colcon_core.package_identification:_identify(gym_env/lib/python3.12/site-packages/pip/_vendor/pygments/filters) by extension 'python'
[1.140s] Level 1:colcon.colcon_core.package_identification:_identify(gym_env/lib/python3.12/site-packages/pip/_vendor/pygments/filters) by extensions ['python_setup_py']
[1.140s] Level 1:colcon.colcon_core.package_identification:_identify(gym_env/lib/python3.12/site-packages/pip/_vendor/pygments/filters) by extension 'python_setup_py'
[1.141s] Level 1:colcon.colcon_core.package_identification:_identify(gym_env/lib/python3.12/site-packages/pip/_vendor/pygments/filters/__pycache__) by extensions ['ignore', 'ignore_ament_install']
[1.141s] Level 1:colcon.colcon_core.package_identification:_identify(gym_env/lib/python3.12/site-packages/pip/_vendor/pygments/filters/__pycache__) by extension 'ignore'
[1.141s] Level 1:colcon.colcon_core.package_identification:_identify(gym_env/lib/python3.12/site-packages/pip/_vendor/pygments/filters/__pycache__) by extension 'ignore_ament_install'
[1.141s] Level 1:colcon.colcon_core.package_identification:_identify(gym_env/lib/python3.12/site-packages/pip/_vendor/pygments/filters/__pycache__) by extensions ['colcon_pkg']
[1.141s] Level 1:colcon.colcon_core.package_identification:_identify(gym_env/lib/python3.12/site-packages/pip/_vendor/pygments/filters/__pycache__) by extension 'colcon_pkg'
[1.142s] Level 1:colcon.colcon_core.package_identification:_identify(gym_env/lib/python3.12/site-packages/pip/_vendor/pygments/filters/__pycache__) by extensions ['colcon_meta']
[1.142s] Level 1:colcon.colcon_core.package_identification:_identify(gym_env/lib/python3.12/site-packages/pip/_vendor/pygments/filters/__pycache__) by extension 'colcon_meta'
[1.142s] Level 1:colcon.colcon_core.package_identification:_identify(gym_env/lib/python3.12/site-packages/pip/_vendor/pygments/filters/__pycache__) by extensions ['ros']
[1.142s] Level 1:colcon.colcon_core.package_identification:_identify(gym_env/lib/python3.12/site-packages/pip/_vendor/pygments/filters/__pycache__) by extension 'ros'
[1.142s] Level 1:colcon.colcon_core.package_identification:_identify(gym_env/lib/python3.12/site-packages/pip/_vendor/pygments/filters/__pycache__) by extensions ['cmake', 'python']
[1.142s] Level 1:colcon.colcon_core.package_identification:_identify(gym_env/lib/python3.12/site-packages/pip/_vendor/pygments/filters/__pycache__) by extension 'cmake'
[1.142s] Level 1:colcon.colcon_core.package_identification:_identify(gym_env/lib/python3.12/site-packages/pip/_vendor/pygments/filters/__pycache__) by extension 'python'
[1.142s] Level 1:colcon.colcon_core.package_identification:_identify(gym_env/lib/python3.12/site-packages/pip/_vendor/pygments/filters/__pycache__) by extensions ['python_setup_py']
[1.142s] Level 1:colcon.colcon_core.package_identification:_identify(gym_env/lib/python3.12/site-packages/pip/_vendor/pygments/filters/__pycache__) by extension 'python_setup_py'
[1.143s] Level 1:colcon.colcon_core.package_identification:_identify(gym_env/lib/python3.12/site-packages/pip/_vendor/pygments/formatters) by extensions ['ignore', 'ignore_ament_install']
[1.143s] Level 1:colcon.colcon_core.package_identification:_identify(gym_env/lib/python3.12/site-packages/pip/_vendor/pygments/formatters) by extension 'ignore'
[1.143s] Level 1:colcon.colcon_core.package_identification:_identify(gym_env/lib/python3.12/site-packages/pip/_vendor/pygments/formatters) by extension 'ignore_ament_install'
[1.143s] Level 1:colcon.colcon_core.package_identification:_identify(gym_env/lib/python3.12/site-packages/pip/_vendor/pygments/formatters) by extensions ['colcon_pkg']
[1.143s] Level 1:colcon.colcon_core.package_identification:_identify(gym_env/lib/python3.12/site-packages/pip/_vendor/pygments/formatters) by extension 'colcon_pkg'
[1.143s] Level 1:colcon.colcon_core.package_identification:_identify(gym_env/lib/python3.12/site-packages/pip/_vendor/pygments/formatters) by extensions ['colcon_meta']
[1.143s] Level 1:colcon.colcon_core.package_identification:_identify(gym_env/lib/python3.12/site-packages/pip/_vendor/pygments/formatters) by extension 'colcon_meta'
[1.144s] Level 1:colcon.colcon_core.package_identification:_identify(gym_env/lib/python3.12/site-packages/pip/_vendor/pygments/formatters) by extensions ['ros']
[1.144s] Level 1:colcon.colcon_core.package_identification:_identify(gym_env/lib/python3.12/site-packages/pip/_vendor/pygments/formatters) by extension 'ros'
[1.144s] Level 1:colcon.colcon_core.package_identification:_identify(gym_env/lib/python3.12/site-packages/pip/_vendor/pygments/formatters) by extensions ['cmake', 'python']
[1.144s] Level 1:colcon.colcon_core.package_identification:_identify(gym_env/lib/python3.12/site-packages/pip/_vendor/pygments/formatters) by extension 'cmake'
[1.144s] Level 1:colcon.colcon_core.package_identification:_identify(gym_env/lib/python3.12/site-packages/pip/_vendor/pygments/formatters) by extension 'python'
[1.144s] Level 1:colcon.colcon_core.package_identification:_identify(gym_env/lib/python3.12/site-packages/pip/_vendor/pygments/formatters) by extensions ['python_setup_py']
[1.144s] Level 1:colcon.colcon_core.package_identification:_identify(gym_env/lib/python3.12/site-packages/pip/_vendor/pygments/formatters) by extension 'python_setup_py'
[1.145s] Level 1:colcon.colcon_core.package_identification:_identify(gym_env/lib/python3.12/site-packages/pip/_vendor/pygments/formatters/__pycache__) by extensions ['ignore', 'ignore_ament_install']
[1.145s] Level 1:colcon.colcon_core.package_identification:_identify(gym_env/lib/python3.12/site-packages/pip/_vendor/pygments/formatters/__pycache__) by extension 'ignore'
[1.145s] Level 1:colcon.colcon_core.package_identification:_identify(gym_env/lib/python3.12/site-packages/pip/_vendor/pygments/formatters/__pycache__) by extension 'ignore_ament_install'
[1.145s] Level 1:colcon.colcon_core.package_identification:_identify(gym_env/lib/python3.12/site-packages/pip/_vendor/pygments/formatters/__pycache__) by extensions ['colcon_pkg']
[1.145s] Level 1:colcon.colcon_core.package_identification:_identify(gym_env/lib/python3.12/site-packages/pip/_vendor/pygments/formatters/__pycache__) by extension 'colcon_pkg'
[1.146s] Level 1:colcon.colcon_core.package_identification:_identify(gym_env/lib/python3.12/site-packages/pip/_vendor/pygments/formatters/__pycache__) by extensions ['colcon_meta']
[1.146s] Level 1:colcon.colcon_core.package_identification:_identify(gym_env/lib/python3.12/site-packages/pip/_vendor/pygments/formatters/__pycache__) by extension 'colcon_meta'
[1.146s] Level 1:colcon.colcon_core.package_identification:_identify(gym_env/lib/python3.12/site-packages/pip/_vendor/pygments/formatters/__pycache__) by extensions ['ros']
[1.146s] Level 1:colcon.colcon_core.package_identification:_identify(gym_env/lib/python3.12/site-packages/pip/_vendor/pygments/formatters/__pycache__) by extension 'ros'
[1.146s] Level 1:colcon.colcon_core.package_identification:_identify(gym_env/lib/python3.12/site-packages/pip/_vendor/pygments/formatters/__pycache__) by extensions ['cmake', 'python']
[1.146s] Level 1:colcon.colcon_core.package_identification:_identify(gym_env/lib/python3.12/site-packages/pip/_vendor/pygments/formatters/__pycache__) by extension 'cmake'
[1.146s] Level 1:colcon.colcon_core.package_identification:_identify(gym_env/lib/python3.12/site-packages/pip/_vendor/pygments/formatters/__pycache__) by extension 'python'
[1.146s] Level 1:colcon.colcon_core.package_identification:_identify(gym_env/lib/python3.12/site-packages/pip/_vendor/pygments/formatters/__pycache__) by extensions ['python_setup_py']
[1.146s] Level 1:colcon.colcon_core.package_identification:_identify(gym_env/lib/python3.12/site-packages/pip/_vendor/pygments/formatters/__pycache__) by extension 'python_setup_py'
[1.147s] Level 1:colcon.colcon_core.package_identification:_identify(gym_env/lib/python3.12/site-packages/pip/_vendor/pygments/lexers) by extensions ['ignore', 'ignore_ament_install']
[1.147s] Level 1:colcon.colcon_core.package_identification:_identify(gym_env/lib/python3.12/site-packages/pip/_vendor/pygments/lexers) by extension 'ignore'
[1.147s] Level 1:colcon.colcon_core.package_identification:_identify(gym_env/lib/python3.12/site-packages/pip/_vendor/pygments/lexers) by extension 'ignore_ament_install'
[1.147s] Level 1:colcon.colcon_core.package_identification:_identify(gym_env/lib/python3.12/site-packages/pip/_vendor/pygments/lexers) by extensions ['colcon_pkg']
[1.147s] Level 1:colcon.colcon_core.package_identification:_identify(gym_env/lib/python3.12/site-packages/pip/_vendor/pygments/lexers) by extension 'colcon_pkg'
[1.147s] Level 1:colcon.colcon_core.package_identification:_identify(gym_env/lib/python3.12/site-packages/pip/_vendor/pygments/lexers) by extensions ['colcon_meta']
[1.147s] Level 1:colcon.colcon_core.package_identification:_identify(gym_env/lib/python3.12/site-packages/pip/_vendor/pygments/lexers) by extension 'colcon_meta'
[1.147s] Level 1:colcon.colcon_core.package_identification:_identify(gym_env/lib/python3.12/site-packages/pip/_vendor/pygments/lexers) by extensions ['ros']
[1.148s] Level 1:colcon.colcon_core.package_identification:_identify(gym_env/lib/python3.12/site-packages/pip/_vendor/pygments/lexers) by extension 'ros'
[1.148s] Level 1:colcon.colcon_core.package_identification:_identify(gym_env/lib/python3.12/site-packages/pip/_vendor/pygments/lexers) by extensions ['cmake', 'python']
[1.148s] Level 1:colcon.colcon_core.package_identification:_identify(gym_env/lib/python3.12/site-packages/pip/_vendor/pygments/lexers) by extension 'cmake'
[1.148s] Level 1:colcon.colcon_core.package_identification:_identify(gym_env/lib/python3.12/site-packages/pip/_vendor/pygments/lexers) by extension 'python'
[1.148s] Level 1:colcon.colcon_core.package_identification:_identify(gym_env/lib/python3.12/site-packages/pip/_vendor/pygments/lexers) by extensions ['python_setup_py']
[1.148s] Level 1:colcon.colcon_core.package_identification:_identify(gym_env/lib/python3.12/site-packages/pip/_vendor/pygments/lexers) by extension 'python_setup_py'
[1.149s] Level 1:colcon.colcon_core.package_identification:_identify(gym_env/lib/python3.12/site-packages/pip/_vendor/pygments/lexers/__pycache__) by extensions ['ignore', 'ignore_ament_install']
[1.149s] Level 1:colcon.colcon_core.package_identification:_identify(gym_env/lib/python3.12/site-packages/pip/_vendor/pygments/lexers/__pycache__) by extension 'ignore'
[1.149s] Level 1:colcon.colcon_core.package_identification:_identify(gym_env/lib/python3.12/site-packages/pip/_vendor/pygments/lexers/__pycache__) by extension 'ignore_ament_install'
[1.149s] Level 1:colcon.colcon_core.package_identification:_identify(gym_env/lib/python3.12/site-packages/pip/_vendor/pygments/lexers/__pycache__) by extensions ['colcon_pkg']
[1.149s] Level 1:colcon.colcon_core.package_identification:_identify(gym_env/lib/python3.12/site-packages/pip/_vendor/pygments/lexers/__pycache__) by extension 'colcon_pkg'
[1.150s] Level 1:colcon.colcon_core.package_identification:_identify(gym_env/lib/python3.12/site-packages/pip/_vendor/pygments/lexers/__pycache__) by extensions ['colcon_meta']
[1.150s] Level 1:colcon.colcon_core.package_identification:_identify(gym_env/lib/python3.12/site-packages/pip/_vendor/pygments/lexers/__pycache__) by extension 'colcon_meta'
[1.150s] Level 1:colcon.colcon_core.package_identification:_identify(gym_env/lib/python3.12/site-packages/pip/_vendor/pygments/lexers/__pycache__) by extensions ['ros']
[1.150s] Level 1:colcon.colcon_core.package_identification:_identify(gym_env/lib/python3.12/site-packages/pip/_vendor/pygments/lexers/__pycache__) by extension 'ros'
[1.150s] Level 1:colcon.colcon_core.package_identification:_identify(gym_env/lib/python3.12/site-packages/pip/_vendor/pygments/lexers/__pycache__) by extensions ['cmake', 'python']
[1.151s] Level 1:colcon.colcon_core.package_identification:_identify(gym_env/lib/python3.12/site-packages/pip/_vendor/pygments/lexers/__pycache__) by extension 'cmake'
[1.151s] Level 1:colcon.colcon_core.package_identification:_identify(gym_env/lib/python3.12/site-packages/pip/_vendor/pygments/lexers/__pycache__) by extension 'python'
[1.151s] Level 1:colcon.colcon_core.package_identification:_identify(gym_env/lib/python3.12/site-packages/pip/_vendor/pygments/lexers/__pycache__) by extensions ['python_setup_py']
[1.151s] Level 1:colcon.colcon_core.package_identification:_identify(gym_env/lib/python3.12/site-packages/pip/_vendor/pygments/lexers/__pycache__) by extension 'python_setup_py'
[1.151s] Level 1:colcon.colcon_core.package_identification:_identify(gym_env/lib/python3.12/site-packages/pip/_vendor/pygments/styles) by extensions ['ignore', 'ignore_ament_install']
[1.152s] Level 1:colcon.colcon_core.package_identification:_identify(gym_env/lib/python3.12/site-packages/pip/_vendor/pygments/styles) by extension 'ignore'
[1.152s] Level 1:colcon.colcon_core.package_identification:_identify(gym_env/lib/python3.12/site-packages/pip/_vendor/pygments/styles) by extension 'ignore_ament_install'
[1.152s] Level 1:colcon.colcon_core.package_identification:_identify(gym_env/lib/python3.12/site-packages/pip/_vendor/pygments/styles) by extensions ['colcon_pkg']
[1.152s] Level 1:colcon.colcon_core.package_identification:_identify(gym_env/lib/python3.12/site-packages/pip/_vendor/pygments/styles) by extension 'colcon_pkg'
[1.152s] Level 1:colcon.colcon_core.package_identification:_identify(gym_env/lib/python3.12/site-packages/pip/_vendor/pygments/styles) by extensions ['colcon_meta']
[1.153s] Level 1:colcon.colcon_core.package_identification:_identify(gym_env/lib/python3.12/site-packages/pip/_vendor/pygments/styles) by extension 'colcon_meta'
[1.153s] Level 1:colcon.colcon_core.package_identification:_identify(gym_env/lib/python3.12/site-packages/pip/_vendor/pygments/styles) by extensions ['ros']
[1.153s] Level 1:colcon.colcon_core.package_identification:_identify(gym_env/lib/python3.12/site-packages/pip/_vendor/pygments/styles) by extension 'ros'
[1.153s] Level 1:colcon.colcon_core.package_identification:_identify(gym_env/lib/python3.12/site-packages/pip/_vendor/pygments/styles) by extensions ['cmake', 'python']
[1.153s] Level 1:colcon.colcon_core.package_identification:_identify(gym_env/lib/python3.12/site-packages/pip/_vendor/pygments/styles) by extension 'cmake'
[1.153s] Level 1:colcon.colcon_core.package_identification:_identify(gym_env/lib/python3.12/site-packages/pip/_vendor/pygments/styles) by extension 'python'
[1.153s] Level 1:colcon.colcon_core.package_identification:_identify(gym_env/lib/python3.12/site-packages/pip/_vendor/pygments/styles) by extensions ['python_setup_py']
[1.154s] Level 1:colcon.colcon_core.package_identification:_identify(gym_env/lib/python3.12/site-packages/pip/_vendor/pygments/styles) by extension 'python_setup_py'
[1.154s] Level 1:colcon.colcon_core.package_identification:_identify(gym_env/lib/python3.12/site-packages/pip/_vendor/pygments/styles/__pycache__) by extensions ['ignore', 'ignore_ament_install']
[1.154s] Level 1:colcon.colcon_core.package_identification:_identify(gym_env/lib/python3.12/site-packages/pip/_vendor/pygments/styles/__pycache__) by extension 'ignore'
[1.155s] Level 1:colcon.colcon_core.package_identification:_identify(gym_env/lib/python3.12/site-packages/pip/_vendor/pygments/styles/__pycache__) by extension 'ignore_ament_install'
[1.155s] Level 1:colcon.colcon_core.package_identification:_identify(gym_env/lib/python3.12/site-packages/pip/_vendor/pygments/styles/__pycache__) by extensions ['colcon_pkg']
[1.155s] Level 1:colcon.colcon_core.package_identification:_identify(gym_env/lib/python3.12/site-packages/pip/_vendor/pygments/styles/__pycache__) by extension 'colcon_pkg'
[1.155s] Level 1:colcon.colcon_core.package_identification:_identify(gym_env/lib/python3.12/site-packages/pip/_vendor/pygments/styles/__pycache__) by extensions ['colcon_meta']
[1.155s] Level 1:colcon.colcon_core.package_identification:_identify(gym_env/lib/python3.12/site-packages/pip/_vendor/pygments/styles/__pycache__) by extension 'colcon_meta'
[1.155s] Level 1:colcon.colcon_core.package_identification:_identify(gym_env/lib/python3.12/site-packages/pip/_vendor/pygments/styles/__pycache__) by extensions ['ros']
[1.155s] Level 1:colcon.colcon_core.package_identification:_identify(gym_env/lib/python3.12/site-packages/pip/_vendor/pygments/styles/__pycache__) by extension 'ros'
[1.155s] Level 1:colcon.colcon_core.package_identification:_identify(gym_env/lib/python3.12/site-packages/pip/_vendor/pygments/styles/__pycache__) by extensions ['cmake', 'python']
[1.155s] Level 1:colcon.colcon_core.package_identification:_identify(gym_env/lib/python3.12/site-packages/pip/_vendor/pygments/styles/__pycache__) by extension 'cmake'
[1.156s] Level 1:colcon.colcon_core.package_identification:_identify(gym_env/lib/python3.12/site-packages/pip/_vendor/pygments/styles/__pycache__) by extension 'python'
[1.156s] Level 1:colcon.colcon_core.package_identification:_identify(gym_env/lib/python3.12/site-packages/pip/_vendor/pygments/styles/__pycache__) by extensions ['python_setup_py']
[1.156s] Level 1:colcon.colcon_core.package_identification:_identify(gym_env/lib/python3.12/site-packages/pip/_vendor/pygments/styles/__pycache__) by extension 'python_setup_py'
[1.156s] Level 1:colcon.colcon_core.package_identification:_identify(gym_env/lib/python3.12/site-packages/pip/_vendor/pyparsing) by extensions ['ignore', 'ignore_ament_install']
[1.157s] Level 1:colcon.colcon_core.package_identification:_identify(gym_env/lib/python3.12/site-packages/pip/_vendor/pyparsing) by extension 'ignore'
[1.157s] Level 1:colcon.colcon_core.package_identification:_identify(gym_env/lib/python3.12/site-packages/pip/_vendor/pyparsing) by extension 'ignore_ament_install'
[1.157s] Level 1:colcon.colcon_core.package_identification:_identify(gym_env/lib/python3.12/site-packages/pip/_vendor/pyparsing) by extensions ['colcon_pkg']
[1.157s] Level 1:colcon.colcon_core.package_identification:_identify(gym_env/lib/python3.12/site-packages/pip/_vendor/pyparsing) by extension 'colcon_pkg'
[1.157s] Level 1:colcon.colcon_core.package_identification:_identify(gym_env/lib/python3.12/site-packages/pip/_vendor/pyparsing) by extensions ['colcon_meta']
[1.157s] Level 1:colcon.colcon_core.package_identification:_identify(gym_env/lib/python3.12/site-packages/pip/_vendor/pyparsing) by extension 'colcon_meta'
[1.157s] Level 1:colcon.colcon_core.package_identification:_identify(gym_env/lib/python3.12/site-packages/pip/_vendor/pyparsing) by extensions ['ros']
[1.157s] Level 1:colcon.colcon_core.package_identification:_identify(gym_env/lib/python3.12/site-packages/pip/_vendor/pyparsing) by extension 'ros'
[1.157s] Level 1:colcon.colcon_core.package_identification:_identify(gym_env/lib/python3.12/site-packages/pip/_vendor/pyparsing) by extensions ['cmake', 'python']
[1.158s] Level 1:colcon.colcon_core.package_identification:_identify(gym_env/lib/python3.12/site-packages/pip/_vendor/pyparsing) by extension 'cmake'
[1.158s] Level 1:colcon.colcon_core.package_identification:_identify(gym_env/lib/python3.12/site-packages/pip/_vendor/pyparsing) by extension 'python'
[1.158s] Level 1:colcon.colcon_core.package_identification:_identify(gym_env/lib/python3.12/site-packages/pip/_vendor/pyparsing) by extensions ['python_setup_py']
[1.158s] Level 1:colcon.colcon_core.package_identification:_identify(gym_env/lib/python3.12/site-packages/pip/_vendor/pyparsing) by extension 'python_setup_py'
[1.158s] Level 1:colcon.colcon_core.package_identification:_identify(gym_env/lib/python3.12/site-packages/pip/_vendor/pyparsing/__pycache__) by extensions ['ignore', 'ignore_ament_install']
[1.159s] Level 1:colcon.colcon_core.package_identification:_identify(gym_env/lib/python3.12/site-packages/pip/_vendor/pyparsing/__pycache__) by extension 'ignore'
[1.159s] Level 1:colcon.colcon_core.package_identification:_identify(gym_env/lib/python3.12/site-packages/pip/_vendor/pyparsing/__pycache__) by extension 'ignore_ament_install'
[1.159s] Level 1:colcon.colcon_core.package_identification:_identify(gym_env/lib/python3.12/site-packages/pip/_vendor/pyparsing/__pycache__) by extensions ['colcon_pkg']
[1.159s] Level 1:colcon.colcon_core.package_identification:_identify(gym_env/lib/python3.12/site-packages/pip/_vendor/pyparsing/__pycache__) by extension 'colcon_pkg'
[1.159s] Level 1:colcon.colcon_core.package_identification:_identify(gym_env/lib/python3.12/site-packages/pip/_vendor/pyparsing/__pycache__) by extensions ['colcon_meta']
[1.159s] Level 1:colcon.colcon_core.package_identification:_identify(gym_env/lib/python3.12/site-packages/pip/_vendor/pyparsing/__pycache__) by extension 'colcon_meta'
[1.159s] Level 1:colcon.colcon_core.package_identification:_identify(gym_env/lib/python3.12/site-packages/pip/_vendor/pyparsing/__pycache__) by extensions ['ros']
[1.159s] Level 1:colcon.colcon_core.package_identification:_identify(gym_env/lib/python3.12/site-packages/pip/_vendor/pyparsing/__pycache__) by extension 'ros'
[1.160s] Level 1:colcon.colcon_core.package_identification:_identify(gym_env/lib/python3.12/site-packages/pip/_vendor/pyparsing/__pycache__) by extensions ['cmake', 'python']
[1.160s] Level 1:colcon.colcon_core.package_identification:_identify(gym_env/lib/python3.12/site-packages/pip/_vendor/pyparsing/__pycache__) by extension 'cmake'
[1.160s] Level 1:colcon.colcon_core.package_identification:_identify(gym_env/lib/python3.12/site-packages/pip/_vendor/pyparsing/__pycache__) by extension 'python'
[1.160s] Level 1:colcon.colcon_core.package_identification:_identify(gym_env/lib/python3.12/site-packages/pip/_vendor/pyparsing/__pycache__) by extensions ['python_setup_py']
[1.160s] Level 1:colcon.colcon_core.package_identification:_identify(gym_env/lib/python3.12/site-packages/pip/_vendor/pyparsing/__pycache__) by extension 'python_setup_py'
[1.161s] Level 1:colcon.colcon_core.package_identification:_identify(gym_env/lib/python3.12/site-packages/pip/_vendor/pyparsing/diagram) by extensions ['ignore', 'ignore_ament_install']
[1.161s] Level 1:colcon.colcon_core.package_identification:_identify(gym_env/lib/python3.12/site-packages/pip/_vendor/pyparsing/diagram) by extension 'ignore'
[1.161s] Level 1:colcon.colcon_core.package_identification:_identify(gym_env/lib/python3.12/site-packages/pip/_vendor/pyparsing/diagram) by extension 'ignore_ament_install'
[1.161s] Level 1:colcon.colcon_core.package_identification:_identify(gym_env/lib/python3.12/site-packages/pip/_vendor/pyparsing/diagram) by extensions ['colcon_pkg']
[1.161s] Level 1:colcon.colcon_core.package_identification:_identify(gym_env/lib/python3.12/site-packages/pip/_vendor/pyparsing/diagram) by extension 'colcon_pkg'
[1.161s] Level 1:colcon.colcon_core.package_identification:_identify(gym_env/lib/python3.12/site-packages/pip/_vendor/pyparsing/diagram) by extensions ['colcon_meta']
[1.161s] Level 1:colcon.colcon_core.package_identification:_identify(gym_env/lib/python3.12/site-packages/pip/_vendor/pyparsing/diagram) by extension 'colcon_meta'
[1.161s] Level 1:colcon.colcon_core.package_identification:_identify(gym_env/lib/python3.12/site-packages/pip/_vendor/pyparsing/diagram) by extensions ['ros']
[1.161s] Level 1:colcon.colcon_core.package_identification:_identify(gym_env/lib/python3.12/site-packages/pip/_vendor/pyparsing/diagram) by extension 'ros'
[1.162s] Level 1:colcon.colcon_core.package_identification:_identify(gym_env/lib/python3.12/site-packages/pip/_vendor/pyparsing/diagram) by extensions ['cmake', 'python']
[1.162s] Level 1:colcon.colcon_core.package_identification:_identify(gym_env/lib/python3.12/site-packages/pip/_vendor/pyparsing/diagram) by extension 'cmake'
[1.162s] Level 1:colcon.colcon_core.package_identification:_identify(gym_env/lib/python3.12/site-packages/pip/_vendor/pyparsing/diagram) by extension 'python'
[1.162s] Level 1:colcon.colcon_core.package_identification:_identify(gym_env/lib/python3.12/site-packages/pip/_vendor/pyparsing/diagram) by extensions ['python_setup_py']
[1.162s] Level 1:colcon.colcon_core.package_identification:_identify(gym_env/lib/python3.12/site-packages/pip/_vendor/pyparsing/diagram) by extension 'python_setup_py'
[1.163s] Level 1:colcon.colcon_core.package_identification:_identify(gym_env/lib/python3.12/site-packages/pip/_vendor/pyparsing/diagram/__pycache__) by extensions ['ignore', 'ignore_ament_install']
[1.163s] Level 1:colcon.colcon_core.package_identification:_identify(gym_env/lib/python3.12/site-packages/pip/_vendor/pyparsing/diagram/__pycache__) by extension 'ignore'
[1.163s] Level 1:colcon.colcon_core.package_identification:_identify(gym_env/lib/python3.12/site-packages/pip/_vendor/pyparsing/diagram/__pycache__) by extension 'ignore_ament_install'
[1.163s] Level 1:colcon.colcon_core.package_identification:_identify(gym_env/lib/python3.12/site-packages/pip/_vendor/pyparsing/diagram/__pycache__) by extensions ['colcon_pkg']
[1.163s] Level 1:colcon.colcon_core.package_identification:_identify(gym_env/lib/python3.12/site-packages/pip/_vendor/pyparsing/diagram/__pycache__) by extension 'colcon_pkg'
[1.163s] Level 1:colcon.colcon_core.package_identification:_identify(gym_env/lib/python3.12/site-packages/pip/_vendor/pyparsing/diagram/__pycache__) by extensions ['colcon_meta']
[1.163s] Level 1:colcon.colcon_core.package_identification:_identify(gym_env/lib/python3.12/site-packages/pip/_vendor/pyparsing/diagram/__pycache__) by extension 'colcon_meta'
[1.163s] Level 1:colcon.colcon_core.package_identification:_identify(gym_env/lib/python3.12/site-packages/pip/_vendor/pyparsing/diagram/__pycache__) by extensions ['ros']
[1.163s] Level 1:colcon.colcon_core.package_identification:_identify(gym_env/lib/python3.12/site-packages/pip/_vendor/pyparsing/diagram/__pycache__) by extension 'ros'
[1.164s] Level 1:colcon.colcon_core.package_identification:_identify(gym_env/lib/python3.12/site-packages/pip/_vendor/pyparsing/diagram/__pycache__) by extensions ['cmake', 'python']
[1.164s] Level 1:colcon.colcon_core.package_identification:_identify(gym_env/lib/python3.12/site-packages/pip/_vendor/pyparsing/diagram/__pycache__) by extension 'cmake'
[1.164s] Level 1:colcon.colcon_core.package_identification:_identify(gym_env/lib/python3.12/site-packages/pip/_vendor/pyparsing/diagram/__pycache__) by extension 'python'
[1.164s] Level 1:colcon.colcon_core.package_identification:_identify(gym_env/lib/python3.12/site-packages/pip/_vendor/pyparsing/diagram/__pycache__) by extensions ['python_setup_py']
[1.164s] Level 1:colcon.colcon_core.package_identification:_identify(gym_env/lib/python3.12/site-packages/pip/_vendor/pyparsing/diagram/__pycache__) by extension 'python_setup_py'
[1.164s] Level 1:colcon.colcon_core.package_identification:_identify(gym_env/lib/python3.12/site-packages/pip/_vendor/pyproject_hooks) by extensions ['ignore', 'ignore_ament_install']
[1.164s] Level 1:colcon.colcon_core.package_identification:_identify(gym_env/lib/python3.12/site-packages/pip/_vendor/pyproject_hooks) by extension 'ignore'
[1.165s] Level 1:colcon.colcon_core.package_identification:_identify(gym_env/lib/python3.12/site-packages/pip/_vendor/pyproject_hooks) by extension 'ignore_ament_install'
[1.165s] Level 1:colcon.colcon_core.package_identification:_identify(gym_env/lib/python3.12/site-packages/pip/_vendor/pyproject_hooks) by extensions ['colcon_pkg']
[1.165s] Level 1:colcon.colcon_core.package_identification:_identify(gym_env/lib/python3.12/site-packages/pip/_vendor/pyproject_hooks) by extension 'colcon_pkg'
[1.165s] Level 1:colcon.colcon_core.package_identification:_identify(gym_env/lib/python3.12/site-packages/pip/_vendor/pyproject_hooks) by extensions ['colcon_meta']
[1.165s] Level 1:colcon.colcon_core.package_identification:_identify(gym_env/lib/python3.12/site-packages/pip/_vendor/pyproject_hooks) by extension 'colcon_meta'
[1.165s] Level 1:colcon.colcon_core.package_identification:_identify(gym_env/lib/python3.12/site-packages/pip/_vendor/pyproject_hooks) by extensions ['ros']
[1.165s] Level 1:colcon.colcon_core.package_identification:_identify(gym_env/lib/python3.12/site-packages/pip/_vendor/pyproject_hooks) by extension 'ros'
[1.165s] Level 1:colcon.colcon_core.package_identification:_identify(gym_env/lib/python3.12/site-packages/pip/_vendor/pyproject_hooks) by extensions ['cmake', 'python']
[1.165s] Level 1:colcon.colcon_core.package_identification:_identify(gym_env/lib/python3.12/site-packages/pip/_vendor/pyproject_hooks) by extension 'cmake'
[1.165s] Level 1:colcon.colcon_core.package_identification:_identify(gym_env/lib/python3.12/site-packages/pip/_vendor/pyproject_hooks) by extension 'python'
[1.166s] Level 1:colcon.colcon_core.package_identification:_identify(gym_env/lib/python3.12/site-packages/pip/_vendor/pyproject_hooks) by extensions ['python_setup_py']
[1.166s] Level 1:colcon.colcon_core.package_identification:_identify(gym_env/lib/python3.12/site-packages/pip/_vendor/pyproject_hooks) by extension 'python_setup_py'
[1.166s] Level 1:colcon.colcon_core.package_identification:_identify(gym_env/lib/python3.12/site-packages/pip/_vendor/pyproject_hooks/__pycache__) by extensions ['ignore', 'ignore_ament_install']
[1.166s] Level 1:colcon.colcon_core.package_identification:_identify(gym_env/lib/python3.12/site-packages/pip/_vendor/pyproject_hooks/__pycache__) by extension 'ignore'
[1.166s] Level 1:colcon.colcon_core.package_identification:_identify(gym_env/lib/python3.12/site-packages/pip/_vendor/pyproject_hooks/__pycache__) by extension 'ignore_ament_install'
[1.167s] Level 1:colcon.colcon_core.package_identification:_identify(gym_env/lib/python3.12/site-packages/pip/_vendor/pyproject_hooks/__pycache__) by extensions ['colcon_pkg']
[1.167s] Level 1:colcon.colcon_core.package_identification:_identify(gym_env/lib/python3.12/site-packages/pip/_vendor/pyproject_hooks/__pycache__) by extension 'colcon_pkg'
[1.167s] Level 1:colcon.colcon_core.package_identification:_identify(gym_env/lib/python3.12/site-packages/pip/_vendor/pyproject_hooks/__pycache__) by extensions ['colcon_meta']
[1.167s] Level 1:colcon.colcon_core.package_identification:_identify(gym_env/lib/python3.12/site-packages/pip/_vendor/pyproject_hooks/__pycache__) by extension 'colcon_meta'
[1.167s] Level 1:colcon.colcon_core.package_identification:_identify(gym_env/lib/python3.12/site-packages/pip/_vendor/pyproject_hooks/__pycache__) by extensions ['ros']
[1.167s] Level 1:colcon.colcon_core.package_identification:_identify(gym_env/lib/python3.12/site-packages/pip/_vendor/pyproject_hooks/__pycache__) by extension 'ros'
[1.167s] Level 1:colcon.colcon_core.package_identification:_identify(gym_env/lib/python3.12/site-packages/pip/_vendor/pyproject_hooks/__pycache__) by extensions ['cmake', 'python']
[1.167s] Level 1:colcon.colcon_core.package_identification:_identify(gym_env/lib/python3.12/site-packages/pip/_vendor/pyproject_hooks/__pycache__) by extension 'cmake'
[1.168s] Level 1:colcon.colcon_core.package_identification:_identify(gym_env/lib/python3.12/site-packages/pip/_vendor/pyproject_hooks/__pycache__) by extension 'python'
[1.168s] Level 1:colcon.colcon_core.package_identification:_identify(gym_env/lib/python3.12/site-packages/pip/_vendor/pyproject_hooks/__pycache__) by extensions ['python_setup_py']
[1.168s] Level 1:colcon.colcon_core.package_identification:_identify(gym_env/lib/python3.12/site-packages/pip/_vendor/pyproject_hooks/__pycache__) by extension 'python_setup_py'
[1.168s] Level 1:colcon.colcon_core.package_identification:_identify(gym_env/lib/python3.12/site-packages/pip/_vendor/pyproject_hooks/_in_process) by extensions ['ignore', 'ignore_ament_install']
[1.169s] Level 1:colcon.colcon_core.package_identification:_identify(gym_env/lib/python3.12/site-packages/pip/_vendor/pyproject_hooks/_in_process) by extension 'ignore'
[1.169s] Level 1:colcon.colcon_core.package_identification:_identify(gym_env/lib/python3.12/site-packages/pip/_vendor/pyproject_hooks/_in_process) by extension 'ignore_ament_install'
[1.169s] Level 1:colcon.colcon_core.package_identification:_identify(gym_env/lib/python3.12/site-packages/pip/_vendor/pyproject_hooks/_in_process) by extensions ['colcon_pkg']
[1.169s] Level 1:colcon.colcon_core.package_identification:_identify(gym_env/lib/python3.12/site-packages/pip/_vendor/pyproject_hooks/_in_process) by extension 'colcon_pkg'
[1.169s] Level 1:colcon.colcon_core.package_identification:_identify(gym_env/lib/python3.12/site-packages/pip/_vendor/pyproject_hooks/_in_process) by extensions ['colcon_meta']
[1.169s] Level 1:colcon.colcon_core.package_identification:_identify(gym_env/lib/python3.12/site-packages/pip/_vendor/pyproject_hooks/_in_process) by extension 'colcon_meta'
[1.169s] Level 1:colcon.colcon_core.package_identification:_identify(gym_env/lib/python3.12/site-packages/pip/_vendor/pyproject_hooks/_in_process) by extensions ['ros']
[1.169s] Level 1:colcon.colcon_core.package_identification:_identify(gym_env/lib/python3.12/site-packages/pip/_vendor/pyproject_hooks/_in_process) by extension 'ros'
[1.170s] Level 1:colcon.colcon_core.package_identification:_identify(gym_env/lib/python3.12/site-packages/pip/_vendor/pyproject_hooks/_in_process) by extensions ['cmake', 'python']
[1.170s] Level 1:colcon.colcon_core.package_identification:_identify(gym_env/lib/python3.12/site-packages/pip/_vendor/pyproject_hooks/_in_process) by extension 'cmake'
[1.170s] Level 1:colcon.colcon_core.package_identification:_identify(gym_env/lib/python3.12/site-packages/pip/_vendor/pyproject_hooks/_in_process) by extension 'python'
[1.170s] Level 1:colcon.colcon_core.package_identification:_identify(gym_env/lib/python3.12/site-packages/pip/_vendor/pyproject_hooks/_in_process) by extensions ['python_setup_py']
[1.170s] Level 1:colcon.colcon_core.package_identification:_identify(gym_env/lib/python3.12/site-packages/pip/_vendor/pyproject_hooks/_in_process) by extension 'python_setup_py'
[1.171s] Level 1:colcon.colcon_core.package_identification:_identify(gym_env/lib/python3.12/site-packages/pip/_vendor/pyproject_hooks/_in_process/__pycache__) by extensions ['ignore', 'ignore_ament_install']
[1.171s] Level 1:colcon.colcon_core.package_identification:_identify(gym_env/lib/python3.12/site-packages/pip/_vendor/pyproject_hooks/_in_process/__pycache__) by extension 'ignore'
[1.171s] Level 1:colcon.colcon_core.package_identification:_identify(gym_env/lib/python3.12/site-packages/pip/_vendor/pyproject_hooks/_in_process/__pycache__) by extension 'ignore_ament_install'
[1.172s] Level 1:colcon.colcon_core.package_identification:_identify(gym_env/lib/python3.12/site-packages/pip/_vendor/pyproject_hooks/_in_process/__pycache__) by extensions ['colcon_pkg']
[1.172s] Level 1:colcon.colcon_core.package_identification:_identify(gym_env/lib/python3.12/site-packages/pip/_vendor/pyproject_hooks/_in_process/__pycache__) by extension 'colcon_pkg'
[1.172s] Level 1:colcon.colcon_core.package_identification:_identify(gym_env/lib/python3.12/site-packages/pip/_vendor/pyproject_hooks/_in_process/__pycache__) by extensions ['colcon_meta']
[1.172s] Level 1:colcon.colcon_core.package_identification:_identify(gym_env/lib/python3.12/site-packages/pip/_vendor/pyproject_hooks/_in_process/__pycache__) by extension 'colcon_meta'
[1.172s] Level 1:colcon.colcon_core.package_identification:_identify(gym_env/lib/python3.12/site-packages/pip/_vendor/pyproject_hooks/_in_process/__pycache__) by extensions ['ros']
[1.172s] Level 1:colcon.colcon_core.package_identification:_identify(gym_env/lib/python3.12/site-packages/pip/_vendor/pyproject_hooks/_in_process/__pycache__) by extension 'ros'
[1.172s] Level 1:colcon.colcon_core.package_identification:_identify(gym_env/lib/python3.12/site-packages/pip/_vendor/pyproject_hooks/_in_process/__pycache__) by extensions ['cmake', 'python']
[1.172s] Level 1:colcon.colcon_core.package_identification:_identify(gym_env/lib/python3.12/site-packages/pip/_vendor/pyproject_hooks/_in_process/__pycache__) by extension 'cmake'
[1.172s] Level 1:colcon.colcon_core.package_identification:_identify(gym_env/lib/python3.12/site-packages/pip/_vendor/pyproject_hooks/_in_process/__pycache__) by extension 'python'
[1.173s] Level 1:colcon.colcon_core.package_identification:_identify(gym_env/lib/python3.12/site-packages/pip/_vendor/pyproject_hooks/_in_process/__pycache__) by extensions ['python_setup_py']
[1.173s] Level 1:colcon.colcon_core.package_identification:_identify(gym_env/lib/python3.12/site-packages/pip/_vendor/pyproject_hooks/_in_process/__pycache__) by extension 'python_setup_py'
[1.173s] Level 1:colcon.colcon_core.package_identification:_identify(gym_env/lib/python3.12/site-packages/pip/_vendor/requests) by extensions ['ignore', 'ignore_ament_install']
[1.173s] Level 1:colcon.colcon_core.package_identification:_identify(gym_env/lib/python3.12/site-packages/pip/_vendor/requests) by extension 'ignore'
[1.173s] Level 1:colcon.colcon_core.package_identification:_identify(gym_env/lib/python3.12/site-packages/pip/_vendor/requests) by extension 'ignore_ament_install'
[1.173s] Level 1:colcon.colcon_core.package_identification:_identify(gym_env/lib/python3.12/site-packages/pip/_vendor/requests) by extensions ['colcon_pkg']
[1.173s] Level 1:colcon.colcon_core.package_identification:_identify(gym_env/lib/python3.12/site-packages/pip/_vendor/requests) by extension 'colcon_pkg'
[1.174s] Level 1:colcon.colcon_core.package_identification:_identify(gym_env/lib/python3.12/site-packages/pip/_vendor/requests) by extensions ['colcon_meta']
[1.174s] Level 1:colcon.colcon_core.package_identification:_identify(gym_env/lib/python3.12/site-packages/pip/_vendor/requests) by extension 'colcon_meta'
[1.174s] Level 1:colcon.colcon_core.package_identification:_identify(gym_env/lib/python3.12/site-packages/pip/_vendor/requests) by extensions ['ros']
[1.174s] Level 1:colcon.colcon_core.package_identification:_identify(gym_env/lib/python3.12/site-packages/pip/_vendor/requests) by extension 'ros'
[1.174s] Level 1:colcon.colcon_core.package_identification:_identify(gym_env/lib/python3.12/site-packages/pip/_vendor/requests) by extensions ['cmake', 'python']
[1.174s] Level 1:colcon.colcon_core.package_identification:_identify(gym_env/lib/python3.12/site-packages/pip/_vendor/requests) by extension 'cmake'
[1.174s] Level 1:colcon.colcon_core.package_identification:_identify(gym_env/lib/python3.12/site-packages/pip/_vendor/requests) by extension 'python'
[1.174s] Level 1:colcon.colcon_core.package_identification:_identify(gym_env/lib/python3.12/site-packages/pip/_vendor/requests) by extensions ['python_setup_py']
[1.174s] Level 1:colcon.colcon_core.package_identification:_identify(gym_env/lib/python3.12/site-packages/pip/_vendor/requests) by extension 'python_setup_py'
[1.175s] Level 1:colcon.colcon_core.package_identification:_identify(gym_env/lib/python3.12/site-packages/pip/_vendor/requests/__pycache__) by extensions ['ignore', 'ignore_ament_install']
[1.175s] Level 1:colcon.colcon_core.package_identification:_identify(gym_env/lib/python3.12/site-packages/pip/_vendor/requests/__pycache__) by extension 'ignore'
[1.175s] Level 1:colcon.colcon_core.package_identification:_identify(gym_env/lib/python3.12/site-packages/pip/_vendor/requests/__pycache__) by extension 'ignore_ament_install'
[1.175s] Level 1:colcon.colcon_core.package_identification:_identify(gym_env/lib/python3.12/site-packages/pip/_vendor/requests/__pycache__) by extensions ['colcon_pkg']
[1.175s] Level 1:colcon.colcon_core.package_identification:_identify(gym_env/lib/python3.12/site-packages/pip/_vendor/requests/__pycache__) by extension 'colcon_pkg'
[1.175s] Level 1:colcon.colcon_core.package_identification:_identify(gym_env/lib/python3.12/site-packages/pip/_vendor/requests/__pycache__) by extensions ['colcon_meta']
[1.175s] Level 1:colcon.colcon_core.package_identification:_identify(gym_env/lib/python3.12/site-packages/pip/_vendor/requests/__pycache__) by extension 'colcon_meta'
[1.175s] Level 1:colcon.colcon_core.package_identification:_identify(gym_env/lib/python3.12/site-packages/pip/_vendor/requests/__pycache__) by extensions ['ros']
[1.176s] Level 1:colcon.colcon_core.package_identification:_identify(gym_env/lib/python3.12/site-packages/pip/_vendor/requests/__pycache__) by extension 'ros'
[1.176s] Level 1:colcon.colcon_core.package_identification:_identify(gym_env/lib/python3.12/site-packages/pip/_vendor/requests/__pycache__) by extensions ['cmake', 'python']
[1.176s] Level 1:colcon.colcon_core.package_identification:_identify(gym_env/lib/python3.12/site-packages/pip/_vendor/requests/__pycache__) by extension 'cmake'
[1.176s] Level 1:colcon.colcon_core.package_identification:_identify(gym_env/lib/python3.12/site-packages/pip/_vendor/requests/__pycache__) by extension 'python'
[1.176s] Level 1:colcon.colcon_core.package_identification:_identify(gym_env/lib/python3.12/site-packages/pip/_vendor/requests/__pycache__) by extensions ['python_setup_py']
[1.176s] Level 1:colcon.colcon_core.package_identification:_identify(gym_env/lib/python3.12/site-packages/pip/_vendor/requests/__pycache__) by extension 'python_setup_py'
[1.177s] Level 1:colcon.colcon_core.package_identification:_identify(gym_env/lib/python3.12/site-packages/pip/_vendor/resolvelib) by extensions ['ignore', 'ignore_ament_install']
[1.177s] Level 1:colcon.colcon_core.package_identification:_identify(gym_env/lib/python3.12/site-packages/pip/_vendor/resolvelib) by extension 'ignore'
[1.177s] Level 1:colcon.colcon_core.package_identification:_identify(gym_env/lib/python3.12/site-packages/pip/_vendor/resolvelib) by extension 'ignore_ament_install'
[1.177s] Level 1:colcon.colcon_core.package_identification:_identify(gym_env/lib/python3.12/site-packages/pip/_vendor/resolvelib) by extensions ['colcon_pkg']
[1.177s] Level 1:colcon.colcon_core.package_identification:_identify(gym_env/lib/python3.12/site-packages/pip/_vendor/resolvelib) by extension 'colcon_pkg'
[1.177s] Level 1:colcon.colcon_core.package_identification:_identify(gym_env/lib/python3.12/site-packages/pip/_vendor/resolvelib) by extensions ['colcon_meta']
[1.178s] Level 1:colcon.colcon_core.package_identification:_identify(gym_env/lib/python3.12/site-packages/pip/_vendor/resolvelib) by extension 'colcon_meta'
[1.178s] Level 1:colcon.colcon_core.package_identification:_identify(gym_env/lib/python3.12/site-packages/pip/_vendor/resolvelib) by extensions ['ros']
[1.178s] Level 1:colcon.colcon_core.package_identification:_identify(gym_env/lib/python3.12/site-packages/pip/_vendor/resolvelib) by extension 'ros'
[1.178s] Level 1:colcon.colcon_core.package_identification:_identify(gym_env/lib/python3.12/site-packages/pip/_vendor/resolvelib) by extensions ['cmake', 'python']
[1.178s] Level 1:colcon.colcon_core.package_identification:_identify(gym_env/lib/python3.12/site-packages/pip/_vendor/resolvelib) by extension 'cmake'
[1.178s] Level 1:colcon.colcon_core.package_identification:_identify(gym_env/lib/python3.12/site-packages/pip/_vendor/resolvelib) by extension 'python'
[1.178s] Level 1:colcon.colcon_core.package_identification:_identify(gym_env/lib/python3.12/site-packages/pip/_vendor/resolvelib) by extensions ['python_setup_py']
[1.178s] Level 1:colcon.colcon_core.package_identification:_identify(gym_env/lib/python3.12/site-packages/pip/_vendor/resolvelib) by extension 'python_setup_py'
[1.178s] Level 1:colcon.colcon_core.package_identification:_identify(gym_env/lib/python3.12/site-packages/pip/_vendor/resolvelib/__pycache__) by extensions ['ignore', 'ignore_ament_install']
[1.179s] Level 1:colcon.colcon_core.package_identification:_identify(gym_env/lib/python3.12/site-packages/pip/_vendor/resolvelib/__pycache__) by extension 'ignore'
[1.179s] Level 1:colcon.colcon_core.package_identification:_identify(gym_env/lib/python3.12/site-packages/pip/_vendor/resolvelib/__pycache__) by extension 'ignore_ament_install'
[1.179s] Level 1:colcon.colcon_core.package_identification:_identify(gym_env/lib/python3.12/site-packages/pip/_vendor/resolvelib/__pycache__) by extensions ['colcon_pkg']
[1.179s] Level 1:colcon.colcon_core.package_identification:_identify(gym_env/lib/python3.12/site-packages/pip/_vendor/resolvelib/__pycache__) by extension 'colcon_pkg'
[1.179s] Level 1:colcon.colcon_core.package_identification:_identify(gym_env/lib/python3.12/site-packages/pip/_vendor/resolvelib/__pycache__) by extensions ['colcon_meta']
[1.179s] Level 1:colcon.colcon_core.package_identification:_identify(gym_env/lib/python3.12/site-packages/pip/_vendor/resolvelib/__pycache__) by extension 'colcon_meta'
[1.179s] Level 1:colcon.colcon_core.package_identification:_identify(gym_env/lib/python3.12/site-packages/pip/_vendor/resolvelib/__pycache__) by extensions ['ros']
[1.179s] Level 1:colcon.colcon_core.package_identification:_identify(gym_env/lib/python3.12/site-packages/pip/_vendor/resolvelib/__pycache__) by extension 'ros'
[1.180s] Level 1:colcon.colcon_core.package_identification:_identify(gym_env/lib/python3.12/site-packages/pip/_vendor/resolvelib/__pycache__) by extensions ['cmake', 'python']
[1.180s] Level 1:colcon.colcon_core.package_identification:_identify(gym_env/lib/python3.12/site-packages/pip/_vendor/resolvelib/__pycache__) by extension 'cmake'
[1.180s] Level 1:colcon.colcon_core.package_identification:_identify(gym_env/lib/python3.12/site-packages/pip/_vendor/resolvelib/__pycache__) by extension 'python'
[1.180s] Level 1:colcon.colcon_core.package_identification:_identify(gym_env/lib/python3.12/site-packages/pip/_vendor/resolvelib/__pycache__) by extensions ['python_setup_py']
[1.180s] Level 1:colcon.colcon_core.package_identification:_identify(gym_env/lib/python3.12/site-packages/pip/_vendor/resolvelib/__pycache__) by extension 'python_setup_py'
[1.180s] Level 1:colcon.colcon_core.package_identification:_identify(gym_env/lib/python3.12/site-packages/pip/_vendor/resolvelib/compat) by extensions ['ignore', 'ignore_ament_install']
[1.180s] Level 1:colcon.colcon_core.package_identification:_identify(gym_env/lib/python3.12/site-packages/pip/_vendor/resolvelib/compat) by extension 'ignore'
[1.180s] Level 1:colcon.colcon_core.package_identification:_identify(gym_env/lib/python3.12/site-packages/pip/_vendor/resolvelib/compat) by extension 'ignore_ament_install'
[1.181s] Level 1:colcon.colcon_core.package_identification:_identify(gym_env/lib/python3.12/site-packages/pip/_vendor/resolvelib/compat) by extensions ['colcon_pkg']
[1.181s] Level 1:colcon.colcon_core.package_identification:_identify(gym_env/lib/python3.12/site-packages/pip/_vendor/resolvelib/compat) by extension 'colcon_pkg'
[1.181s] Level 1:colcon.colcon_core.package_identification:_identify(gym_env/lib/python3.12/site-packages/pip/_vendor/resolvelib/compat) by extensions ['colcon_meta']
[1.181s] Level 1:colcon.colcon_core.package_identification:_identify(gym_env/lib/python3.12/site-packages/pip/_vendor/resolvelib/compat) by extension 'colcon_meta'
[1.181s] Level 1:colcon.colcon_core.package_identification:_identify(gym_env/lib/python3.12/site-packages/pip/_vendor/resolvelib/compat) by extensions ['ros']
[1.181s] Level 1:colcon.colcon_core.package_identification:_identify(gym_env/lib/python3.12/site-packages/pip/_vendor/resolvelib/compat) by extension 'ros'
[1.181s] Level 1:colcon.colcon_core.package_identification:_identify(gym_env/lib/python3.12/site-packages/pip/_vendor/resolvelib/compat) by extensions ['cmake', 'python']
[1.181s] Level 1:colcon.colcon_core.package_identification:_identify(gym_env/lib/python3.12/site-packages/pip/_vendor/resolvelib/compat) by extension 'cmake'
[1.181s] Level 1:colcon.colcon_core.package_identification:_identify(gym_env/lib/python3.12/site-packages/pip/_vendor/resolvelib/compat) by extension 'python'
[1.181s] Level 1:colcon.colcon_core.package_identification:_identify(gym_env/lib/python3.12/site-packages/pip/_vendor/resolvelib/compat) by extensions ['python_setup_py']
[1.182s] Level 1:colcon.colcon_core.package_identification:_identify(gym_env/lib/python3.12/site-packages/pip/_vendor/resolvelib/compat) by extension 'python_setup_py'
[1.182s] Level 1:colcon.colcon_core.package_identification:_identify(gym_env/lib/python3.12/site-packages/pip/_vendor/resolvelib/compat/__pycache__) by extensions ['ignore', 'ignore_ament_install']
[1.182s] Level 1:colcon.colcon_core.package_identification:_identify(gym_env/lib/python3.12/site-packages/pip/_vendor/resolvelib/compat/__pycache__) by extension 'ignore'
[1.182s] Level 1:colcon.colcon_core.package_identification:_identify(gym_env/lib/python3.12/site-packages/pip/_vendor/resolvelib/compat/__pycache__) by extension 'ignore_ament_install'
[1.182s] Level 1:colcon.colcon_core.package_identification:_identify(gym_env/lib/python3.12/site-packages/pip/_vendor/resolvelib/compat/__pycache__) by extensions ['colcon_pkg']
[1.183s] Level 1:colcon.colcon_core.package_identification:_identify(gym_env/lib/python3.12/site-packages/pip/_vendor/resolvelib/compat/__pycache__) by extension 'colcon_pkg'
[1.183s] Level 1:colcon.colcon_core.package_identification:_identify(gym_env/lib/python3.12/site-packages/pip/_vendor/resolvelib/compat/__pycache__) by extensions ['colcon_meta']
[1.183s] Level 1:colcon.colcon_core.package_identification:_identify(gym_env/lib/python3.12/site-packages/pip/_vendor/resolvelib/compat/__pycache__) by extension 'colcon_meta'
[1.183s] Level 1:colcon.colcon_core.package_identification:_identify(gym_env/lib/python3.12/site-packages/pip/_vendor/resolvelib/compat/__pycache__) by extensions ['ros']
[1.183s] Level 1:colcon.colcon_core.package_identification:_identify(gym_env/lib/python3.12/site-packages/pip/_vendor/resolvelib/compat/__pycache__) by extension 'ros'
[1.183s] Level 1:colcon.colcon_core.package_identification:_identify(gym_env/lib/python3.12/site-packages/pip/_vendor/resolvelib/compat/__pycache__) by extensions ['cmake', 'python']
[1.183s] Level 1:colcon.colcon_core.package_identification:_identify(gym_env/lib/python3.12/site-packages/pip/_vendor/resolvelib/compat/__pycache__) by extension 'cmake'
[1.183s] Level 1:colcon.colcon_core.package_identification:_identify(gym_env/lib/python3.12/site-packages/pip/_vendor/resolvelib/compat/__pycache__) by extension 'python'
[1.183s] Level 1:colcon.colcon_core.package_identification:_identify(gym_env/lib/python3.12/site-packages/pip/_vendor/resolvelib/compat/__pycache__) by extensions ['python_setup_py']
[1.183s] Level 1:colcon.colcon_core.package_identification:_identify(gym_env/lib/python3.12/site-packages/pip/_vendor/resolvelib/compat/__pycache__) by extension 'python_setup_py'
[1.184s] Level 1:colcon.colcon_core.package_identification:_identify(gym_env/lib/python3.12/site-packages/pip/_vendor/rich) by extensions ['ignore', 'ignore_ament_install']
[1.184s] Level 1:colcon.colcon_core.package_identification:_identify(gym_env/lib/python3.12/site-packages/pip/_vendor/rich) by extension 'ignore'
[1.184s] Level 1:colcon.colcon_core.package_identification:_identify(gym_env/lib/python3.12/site-packages/pip/_vendor/rich) by extension 'ignore_ament_install'
[1.184s] Level 1:colcon.colcon_core.package_identification:_identify(gym_env/lib/python3.12/site-packages/pip/_vendor/rich) by extensions ['colcon_pkg']
[1.185s] Level 1:colcon.colcon_core.package_identification:_identify(gym_env/lib/python3.12/site-packages/pip/_vendor/rich) by extension 'colcon_pkg'
[1.185s] Level 1:colcon.colcon_core.package_identification:_identify(gym_env/lib/python3.12/site-packages/pip/_vendor/rich) by extensions ['colcon_meta']
[1.185s] Level 1:colcon.colcon_core.package_identification:_identify(gym_env/lib/python3.12/site-packages/pip/_vendor/rich) by extension 'colcon_meta'
[1.185s] Level 1:colcon.colcon_core.package_identification:_identify(gym_env/lib/python3.12/site-packages/pip/_vendor/rich) by extensions ['ros']
[1.185s] Level 1:colcon.colcon_core.package_identification:_identify(gym_env/lib/python3.12/site-packages/pip/_vendor/rich) by extension 'ros'
[1.185s] Level 1:colcon.colcon_core.package_identification:_identify(gym_env/lib/python3.12/site-packages/pip/_vendor/rich) by extensions ['cmake', 'python']
[1.186s] Level 1:colcon.colcon_core.package_identification:_identify(gym_env/lib/python3.12/site-packages/pip/_vendor/rich) by extension 'cmake'
[1.186s] Level 1:colcon.colcon_core.package_identification:_identify(gym_env/lib/python3.12/site-packages/pip/_vendor/rich) by extension 'python'
[1.186s] Level 1:colcon.colcon_core.package_identification:_identify(gym_env/lib/python3.12/site-packages/pip/_vendor/rich) by extensions ['python_setup_py']
[1.186s] Level 1:colcon.colcon_core.package_identification:_identify(gym_env/lib/python3.12/site-packages/pip/_vendor/rich) by extension 'python_setup_py'
[1.186s] Level 1:colcon.colcon_core.package_identification:_identify(gym_env/lib/python3.12/site-packages/pip/_vendor/rich/__pycache__) by extensions ['ignore', 'ignore_ament_install']
[1.187s] Level 1:colcon.colcon_core.package_identification:_identify(gym_env/lib/python3.12/site-packages/pip/_vendor/rich/__pycache__) by extension 'ignore'
[1.187s] Level 1:colcon.colcon_core.package_identification:_identify(gym_env/lib/python3.12/site-packages/pip/_vendor/rich/__pycache__) by extension 'ignore_ament_install'
[1.187s] Level 1:colcon.colcon_core.package_identification:_identify(gym_env/lib/python3.12/site-packages/pip/_vendor/rich/__pycache__) by extensions ['colcon_pkg']
[1.187s] Level 1:colcon.colcon_core.package_identification:_identify(gym_env/lib/python3.12/site-packages/pip/_vendor/rich/__pycache__) by extension 'colcon_pkg'
[1.187s] Level 1:colcon.colcon_core.package_identification:_identify(gym_env/lib/python3.12/site-packages/pip/_vendor/rich/__pycache__) by extensions ['colcon_meta']
[1.187s] Level 1:colcon.colcon_core.package_identification:_identify(gym_env/lib/python3.12/site-packages/pip/_vendor/rich/__pycache__) by extension 'colcon_meta'
[1.188s] Level 1:colcon.colcon_core.package_identification:_identify(gym_env/lib/python3.12/site-packages/pip/_vendor/rich/__pycache__) by extensions ['ros']
[1.188s] Level 1:colcon.colcon_core.package_identification:_identify(gym_env/lib/python3.12/site-packages/pip/_vendor/rich/__pycache__) by extension 'ros'
[1.188s] Level 1:colcon.colcon_core.package_identification:_identify(gym_env/lib/python3.12/site-packages/pip/_vendor/rich/__pycache__) by extensions ['cmake', 'python']
[1.188s] Level 1:colcon.colcon_core.package_identification:_identify(gym_env/lib/python3.12/site-packages/pip/_vendor/rich/__pycache__) by extension 'cmake'
[1.188s] Level 1:colcon.colcon_core.package_identification:_identify(gym_env/lib/python3.12/site-packages/pip/_vendor/rich/__pycache__) by extension 'python'
[1.188s] Level 1:colcon.colcon_core.package_identification:_identify(gym_env/lib/python3.12/site-packages/pip/_vendor/rich/__pycache__) by extensions ['python_setup_py']
[1.188s] Level 1:colcon.colcon_core.package_identification:_identify(gym_env/lib/python3.12/site-packages/pip/_vendor/rich/__pycache__) by extension 'python_setup_py'
[1.189s] Level 1:colcon.colcon_core.package_identification:_identify(gym_env/lib/python3.12/site-packages/pip/_vendor/tenacity) by extensions ['ignore', 'ignore_ament_install']
[1.189s] Level 1:colcon.colcon_core.package_identification:_identify(gym_env/lib/python3.12/site-packages/pip/_vendor/tenacity) by extension 'ignore'
[1.189s] Level 1:colcon.colcon_core.package_identification:_identify(gym_env/lib/python3.12/site-packages/pip/_vendor/tenacity) by extension 'ignore_ament_install'
[1.189s] Level 1:colcon.colcon_core.package_identification:_identify(gym_env/lib/python3.12/site-packages/pip/_vendor/tenacity) by extensions ['colcon_pkg']
[1.189s] Level 1:colcon.colcon_core.package_identification:_identify(gym_env/lib/python3.12/site-packages/pip/_vendor/tenacity) by extension 'colcon_pkg'
[1.189s] Level 1:colcon.colcon_core.package_identification:_identify(gym_env/lib/python3.12/site-packages/pip/_vendor/tenacity) by extensions ['colcon_meta']
[1.189s] Level 1:colcon.colcon_core.package_identification:_identify(gym_env/lib/python3.12/site-packages/pip/_vendor/tenacity) by extension 'colcon_meta'
[1.189s] Level 1:colcon.colcon_core.package_identification:_identify(gym_env/lib/python3.12/site-packages/pip/_vendor/tenacity) by extensions ['ros']
[1.189s] Level 1:colcon.colcon_core.package_identification:_identify(gym_env/lib/python3.12/site-packages/pip/_vendor/tenacity) by extension 'ros'
[1.190s] Level 1:colcon.colcon_core.package_identification:_identify(gym_env/lib/python3.12/site-packages/pip/_vendor/tenacity) by extensions ['cmake', 'python']
[1.190s] Level 1:colcon.colcon_core.package_identification:_identify(gym_env/lib/python3.12/site-packages/pip/_vendor/tenacity) by extension 'cmake'
[1.190s] Level 1:colcon.colcon_core.package_identification:_identify(gym_env/lib/python3.12/site-packages/pip/_vendor/tenacity) by extension 'python'
[1.190s] Level 1:colcon.colcon_core.package_identification:_identify(gym_env/lib/python3.12/site-packages/pip/_vendor/tenacity) by extensions ['python_setup_py']
[1.190s] Level 1:colcon.colcon_core.package_identification:_identify(gym_env/lib/python3.12/site-packages/pip/_vendor/tenacity) by extension 'python_setup_py'
[1.191s] Level 1:colcon.colcon_core.package_identification:_identify(gym_env/lib/python3.12/site-packages/pip/_vendor/tenacity/__pycache__) by extensions ['ignore', 'ignore_ament_install']
[1.191s] Level 1:colcon.colcon_core.package_identification:_identify(gym_env/lib/python3.12/site-packages/pip/_vendor/tenacity/__pycache__) by extension 'ignore'
[1.191s] Level 1:colcon.colcon_core.package_identification:_identify(gym_env/lib/python3.12/site-packages/pip/_vendor/tenacity/__pycache__) by extension 'ignore_ament_install'
[1.191s] Level 1:colcon.colcon_core.package_identification:_identify(gym_env/lib/python3.12/site-packages/pip/_vendor/tenacity/__pycache__) by extensions ['colcon_pkg']
[1.191s] Level 1:colcon.colcon_core.package_identification:_identify(gym_env/lib/python3.12/site-packages/pip/_vendor/tenacity/__pycache__) by extension 'colcon_pkg'
[1.192s] Level 1:colcon.colcon_core.package_identification:_identify(gym_env/lib/python3.12/site-packages/pip/_vendor/tenacity/__pycache__) by extensions ['colcon_meta']
[1.192s] Level 1:colcon.colcon_core.package_identification:_identify(gym_env/lib/python3.12/site-packages/pip/_vendor/tenacity/__pycache__) by extension 'colcon_meta'
[1.192s] Level 1:colcon.colcon_core.package_identification:_identify(gym_env/lib/python3.12/site-packages/pip/_vendor/tenacity/__pycache__) by extensions ['ros']
[1.192s] Level 1:colcon.colcon_core.package_identification:_identify(gym_env/lib/python3.12/site-packages/pip/_vendor/tenacity/__pycache__) by extension 'ros'
[1.192s] Level 1:colcon.colcon_core.package_identification:_identify(gym_env/lib/python3.12/site-packages/pip/_vendor/tenacity/__pycache__) by extensions ['cmake', 'python']
[1.192s] Level 1:colcon.colcon_core.package_identification:_identify(gym_env/lib/python3.12/site-packages/pip/_vendor/tenacity/__pycache__) by extension 'cmake'
[1.192s] Level 1:colcon.colcon_core.package_identification:_identify(gym_env/lib/python3.12/site-packages/pip/_vendor/tenacity/__pycache__) by extension 'python'
[1.192s] Level 1:colcon.colcon_core.package_identification:_identify(gym_env/lib/python3.12/site-packages/pip/_vendor/tenacity/__pycache__) by extensions ['python_setup_py']
[1.192s] Level 1:colcon.colcon_core.package_identification:_identify(gym_env/lib/python3.12/site-packages/pip/_vendor/tenacity/__pycache__) by extension 'python_setup_py'
[1.193s] Level 1:colcon.colcon_core.package_identification:_identify(gym_env/lib/python3.12/site-packages/pip/_vendor/tomli) by extensions ['ignore', 'ignore_ament_install']
[1.193s] Level 1:colcon.colcon_core.package_identification:_identify(gym_env/lib/python3.12/site-packages/pip/_vendor/tomli) by extension 'ignore'
[1.193s] Level 1:colcon.colcon_core.package_identification:_identify(gym_env/lib/python3.12/site-packages/pip/_vendor/tomli) by extension 'ignore_ament_install'
[1.193s] Level 1:colcon.colcon_core.package_identification:_identify(gym_env/lib/python3.12/site-packages/pip/_vendor/tomli) by extensions ['colcon_pkg']
[1.193s] Level 1:colcon.colcon_core.package_identification:_identify(gym_env/lib/python3.12/site-packages/pip/_vendor/tomli) by extension 'colcon_pkg'
[1.193s] Level 1:colcon.colcon_core.package_identification:_identify(gym_env/lib/python3.12/site-packages/pip/_vendor/tomli) by extensions ['colcon_meta']
[1.193s] Level 1:colcon.colcon_core.package_identification:_identify(gym_env/lib/python3.12/site-packages/pip/_vendor/tomli) by extension 'colcon_meta'
[1.193s] Level 1:colcon.colcon_core.package_identification:_identify(gym_env/lib/python3.12/site-packages/pip/_vendor/tomli) by extensions ['ros']
[1.193s] Level 1:colcon.colcon_core.package_identification:_identify(gym_env/lib/python3.12/site-packages/pip/_vendor/tomli) by extension 'ros'
[1.194s] Level 1:colcon.colcon_core.package_identification:_identify(gym_env/lib/python3.12/site-packages/pip/_vendor/tomli) by extensions ['cmake', 'python']
[1.194s] Level 1:colcon.colcon_core.package_identification:_identify(gym_env/lib/python3.12/site-packages/pip/_vendor/tomli) by extension 'cmake'
[1.194s] Level 1:colcon.colcon_core.package_identification:_identify(gym_env/lib/python3.12/site-packages/pip/_vendor/tomli) by extension 'python'
[1.194s] Level 1:colcon.colcon_core.package_identification:_identify(gym_env/lib/python3.12/site-packages/pip/_vendor/tomli) by extensions ['python_setup_py']
[1.194s] Level 1:colcon.colcon_core.package_identification:_identify(gym_env/lib/python3.12/site-packages/pip/_vendor/tomli) by extension 'python_setup_py'
[1.194s] Level 1:colcon.colcon_core.package_identification:_identify(gym_env/lib/python3.12/site-packages/pip/_vendor/tomli/__pycache__) by extensions ['ignore', 'ignore_ament_install']
[1.194s] Level 1:colcon.colcon_core.package_identification:_identify(gym_env/lib/python3.12/site-packages/pip/_vendor/tomli/__pycache__) by extension 'ignore'
[1.195s] Level 1:colcon.colcon_core.package_identification:_identify(gym_env/lib/python3.12/site-packages/pip/_vendor/tomli/__pycache__) by extension 'ignore_ament_install'
[1.195s] Level 1:colcon.colcon_core.package_identification:_identify(gym_env/lib/python3.12/site-packages/pip/_vendor/tomli/__pycache__) by extensions ['colcon_pkg']
[1.195s] Level 1:colcon.colcon_core.package_identification:_identify(gym_env/lib/python3.12/site-packages/pip/_vendor/tomli/__pycache__) by extension 'colcon_pkg'
[1.195s] Level 1:colcon.colcon_core.package_identification:_identify(gym_env/lib/python3.12/site-packages/pip/_vendor/tomli/__pycache__) by extensions ['colcon_meta']
[1.195s] Level 1:colcon.colcon_core.package_identification:_identify(gym_env/lib/python3.12/site-packages/pip/_vendor/tomli/__pycache__) by extension 'colcon_meta'
[1.195s] Level 1:colcon.colcon_core.package_identification:_identify(gym_env/lib/python3.12/site-packages/pip/_vendor/tomli/__pycache__) by extensions ['ros']
[1.195s] Level 1:colcon.colcon_core.package_identification:_identify(gym_env/lib/python3.12/site-packages/pip/_vendor/tomli/__pycache__) by extension 'ros'
[1.195s] Level 1:colcon.colcon_core.package_identification:_identify(gym_env/lib/python3.12/site-packages/pip/_vendor/tomli/__pycache__) by extensions ['cmake', 'python']
[1.195s] Level 1:colcon.colcon_core.package_identification:_identify(gym_env/lib/python3.12/site-packages/pip/_vendor/tomli/__pycache__) by extension 'cmake'
[1.195s] Level 1:colcon.colcon_core.package_identification:_identify(gym_env/lib/python3.12/site-packages/pip/_vendor/tomli/__pycache__) by extension 'python'
[1.196s] Level 1:colcon.colcon_core.package_identification:_identify(gym_env/lib/python3.12/site-packages/pip/_vendor/tomli/__pycache__) by extensions ['python_setup_py']
[1.196s] Level 1:colcon.colcon_core.package_identification:_identify(gym_env/lib/python3.12/site-packages/pip/_vendor/tomli/__pycache__) by extension 'python_setup_py'
[1.196s] Level 1:colcon.colcon_core.package_identification:_identify(gym_env/lib/python3.12/site-packages/pip/_vendor/truststore) by extensions ['ignore', 'ignore_ament_install']
[1.196s] Level 1:colcon.colcon_core.package_identification:_identify(gym_env/lib/python3.12/site-packages/pip/_vendor/truststore) by extension 'ignore'
[1.197s] Level 1:colcon.colcon_core.package_identification:_identify(gym_env/lib/python3.12/site-packages/pip/_vendor/truststore) by extension 'ignore_ament_install'
[1.197s] Level 1:colcon.colcon_core.package_identification:_identify(gym_env/lib/python3.12/site-packages/pip/_vendor/truststore) by extensions ['colcon_pkg']
[1.197s] Level 1:colcon.colcon_core.package_identification:_identify(gym_env/lib/python3.12/site-packages/pip/_vendor/truststore) by extension 'colcon_pkg'
[1.197s] Level 1:colcon.colcon_core.package_identification:_identify(gym_env/lib/python3.12/site-packages/pip/_vendor/truststore) by extensions ['colcon_meta']
[1.197s] Level 1:colcon.colcon_core.package_identification:_identify(gym_env/lib/python3.12/site-packages/pip/_vendor/truststore) by extension 'colcon_meta'
[1.197s] Level 1:colcon.colcon_core.package_identification:_identify(gym_env/lib/python3.12/site-packages/pip/_vendor/truststore) by extensions ['ros']
[1.197s] Level 1:colcon.colcon_core.package_identification:_identify(gym_env/lib/python3.12/site-packages/pip/_vendor/truststore) by extension 'ros'
[1.197s] Level 1:colcon.colcon_core.package_identification:_identify(gym_env/lib/python3.12/site-packages/pip/_vendor/truststore) by extensions ['cmake', 'python']
[1.197s] Level 1:colcon.colcon_core.package_identification:_identify(gym_env/lib/python3.12/site-packages/pip/_vendor/truststore) by extension 'cmake'
[1.198s] Level 1:colcon.colcon_core.package_identification:_identify(gym_env/lib/python3.12/site-packages/pip/_vendor/truststore) by extension 'python'
[1.198s] Level 1:colcon.colcon_core.package_identification:_identify(gym_env/lib/python3.12/site-packages/pip/_vendor/truststore) by extensions ['python_setup_py']
[1.198s] Level 1:colcon.colcon_core.package_identification:_identify(gym_env/lib/python3.12/site-packages/pip/_vendor/truststore) by extension 'python_setup_py'
[1.198s] Level 1:colcon.colcon_core.package_identification:_identify(gym_env/lib/python3.12/site-packages/pip/_vendor/truststore/__pycache__) by extensions ['ignore', 'ignore_ament_install']
[1.198s] Level 1:colcon.colcon_core.package_identification:_identify(gym_env/lib/python3.12/site-packages/pip/_vendor/truststore/__pycache__) by extension 'ignore'
[1.199s] Level 1:colcon.colcon_core.package_identification:_identify(gym_env/lib/python3.12/site-packages/pip/_vendor/truststore/__pycache__) by extension 'ignore_ament_install'
[1.199s] Level 1:colcon.colcon_core.package_identification:_identify(gym_env/lib/python3.12/site-packages/pip/_vendor/truststore/__pycache__) by extensions ['colcon_pkg']
[1.199s] Level 1:colcon.colcon_core.package_identification:_identify(gym_env/lib/python3.12/site-packages/pip/_vendor/truststore/__pycache__) by extension 'colcon_pkg'
[1.199s] Level 1:colcon.colcon_core.package_identification:_identify(gym_env/lib/python3.12/site-packages/pip/_vendor/truststore/__pycache__) by extensions ['colcon_meta']
[1.199s] Level 1:colcon.colcon_core.package_identification:_identify(gym_env/lib/python3.12/site-packages/pip/_vendor/truststore/__pycache__) by extension 'colcon_meta'
[1.199s] Level 1:colcon.colcon_core.package_identification:_identify(gym_env/lib/python3.12/site-packages/pip/_vendor/truststore/__pycache__) by extensions ['ros']
[1.199s] Level 1:colcon.colcon_core.package_identification:_identify(gym_env/lib/python3.12/site-packages/pip/_vendor/truststore/__pycache__) by extension 'ros'
[1.199s] Level 1:colcon.colcon_core.package_identification:_identify(gym_env/lib/python3.12/site-packages/pip/_vendor/truststore/__pycache__) by extensions ['cmake', 'python']
[1.199s] Level 1:colcon.colcon_core.package_identification:_identify(gym_env/lib/python3.12/site-packages/pip/_vendor/truststore/__pycache__) by extension 'cmake'
[1.199s] Level 1:colcon.colcon_core.package_identification:_identify(gym_env/lib/python3.12/site-packages/pip/_vendor/truststore/__pycache__) by extension 'python'
[1.200s] Level 1:colcon.colcon_core.package_identification:_identify(gym_env/lib/python3.12/site-packages/pip/_vendor/truststore/__pycache__) by extensions ['python_setup_py']
[1.200s] Level 1:colcon.colcon_core.package_identification:_identify(gym_env/lib/python3.12/site-packages/pip/_vendor/truststore/__pycache__) by extension 'python_setup_py'
[1.200s] Level 1:colcon.colcon_core.package_identification:_identify(gym_env/lib/python3.12/site-packages/pip/_vendor/urllib3) by extensions ['ignore', 'ignore_ament_install']
[1.200s] Level 1:colcon.colcon_core.package_identification:_identify(gym_env/lib/python3.12/site-packages/pip/_vendor/urllib3) by extension 'ignore'
[1.200s] Level 1:colcon.colcon_core.package_identification:_identify(gym_env/lib/python3.12/site-packages/pip/_vendor/urllib3) by extension 'ignore_ament_install'
[1.200s] Level 1:colcon.colcon_core.package_identification:_identify(gym_env/lib/python3.12/site-packages/pip/_vendor/urllib3) by extensions ['colcon_pkg']
[1.201s] Level 1:colcon.colcon_core.package_identification:_identify(gym_env/lib/python3.12/site-packages/pip/_vendor/urllib3) by extension 'colcon_pkg'
[1.201s] Level 1:colcon.colcon_core.package_identification:_identify(gym_env/lib/python3.12/site-packages/pip/_vendor/urllib3) by extensions ['colcon_meta']
[1.201s] Level 1:colcon.colcon_core.package_identification:_identify(gym_env/lib/python3.12/site-packages/pip/_vendor/urllib3) by extension 'colcon_meta'
[1.201s] Level 1:colcon.colcon_core.package_identification:_identify(gym_env/lib/python3.12/site-packages/pip/_vendor/urllib3) by extensions ['ros']
[1.201s] Level 1:colcon.colcon_core.package_identification:_identify(gym_env/lib/python3.12/site-packages/pip/_vendor/urllib3) by extension 'ros'
[1.201s] Level 1:colcon.colcon_core.package_identification:_identify(gym_env/lib/python3.12/site-packages/pip/_vendor/urllib3) by extensions ['cmake', 'python']
[1.201s] Level 1:colcon.colcon_core.package_identification:_identify(gym_env/lib/python3.12/site-packages/pip/_vendor/urllib3) by extension 'cmake'
[1.202s] Level 1:colcon.colcon_core.package_identification:_identify(gym_env/lib/python3.12/site-packages/pip/_vendor/urllib3) by extension 'python'
[1.202s] Level 1:colcon.colcon_core.package_identification:_identify(gym_env/lib/python3.12/site-packages/pip/_vendor/urllib3) by extensions ['python_setup_py']
[1.202s] Level 1:colcon.colcon_core.package_identification:_identify(gym_env/lib/python3.12/site-packages/pip/_vendor/urllib3) by extension 'python_setup_py'
[1.202s] Level 1:colcon.colcon_core.package_identification:_identify(gym_env/lib/python3.12/site-packages/pip/_vendor/urllib3/__pycache__) by extensions ['ignore', 'ignore_ament_install']
[1.203s] Level 1:colcon.colcon_core.package_identification:_identify(gym_env/lib/python3.12/site-packages/pip/_vendor/urllib3/__pycache__) by extension 'ignore'
[1.203s] Level 1:colcon.colcon_core.package_identification:_identify(gym_env/lib/python3.12/site-packages/pip/_vendor/urllib3/__pycache__) by extension 'ignore_ament_install'
[1.203s] Level 1:colcon.colcon_core.package_identification:_identify(gym_env/lib/python3.12/site-packages/pip/_vendor/urllib3/__pycache__) by extensions ['colcon_pkg']
[1.203s] Level 1:colcon.colcon_core.package_identification:_identify(gym_env/lib/python3.12/site-packages/pip/_vendor/urllib3/__pycache__) by extension 'colcon_pkg'
[1.204s] Level 1:colcon.colcon_core.package_identification:_identify(gym_env/lib/python3.12/site-packages/pip/_vendor/urllib3/__pycache__) by extensions ['colcon_meta']
[1.204s] Level 1:colcon.colcon_core.package_identification:_identify(gym_env/lib/python3.12/site-packages/pip/_vendor/urllib3/__pycache__) by extension 'colcon_meta'
[1.204s] Level 1:colcon.colcon_core.package_identification:_identify(gym_env/lib/python3.12/site-packages/pip/_vendor/urllib3/__pycache__) by extensions ['ros']
[1.204s] Level 1:colcon.colcon_core.package_identification:_identify(gym_env/lib/python3.12/site-packages/pip/_vendor/urllib3/__pycache__) by extension 'ros'
[1.204s] Level 1:colcon.colcon_core.package_identification:_identify(gym_env/lib/python3.12/site-packages/pip/_vendor/urllib3/__pycache__) by extensions ['cmake', 'python']
[1.205s] Level 1:colcon.colcon_core.package_identification:_identify(gym_env/lib/python3.12/site-packages/pip/_vendor/urllib3/__pycache__) by extension 'cmake'
[1.205s] Level 1:colcon.colcon_core.package_identification:_identify(gym_env/lib/python3.12/site-packages/pip/_vendor/urllib3/__pycache__) by extension 'python'
[1.205s] Level 1:colcon.colcon_core.package_identification:_identify(gym_env/lib/python3.12/site-packages/pip/_vendor/urllib3/__pycache__) by extensions ['python_setup_py']
[1.205s] Level 1:colcon.colcon_core.package_identification:_identify(gym_env/lib/python3.12/site-packages/pip/_vendor/urllib3/__pycache__) by extension 'python_setup_py'
[1.205s] Level 1:colcon.colcon_core.package_identification:_identify(gym_env/lib/python3.12/site-packages/pip/_vendor/urllib3/contrib) by extensions ['ignore', 'ignore_ament_install']
[1.205s] Level 1:colcon.colcon_core.package_identification:_identify(gym_env/lib/python3.12/site-packages/pip/_vendor/urllib3/contrib) by extension 'ignore'
[1.206s] Level 1:colcon.colcon_core.package_identification:_identify(gym_env/lib/python3.12/site-packages/pip/_vendor/urllib3/contrib) by extension 'ignore_ament_install'
[1.206s] Level 1:colcon.colcon_core.package_identification:_identify(gym_env/lib/python3.12/site-packages/pip/_vendor/urllib3/contrib) by extensions ['colcon_pkg']
[1.206s] Level 1:colcon.colcon_core.package_identification:_identify(gym_env/lib/python3.12/site-packages/pip/_vendor/urllib3/contrib) by extension 'colcon_pkg'
[1.206s] Level 1:colcon.colcon_core.package_identification:_identify(gym_env/lib/python3.12/site-packages/pip/_vendor/urllib3/contrib) by extensions ['colcon_meta']
[1.206s] Level 1:colcon.colcon_core.package_identification:_identify(gym_env/lib/python3.12/site-packages/pip/_vendor/urllib3/contrib) by extension 'colcon_meta'
[1.206s] Level 1:colcon.colcon_core.package_identification:_identify(gym_env/lib/python3.12/site-packages/pip/_vendor/urllib3/contrib) by extensions ['ros']
[1.206s] Level 1:colcon.colcon_core.package_identification:_identify(gym_env/lib/python3.12/site-packages/pip/_vendor/urllib3/contrib) by extension 'ros'
[1.206s] Level 1:colcon.colcon_core.package_identification:_identify(gym_env/lib/python3.12/site-packages/pip/_vendor/urllib3/contrib) by extensions ['cmake', 'python']
[1.206s] Level 1:colcon.colcon_core.package_identification:_identify(gym_env/lib/python3.12/site-packages/pip/_vendor/urllib3/contrib) by extension 'cmake'
[1.206s] Level 1:colcon.colcon_core.package_identification:_identify(gym_env/lib/python3.12/site-packages/pip/_vendor/urllib3/contrib) by extension 'python'
[1.207s] Level 1:colcon.colcon_core.package_identification:_identify(gym_env/lib/python3.12/site-packages/pip/_vendor/urllib3/contrib) by extensions ['python_setup_py']
[1.207s] Level 1:colcon.colcon_core.package_identification:_identify(gym_env/lib/python3.12/site-packages/pip/_vendor/urllib3/contrib) by extension 'python_setup_py'
[1.207s] Level 1:colcon.colcon_core.package_identification:_identify(gym_env/lib/python3.12/site-packages/pip/_vendor/urllib3/contrib/__pycache__) by extensions ['ignore', 'ignore_ament_install']
[1.207s] Level 1:colcon.colcon_core.package_identification:_identify(gym_env/lib/python3.12/site-packages/pip/_vendor/urllib3/contrib/__pycache__) by extension 'ignore'
[1.207s] Level 1:colcon.colcon_core.package_identification:_identify(gym_env/lib/python3.12/site-packages/pip/_vendor/urllib3/contrib/__pycache__) by extension 'ignore_ament_install'
[1.208s] Level 1:colcon.colcon_core.package_identification:_identify(gym_env/lib/python3.12/site-packages/pip/_vendor/urllib3/contrib/__pycache__) by extensions ['colcon_pkg']
[1.208s] Level 1:colcon.colcon_core.package_identification:_identify(gym_env/lib/python3.12/site-packages/pip/_vendor/urllib3/contrib/__pycache__) by extension 'colcon_pkg'
[1.208s] Level 1:colcon.colcon_core.package_identification:_identify(gym_env/lib/python3.12/site-packages/pip/_vendor/urllib3/contrib/__pycache__) by extensions ['colcon_meta']
[1.208s] Level 1:colcon.colcon_core.package_identification:_identify(gym_env/lib/python3.12/site-packages/pip/_vendor/urllib3/contrib/__pycache__) by extension 'colcon_meta'
[1.208s] Level 1:colcon.colcon_core.package_identification:_identify(gym_env/lib/python3.12/site-packages/pip/_vendor/urllib3/contrib/__pycache__) by extensions ['ros']
[1.208s] Level 1:colcon.colcon_core.package_identification:_identify(gym_env/lib/python3.12/site-packages/pip/_vendor/urllib3/contrib/__pycache__) by extension 'ros'
[1.208s] Level 1:colcon.colcon_core.package_identification:_identify(gym_env/lib/python3.12/site-packages/pip/_vendor/urllib3/contrib/__pycache__) by extensions ['cmake', 'python']
[1.208s] Level 1:colcon.colcon_core.package_identification:_identify(gym_env/lib/python3.12/site-packages/pip/_vendor/urllib3/contrib/__pycache__) by extension 'cmake'
[1.208s] Level 1:colcon.colcon_core.package_identification:_identify(gym_env/lib/python3.12/site-packages/pip/_vendor/urllib3/contrib/__pycache__) by extension 'python'
[1.208s] Level 1:colcon.colcon_core.package_identification:_identify(gym_env/lib/python3.12/site-packages/pip/_vendor/urllib3/contrib/__pycache__) by extensions ['python_setup_py']
[1.209s] Level 1:colcon.colcon_core.package_identification:_identify(gym_env/lib/python3.12/site-packages/pip/_vendor/urllib3/contrib/__pycache__) by extension 'python_setup_py'
[1.209s] Level 1:colcon.colcon_core.package_identification:_identify(gym_env/lib/python3.12/site-packages/pip/_vendor/urllib3/contrib/_securetransport) by extensions ['ignore', 'ignore_ament_install']
[1.209s] Level 1:colcon.colcon_core.package_identification:_identify(gym_env/lib/python3.12/site-packages/pip/_vendor/urllib3/contrib/_securetransport) by extension 'ignore'
[1.209s] Level 1:colcon.colcon_core.package_identification:_identify(gym_env/lib/python3.12/site-packages/pip/_vendor/urllib3/contrib/_securetransport) by extension 'ignore_ament_install'
[1.210s] Level 1:colcon.colcon_core.package_identification:_identify(gym_env/lib/python3.12/site-packages/pip/_vendor/urllib3/contrib/_securetransport) by extensions ['colcon_pkg']
[1.210s] Level 1:colcon.colcon_core.package_identification:_identify(gym_env/lib/python3.12/site-packages/pip/_vendor/urllib3/contrib/_securetransport) by extension 'colcon_pkg'
[1.210s] Level 1:colcon.colcon_core.package_identification:_identify(gym_env/lib/python3.12/site-packages/pip/_vendor/urllib3/contrib/_securetransport) by extensions ['colcon_meta']
[1.210s] Level 1:colcon.colcon_core.package_identification:_identify(gym_env/lib/python3.12/site-packages/pip/_vendor/urllib3/contrib/_securetransport) by extension 'colcon_meta'
[1.210s] Level 1:colcon.colcon_core.package_identification:_identify(gym_env/lib/python3.12/site-packages/pip/_vendor/urllib3/contrib/_securetransport) by extensions ['ros']
[1.210s] Level 1:colcon.colcon_core.package_identification:_identify(gym_env/lib/python3.12/site-packages/pip/_vendor/urllib3/contrib/_securetransport) by extension 'ros'
[1.210s] Level 1:colcon.colcon_core.package_identification:_identify(gym_env/lib/python3.12/site-packages/pip/_vendor/urllib3/contrib/_securetransport) by extensions ['cmake', 'python']
[1.210s] Level 1:colcon.colcon_core.package_identification:_identify(gym_env/lib/python3.12/site-packages/pip/_vendor/urllib3/contrib/_securetransport) by extension 'cmake'
[1.210s] Level 1:colcon.colcon_core.package_identification:_identify(gym_env/lib/python3.12/site-packages/pip/_vendor/urllib3/contrib/_securetransport) by extension 'python'
[1.210s] Level 1:colcon.colcon_core.package_identification:_identify(gym_env/lib/python3.12/site-packages/pip/_vendor/urllib3/contrib/_securetransport) by extensions ['python_setup_py']
[1.210s] Level 1:colcon.colcon_core.package_identification:_identify(gym_env/lib/python3.12/site-packages/pip/_vendor/urllib3/contrib/_securetransport) by extension 'python_setup_py'
[1.211s] Level 1:colcon.colcon_core.package_identification:_identify(gym_env/lib/python3.12/site-packages/pip/_vendor/urllib3/contrib/_securetransport/__pycache__) by extensions ['ignore', 'ignore_ament_install']
[1.211s] Level 1:colcon.colcon_core.package_identification:_identify(gym_env/lib/python3.12/site-packages/pip/_vendor/urllib3/contrib/_securetransport/__pycache__) by extension 'ignore'
[1.211s] Level 1:colcon.colcon_core.package_identification:_identify(gym_env/lib/python3.12/site-packages/pip/_vendor/urllib3/contrib/_securetransport/__pycache__) by extension 'ignore_ament_install'
[1.212s] Level 1:colcon.colcon_core.package_identification:_identify(gym_env/lib/python3.12/site-packages/pip/_vendor/urllib3/contrib/_securetransport/__pycache__) by extensions ['colcon_pkg']
[1.212s] Level 1:colcon.colcon_core.package_identification:_identify(gym_env/lib/python3.12/site-packages/pip/_vendor/urllib3/contrib/_securetransport/__pycache__) by extension 'colcon_pkg'
[1.212s] Level 1:colcon.colcon_core.package_identification:_identify(gym_env/lib/python3.12/site-packages/pip/_vendor/urllib3/contrib/_securetransport/__pycache__) by extensions ['colcon_meta']
[1.212s] Level 1:colcon.colcon_core.package_identification:_identify(gym_env/lib/python3.12/site-packages/pip/_vendor/urllib3/contrib/_securetransport/__pycache__) by extension 'colcon_meta'
[1.212s] Level 1:colcon.colcon_core.package_identification:_identify(gym_env/lib/python3.12/site-packages/pip/_vendor/urllib3/contrib/_securetransport/__pycache__) by extensions ['ros']
[1.212s] Level 1:colcon.colcon_core.package_identification:_identify(gym_env/lib/python3.12/site-packages/pip/_vendor/urllib3/contrib/_securetransport/__pycache__) by extension 'ros'
[1.212s] Level 1:colcon.colcon_core.package_identification:_identify(gym_env/lib/python3.12/site-packages/pip/_vendor/urllib3/contrib/_securetransport/__pycache__) by extensions ['cmake', 'python']
[1.212s] Level 1:colcon.colcon_core.package_identification:_identify(gym_env/lib/python3.12/site-packages/pip/_vendor/urllib3/contrib/_securetransport/__pycache__) by extension 'cmake'
[1.212s] Level 1:colcon.colcon_core.package_identification:_identify(gym_env/lib/python3.12/site-packages/pip/_vendor/urllib3/contrib/_securetransport/__pycache__) by extension 'python'
[1.212s] Level 1:colcon.colcon_core.package_identification:_identify(gym_env/lib/python3.12/site-packages/pip/_vendor/urllib3/contrib/_securetransport/__pycache__) by extensions ['python_setup_py']
[1.213s] Level 1:colcon.colcon_core.package_identification:_identify(gym_env/lib/python3.12/site-packages/pip/_vendor/urllib3/contrib/_securetransport/__pycache__) by extension 'python_setup_py'
[1.213s] Level 1:colcon.colcon_core.package_identification:_identify(gym_env/lib/python3.12/site-packages/pip/_vendor/urllib3/packages) by extensions ['ignore', 'ignore_ament_install']
[1.213s] Level 1:colcon.colcon_core.package_identification:_identify(gym_env/lib/python3.12/site-packages/pip/_vendor/urllib3/packages) by extension 'ignore'
[1.213s] Level 1:colcon.colcon_core.package_identification:_identify(gym_env/lib/python3.12/site-packages/pip/_vendor/urllib3/packages) by extension 'ignore_ament_install'
[1.213s] Level 1:colcon.colcon_core.package_identification:_identify(gym_env/lib/python3.12/site-packages/pip/_vendor/urllib3/packages) by extensions ['colcon_pkg']
[1.213s] Level 1:colcon.colcon_core.package_identification:_identify(gym_env/lib/python3.12/site-packages/pip/_vendor/urllib3/packages) by extension 'colcon_pkg'
[1.214s] Level 1:colcon.colcon_core.package_identification:_identify(gym_env/lib/python3.12/site-packages/pip/_vendor/urllib3/packages) by extensions ['colcon_meta']
[1.214s] Level 1:colcon.colcon_core.package_identification:_identify(gym_env/lib/python3.12/site-packages/pip/_vendor/urllib3/packages) by extension 'colcon_meta'
[1.214s] Level 1:colcon.colcon_core.package_identification:_identify(gym_env/lib/python3.12/site-packages/pip/_vendor/urllib3/packages) by extensions ['ros']
[1.214s] Level 1:colcon.colcon_core.package_identification:_identify(gym_env/lib/python3.12/site-packages/pip/_vendor/urllib3/packages) by extension 'ros'
[1.214s] Level 1:colcon.colcon_core.package_identification:_identify(gym_env/lib/python3.12/site-packages/pip/_vendor/urllib3/packages) by extensions ['cmake', 'python']
[1.214s] Level 1:colcon.colcon_core.package_identification:_identify(gym_env/lib/python3.12/site-packages/pip/_vendor/urllib3/packages) by extension 'cmake'
[1.214s] Level 1:colcon.colcon_core.package_identification:_identify(gym_env/lib/python3.12/site-packages/pip/_vendor/urllib3/packages) by extension 'python'
[1.214s] Level 1:colcon.colcon_core.package_identification:_identify(gym_env/lib/python3.12/site-packages/pip/_vendor/urllib3/packages) by extensions ['python_setup_py']
[1.214s] Level 1:colcon.colcon_core.package_identification:_identify(gym_env/lib/python3.12/site-packages/pip/_vendor/urllib3/packages) by extension 'python_setup_py'
[1.215s] Level 1:colcon.colcon_core.package_identification:_identify(gym_env/lib/python3.12/site-packages/pip/_vendor/urllib3/packages/__pycache__) by extensions ['ignore', 'ignore_ament_install']
[1.215s] Level 1:colcon.colcon_core.package_identification:_identify(gym_env/lib/python3.12/site-packages/pip/_vendor/urllib3/packages/__pycache__) by extension 'ignore'
[1.215s] Level 1:colcon.colcon_core.package_identification:_identify(gym_env/lib/python3.12/site-packages/pip/_vendor/urllib3/packages/__pycache__) by extension 'ignore_ament_install'
[1.215s] Level 1:colcon.colcon_core.package_identification:_identify(gym_env/lib/python3.12/site-packages/pip/_vendor/urllib3/packages/__pycache__) by extensions ['colcon_pkg']
[1.215s] Level 1:colcon.colcon_core.package_identification:_identify(gym_env/lib/python3.12/site-packages/pip/_vendor/urllib3/packages/__pycache__) by extension 'colcon_pkg'
[1.215s] Level 1:colcon.colcon_core.package_identification:_identify(gym_env/lib/python3.12/site-packages/pip/_vendor/urllib3/packages/__pycache__) by extensions ['colcon_meta']
[1.215s] Level 1:colcon.colcon_core.package_identification:_identify(gym_env/lib/python3.12/site-packages/pip/_vendor/urllib3/packages/__pycache__) by extension 'colcon_meta'
[1.216s] Level 1:colcon.colcon_core.package_identification:_identify(gym_env/lib/python3.12/site-packages/pip/_vendor/urllib3/packages/__pycache__) by extensions ['ros']
[1.216s] Level 1:colcon.colcon_core.package_identification:_identify(gym_env/lib/python3.12/site-packages/pip/_vendor/urllib3/packages/__pycache__) by extension 'ros'
[1.216s] Level 1:colcon.colcon_core.package_identification:_identify(gym_env/lib/python3.12/site-packages/pip/_vendor/urllib3/packages/__pycache__) by extensions ['cmake', 'python']
[1.216s] Level 1:colcon.colcon_core.package_identification:_identify(gym_env/lib/python3.12/site-packages/pip/_vendor/urllib3/packages/__pycache__) by extension 'cmake'
[1.216s] Level 1:colcon.colcon_core.package_identification:_identify(gym_env/lib/python3.12/site-packages/pip/_vendor/urllib3/packages/__pycache__) by extension 'python'
[1.216s] Level 1:colcon.colcon_core.package_identification:_identify(gym_env/lib/python3.12/site-packages/pip/_vendor/urllib3/packages/__pycache__) by extensions ['python_setup_py']
[1.216s] Level 1:colcon.colcon_core.package_identification:_identify(gym_env/lib/python3.12/site-packages/pip/_vendor/urllib3/packages/__pycache__) by extension 'python_setup_py'
[1.217s] Level 1:colcon.colcon_core.package_identification:_identify(gym_env/lib/python3.12/site-packages/pip/_vendor/urllib3/packages/backports) by extensions ['ignore', 'ignore_ament_install']
[1.217s] Level 1:colcon.colcon_core.package_identification:_identify(gym_env/lib/python3.12/site-packages/pip/_vendor/urllib3/packages/backports) by extension 'ignore'
[1.217s] Level 1:colcon.colcon_core.package_identification:_identify(gym_env/lib/python3.12/site-packages/pip/_vendor/urllib3/packages/backports) by extension 'ignore_ament_install'
[1.217s] Level 1:colcon.colcon_core.package_identification:_identify(gym_env/lib/python3.12/site-packages/pip/_vendor/urllib3/packages/backports) by extensions ['colcon_pkg']
[1.217s] Level 1:colcon.colcon_core.package_identification:_identify(gym_env/lib/python3.12/site-packages/pip/_vendor/urllib3/packages/backports) by extension 'colcon_pkg'
[1.217s] Level 1:colcon.colcon_core.package_identification:_identify(gym_env/lib/python3.12/site-packages/pip/_vendor/urllib3/packages/backports) by extensions ['colcon_meta']
[1.217s] Level 1:colcon.colcon_core.package_identification:_identify(gym_env/lib/python3.12/site-packages/pip/_vendor/urllib3/packages/backports) by extension 'colcon_meta'
[1.218s] Level 1:colcon.colcon_core.package_identification:_identify(gym_env/lib/python3.12/site-packages/pip/_vendor/urllib3/packages/backports) by extensions ['ros']
[1.218s] Level 1:colcon.colcon_core.package_identification:_identify(gym_env/lib/python3.12/site-packages/pip/_vendor/urllib3/packages/backports) by extension 'ros'
[1.218s] Level 1:colcon.colcon_core.package_identification:_identify(gym_env/lib/python3.12/site-packages/pip/_vendor/urllib3/packages/backports) by extensions ['cmake', 'python']
[1.218s] Level 1:colcon.colcon_core.package_identification:_identify(gym_env/lib/python3.12/site-packages/pip/_vendor/urllib3/packages/backports) by extension 'cmake'
[1.218s] Level 1:colcon.colcon_core.package_identification:_identify(gym_env/lib/python3.12/site-packages/pip/_vendor/urllib3/packages/backports) by extension 'python'
[1.218s] Level 1:colcon.colcon_core.package_identification:_identify(gym_env/lib/python3.12/site-packages/pip/_vendor/urllib3/packages/backports) by extensions ['python_setup_py']
[1.219s] Level 1:colcon.colcon_core.package_identification:_identify(gym_env/lib/python3.12/site-packages/pip/_vendor/urllib3/packages/backports) by extension 'python_setup_py'
[1.219s] Level 1:colcon.colcon_core.package_identification:_identify(gym_env/lib/python3.12/site-packages/pip/_vendor/urllib3/packages/backports/__pycache__) by extensions ['ignore', 'ignore_ament_install']
[1.219s] Level 1:colcon.colcon_core.package_identification:_identify(gym_env/lib/python3.12/site-packages/pip/_vendor/urllib3/packages/backports/__pycache__) by extension 'ignore'
[1.219s] Level 1:colcon.colcon_core.package_identification:_identify(gym_env/lib/python3.12/site-packages/pip/_vendor/urllib3/packages/backports/__pycache__) by extension 'ignore_ament_install'
[1.220s] Level 1:colcon.colcon_core.package_identification:_identify(gym_env/lib/python3.12/site-packages/pip/_vendor/urllib3/packages/backports/__pycache__) by extensions ['colcon_pkg']
[1.220s] Level 1:colcon.colcon_core.package_identification:_identify(gym_env/lib/python3.12/site-packages/pip/_vendor/urllib3/packages/backports/__pycache__) by extension 'colcon_pkg'
[1.220s] Level 1:colcon.colcon_core.package_identification:_identify(gym_env/lib/python3.12/site-packages/pip/_vendor/urllib3/packages/backports/__pycache__) by extensions ['colcon_meta']
[1.220s] Level 1:colcon.colcon_core.package_identification:_identify(gym_env/lib/python3.12/site-packages/pip/_vendor/urllib3/packages/backports/__pycache__) by extension 'colcon_meta'
[1.220s] Level 1:colcon.colcon_core.package_identification:_identify(gym_env/lib/python3.12/site-packages/pip/_vendor/urllib3/packages/backports/__pycache__) by extensions ['ros']
[1.220s] Level 1:colcon.colcon_core.package_identification:_identify(gym_env/lib/python3.12/site-packages/pip/_vendor/urllib3/packages/backports/__pycache__) by extension 'ros'
[1.221s] Level 1:colcon.colcon_core.package_identification:_identify(gym_env/lib/python3.12/site-packages/pip/_vendor/urllib3/packages/backports/__pycache__) by extensions ['cmake', 'python']
[1.221s] Level 1:colcon.colcon_core.package_identification:_identify(gym_env/lib/python3.12/site-packages/pip/_vendor/urllib3/packages/backports/__pycache__) by extension 'cmake'
[1.221s] Level 1:colcon.colcon_core.package_identification:_identify(gym_env/lib/python3.12/site-packages/pip/_vendor/urllib3/packages/backports/__pycache__) by extension 'python'
[1.221s] Level 1:colcon.colcon_core.package_identification:_identify(gym_env/lib/python3.12/site-packages/pip/_vendor/urllib3/packages/backports/__pycache__) by extensions ['python_setup_py']
[1.221s] Level 1:colcon.colcon_core.package_identification:_identify(gym_env/lib/python3.12/site-packages/pip/_vendor/urllib3/packages/backports/__pycache__) by extension 'python_setup_py'
[1.221s] Level 1:colcon.colcon_core.package_identification:_identify(gym_env/lib/python3.12/site-packages/pip/_vendor/urllib3/util) by extensions ['ignore', 'ignore_ament_install']
[1.222s] Level 1:colcon.colcon_core.package_identification:_identify(gym_env/lib/python3.12/site-packages/pip/_vendor/urllib3/util) by extension 'ignore'
[1.222s] Level 1:colcon.colcon_core.package_identification:_identify(gym_env/lib/python3.12/site-packages/pip/_vendor/urllib3/util) by extension 'ignore_ament_install'
[1.222s] Level 1:colcon.colcon_core.package_identification:_identify(gym_env/lib/python3.12/site-packages/pip/_vendor/urllib3/util) by extensions ['colcon_pkg']
[1.222s] Level 1:colcon.colcon_core.package_identification:_identify(gym_env/lib/python3.12/site-packages/pip/_vendor/urllib3/util) by extension 'colcon_pkg'
[1.222s] Level 1:colcon.colcon_core.package_identification:_identify(gym_env/lib/python3.12/site-packages/pip/_vendor/urllib3/util) by extensions ['colcon_meta']
[1.222s] Level 1:colcon.colcon_core.package_identification:_identify(gym_env/lib/python3.12/site-packages/pip/_vendor/urllib3/util) by extension 'colcon_meta'
[1.222s] Level 1:colcon.colcon_core.package_identification:_identify(gym_env/lib/python3.12/site-packages/pip/_vendor/urllib3/util) by extensions ['ros']
[1.222s] Level 1:colcon.colcon_core.package_identification:_identify(gym_env/lib/python3.12/site-packages/pip/_vendor/urllib3/util) by extension 'ros'
[1.223s] Level 1:colcon.colcon_core.package_identification:_identify(gym_env/lib/python3.12/site-packages/pip/_vendor/urllib3/util) by extensions ['cmake', 'python']
[1.223s] Level 1:colcon.colcon_core.package_identification:_identify(gym_env/lib/python3.12/site-packages/pip/_vendor/urllib3/util) by extension 'cmake'
[1.223s] Level 1:colcon.colcon_core.package_identification:_identify(gym_env/lib/python3.12/site-packages/pip/_vendor/urllib3/util) by extension 'python'
[1.223s] Level 1:colcon.colcon_core.package_identification:_identify(gym_env/lib/python3.12/site-packages/pip/_vendor/urllib3/util) by extensions ['python_setup_py']
[1.223s] Level 1:colcon.colcon_core.package_identification:_identify(gym_env/lib/python3.12/site-packages/pip/_vendor/urllib3/util) by extension 'python_setup_py'
[1.224s] Level 1:colcon.colcon_core.package_identification:_identify(gym_env/lib/python3.12/site-packages/pip/_vendor/urllib3/util/__pycache__) by extensions ['ignore', 'ignore_ament_install']
[1.224s] Level 1:colcon.colcon_core.package_identification:_identify(gym_env/lib/python3.12/site-packages/pip/_vendor/urllib3/util/__pycache__) by extension 'ignore'
[1.224s] Level 1:colcon.colcon_core.package_identification:_identify(gym_env/lib/python3.12/site-packages/pip/_vendor/urllib3/util/__pycache__) by extension 'ignore_ament_install'
[1.224s] Level 1:colcon.colcon_core.package_identification:_identify(gym_env/lib/python3.12/site-packages/pip/_vendor/urllib3/util/__pycache__) by extensions ['colcon_pkg']
[1.224s] Level 1:colcon.colcon_core.package_identification:_identify(gym_env/lib/python3.12/site-packages/pip/_vendor/urllib3/util/__pycache__) by extension 'colcon_pkg'
[1.225s] Level 1:colcon.colcon_core.package_identification:_identify(gym_env/lib/python3.12/site-packages/pip/_vendor/urllib3/util/__pycache__) by extensions ['colcon_meta']
[1.225s] Level 1:colcon.colcon_core.package_identification:_identify(gym_env/lib/python3.12/site-packages/pip/_vendor/urllib3/util/__pycache__) by extension 'colcon_meta'
[1.225s] Level 1:colcon.colcon_core.package_identification:_identify(gym_env/lib/python3.12/site-packages/pip/_vendor/urllib3/util/__pycache__) by extensions ['ros']
[1.225s] Level 1:colcon.colcon_core.package_identification:_identify(gym_env/lib/python3.12/site-packages/pip/_vendor/urllib3/util/__pycache__) by extension 'ros'
[1.225s] Level 1:colcon.colcon_core.package_identification:_identify(gym_env/lib/python3.12/site-packages/pip/_vendor/urllib3/util/__pycache__) by extensions ['cmake', 'python']
[1.225s] Level 1:colcon.colcon_core.package_identification:_identify(gym_env/lib/python3.12/site-packages/pip/_vendor/urllib3/util/__pycache__) by extension 'cmake'
[1.225s] Level 1:colcon.colcon_core.package_identification:_identify(gym_env/lib/python3.12/site-packages/pip/_vendor/urllib3/util/__pycache__) by extension 'python'
[1.225s] Level 1:colcon.colcon_core.package_identification:_identify(gym_env/lib/python3.12/site-packages/pip/_vendor/urllib3/util/__pycache__) by extensions ['python_setup_py']
[1.225s] Level 1:colcon.colcon_core.package_identification:_identify(gym_env/lib/python3.12/site-packages/pip/_vendor/urllib3/util/__pycache__) by extension 'python_setup_py'
[1.226s] Level 1:colcon.colcon_core.package_identification:_identify(gym_env/lib/python3.12/site-packages/pip/_vendor/webencodings) by extensions ['ignore', 'ignore_ament_install']
[1.226s] Level 1:colcon.colcon_core.package_identification:_identify(gym_env/lib/python3.12/site-packages/pip/_vendor/webencodings) by extension 'ignore'
[1.226s] Level 1:colcon.colcon_core.package_identification:_identify(gym_env/lib/python3.12/site-packages/pip/_vendor/webencodings) by extension 'ignore_ament_install'
[1.227s] Level 1:colcon.colcon_core.package_identification:_identify(gym_env/lib/python3.12/site-packages/pip/_vendor/webencodings) by extensions ['colcon_pkg']
[1.227s] Level 1:colcon.colcon_core.package_identification:_identify(gym_env/lib/python3.12/site-packages/pip/_vendor/webencodings) by extension 'colcon_pkg'
[1.227s] Level 1:colcon.colcon_core.package_identification:_identify(gym_env/lib/python3.12/site-packages/pip/_vendor/webencodings) by extensions ['colcon_meta']
[1.227s] Level 1:colcon.colcon_core.package_identification:_identify(gym_env/lib/python3.12/site-packages/pip/_vendor/webencodings) by extension 'colcon_meta'
[1.227s] Level 1:colcon.colcon_core.package_identification:_identify(gym_env/lib/python3.12/site-packages/pip/_vendor/webencodings) by extensions ['ros']
[1.227s] Level 1:colcon.colcon_core.package_identification:_identify(gym_env/lib/python3.12/site-packages/pip/_vendor/webencodings) by extension 'ros'
[1.227s] Level 1:colcon.colcon_core.package_identification:_identify(gym_env/lib/python3.12/site-packages/pip/_vendor/webencodings) by extensions ['cmake', 'python']
[1.227s] Level 1:colcon.colcon_core.package_identification:_identify(gym_env/lib/python3.12/site-packages/pip/_vendor/webencodings) by extension 'cmake'
[1.227s] Level 1:colcon.colcon_core.package_identification:_identify(gym_env/lib/python3.12/site-packages/pip/_vendor/webencodings) by extension 'python'
[1.228s] Level 1:colcon.colcon_core.package_identification:_identify(gym_env/lib/python3.12/site-packages/pip/_vendor/webencodings) by extensions ['python_setup_py']
[1.228s] Level 1:colcon.colcon_core.package_identification:_identify(gym_env/lib/python3.12/site-packages/pip/_vendor/webencodings) by extension 'python_setup_py'
[1.228s] Level 1:colcon.colcon_core.package_identification:_identify(gym_env/lib/python3.12/site-packages/pip/_vendor/webencodings/__pycache__) by extensions ['ignore', 'ignore_ament_install']
[1.228s] Level 1:colcon.colcon_core.package_identification:_identify(gym_env/lib/python3.12/site-packages/pip/_vendor/webencodings/__pycache__) by extension 'ignore'
[1.228s] Level 1:colcon.colcon_core.package_identification:_identify(gym_env/lib/python3.12/site-packages/pip/_vendor/webencodings/__pycache__) by extension 'ignore_ament_install'
[1.229s] Level 1:colcon.colcon_core.package_identification:_identify(gym_env/lib/python3.12/site-packages/pip/_vendor/webencodings/__pycache__) by extensions ['colcon_pkg']
[1.229s] Level 1:colcon.colcon_core.package_identification:_identify(gym_env/lib/python3.12/site-packages/pip/_vendor/webencodings/__pycache__) by extension 'colcon_pkg'
[1.229s] Level 1:colcon.colcon_core.package_identification:_identify(gym_env/lib/python3.12/site-packages/pip/_vendor/webencodings/__pycache__) by extensions ['colcon_meta']
[1.229s] Level 1:colcon.colcon_core.package_identification:_identify(gym_env/lib/python3.12/site-packages/pip/_vendor/webencodings/__pycache__) by extension 'colcon_meta'
[1.229s] Level 1:colcon.colcon_core.package_identification:_identify(gym_env/lib/python3.12/site-packages/pip/_vendor/webencodings/__pycache__) by extensions ['ros']
[1.229s] Level 1:colcon.colcon_core.package_identification:_identify(gym_env/lib/python3.12/site-packages/pip/_vendor/webencodings/__pycache__) by extension 'ros'
[1.229s] Level 1:colcon.colcon_core.package_identification:_identify(gym_env/lib/python3.12/site-packages/pip/_vendor/webencodings/__pycache__) by extensions ['cmake', 'python']
[1.229s] Level 1:colcon.colcon_core.package_identification:_identify(gym_env/lib/python3.12/site-packages/pip/_vendor/webencodings/__pycache__) by extension 'cmake'
[1.229s] Level 1:colcon.colcon_core.package_identification:_identify(gym_env/lib/python3.12/site-packages/pip/_vendor/webencodings/__pycache__) by extension 'python'
[1.229s] Level 1:colcon.colcon_core.package_identification:_identify(gym_env/lib/python3.12/site-packages/pip/_vendor/webencodings/__pycache__) by extensions ['python_setup_py']
[1.229s] Level 1:colcon.colcon_core.package_identification:_identify(gym_env/lib/python3.12/site-packages/pip/_vendor/webencodings/__pycache__) by extension 'python_setup_py'
[1.230s] Level 1:colcon.colcon_core.package_identification:_identify(gym_env/lib/python3.12/site-packages/pip-24.0.dist-info) by extensions ['ignore', 'ignore_ament_install']
[1.230s] Level 1:colcon.colcon_core.package_identification:_identify(gym_env/lib/python3.12/site-packages/pip-24.0.dist-info) by extension 'ignore'
[1.230s] Level 1:colcon.colcon_core.package_identification:_identify(gym_env/lib/python3.12/site-packages/pip-24.0.dist-info) by extension 'ignore_ament_install'
[1.230s] Level 1:colcon.colcon_core.package_identification:_identify(gym_env/lib/python3.12/site-packages/pip-24.0.dist-info) by extensions ['colcon_pkg']
[1.230s] Level 1:colcon.colcon_core.package_identification:_identify(gym_env/lib/python3.12/site-packages/pip-24.0.dist-info) by extension 'colcon_pkg'
[1.230s] Level 1:colcon.colcon_core.package_identification:_identify(gym_env/lib/python3.12/site-packages/pip-24.0.dist-info) by extensions ['colcon_meta']
[1.230s] Level 1:colcon.colcon_core.package_identification:_identify(gym_env/lib/python3.12/site-packages/pip-24.0.dist-info) by extension 'colcon_meta'
[1.231s] Level 1:colcon.colcon_core.package_identification:_identify(gym_env/lib/python3.12/site-packages/pip-24.0.dist-info) by extensions ['ros']
[1.231s] Level 1:colcon.colcon_core.package_identification:_identify(gym_env/lib/python3.12/site-packages/pip-24.0.dist-info) by extension 'ros'
[1.231s] Level 1:colcon.colcon_core.package_identification:_identify(gym_env/lib/python3.12/site-packages/pip-24.0.dist-info) by extensions ['cmake', 'python']
[1.231s] Level 1:colcon.colcon_core.package_identification:_identify(gym_env/lib/python3.12/site-packages/pip-24.0.dist-info) by extension 'cmake'
[1.231s] Level 1:colcon.colcon_core.package_identification:_identify(gym_env/lib/python3.12/site-packages/pip-24.0.dist-info) by extension 'python'
[1.231s] Level 1:colcon.colcon_core.package_identification:_identify(gym_env/lib/python3.12/site-packages/pip-24.0.dist-info) by extensions ['python_setup_py']
[1.231s] Level 1:colcon.colcon_core.package_identification:_identify(gym_env/lib/python3.12/site-packages/pip-24.0.dist-info) by extension 'python_setup_py'
[1.232s] Level 1:colcon.colcon_core.package_identification:_identify(gym_env/lib/python3.12/site-packages/pygame) by extensions ['ignore', 'ignore_ament_install']
[1.232s] Level 1:colcon.colcon_core.package_identification:_identify(gym_env/lib/python3.12/site-packages/pygame) by extension 'ignore'
[1.232s] Level 1:colcon.colcon_core.package_identification:_identify(gym_env/lib/python3.12/site-packages/pygame) by extension 'ignore_ament_install'
[1.232s] Level 1:colcon.colcon_core.package_identification:_identify(gym_env/lib/python3.12/site-packages/pygame) by extensions ['colcon_pkg']
[1.232s] Level 1:colcon.colcon_core.package_identification:_identify(gym_env/lib/python3.12/site-packages/pygame) by extension 'colcon_pkg'
[1.232s] Level 1:colcon.colcon_core.package_identification:_identify(gym_env/lib/python3.12/site-packages/pygame) by extensions ['colcon_meta']
[1.233s] Level 1:colcon.colcon_core.package_identification:_identify(gym_env/lib/python3.12/site-packages/pygame) by extension 'colcon_meta'
[1.233s] Level 1:colcon.colcon_core.package_identification:_identify(gym_env/lib/python3.12/site-packages/pygame) by extensions ['ros']
[1.233s] Level 1:colcon.colcon_core.package_identification:_identify(gym_env/lib/python3.12/site-packages/pygame) by extension 'ros'
[1.233s] Level 1:colcon.colcon_core.package_identification:_identify(gym_env/lib/python3.12/site-packages/pygame) by extensions ['cmake', 'python']
[1.233s] Level 1:colcon.colcon_core.package_identification:_identify(gym_env/lib/python3.12/site-packages/pygame) by extension 'cmake'
[1.233s] Level 1:colcon.colcon_core.package_identification:_identify(gym_env/lib/python3.12/site-packages/pygame) by extension 'python'
[1.233s] Level 1:colcon.colcon_core.package_identification:_identify(gym_env/lib/python3.12/site-packages/pygame) by extensions ['python_setup_py']
[1.233s] Level 1:colcon.colcon_core.package_identification:_identify(gym_env/lib/python3.12/site-packages/pygame) by extension 'python_setup_py'
[1.234s] Level 1:colcon.colcon_core.package_identification:_identify(gym_env/lib/python3.12/site-packages/pygame/__pycache__) by extensions ['ignore', 'ignore_ament_install']
[1.234s] Level 1:colcon.colcon_core.package_identification:_identify(gym_env/lib/python3.12/site-packages/pygame/__pycache__) by extension 'ignore'
[1.234s] Level 1:colcon.colcon_core.package_identification:_identify(gym_env/lib/python3.12/site-packages/pygame/__pycache__) by extension 'ignore_ament_install'
[1.235s] Level 1:colcon.colcon_core.package_identification:_identify(gym_env/lib/python3.12/site-packages/pygame/__pycache__) by extensions ['colcon_pkg']
[1.235s] Level 1:colcon.colcon_core.package_identification:_identify(gym_env/lib/python3.12/site-packages/pygame/__pycache__) by extension 'colcon_pkg'
[1.235s] Level 1:colcon.colcon_core.package_identification:_identify(gym_env/lib/python3.12/site-packages/pygame/__pycache__) by extensions ['colcon_meta']
[1.235s] Level 1:colcon.colcon_core.package_identification:_identify(gym_env/lib/python3.12/site-packages/pygame/__pycache__) by extension 'colcon_meta'
[1.235s] Level 1:colcon.colcon_core.package_identification:_identify(gym_env/lib/python3.12/site-packages/pygame/__pycache__) by extensions ['ros']
[1.235s] Level 1:colcon.colcon_core.package_identification:_identify(gym_env/lib/python3.12/site-packages/pygame/__pycache__) by extension 'ros'
[1.235s] Level 1:colcon.colcon_core.package_identification:_identify(gym_env/lib/python3.12/site-packages/pygame/__pycache__) by extensions ['cmake', 'python']
[1.235s] Level 1:colcon.colcon_core.package_identification:_identify(gym_env/lib/python3.12/site-packages/pygame/__pycache__) by extension 'cmake'
[1.236s] Level 1:colcon.colcon_core.package_identification:_identify(gym_env/lib/python3.12/site-packages/pygame/__pycache__) by extension 'python'
[1.236s] Level 1:colcon.colcon_core.package_identification:_identify(gym_env/lib/python3.12/site-packages/pygame/__pycache__) by extensions ['python_setup_py']
[1.236s] Level 1:colcon.colcon_core.package_identification:_identify(gym_env/lib/python3.12/site-packages/pygame/__pycache__) by extension 'python_setup_py'
[1.237s] Level 1:colcon.colcon_core.package_identification:_identify(gym_env/lib/python3.12/site-packages/pygame/__pyinstaller) by extensions ['ignore', 'ignore_ament_install']
[1.237s] Level 1:colcon.colcon_core.package_identification:_identify(gym_env/lib/python3.12/site-packages/pygame/__pyinstaller) by extension 'ignore'
[1.237s] Level 1:colcon.colcon_core.package_identification:_identify(gym_env/lib/python3.12/site-packages/pygame/__pyinstaller) by extension 'ignore_ament_install'
[1.237s] Level 1:colcon.colcon_core.package_identification:_identify(gym_env/lib/python3.12/site-packages/pygame/__pyinstaller) by extensions ['colcon_pkg']
[1.237s] Level 1:colcon.colcon_core.package_identification:_identify(gym_env/lib/python3.12/site-packages/pygame/__pyinstaller) by extension 'colcon_pkg'
[1.238s] Level 1:colcon.colcon_core.package_identification:_identify(gym_env/lib/python3.12/site-packages/pygame/__pyinstaller) by extensions ['colcon_meta']
[1.238s] Level 1:colcon.colcon_core.package_identification:_identify(gym_env/lib/python3.12/site-packages/pygame/__pyinstaller) by extension 'colcon_meta'
[1.238s] Level 1:colcon.colcon_core.package_identification:_identify(gym_env/lib/python3.12/site-packages/pygame/__pyinstaller) by extensions ['ros']
[1.238s] Level 1:colcon.colcon_core.package_identification:_identify(gym_env/lib/python3.12/site-packages/pygame/__pyinstaller) by extension 'ros'
[1.238s] Level 1:colcon.colcon_core.package_identification:_identify(gym_env/lib/python3.12/site-packages/pygame/__pyinstaller) by extensions ['cmake', 'python']
[1.238s] Level 1:colcon.colcon_core.package_identification:_identify(gym_env/lib/python3.12/site-packages/pygame/__pyinstaller) by extension 'cmake'
[1.238s] Level 1:colcon.colcon_core.package_identification:_identify(gym_env/lib/python3.12/site-packages/pygame/__pyinstaller) by extension 'python'
[1.238s] Level 1:colcon.colcon_core.package_identification:_identify(gym_env/lib/python3.12/site-packages/pygame/__pyinstaller) by extensions ['python_setup_py']
[1.238s] Level 1:colcon.colcon_core.package_identification:_identify(gym_env/lib/python3.12/site-packages/pygame/__pyinstaller) by extension 'python_setup_py'
[1.239s] Level 1:colcon.colcon_core.package_identification:_identify(gym_env/lib/python3.12/site-packages/pygame/__pyinstaller/__pycache__) by extensions ['ignore', 'ignore_ament_install']
[1.239s] Level 1:colcon.colcon_core.package_identification:_identify(gym_env/lib/python3.12/site-packages/pygame/__pyinstaller/__pycache__) by extension 'ignore'
[1.239s] Level 1:colcon.colcon_core.package_identification:_identify(gym_env/lib/python3.12/site-packages/pygame/__pyinstaller/__pycache__) by extension 'ignore_ament_install'
[1.240s] Level 1:colcon.colcon_core.package_identification:_identify(gym_env/lib/python3.12/site-packages/pygame/__pyinstaller/__pycache__) by extensions ['colcon_pkg']
[1.240s] Level 1:colcon.colcon_core.package_identification:_identify(gym_env/lib/python3.12/site-packages/pygame/__pyinstaller/__pycache__) by extension 'colcon_pkg'
[1.240s] Level 1:colcon.colcon_core.package_identification:_identify(gym_env/lib/python3.12/site-packages/pygame/__pyinstaller/__pycache__) by extensions ['colcon_meta']
[1.240s] Level 1:colcon.colcon_core.package_identification:_identify(gym_env/lib/python3.12/site-packages/pygame/__pyinstaller/__pycache__) by extension 'colcon_meta'
[1.240s] Level 1:colcon.colcon_core.package_identification:_identify(gym_env/lib/python3.12/site-packages/pygame/__pyinstaller/__pycache__) by extensions ['ros']
[1.240s] Level 1:colcon.colcon_core.package_identification:_identify(gym_env/lib/python3.12/site-packages/pygame/__pyinstaller/__pycache__) by extension 'ros'
[1.240s] Level 1:colcon.colcon_core.package_identification:_identify(gym_env/lib/python3.12/site-packages/pygame/__pyinstaller/__pycache__) by extensions ['cmake', 'python']
[1.240s] Level 1:colcon.colcon_core.package_identification:_identify(gym_env/lib/python3.12/site-packages/pygame/__pyinstaller/__pycache__) by extension 'cmake'
[1.240s] Level 1:colcon.colcon_core.package_identification:_identify(gym_env/lib/python3.12/site-packages/pygame/__pyinstaller/__pycache__) by extension 'python'
[1.241s] Level 1:colcon.colcon_core.package_identification:_identify(gym_env/lib/python3.12/site-packages/pygame/__pyinstaller/__pycache__) by extensions ['python_setup_py']
[1.241s] Level 1:colcon.colcon_core.package_identification:_identify(gym_env/lib/python3.12/site-packages/pygame/__pyinstaller/__pycache__) by extension 'python_setup_py'
[1.241s] Level 1:colcon.colcon_core.package_identification:_identify(gym_env/lib/python3.12/site-packages/pygame/_sdl2) by extensions ['ignore', 'ignore_ament_install']
[1.241s] Level 1:colcon.colcon_core.package_identification:_identify(gym_env/lib/python3.12/site-packages/pygame/_sdl2) by extension 'ignore'
[1.241s] Level 1:colcon.colcon_core.package_identification:_identify(gym_env/lib/python3.12/site-packages/pygame/_sdl2) by extension 'ignore_ament_install'
[1.242s] Level 1:colcon.colcon_core.package_identification:_identify(gym_env/lib/python3.12/site-packages/pygame/_sdl2) by extensions ['colcon_pkg']
[1.242s] Level 1:colcon.colcon_core.package_identification:_identify(gym_env/lib/python3.12/site-packages/pygame/_sdl2) by extension 'colcon_pkg'
[1.242s] Level 1:colcon.colcon_core.package_identification:_identify(gym_env/lib/python3.12/site-packages/pygame/_sdl2) by extensions ['colcon_meta']
[1.242s] Level 1:colcon.colcon_core.package_identification:_identify(gym_env/lib/python3.12/site-packages/pygame/_sdl2) by extension 'colcon_meta'
[1.242s] Level 1:colcon.colcon_core.package_identification:_identify(gym_env/lib/python3.12/site-packages/pygame/_sdl2) by extensions ['ros']
[1.242s] Level 1:colcon.colcon_core.package_identification:_identify(gym_env/lib/python3.12/site-packages/pygame/_sdl2) by extension 'ros'
[1.242s] Level 1:colcon.colcon_core.package_identification:_identify(gym_env/lib/python3.12/site-packages/pygame/_sdl2) by extensions ['cmake', 'python']
[1.242s] Level 1:colcon.colcon_core.package_identification:_identify(gym_env/lib/python3.12/site-packages/pygame/_sdl2) by extension 'cmake'
[1.242s] Level 1:colcon.colcon_core.package_identification:_identify(gym_env/lib/python3.12/site-packages/pygame/_sdl2) by extension 'python'
[1.242s] Level 1:colcon.colcon_core.package_identification:_identify(gym_env/lib/python3.12/site-packages/pygame/_sdl2) by extensions ['python_setup_py']
[1.242s] Level 1:colcon.colcon_core.package_identification:_identify(gym_env/lib/python3.12/site-packages/pygame/_sdl2) by extension 'python_setup_py'
[1.243s] Level 1:colcon.colcon_core.package_identification:_identify(gym_env/lib/python3.12/site-packages/pygame/_sdl2/__pycache__) by extensions ['ignore', 'ignore_ament_install']
[1.243s] Level 1:colcon.colcon_core.package_identification:_identify(gym_env/lib/python3.12/site-packages/pygame/_sdl2/__pycache__) by extension 'ignore'
[1.243s] Level 1:colcon.colcon_core.package_identification:_identify(gym_env/lib/python3.12/site-packages/pygame/_sdl2/__pycache__) by extension 'ignore_ament_install'
[1.243s] Level 1:colcon.colcon_core.package_identification:_identify(gym_env/lib/python3.12/site-packages/pygame/_sdl2/__pycache__) by extensions ['colcon_pkg']
[1.244s] Level 1:colcon.colcon_core.package_identification:_identify(gym_env/lib/python3.12/site-packages/pygame/_sdl2/__pycache__) by extension 'colcon_pkg'
[1.244s] Level 1:colcon.colcon_core.package_identification:_identify(gym_env/lib/python3.12/site-packages/pygame/_sdl2/__pycache__) by extensions ['colcon_meta']
[1.244s] Level 1:colcon.colcon_core.package_identification:_identify(gym_env/lib/python3.12/site-packages/pygame/_sdl2/__pycache__) by extension 'colcon_meta'
[1.244s] Level 1:colcon.colcon_core.package_identification:_identify(gym_env/lib/python3.12/site-packages/pygame/_sdl2/__pycache__) by extensions ['ros']
[1.244s] Level 1:colcon.colcon_core.package_identification:_identify(gym_env/lib/python3.12/site-packages/pygame/_sdl2/__pycache__) by extension 'ros'
[1.244s] Level 1:colcon.colcon_core.package_identification:_identify(gym_env/lib/python3.12/site-packages/pygame/_sdl2/__pycache__) by extensions ['cmake', 'python']
[1.244s] Level 1:colcon.colcon_core.package_identification:_identify(gym_env/lib/python3.12/site-packages/pygame/_sdl2/__pycache__) by extension 'cmake'
[1.244s] Level 1:colcon.colcon_core.package_identification:_identify(gym_env/lib/python3.12/site-packages/pygame/_sdl2/__pycache__) by extension 'python'
[1.244s] Level 1:colcon.colcon_core.package_identification:_identify(gym_env/lib/python3.12/site-packages/pygame/_sdl2/__pycache__) by extensions ['python_setup_py']
[1.244s] Level 1:colcon.colcon_core.package_identification:_identify(gym_env/lib/python3.12/site-packages/pygame/_sdl2/__pycache__) by extension 'python_setup_py'
[1.245s] Level 1:colcon.colcon_core.package_identification:_identify(gym_env/lib/python3.12/site-packages/pygame/docs) by extensions ['ignore', 'ignore_ament_install']
[1.245s] Level 1:colcon.colcon_core.package_identification:_identify(gym_env/lib/python3.12/site-packages/pygame/docs) by extension 'ignore'
[1.245s] Level 1:colcon.colcon_core.package_identification:_identify(gym_env/lib/python3.12/site-packages/pygame/docs) by extension 'ignore_ament_install'
[1.245s] Level 1:colcon.colcon_core.package_identification:_identify(gym_env/lib/python3.12/site-packages/pygame/docs) by extensions ['colcon_pkg']
[1.245s] Level 1:colcon.colcon_core.package_identification:_identify(gym_env/lib/python3.12/site-packages/pygame/docs) by extension 'colcon_pkg'
[1.246s] Level 1:colcon.colcon_core.package_identification:_identify(gym_env/lib/python3.12/site-packages/pygame/docs) by extensions ['colcon_meta']
[1.246s] Level 1:colcon.colcon_core.package_identification:_identify(gym_env/lib/python3.12/site-packages/pygame/docs) by extension 'colcon_meta'
[1.246s] Level 1:colcon.colcon_core.package_identification:_identify(gym_env/lib/python3.12/site-packages/pygame/docs) by extensions ['ros']
[1.246s] Level 1:colcon.colcon_core.package_identification:_identify(gym_env/lib/python3.12/site-packages/pygame/docs) by extension 'ros'
[1.246s] Level 1:colcon.colcon_core.package_identification:_identify(gym_env/lib/python3.12/site-packages/pygame/docs) by extensions ['cmake', 'python']
[1.246s] Level 1:colcon.colcon_core.package_identification:_identify(gym_env/lib/python3.12/site-packages/pygame/docs) by extension 'cmake'
[1.246s] Level 1:colcon.colcon_core.package_identification:_identify(gym_env/lib/python3.12/site-packages/pygame/docs) by extension 'python'
[1.246s] Level 1:colcon.colcon_core.package_identification:_identify(gym_env/lib/python3.12/site-packages/pygame/docs) by extensions ['python_setup_py']
[1.246s] Level 1:colcon.colcon_core.package_identification:_identify(gym_env/lib/python3.12/site-packages/pygame/docs) by extension 'python_setup_py'
[1.247s] Level 1:colcon.colcon_core.package_identification:_identify(gym_env/lib/python3.12/site-packages/pygame/docs/__pycache__) by extensions ['ignore', 'ignore_ament_install']
[1.247s] Level 1:colcon.colcon_core.package_identification:_identify(gym_env/lib/python3.12/site-packages/pygame/docs/__pycache__) by extension 'ignore'
[1.247s] Level 1:colcon.colcon_core.package_identification:_identify(gym_env/lib/python3.12/site-packages/pygame/docs/__pycache__) by extension 'ignore_ament_install'
[1.247s] Level 1:colcon.colcon_core.package_identification:_identify(gym_env/lib/python3.12/site-packages/pygame/docs/__pycache__) by extensions ['colcon_pkg']
[1.248s] Level 1:colcon.colcon_core.package_identification:_identify(gym_env/lib/python3.12/site-packages/pygame/docs/__pycache__) by extension 'colcon_pkg'
[1.248s] Level 1:colcon.colcon_core.package_identification:_identify(gym_env/lib/python3.12/site-packages/pygame/docs/__pycache__) by extensions ['colcon_meta']
[1.248s] Level 1:colcon.colcon_core.package_identification:_identify(gym_env/lib/python3.12/site-packages/pygame/docs/__pycache__) by extension 'colcon_meta'
[1.248s] Level 1:colcon.colcon_core.package_identification:_identify(gym_env/lib/python3.12/site-packages/pygame/docs/__pycache__) by extensions ['ros']
[1.248s] Level 1:colcon.colcon_core.package_identification:_identify(gym_env/lib/python3.12/site-packages/pygame/docs/__pycache__) by extension 'ros'
[1.248s] Level 1:colcon.colcon_core.package_identification:_identify(gym_env/lib/python3.12/site-packages/pygame/docs/__pycache__) by extensions ['cmake', 'python']
[1.248s] Level 1:colcon.colcon_core.package_identification:_identify(gym_env/lib/python3.12/site-packages/pygame/docs/__pycache__) by extension 'cmake'
[1.248s] Level 1:colcon.colcon_core.package_identification:_identify(gym_env/lib/python3.12/site-packages/pygame/docs/__pycache__) by extension 'python'
[1.248s] Level 1:colcon.colcon_core.package_identification:_identify(gym_env/lib/python3.12/site-packages/pygame/docs/__pycache__) by extensions ['python_setup_py']
[1.248s] Level 1:colcon.colcon_core.package_identification:_identify(gym_env/lib/python3.12/site-packages/pygame/docs/__pycache__) by extension 'python_setup_py'
[1.249s] Level 1:colcon.colcon_core.package_identification:_identify(gym_env/lib/python3.12/site-packages/pygame/docs/generated) by extensions ['ignore', 'ignore_ament_install']
[1.249s] Level 1:colcon.colcon_core.package_identification:_identify(gym_env/lib/python3.12/site-packages/pygame/docs/generated) by extension 'ignore'
[1.249s] Level 1:colcon.colcon_core.package_identification:_identify(gym_env/lib/python3.12/site-packages/pygame/docs/generated) by extension 'ignore_ament_install'
[1.250s] Level 1:colcon.colcon_core.package_identification:_identify(gym_env/lib/python3.12/site-packages/pygame/docs/generated) by extensions ['colcon_pkg']
[1.250s] Level 1:colcon.colcon_core.package_identification:_identify(gym_env/lib/python3.12/site-packages/pygame/docs/generated) by extension 'colcon_pkg'
[1.250s] Level 1:colcon.colcon_core.package_identification:_identify(gym_env/lib/python3.12/site-packages/pygame/docs/generated) by extensions ['colcon_meta']
[1.250s] Level 1:colcon.colcon_core.package_identification:_identify(gym_env/lib/python3.12/site-packages/pygame/docs/generated) by extension 'colcon_meta'
[1.250s] Level 1:colcon.colcon_core.package_identification:_identify(gym_env/lib/python3.12/site-packages/pygame/docs/generated) by extensions ['ros']
[1.250s] Level 1:colcon.colcon_core.package_identification:_identify(gym_env/lib/python3.12/site-packages/pygame/docs/generated) by extension 'ros'
[1.250s] Level 1:colcon.colcon_core.package_identification:_identify(gym_env/lib/python3.12/site-packages/pygame/docs/generated) by extensions ['cmake', 'python']
[1.250s] Level 1:colcon.colcon_core.package_identification:_identify(gym_env/lib/python3.12/site-packages/pygame/docs/generated) by extension 'cmake'
[1.250s] Level 1:colcon.colcon_core.package_identification:_identify(gym_env/lib/python3.12/site-packages/pygame/docs/generated) by extension 'python'
[1.250s] Level 1:colcon.colcon_core.package_identification:_identify(gym_env/lib/python3.12/site-packages/pygame/docs/generated) by extensions ['python_setup_py']
[1.251s] Level 1:colcon.colcon_core.package_identification:_identify(gym_env/lib/python3.12/site-packages/pygame/docs/generated) by extension 'python_setup_py'
[1.251s] Level 1:colcon.colcon_core.package_identification:_identify(gym_env/lib/python3.12/site-packages/pygame/docs/generated/_images) by extensions ['ignore', 'ignore_ament_install']
[1.252s] Level 1:colcon.colcon_core.package_identification:_identify(gym_env/lib/python3.12/site-packages/pygame/docs/generated/_images) by extension 'ignore'
[1.252s] Level 1:colcon.colcon_core.package_identification:_identify(gym_env/lib/python3.12/site-packages/pygame/docs/generated/_images) by extension 'ignore_ament_install'
[1.252s] Level 1:colcon.colcon_core.package_identification:_identify(gym_env/lib/python3.12/site-packages/pygame/docs/generated/_images) by extensions ['colcon_pkg']
[1.252s] Level 1:colcon.colcon_core.package_identification:_identify(gym_env/lib/python3.12/site-packages/pygame/docs/generated/_images) by extension 'colcon_pkg'
[1.252s] Level 1:colcon.colcon_core.package_identification:_identify(gym_env/lib/python3.12/site-packages/pygame/docs/generated/_images) by extensions ['colcon_meta']
[1.252s] Level 1:colcon.colcon_core.package_identification:_identify(gym_env/lib/python3.12/site-packages/pygame/docs/generated/_images) by extension 'colcon_meta'
[1.252s] Level 1:colcon.colcon_core.package_identification:_identify(gym_env/lib/python3.12/site-packages/pygame/docs/generated/_images) by extensions ['ros']
[1.253s] Level 1:colcon.colcon_core.package_identification:_identify(gym_env/lib/python3.12/site-packages/pygame/docs/generated/_images) by extension 'ros'
[1.253s] Level 1:colcon.colcon_core.package_identification:_identify(gym_env/lib/python3.12/site-packages/pygame/docs/generated/_images) by extensions ['cmake', 'python']
[1.253s] Level 1:colcon.colcon_core.package_identification:_identify(gym_env/lib/python3.12/site-packages/pygame/docs/generated/_images) by extension 'cmake'
[1.253s] Level 1:colcon.colcon_core.package_identification:_identify(gym_env/lib/python3.12/site-packages/pygame/docs/generated/_images) by extension 'python'
[1.254s] Level 1:colcon.colcon_core.package_identification:_identify(gym_env/lib/python3.12/site-packages/pygame/docs/generated/_images) by extensions ['python_setup_py']
[1.254s] Level 1:colcon.colcon_core.package_identification:_identify(gym_env/lib/python3.12/site-packages/pygame/docs/generated/_images) by extension 'python_setup_py'
[1.254s] Level 1:colcon.colcon_core.package_identification:_identify(gym_env/lib/python3.12/site-packages/pygame/docs/generated/_sources) by extensions ['ignore', 'ignore_ament_install']
[1.255s] Level 1:colcon.colcon_core.package_identification:_identify(gym_env/lib/python3.12/site-packages/pygame/docs/generated/_sources) by extension 'ignore'
[1.255s] Level 1:colcon.colcon_core.package_identification:_identify(gym_env/lib/python3.12/site-packages/pygame/docs/generated/_sources) by extension 'ignore_ament_install'
[1.255s] Level 1:colcon.colcon_core.package_identification:_identify(gym_env/lib/python3.12/site-packages/pygame/docs/generated/_sources) by extensions ['colcon_pkg']
[1.255s] Level 1:colcon.colcon_core.package_identification:_identify(gym_env/lib/python3.12/site-packages/pygame/docs/generated/_sources) by extension 'colcon_pkg'
[1.255s] Level 1:colcon.colcon_core.package_identification:_identify(gym_env/lib/python3.12/site-packages/pygame/docs/generated/_sources) by extensions ['colcon_meta']
[1.255s] Level 1:colcon.colcon_core.package_identification:_identify(gym_env/lib/python3.12/site-packages/pygame/docs/generated/_sources) by extension 'colcon_meta'
[1.256s] Level 1:colcon.colcon_core.package_identification:_identify(gym_env/lib/python3.12/site-packages/pygame/docs/generated/_sources) by extensions ['ros']
[1.256s] Level 1:colcon.colcon_core.package_identification:_identify(gym_env/lib/python3.12/site-packages/pygame/docs/generated/_sources) by extension 'ros'
[1.256s] Level 1:colcon.colcon_core.package_identification:_identify(gym_env/lib/python3.12/site-packages/pygame/docs/generated/_sources) by extensions ['cmake', 'python']
[1.256s] Level 1:colcon.colcon_core.package_identification:_identify(gym_env/lib/python3.12/site-packages/pygame/docs/generated/_sources) by extension 'cmake'
[1.256s] Level 1:colcon.colcon_core.package_identification:_identify(gym_env/lib/python3.12/site-packages/pygame/docs/generated/_sources) by extension 'python'
[1.256s] Level 1:colcon.colcon_core.package_identification:_identify(gym_env/lib/python3.12/site-packages/pygame/docs/generated/_sources) by extensions ['python_setup_py']
[1.256s] Level 1:colcon.colcon_core.package_identification:_identify(gym_env/lib/python3.12/site-packages/pygame/docs/generated/_sources) by extension 'python_setup_py'
[1.257s] Level 1:colcon.colcon_core.package_identification:_identify(gym_env/lib/python3.12/site-packages/pygame/docs/generated/_sources/ref) by extensions ['ignore', 'ignore_ament_install']
[1.257s] Level 1:colcon.colcon_core.package_identification:_identify(gym_env/lib/python3.12/site-packages/pygame/docs/generated/_sources/ref) by extension 'ignore'
[1.257s] Level 1:colcon.colcon_core.package_identification:_identify(gym_env/lib/python3.12/site-packages/pygame/docs/generated/_sources/ref) by extension 'ignore_ament_install'
[1.258s] Level 1:colcon.colcon_core.package_identification:_identify(gym_env/lib/python3.12/site-packages/pygame/docs/generated/_sources/ref) by extensions ['colcon_pkg']
[1.258s] Level 1:colcon.colcon_core.package_identification:_identify(gym_env/lib/python3.12/site-packages/pygame/docs/generated/_sources/ref) by extension 'colcon_pkg'
[1.258s] Level 1:colcon.colcon_core.package_identification:_identify(gym_env/lib/python3.12/site-packages/pygame/docs/generated/_sources/ref) by extensions ['colcon_meta']
[1.258s] Level 1:colcon.colcon_core.package_identification:_identify(gym_env/lib/python3.12/site-packages/pygame/docs/generated/_sources/ref) by extension 'colcon_meta'
[1.258s] Level 1:colcon.colcon_core.package_identification:_identify(gym_env/lib/python3.12/site-packages/pygame/docs/generated/_sources/ref) by extensions ['ros']
[1.258s] Level 1:colcon.colcon_core.package_identification:_identify(gym_env/lib/python3.12/site-packages/pygame/docs/generated/_sources/ref) by extension 'ros'
[1.258s] Level 1:colcon.colcon_core.package_identification:_identify(gym_env/lib/python3.12/site-packages/pygame/docs/generated/_sources/ref) by extensions ['cmake', 'python']
[1.258s] Level 1:colcon.colcon_core.package_identification:_identify(gym_env/lib/python3.12/site-packages/pygame/docs/generated/_sources/ref) by extension 'cmake'
[1.259s] Level 1:colcon.colcon_core.package_identification:_identify(gym_env/lib/python3.12/site-packages/pygame/docs/generated/_sources/ref) by extension 'python'
[1.259s] Level 1:colcon.colcon_core.package_identification:_identify(gym_env/lib/python3.12/site-packages/pygame/docs/generated/_sources/ref) by extensions ['python_setup_py']
[1.259s] Level 1:colcon.colcon_core.package_identification:_identify(gym_env/lib/python3.12/site-packages/pygame/docs/generated/_sources/ref) by extension 'python_setup_py'
[1.259s] Level 1:colcon.colcon_core.package_identification:_identify(gym_env/lib/python3.12/site-packages/pygame/docs/generated/_static) by extensions ['ignore', 'ignore_ament_install']
[1.259s] Level 1:colcon.colcon_core.package_identification:_identify(gym_env/lib/python3.12/site-packages/pygame/docs/generated/_static) by extension 'ignore'
[1.259s] Level 1:colcon.colcon_core.package_identification:_identify(gym_env/lib/python3.12/site-packages/pygame/docs/generated/_static) by extension 'ignore_ament_install'
[1.260s] Level 1:colcon.colcon_core.package_identification:_identify(gym_env/lib/python3.12/site-packages/pygame/docs/generated/_static) by extensions ['colcon_pkg']
[1.260s] Level 1:colcon.colcon_core.package_identification:_identify(gym_env/lib/python3.12/site-packages/pygame/docs/generated/_static) by extension 'colcon_pkg'
[1.260s] Level 1:colcon.colcon_core.package_identification:_identify(gym_env/lib/python3.12/site-packages/pygame/docs/generated/_static) by extensions ['colcon_meta']
[1.260s] Level 1:colcon.colcon_core.package_identification:_identify(gym_env/lib/python3.12/site-packages/pygame/docs/generated/_static) by extension 'colcon_meta'
[1.260s] Level 1:colcon.colcon_core.package_identification:_identify(gym_env/lib/python3.12/site-packages/pygame/docs/generated/_static) by extensions ['ros']
[1.260s] Level 1:colcon.colcon_core.package_identification:_identify(gym_env/lib/python3.12/site-packages/pygame/docs/generated/_static) by extension 'ros'
[1.260s] Level 1:colcon.colcon_core.package_identification:_identify(gym_env/lib/python3.12/site-packages/pygame/docs/generated/_static) by extensions ['cmake', 'python']
[1.260s] Level 1:colcon.colcon_core.package_identification:_identify(gym_env/lib/python3.12/site-packages/pygame/docs/generated/_static) by extension 'cmake'
[1.260s] Level 1:colcon.colcon_core.package_identification:_identify(gym_env/lib/python3.12/site-packages/pygame/docs/generated/_static) by extension 'python'
[1.260s] Level 1:colcon.colcon_core.package_identification:_identify(gym_env/lib/python3.12/site-packages/pygame/docs/generated/_static) by extensions ['python_setup_py']
[1.261s] Level 1:colcon.colcon_core.package_identification:_identify(gym_env/lib/python3.12/site-packages/pygame/docs/generated/_static) by extension 'python_setup_py'
[1.261s] Level 1:colcon.colcon_core.package_identification:_identify(gym_env/lib/python3.12/site-packages/pygame/docs/generated/c_api) by extensions ['ignore', 'ignore_ament_install']
[1.261s] Level 1:colcon.colcon_core.package_identification:_identify(gym_env/lib/python3.12/site-packages/pygame/docs/generated/c_api) by extension 'ignore'
[1.261s] Level 1:colcon.colcon_core.package_identification:_identify(gym_env/lib/python3.12/site-packages/pygame/docs/generated/c_api) by extension 'ignore_ament_install'
[1.262s] Level 1:colcon.colcon_core.package_identification:_identify(gym_env/lib/python3.12/site-packages/pygame/docs/generated/c_api) by extensions ['colcon_pkg']
[1.262s] Level 1:colcon.colcon_core.package_identification:_identify(gym_env/lib/python3.12/site-packages/pygame/docs/generated/c_api) by extension 'colcon_pkg'
[1.262s] Level 1:colcon.colcon_core.package_identification:_identify(gym_env/lib/python3.12/site-packages/pygame/docs/generated/c_api) by extensions ['colcon_meta']
[1.262s] Level 1:colcon.colcon_core.package_identification:_identify(gym_env/lib/python3.12/site-packages/pygame/docs/generated/c_api) by extension 'colcon_meta'
[1.262s] Level 1:colcon.colcon_core.package_identification:_identify(gym_env/lib/python3.12/site-packages/pygame/docs/generated/c_api) by extensions ['ros']
[1.262s] Level 1:colcon.colcon_core.package_identification:_identify(gym_env/lib/python3.12/site-packages/pygame/docs/generated/c_api) by extension 'ros'
[1.262s] Level 1:colcon.colcon_core.package_identification:_identify(gym_env/lib/python3.12/site-packages/pygame/docs/generated/c_api) by extensions ['cmake', 'python']
[1.262s] Level 1:colcon.colcon_core.package_identification:_identify(gym_env/lib/python3.12/site-packages/pygame/docs/generated/c_api) by extension 'cmake'
[1.262s] Level 1:colcon.colcon_core.package_identification:_identify(gym_env/lib/python3.12/site-packages/pygame/docs/generated/c_api) by extension 'python'
[1.262s] Level 1:colcon.colcon_core.package_identification:_identify(gym_env/lib/python3.12/site-packages/pygame/docs/generated/c_api) by extensions ['python_setup_py']
[1.262s] Level 1:colcon.colcon_core.package_identification:_identify(gym_env/lib/python3.12/site-packages/pygame/docs/generated/c_api) by extension 'python_setup_py'
[1.263s] Level 1:colcon.colcon_core.package_identification:_identify(gym_env/lib/python3.12/site-packages/pygame/docs/generated/ref) by extensions ['ignore', 'ignore_ament_install']
[1.263s] Level 1:colcon.colcon_core.package_identification:_identify(gym_env/lib/python3.12/site-packages/pygame/docs/generated/ref) by extension 'ignore'
[1.263s] Level 1:colcon.colcon_core.package_identification:_identify(gym_env/lib/python3.12/site-packages/pygame/docs/generated/ref) by extension 'ignore_ament_install'
[1.263s] Level 1:colcon.colcon_core.package_identification:_identify(gym_env/lib/python3.12/site-packages/pygame/docs/generated/ref) by extensions ['colcon_pkg']
[1.263s] Level 1:colcon.colcon_core.package_identification:_identify(gym_env/lib/python3.12/site-packages/pygame/docs/generated/ref) by extension 'colcon_pkg'
[1.263s] Level 1:colcon.colcon_core.package_identification:_identify(gym_env/lib/python3.12/site-packages/pygame/docs/generated/ref) by extensions ['colcon_meta']
[1.264s] Level 1:colcon.colcon_core.package_identification:_identify(gym_env/lib/python3.12/site-packages/pygame/docs/generated/ref) by extension 'colcon_meta'
[1.264s] Level 1:colcon.colcon_core.package_identification:_identify(gym_env/lib/python3.12/site-packages/pygame/docs/generated/ref) by extensions ['ros']
[1.264s] Level 1:colcon.colcon_core.package_identification:_identify(gym_env/lib/python3.12/site-packages/pygame/docs/generated/ref) by extension 'ros'
[1.264s] Level 1:colcon.colcon_core.package_identification:_identify(gym_env/lib/python3.12/site-packages/pygame/docs/generated/ref) by extensions ['cmake', 'python']
[1.264s] Level 1:colcon.colcon_core.package_identification:_identify(gym_env/lib/python3.12/site-packages/pygame/docs/generated/ref) by extension 'cmake'
[1.264s] Level 1:colcon.colcon_core.package_identification:_identify(gym_env/lib/python3.12/site-packages/pygame/docs/generated/ref) by extension 'python'
[1.264s] Level 1:colcon.colcon_core.package_identification:_identify(gym_env/lib/python3.12/site-packages/pygame/docs/generated/ref) by extensions ['python_setup_py']
[1.264s] Level 1:colcon.colcon_core.package_identification:_identify(gym_env/lib/python3.12/site-packages/pygame/docs/generated/ref) by extension 'python_setup_py'
[1.265s] Level 1:colcon.colcon_core.package_identification:_identify(gym_env/lib/python3.12/site-packages/pygame/docs/generated/tut) by extensions ['ignore', 'ignore_ament_install']
[1.265s] Level 1:colcon.colcon_core.package_identification:_identify(gym_env/lib/python3.12/site-packages/pygame/docs/generated/tut) by extension 'ignore'
[1.265s] Level 1:colcon.colcon_core.package_identification:_identify(gym_env/lib/python3.12/site-packages/pygame/docs/generated/tut) by extension 'ignore_ament_install'
[1.265s] Level 1:colcon.colcon_core.package_identification:_identify(gym_env/lib/python3.12/site-packages/pygame/docs/generated/tut) by extensions ['colcon_pkg']
[1.265s] Level 1:colcon.colcon_core.package_identification:_identify(gym_env/lib/python3.12/site-packages/pygame/docs/generated/tut) by extension 'colcon_pkg'
[1.265s] Level 1:colcon.colcon_core.package_identification:_identify(gym_env/lib/python3.12/site-packages/pygame/docs/generated/tut) by extensions ['colcon_meta']
[1.265s] Level 1:colcon.colcon_core.package_identification:_identify(gym_env/lib/python3.12/site-packages/pygame/docs/generated/tut) by extension 'colcon_meta'
[1.266s] Level 1:colcon.colcon_core.package_identification:_identify(gym_env/lib/python3.12/site-packages/pygame/docs/generated/tut) by extensions ['ros']
[1.266s] Level 1:colcon.colcon_core.package_identification:_identify(gym_env/lib/python3.12/site-packages/pygame/docs/generated/tut) by extension 'ros'
[1.266s] Level 1:colcon.colcon_core.package_identification:_identify(gym_env/lib/python3.12/site-packages/pygame/docs/generated/tut) by extensions ['cmake', 'python']
[1.266s] Level 1:colcon.colcon_core.package_identification:_identify(gym_env/lib/python3.12/site-packages/pygame/docs/generated/tut) by extension 'cmake'
[1.266s] Level 1:colcon.colcon_core.package_identification:_identify(gym_env/lib/python3.12/site-packages/pygame/docs/generated/tut) by extension 'python'
[1.266s] Level 1:colcon.colcon_core.package_identification:_identify(gym_env/lib/python3.12/site-packages/pygame/docs/generated/tut) by extensions ['python_setup_py']
[1.266s] Level 1:colcon.colcon_core.package_identification:_identify(gym_env/lib/python3.12/site-packages/pygame/docs/generated/tut) by extension 'python_setup_py'
[1.267s] Level 1:colcon.colcon_core.package_identification:_identify(gym_env/lib/python3.12/site-packages/pygame/examples) by extensions ['ignore', 'ignore_ament_install']
[1.267s] Level 1:colcon.colcon_core.package_identification:_identify(gym_env/lib/python3.12/site-packages/pygame/examples) by extension 'ignore'
[1.267s] Level 1:colcon.colcon_core.package_identification:_identify(gym_env/lib/python3.12/site-packages/pygame/examples) by extension 'ignore_ament_install'
[1.267s] Level 1:colcon.colcon_core.package_identification:_identify(gym_env/lib/python3.12/site-packages/pygame/examples) by extensions ['colcon_pkg']
[1.267s] Level 1:colcon.colcon_core.package_identification:_identify(gym_env/lib/python3.12/site-packages/pygame/examples) by extension 'colcon_pkg'
[1.267s] Level 1:colcon.colcon_core.package_identification:_identify(gym_env/lib/python3.12/site-packages/pygame/examples) by extensions ['colcon_meta']
[1.267s] Level 1:colcon.colcon_core.package_identification:_identify(gym_env/lib/python3.12/site-packages/pygame/examples) by extension 'colcon_meta'
[1.268s] Level 1:colcon.colcon_core.package_identification:_identify(gym_env/lib/python3.12/site-packages/pygame/examples) by extensions ['ros']
[1.268s] Level 1:colcon.colcon_core.package_identification:_identify(gym_env/lib/python3.12/site-packages/pygame/examples) by extension 'ros'
[1.268s] Level 1:colcon.colcon_core.package_identification:_identify(gym_env/lib/python3.12/site-packages/pygame/examples) by extensions ['cmake', 'python']
[1.268s] Level 1:colcon.colcon_core.package_identification:_identify(gym_env/lib/python3.12/site-packages/pygame/examples) by extension 'cmake'
[1.268s] Level 1:colcon.colcon_core.package_identification:_identify(gym_env/lib/python3.12/site-packages/pygame/examples) by extension 'python'
[1.268s] Level 1:colcon.colcon_core.package_identification:_identify(gym_env/lib/python3.12/site-packages/pygame/examples) by extensions ['python_setup_py']
[1.268s] Level 1:colcon.colcon_core.package_identification:_identify(gym_env/lib/python3.12/site-packages/pygame/examples) by extension 'python_setup_py'
[1.269s] Level 1:colcon.colcon_core.package_identification:_identify(gym_env/lib/python3.12/site-packages/pygame/examples/__pycache__) by extensions ['ignore', 'ignore_ament_install']
[1.269s] Level 1:colcon.colcon_core.package_identification:_identify(gym_env/lib/python3.12/site-packages/pygame/examples/__pycache__) by extension 'ignore'
[1.270s] Level 1:colcon.colcon_core.package_identification:_identify(gym_env/lib/python3.12/site-packages/pygame/examples/__pycache__) by extension 'ignore_ament_install'
[1.270s] Level 1:colcon.colcon_core.package_identification:_identify(gym_env/lib/python3.12/site-packages/pygame/examples/__pycache__) by extensions ['colcon_pkg']
[1.270s] Level 1:colcon.colcon_core.package_identification:_identify(gym_env/lib/python3.12/site-packages/pygame/examples/__pycache__) by extension 'colcon_pkg'
[1.270s] Level 1:colcon.colcon_core.package_identification:_identify(gym_env/lib/python3.12/site-packages/pygame/examples/__pycache__) by extensions ['colcon_meta']
[1.271s] Level 1:colcon.colcon_core.package_identification:_identify(gym_env/lib/python3.12/site-packages/pygame/examples/__pycache__) by extension 'colcon_meta'
[1.271s] Level 1:colcon.colcon_core.package_identification:_identify(gym_env/lib/python3.12/site-packages/pygame/examples/__pycache__) by extensions ['ros']
[1.271s] Level 1:colcon.colcon_core.package_identification:_identify(gym_env/lib/python3.12/site-packages/pygame/examples/__pycache__) by extension 'ros'
[1.271s] Level 1:colcon.colcon_core.package_identification:_identify(gym_env/lib/python3.12/site-packages/pygame/examples/__pycache__) by extensions ['cmake', 'python']
[1.271s] Level 1:colcon.colcon_core.package_identification:_identify(gym_env/lib/python3.12/site-packages/pygame/examples/__pycache__) by extension 'cmake'
[1.272s] Level 1:colcon.colcon_core.package_identification:_identify(gym_env/lib/python3.12/site-packages/pygame/examples/__pycache__) by extension 'python'
[1.272s] Level 1:colcon.colcon_core.package_identification:_identify(gym_env/lib/python3.12/site-packages/pygame/examples/__pycache__) by extensions ['python_setup_py']
[1.272s] Level 1:colcon.colcon_core.package_identification:_identify(gym_env/lib/python3.12/site-packages/pygame/examples/__pycache__) by extension 'python_setup_py'
[1.273s] Level 1:colcon.colcon_core.package_identification:_identify(gym_env/lib/python3.12/site-packages/pygame/examples/data) by extensions ['ignore', 'ignore_ament_install']
[1.273s] Level 1:colcon.colcon_core.package_identification:_identify(gym_env/lib/python3.12/site-packages/pygame/examples/data) by extension 'ignore'
[1.273s] Level 1:colcon.colcon_core.package_identification:_identify(gym_env/lib/python3.12/site-packages/pygame/examples/data) by extension 'ignore_ament_install'
[1.273s] Level 1:colcon.colcon_core.package_identification:_identify(gym_env/lib/python3.12/site-packages/pygame/examples/data) by extensions ['colcon_pkg']
[1.273s] Level 1:colcon.colcon_core.package_identification:_identify(gym_env/lib/python3.12/site-packages/pygame/examples/data) by extension 'colcon_pkg'
[1.273s] Level 1:colcon.colcon_core.package_identification:_identify(gym_env/lib/python3.12/site-packages/pygame/examples/data) by extensions ['colcon_meta']
[1.273s] Level 1:colcon.colcon_core.package_identification:_identify(gym_env/lib/python3.12/site-packages/pygame/examples/data) by extension 'colcon_meta'
[1.273s] Level 1:colcon.colcon_core.package_identification:_identify(gym_env/lib/python3.12/site-packages/pygame/examples/data) by extensions ['ros']
[1.274s] Level 1:colcon.colcon_core.package_identification:_identify(gym_env/lib/python3.12/site-packages/pygame/examples/data) by extension 'ros'
[1.274s] Level 1:colcon.colcon_core.package_identification:_identify(gym_env/lib/python3.12/site-packages/pygame/examples/data) by extensions ['cmake', 'python']
[1.274s] Level 1:colcon.colcon_core.package_identification:_identify(gym_env/lib/python3.12/site-packages/pygame/examples/data) by extension 'cmake'
[1.274s] Level 1:colcon.colcon_core.package_identification:_identify(gym_env/lib/python3.12/site-packages/pygame/examples/data) by extension 'python'
[1.274s] Level 1:colcon.colcon_core.package_identification:_identify(gym_env/lib/python3.12/site-packages/pygame/examples/data) by extensions ['python_setup_py']
[1.274s] Level 1:colcon.colcon_core.package_identification:_identify(gym_env/lib/python3.12/site-packages/pygame/examples/data) by extension 'python_setup_py'
[1.275s] Level 1:colcon.colcon_core.package_identification:_identify(gym_env/lib/python3.12/site-packages/pygame/tests) by extensions ['ignore', 'ignore_ament_install']
[1.275s] Level 1:colcon.colcon_core.package_identification:_identify(gym_env/lib/python3.12/site-packages/pygame/tests) by extension 'ignore'
[1.275s] Level 1:colcon.colcon_core.package_identification:_identify(gym_env/lib/python3.12/site-packages/pygame/tests) by extension 'ignore_ament_install'
[1.275s] Level 1:colcon.colcon_core.package_identification:_identify(gym_env/lib/python3.12/site-packages/pygame/tests) by extensions ['colcon_pkg']
[1.275s] Level 1:colcon.colcon_core.package_identification:_identify(gym_env/lib/python3.12/site-packages/pygame/tests) by extension 'colcon_pkg'
[1.276s] Level 1:colcon.colcon_core.package_identification:_identify(gym_env/lib/python3.12/site-packages/pygame/tests) by extensions ['colcon_meta']
[1.276s] Level 1:colcon.colcon_core.package_identification:_identify(gym_env/lib/python3.12/site-packages/pygame/tests) by extension 'colcon_meta'
[1.276s] Level 1:colcon.colcon_core.package_identification:_identify(gym_env/lib/python3.12/site-packages/pygame/tests) by extensions ['ros']
[1.276s] Level 1:colcon.colcon_core.package_identification:_identify(gym_env/lib/python3.12/site-packages/pygame/tests) by extension 'ros'
[1.276s] Level 1:colcon.colcon_core.package_identification:_identify(gym_env/lib/python3.12/site-packages/pygame/tests) by extensions ['cmake', 'python']
[1.276s] Level 1:colcon.colcon_core.package_identification:_identify(gym_env/lib/python3.12/site-packages/pygame/tests) by extension 'cmake'
[1.276s] Level 1:colcon.colcon_core.package_identification:_identify(gym_env/lib/python3.12/site-packages/pygame/tests) by extension 'python'
[1.276s] Level 1:colcon.colcon_core.package_identification:_identify(gym_env/lib/python3.12/site-packages/pygame/tests) by extensions ['python_setup_py']
[1.276s] Level 1:colcon.colcon_core.package_identification:_identify(gym_env/lib/python3.12/site-packages/pygame/tests) by extension 'python_setup_py'
[1.277s] Level 1:colcon.colcon_core.package_identification:_identify(gym_env/lib/python3.12/site-packages/pygame/tests/__pycache__) by extensions ['ignore', 'ignore_ament_install']
[1.277s] Level 1:colcon.colcon_core.package_identification:_identify(gym_env/lib/python3.12/site-packages/pygame/tests/__pycache__) by extension 'ignore'
[1.277s] Level 1:colcon.colcon_core.package_identification:_identify(gym_env/lib/python3.12/site-packages/pygame/tests/__pycache__) by extension 'ignore_ament_install'
[1.278s] Level 1:colcon.colcon_core.package_identification:_identify(gym_env/lib/python3.12/site-packages/pygame/tests/__pycache__) by extensions ['colcon_pkg']
[1.278s] Level 1:colcon.colcon_core.package_identification:_identify(gym_env/lib/python3.12/site-packages/pygame/tests/__pycache__) by extension 'colcon_pkg'
[1.278s] Level 1:colcon.colcon_core.package_identification:_identify(gym_env/lib/python3.12/site-packages/pygame/tests/__pycache__) by extensions ['colcon_meta']
[1.278s] Level 1:colcon.colcon_core.package_identification:_identify(gym_env/lib/python3.12/site-packages/pygame/tests/__pycache__) by extension 'colcon_meta'
[1.278s] Level 1:colcon.colcon_core.package_identification:_identify(gym_env/lib/python3.12/site-packages/pygame/tests/__pycache__) by extensions ['ros']
[1.278s] Level 1:colcon.colcon_core.package_identification:_identify(gym_env/lib/python3.12/site-packages/pygame/tests/__pycache__) by extension 'ros'
[1.278s] Level 1:colcon.colcon_core.package_identification:_identify(gym_env/lib/python3.12/site-packages/pygame/tests/__pycache__) by extensions ['cmake', 'python']
[1.278s] Level 1:colcon.colcon_core.package_identification:_identify(gym_env/lib/python3.12/site-packages/pygame/tests/__pycache__) by extension 'cmake'
[1.278s] Level 1:colcon.colcon_core.package_identification:_identify(gym_env/lib/python3.12/site-packages/pygame/tests/__pycache__) by extension 'python'
[1.279s] Level 1:colcon.colcon_core.package_identification:_identify(gym_env/lib/python3.12/site-packages/pygame/tests/__pycache__) by extensions ['python_setup_py']
[1.279s] Level 1:colcon.colcon_core.package_identification:_identify(gym_env/lib/python3.12/site-packages/pygame/tests/__pycache__) by extension 'python_setup_py'
[1.279s] Level 1:colcon.colcon_core.package_identification:_identify(gym_env/lib/python3.12/site-packages/pygame/tests/fixtures) by extensions ['ignore', 'ignore_ament_install']
[1.279s] Level 1:colcon.colcon_core.package_identification:_identify(gym_env/lib/python3.12/site-packages/pygame/tests/fixtures) by extension 'ignore'
[1.279s] Level 1:colcon.colcon_core.package_identification:_identify(gym_env/lib/python3.12/site-packages/pygame/tests/fixtures) by extension 'ignore_ament_install'
[1.279s] Level 1:colcon.colcon_core.package_identification:_identify(gym_env/lib/python3.12/site-packages/pygame/tests/fixtures) by extensions ['colcon_pkg']
[1.280s] Level 1:colcon.colcon_core.package_identification:_identify(gym_env/lib/python3.12/site-packages/pygame/tests/fixtures) by extension 'colcon_pkg'
[1.280s] Level 1:colcon.colcon_core.package_identification:_identify(gym_env/lib/python3.12/site-packages/pygame/tests/fixtures) by extensions ['colcon_meta']
[1.280s] Level 1:colcon.colcon_core.package_identification:_identify(gym_env/lib/python3.12/site-packages/pygame/tests/fixtures) by extension 'colcon_meta'
[1.280s] Level 1:colcon.colcon_core.package_identification:_identify(gym_env/lib/python3.12/site-packages/pygame/tests/fixtures) by extensions ['ros']
[1.280s] Level 1:colcon.colcon_core.package_identification:_identify(gym_env/lib/python3.12/site-packages/pygame/tests/fixtures) by extension 'ros'
[1.280s] Level 1:colcon.colcon_core.package_identification:_identify(gym_env/lib/python3.12/site-packages/pygame/tests/fixtures) by extensions ['cmake', 'python']
[1.280s] Level 1:colcon.colcon_core.package_identification:_identify(gym_env/lib/python3.12/site-packages/pygame/tests/fixtures) by extension 'cmake'
[1.280s] Level 1:colcon.colcon_core.package_identification:_identify(gym_env/lib/python3.12/site-packages/pygame/tests/fixtures) by extension 'python'
[1.280s] Level 1:colcon.colcon_core.package_identification:_identify(gym_env/lib/python3.12/site-packages/pygame/tests/fixtures) by extensions ['python_setup_py']
[1.280s] Level 1:colcon.colcon_core.package_identification:_identify(gym_env/lib/python3.12/site-packages/pygame/tests/fixtures) by extension 'python_setup_py'
[1.281s] Level 1:colcon.colcon_core.package_identification:_identify(gym_env/lib/python3.12/site-packages/pygame/tests/fixtures/fonts) by extensions ['ignore', 'ignore_ament_install']
[1.281s] Level 1:colcon.colcon_core.package_identification:_identify(gym_env/lib/python3.12/site-packages/pygame/tests/fixtures/fonts) by extension 'ignore'
[1.281s] Level 1:colcon.colcon_core.package_identification:_identify(gym_env/lib/python3.12/site-packages/pygame/tests/fixtures/fonts) by extension 'ignore_ament_install'
[1.281s] Level 1:colcon.colcon_core.package_identification:_identify(gym_env/lib/python3.12/site-packages/pygame/tests/fixtures/fonts) by extensions ['colcon_pkg']
[1.282s] Level 1:colcon.colcon_core.package_identification:_identify(gym_env/lib/python3.12/site-packages/pygame/tests/fixtures/fonts) by extension 'colcon_pkg'
[1.282s] Level 1:colcon.colcon_core.package_identification:_identify(gym_env/lib/python3.12/site-packages/pygame/tests/fixtures/fonts) by extensions ['colcon_meta']
[1.282s] Level 1:colcon.colcon_core.package_identification:_identify(gym_env/lib/python3.12/site-packages/pygame/tests/fixtures/fonts) by extension 'colcon_meta'
[1.282s] Level 1:colcon.colcon_core.package_identification:_identify(gym_env/lib/python3.12/site-packages/pygame/tests/fixtures/fonts) by extensions ['ros']
[1.282s] Level 1:colcon.colcon_core.package_identification:_identify(gym_env/lib/python3.12/site-packages/pygame/tests/fixtures/fonts) by extension 'ros'
[1.282s] Level 1:colcon.colcon_core.package_identification:_identify(gym_env/lib/python3.12/site-packages/pygame/tests/fixtures/fonts) by extensions ['cmake', 'python']
[1.282s] Level 1:colcon.colcon_core.package_identification:_identify(gym_env/lib/python3.12/site-packages/pygame/tests/fixtures/fonts) by extension 'cmake'
[1.282s] Level 1:colcon.colcon_core.package_identification:_identify(gym_env/lib/python3.12/site-packages/pygame/tests/fixtures/fonts) by extension 'python'
[1.282s] Level 1:colcon.colcon_core.package_identification:_identify(gym_env/lib/python3.12/site-packages/pygame/tests/fixtures/fonts) by extensions ['python_setup_py']
[1.283s] Level 1:colcon.colcon_core.package_identification:_identify(gym_env/lib/python3.12/site-packages/pygame/tests/fixtures/fonts) by extension 'python_setup_py'
[1.283s] Level 1:colcon.colcon_core.package_identification:_identify(gym_env/lib/python3.12/site-packages/pygame/tests/fixtures/xbm_cursors) by extensions ['ignore', 'ignore_ament_install']
[1.283s] Level 1:colcon.colcon_core.package_identification:_identify(gym_env/lib/python3.12/site-packages/pygame/tests/fixtures/xbm_cursors) by extension 'ignore'
[1.283s] Level 1:colcon.colcon_core.package_identification:_identify(gym_env/lib/python3.12/site-packages/pygame/tests/fixtures/xbm_cursors) by extension 'ignore_ament_install'
[1.284s] Level 1:colcon.colcon_core.package_identification:_identify(gym_env/lib/python3.12/site-packages/pygame/tests/fixtures/xbm_cursors) by extensions ['colcon_pkg']
[1.284s] Level 1:colcon.colcon_core.package_identification:_identify(gym_env/lib/python3.12/site-packages/pygame/tests/fixtures/xbm_cursors) by extension 'colcon_pkg'
[1.284s] Level 1:colcon.colcon_core.package_identification:_identify(gym_env/lib/python3.12/site-packages/pygame/tests/fixtures/xbm_cursors) by extensions ['colcon_meta']
[1.284s] Level 1:colcon.colcon_core.package_identification:_identify(gym_env/lib/python3.12/site-packages/pygame/tests/fixtures/xbm_cursors) by extension 'colcon_meta'
[1.284s] Level 1:colcon.colcon_core.package_identification:_identify(gym_env/lib/python3.12/site-packages/pygame/tests/fixtures/xbm_cursors) by extensions ['ros']
[1.284s] Level 1:colcon.colcon_core.package_identification:_identify(gym_env/lib/python3.12/site-packages/pygame/tests/fixtures/xbm_cursors) by extension 'ros'
[1.284s] Level 1:colcon.colcon_core.package_identification:_identify(gym_env/lib/python3.12/site-packages/pygame/tests/fixtures/xbm_cursors) by extensions ['cmake', 'python']
[1.284s] Level 1:colcon.colcon_core.package_identification:_identify(gym_env/lib/python3.12/site-packages/pygame/tests/fixtures/xbm_cursors) by extension 'cmake'
[1.284s] Level 1:colcon.colcon_core.package_identification:_identify(gym_env/lib/python3.12/site-packages/pygame/tests/fixtures/xbm_cursors) by extension 'python'
[1.285s] Level 1:colcon.colcon_core.package_identification:_identify(gym_env/lib/python3.12/site-packages/pygame/tests/fixtures/xbm_cursors) by extensions ['python_setup_py']
[1.285s] Level 1:colcon.colcon_core.package_identification:_identify(gym_env/lib/python3.12/site-packages/pygame/tests/fixtures/xbm_cursors) by extension 'python_setup_py'
[1.285s] Level 1:colcon.colcon_core.package_identification:_identify(gym_env/lib/python3.12/site-packages/pygame/tests/run_tests__tests) by extensions ['ignore', 'ignore_ament_install']
[1.286s] Level 1:colcon.colcon_core.package_identification:_identify(gym_env/lib/python3.12/site-packages/pygame/tests/run_tests__tests) by extension 'ignore'
[1.286s] Level 1:colcon.colcon_core.package_identification:_identify(gym_env/lib/python3.12/site-packages/pygame/tests/run_tests__tests) by extension 'ignore_ament_install'
[1.286s] Level 1:colcon.colcon_core.package_identification:_identify(gym_env/lib/python3.12/site-packages/pygame/tests/run_tests__tests) by extensions ['colcon_pkg']
[1.287s] Level 1:colcon.colcon_core.package_identification:_identify(gym_env/lib/python3.12/site-packages/pygame/tests/run_tests__tests) by extension 'colcon_pkg'
[1.287s] Level 1:colcon.colcon_core.package_identification:_identify(gym_env/lib/python3.12/site-packages/pygame/tests/run_tests__tests) by extensions ['colcon_meta']
[1.287s] Level 1:colcon.colcon_core.package_identification:_identify(gym_env/lib/python3.12/site-packages/pygame/tests/run_tests__tests) by extension 'colcon_meta'
[1.287s] Level 1:colcon.colcon_core.package_identification:_identify(gym_env/lib/python3.12/site-packages/pygame/tests/run_tests__tests) by extensions ['ros']
[1.287s] Level 1:colcon.colcon_core.package_identification:_identify(gym_env/lib/python3.12/site-packages/pygame/tests/run_tests__tests) by extension 'ros'
[1.287s] Level 1:colcon.colcon_core.package_identification:_identify(gym_env/lib/python3.12/site-packages/pygame/tests/run_tests__tests) by extensions ['cmake', 'python']
[1.288s] Level 1:colcon.colcon_core.package_identification:_identify(gym_env/lib/python3.12/site-packages/pygame/tests/run_tests__tests) by extension 'cmake'
[1.288s] Level 1:colcon.colcon_core.package_identification:_identify(gym_env/lib/python3.12/site-packages/pygame/tests/run_tests__tests) by extension 'python'
[1.288s] Level 1:colcon.colcon_core.package_identification:_identify(gym_env/lib/python3.12/site-packages/pygame/tests/run_tests__tests) by extensions ['python_setup_py']
[1.288s] Level 1:colcon.colcon_core.package_identification:_identify(gym_env/lib/python3.12/site-packages/pygame/tests/run_tests__tests) by extension 'python_setup_py'
[1.288s] Level 1:colcon.colcon_core.package_identification:_identify(gym_env/lib/python3.12/site-packages/pygame/tests/run_tests__tests/__pycache__) by extensions ['ignore', 'ignore_ament_install']
[1.289s] Level 1:colcon.colcon_core.package_identification:_identify(gym_env/lib/python3.12/site-packages/pygame/tests/run_tests__tests/__pycache__) by extension 'ignore'
[1.289s] Level 1:colcon.colcon_core.package_identification:_identify(gym_env/lib/python3.12/site-packages/pygame/tests/run_tests__tests/__pycache__) by extension 'ignore_ament_install'
[1.289s] Level 1:colcon.colcon_core.package_identification:_identify(gym_env/lib/python3.12/site-packages/pygame/tests/run_tests__tests/__pycache__) by extensions ['colcon_pkg']
[1.289s] Level 1:colcon.colcon_core.package_identification:_identify(gym_env/lib/python3.12/site-packages/pygame/tests/run_tests__tests/__pycache__) by extension 'colcon_pkg'
[1.289s] Level 1:colcon.colcon_core.package_identification:_identify(gym_env/lib/python3.12/site-packages/pygame/tests/run_tests__tests/__pycache__) by extensions ['colcon_meta']
[1.289s] Level 1:colcon.colcon_core.package_identification:_identify(gym_env/lib/python3.12/site-packages/pygame/tests/run_tests__tests/__pycache__) by extension 'colcon_meta'
[1.289s] Level 1:colcon.colcon_core.package_identification:_identify(gym_env/lib/python3.12/site-packages/pygame/tests/run_tests__tests/__pycache__) by extensions ['ros']
[1.290s] Level 1:colcon.colcon_core.package_identification:_identify(gym_env/lib/python3.12/site-packages/pygame/tests/run_tests__tests/__pycache__) by extension 'ros'
[1.290s] Level 1:colcon.colcon_core.package_identification:_identify(gym_env/lib/python3.12/site-packages/pygame/tests/run_tests__tests/__pycache__) by extensions ['cmake', 'python']
[1.290s] Level 1:colcon.colcon_core.package_identification:_identify(gym_env/lib/python3.12/site-packages/pygame/tests/run_tests__tests/__pycache__) by extension 'cmake'
[1.290s] Level 1:colcon.colcon_core.package_identification:_identify(gym_env/lib/python3.12/site-packages/pygame/tests/run_tests__tests/__pycache__) by extension 'python'
[1.290s] Level 1:colcon.colcon_core.package_identification:_identify(gym_env/lib/python3.12/site-packages/pygame/tests/run_tests__tests/__pycache__) by extensions ['python_setup_py']
[1.290s] Level 1:colcon.colcon_core.package_identification:_identify(gym_env/lib/python3.12/site-packages/pygame/tests/run_tests__tests/__pycache__) by extension 'python_setup_py'
[1.291s] Level 1:colcon.colcon_core.package_identification:_identify(gym_env/lib/python3.12/site-packages/pygame/tests/run_tests__tests/all_ok) by extensions ['ignore', 'ignore_ament_install']
[1.291s] Level 1:colcon.colcon_core.package_identification:_identify(gym_env/lib/python3.12/site-packages/pygame/tests/run_tests__tests/all_ok) by extension 'ignore'
[1.291s] Level 1:colcon.colcon_core.package_identification:_identify(gym_env/lib/python3.12/site-packages/pygame/tests/run_tests__tests/all_ok) by extension 'ignore_ament_install'
[1.291s] Level 1:colcon.colcon_core.package_identification:_identify(gym_env/lib/python3.12/site-packages/pygame/tests/run_tests__tests/all_ok) by extensions ['colcon_pkg']
[1.291s] Level 1:colcon.colcon_core.package_identification:_identify(gym_env/lib/python3.12/site-packages/pygame/tests/run_tests__tests/all_ok) by extension 'colcon_pkg'
[1.291s] Level 1:colcon.colcon_core.package_identification:_identify(gym_env/lib/python3.12/site-packages/pygame/tests/run_tests__tests/all_ok) by extensions ['colcon_meta']
[1.291s] Level 1:colcon.colcon_core.package_identification:_identify(gym_env/lib/python3.12/site-packages/pygame/tests/run_tests__tests/all_ok) by extension 'colcon_meta'
[1.292s] Level 1:colcon.colcon_core.package_identification:_identify(gym_env/lib/python3.12/site-packages/pygame/tests/run_tests__tests/all_ok) by extensions ['ros']
[1.292s] Level 1:colcon.colcon_core.package_identification:_identify(gym_env/lib/python3.12/site-packages/pygame/tests/run_tests__tests/all_ok) by extension 'ros'
[1.292s] Level 1:colcon.colcon_core.package_identification:_identify(gym_env/lib/python3.12/site-packages/pygame/tests/run_tests__tests/all_ok) by extensions ['cmake', 'python']
[1.292s] Level 1:colcon.colcon_core.package_identification:_identify(gym_env/lib/python3.12/site-packages/pygame/tests/run_tests__tests/all_ok) by extension 'cmake'
[1.292s] Level 1:colcon.colcon_core.package_identification:_identify(gym_env/lib/python3.12/site-packages/pygame/tests/run_tests__tests/all_ok) by extension 'python'
[1.292s] Level 1:colcon.colcon_core.package_identification:_identify(gym_env/lib/python3.12/site-packages/pygame/tests/run_tests__tests/all_ok) by extensions ['python_setup_py']
[1.292s] Level 1:colcon.colcon_core.package_identification:_identify(gym_env/lib/python3.12/site-packages/pygame/tests/run_tests__tests/all_ok) by extension 'python_setup_py'
[1.293s] Level 1:colcon.colcon_core.package_identification:_identify(gym_env/lib/python3.12/site-packages/pygame/tests/run_tests__tests/all_ok/__pycache__) by extensions ['ignore', 'ignore_ament_install']
[1.293s] Level 1:colcon.colcon_core.package_identification:_identify(gym_env/lib/python3.12/site-packages/pygame/tests/run_tests__tests/all_ok/__pycache__) by extension 'ignore'
[1.293s] Level 1:colcon.colcon_core.package_identification:_identify(gym_env/lib/python3.12/site-packages/pygame/tests/run_tests__tests/all_ok/__pycache__) by extension 'ignore_ament_install'
[1.293s] Level 1:colcon.colcon_core.package_identification:_identify(gym_env/lib/python3.12/site-packages/pygame/tests/run_tests__tests/all_ok/__pycache__) by extensions ['colcon_pkg']
[1.293s] Level 1:colcon.colcon_core.package_identification:_identify(gym_env/lib/python3.12/site-packages/pygame/tests/run_tests__tests/all_ok/__pycache__) by extension 'colcon_pkg'
[1.294s] Level 1:colcon.colcon_core.package_identification:_identify(gym_env/lib/python3.12/site-packages/pygame/tests/run_tests__tests/all_ok/__pycache__) by extensions ['colcon_meta']
[1.294s] Level 1:colcon.colcon_core.package_identification:_identify(gym_env/lib/python3.12/site-packages/pygame/tests/run_tests__tests/all_ok/__pycache__) by extension 'colcon_meta'
[1.294s] Level 1:colcon.colcon_core.package_identification:_identify(gym_env/lib/python3.12/site-packages/pygame/tests/run_tests__tests/all_ok/__pycache__) by extensions ['ros']
[1.294s] Level 1:colcon.colcon_core.package_identification:_identify(gym_env/lib/python3.12/site-packages/pygame/tests/run_tests__tests/all_ok/__pycache__) by extension 'ros'
[1.294s] Level 1:colcon.colcon_core.package_identification:_identify(gym_env/lib/python3.12/site-packages/pygame/tests/run_tests__tests/all_ok/__pycache__) by extensions ['cmake', 'python']
[1.294s] Level 1:colcon.colcon_core.package_identification:_identify(gym_env/lib/python3.12/site-packages/pygame/tests/run_tests__tests/all_ok/__pycache__) by extension 'cmake'
[1.294s] Level 1:colcon.colcon_core.package_identification:_identify(gym_env/lib/python3.12/site-packages/pygame/tests/run_tests__tests/all_ok/__pycache__) by extension 'python'
[1.294s] Level 1:colcon.colcon_core.package_identification:_identify(gym_env/lib/python3.12/site-packages/pygame/tests/run_tests__tests/all_ok/__pycache__) by extensions ['python_setup_py']
[1.295s] Level 1:colcon.colcon_core.package_identification:_identify(gym_env/lib/python3.12/site-packages/pygame/tests/run_tests__tests/all_ok/__pycache__) by extension 'python_setup_py'
[1.295s] Level 1:colcon.colcon_core.package_identification:_identify(gym_env/lib/python3.12/site-packages/pygame/tests/run_tests__tests/everything) by extensions ['ignore', 'ignore_ament_install']
[1.295s] Level 1:colcon.colcon_core.package_identification:_identify(gym_env/lib/python3.12/site-packages/pygame/tests/run_tests__tests/everything) by extension 'ignore'
[1.295s] Level 1:colcon.colcon_core.package_identification:_identify(gym_env/lib/python3.12/site-packages/pygame/tests/run_tests__tests/everything) by extension 'ignore_ament_install'
[1.295s] Level 1:colcon.colcon_core.package_identification:_identify(gym_env/lib/python3.12/site-packages/pygame/tests/run_tests__tests/everything) by extensions ['colcon_pkg']
[1.296s] Level 1:colcon.colcon_core.package_identification:_identify(gym_env/lib/python3.12/site-packages/pygame/tests/run_tests__tests/everything) by extension 'colcon_pkg'
[1.296s] Level 1:colcon.colcon_core.package_identification:_identify(gym_env/lib/python3.12/site-packages/pygame/tests/run_tests__tests/everything) by extensions ['colcon_meta']
[1.296s] Level 1:colcon.colcon_core.package_identification:_identify(gym_env/lib/python3.12/site-packages/pygame/tests/run_tests__tests/everything) by extension 'colcon_meta'
[1.296s] Level 1:colcon.colcon_core.package_identification:_identify(gym_env/lib/python3.12/site-packages/pygame/tests/run_tests__tests/everything) by extensions ['ros']
[1.296s] Level 1:colcon.colcon_core.package_identification:_identify(gym_env/lib/python3.12/site-packages/pygame/tests/run_tests__tests/everything) by extension 'ros'
[1.296s] Level 1:colcon.colcon_core.package_identification:_identify(gym_env/lib/python3.12/site-packages/pygame/tests/run_tests__tests/everything) by extensions ['cmake', 'python']
[1.296s] Level 1:colcon.colcon_core.package_identification:_identify(gym_env/lib/python3.12/site-packages/pygame/tests/run_tests__tests/everything) by extension 'cmake'
[1.296s] Level 1:colcon.colcon_core.package_identification:_identify(gym_env/lib/python3.12/site-packages/pygame/tests/run_tests__tests/everything) by extension 'python'
[1.296s] Level 1:colcon.colcon_core.package_identification:_identify(gym_env/lib/python3.12/site-packages/pygame/tests/run_tests__tests/everything) by extensions ['python_setup_py']
[1.296s] Level 1:colcon.colcon_core.package_identification:_identify(gym_env/lib/python3.12/site-packages/pygame/tests/run_tests__tests/everything) by extension 'python_setup_py'
[1.297s] Level 1:colcon.colcon_core.package_identification:_identify(gym_env/lib/python3.12/site-packages/pygame/tests/run_tests__tests/everything/__pycache__) by extensions ['ignore', 'ignore_ament_install']
[1.297s] Level 1:colcon.colcon_core.package_identification:_identify(gym_env/lib/python3.12/site-packages/pygame/tests/run_tests__tests/everything/__pycache__) by extension 'ignore'
[1.297s] Level 1:colcon.colcon_core.package_identification:_identify(gym_env/lib/python3.12/site-packages/pygame/tests/run_tests__tests/everything/__pycache__) by extension 'ignore_ament_install'
[1.298s] Level 1:colcon.colcon_core.package_identification:_identify(gym_env/lib/python3.12/site-packages/pygame/tests/run_tests__tests/everything/__pycache__) by extensions ['colcon_pkg']
[1.298s] Level 1:colcon.colcon_core.package_identification:_identify(gym_env/lib/python3.12/site-packages/pygame/tests/run_tests__tests/everything/__pycache__) by extension 'colcon_pkg'
[1.298s] Level 1:colcon.colcon_core.package_identification:_identify(gym_env/lib/python3.12/site-packages/pygame/tests/run_tests__tests/everything/__pycache__) by extensions ['colcon_meta']
[1.298s] Level 1:colcon.colcon_core.package_identification:_identify(gym_env/lib/python3.12/site-packages/pygame/tests/run_tests__tests/everything/__pycache__) by extension 'colcon_meta'
[1.298s] Level 1:colcon.colcon_core.package_identification:_identify(gym_env/lib/python3.12/site-packages/pygame/tests/run_tests__tests/everything/__pycache__) by extensions ['ros']
[1.298s] Level 1:colcon.colcon_core.package_identification:_identify(gym_env/lib/python3.12/site-packages/pygame/tests/run_tests__tests/everything/__pycache__) by extension 'ros'
[1.298s] Level 1:colcon.colcon_core.package_identification:_identify(gym_env/lib/python3.12/site-packages/pygame/tests/run_tests__tests/everything/__pycache__) by extensions ['cmake', 'python']
[1.298s] Level 1:colcon.colcon_core.package_identification:_identify(gym_env/lib/python3.12/site-packages/pygame/tests/run_tests__tests/everything/__pycache__) by extension 'cmake'
[1.298s] Level 1:colcon.colcon_core.package_identification:_identify(gym_env/lib/python3.12/site-packages/pygame/tests/run_tests__tests/everything/__pycache__) by extension 'python'
[1.299s] Level 1:colcon.colcon_core.package_identification:_identify(gym_env/lib/python3.12/site-packages/pygame/tests/run_tests__tests/everything/__pycache__) by extensions ['python_setup_py']
[1.299s] Level 1:colcon.colcon_core.package_identification:_identify(gym_env/lib/python3.12/site-packages/pygame/tests/run_tests__tests/everything/__pycache__) by extension 'python_setup_py'
[1.299s] Level 1:colcon.colcon_core.package_identification:_identify(gym_env/lib/python3.12/site-packages/pygame/tests/run_tests__tests/exclude) by extensions ['ignore', 'ignore_ament_install']
[1.299s] Level 1:colcon.colcon_core.package_identification:_identify(gym_env/lib/python3.12/site-packages/pygame/tests/run_tests__tests/exclude) by extension 'ignore'
[1.299s] Level 1:colcon.colcon_core.package_identification:_identify(gym_env/lib/python3.12/site-packages/pygame/tests/run_tests__tests/exclude) by extension 'ignore_ament_install'
[1.299s] Level 1:colcon.colcon_core.package_identification:_identify(gym_env/lib/python3.12/site-packages/pygame/tests/run_tests__tests/exclude) by extensions ['colcon_pkg']
[1.300s] Level 1:colcon.colcon_core.package_identification:_identify(gym_env/lib/python3.12/site-packages/pygame/tests/run_tests__tests/exclude) by extension 'colcon_pkg'
[1.300s] Level 1:colcon.colcon_core.package_identification:_identify(gym_env/lib/python3.12/site-packages/pygame/tests/run_tests__tests/exclude) by extensions ['colcon_meta']
[1.300s] Level 1:colcon.colcon_core.package_identification:_identify(gym_env/lib/python3.12/site-packages/pygame/tests/run_tests__tests/exclude) by extension 'colcon_meta'
[1.300s] Level 1:colcon.colcon_core.package_identification:_identify(gym_env/lib/python3.12/site-packages/pygame/tests/run_tests__tests/exclude) by extensions ['ros']
[1.300s] Level 1:colcon.colcon_core.package_identification:_identify(gym_env/lib/python3.12/site-packages/pygame/tests/run_tests__tests/exclude) by extension 'ros'
[1.300s] Level 1:colcon.colcon_core.package_identification:_identify(gym_env/lib/python3.12/site-packages/pygame/tests/run_tests__tests/exclude) by extensions ['cmake', 'python']
[1.300s] Level 1:colcon.colcon_core.package_identification:_identify(gym_env/lib/python3.12/site-packages/pygame/tests/run_tests__tests/exclude) by extension 'cmake'
[1.300s] Level 1:colcon.colcon_core.package_identification:_identify(gym_env/lib/python3.12/site-packages/pygame/tests/run_tests__tests/exclude) by extension 'python'
[1.300s] Level 1:colcon.colcon_core.package_identification:_identify(gym_env/lib/python3.12/site-packages/pygame/tests/run_tests__tests/exclude) by extensions ['python_setup_py']
[1.300s] Level 1:colcon.colcon_core.package_identification:_identify(gym_env/lib/python3.12/site-packages/pygame/tests/run_tests__tests/exclude) by extension 'python_setup_py'
[1.301s] Level 1:colcon.colcon_core.package_identification:_identify(gym_env/lib/python3.12/site-packages/pygame/tests/run_tests__tests/exclude/__pycache__) by extensions ['ignore', 'ignore_ament_install']
[1.301s] Level 1:colcon.colcon_core.package_identification:_identify(gym_env/lib/python3.12/site-packages/pygame/tests/run_tests__tests/exclude/__pycache__) by extension 'ignore'
[1.302s] Level 1:colcon.colcon_core.package_identification:_identify(gym_env/lib/python3.12/site-packages/pygame/tests/run_tests__tests/exclude/__pycache__) by extension 'ignore_ament_install'
[1.302s] Level 1:colcon.colcon_core.package_identification:_identify(gym_env/lib/python3.12/site-packages/pygame/tests/run_tests__tests/exclude/__pycache__) by extensions ['colcon_pkg']
[1.302s] Level 1:colcon.colcon_core.package_identification:_identify(gym_env/lib/python3.12/site-packages/pygame/tests/run_tests__tests/exclude/__pycache__) by extension 'colcon_pkg'
[1.302s] Level 1:colcon.colcon_core.package_identification:_identify(gym_env/lib/python3.12/site-packages/pygame/tests/run_tests__tests/exclude/__pycache__) by extensions ['colcon_meta']
[1.302s] Level 1:colcon.colcon_core.package_identification:_identify(gym_env/lib/python3.12/site-packages/pygame/tests/run_tests__tests/exclude/__pycache__) by extension 'colcon_meta'
[1.302s] Level 1:colcon.colcon_core.package_identification:_identify(gym_env/lib/python3.12/site-packages/pygame/tests/run_tests__tests/exclude/__pycache__) by extensions ['ros']
[1.302s] Level 1:colcon.colcon_core.package_identification:_identify(gym_env/lib/python3.12/site-packages/pygame/tests/run_tests__tests/exclude/__pycache__) by extension 'ros'
[1.303s] Level 1:colcon.colcon_core.package_identification:_identify(gym_env/lib/python3.12/site-packages/pygame/tests/run_tests__tests/exclude/__pycache__) by extensions ['cmake', 'python']
[1.303s] Level 1:colcon.colcon_core.package_identification:_identify(gym_env/lib/python3.12/site-packages/pygame/tests/run_tests__tests/exclude/__pycache__) by extension 'cmake'
[1.303s] Level 1:colcon.colcon_core.package_identification:_identify(gym_env/lib/python3.12/site-packages/pygame/tests/run_tests__tests/exclude/__pycache__) by extension 'python'
[1.303s] Level 1:colcon.colcon_core.package_identification:_identify(gym_env/lib/python3.12/site-packages/pygame/tests/run_tests__tests/exclude/__pycache__) by extensions ['python_setup_py']
[1.303s] Level 1:colcon.colcon_core.package_identification:_identify(gym_env/lib/python3.12/site-packages/pygame/tests/run_tests__tests/exclude/__pycache__) by extension 'python_setup_py'
[1.304s] Level 1:colcon.colcon_core.package_identification:_identify(gym_env/lib/python3.12/site-packages/pygame/tests/run_tests__tests/failures1) by extensions ['ignore', 'ignore_ament_install']
[1.304s] Level 1:colcon.colcon_core.package_identification:_identify(gym_env/lib/python3.12/site-packages/pygame/tests/run_tests__tests/failures1) by extension 'ignore'
[1.305s] Level 1:colcon.colcon_core.package_identification:_identify(gym_env/lib/python3.12/site-packages/pygame/tests/run_tests__tests/failures1) by extension 'ignore_ament_install'
[1.305s] Level 1:colcon.colcon_core.package_identification:_identify(gym_env/lib/python3.12/site-packages/pygame/tests/run_tests__tests/failures1) by extensions ['colcon_pkg']
[1.305s] Level 1:colcon.colcon_core.package_identification:_identify(gym_env/lib/python3.12/site-packages/pygame/tests/run_tests__tests/failures1) by extension 'colcon_pkg'
[1.305s] Level 1:colcon.colcon_core.package_identification:_identify(gym_env/lib/python3.12/site-packages/pygame/tests/run_tests__tests/failures1) by extensions ['colcon_meta']
[1.305s] Level 1:colcon.colcon_core.package_identification:_identify(gym_env/lib/python3.12/site-packages/pygame/tests/run_tests__tests/failures1) by extension 'colcon_meta'
[1.305s] Level 1:colcon.colcon_core.package_identification:_identify(gym_env/lib/python3.12/site-packages/pygame/tests/run_tests__tests/failures1) by extensions ['ros']
[1.305s] Level 1:colcon.colcon_core.package_identification:_identify(gym_env/lib/python3.12/site-packages/pygame/tests/run_tests__tests/failures1) by extension 'ros'
[1.305s] Level 1:colcon.colcon_core.package_identification:_identify(gym_env/lib/python3.12/site-packages/pygame/tests/run_tests__tests/failures1) by extensions ['cmake', 'python']
[1.306s] Level 1:colcon.colcon_core.package_identification:_identify(gym_env/lib/python3.12/site-packages/pygame/tests/run_tests__tests/failures1) by extension 'cmake'
[1.306s] Level 1:colcon.colcon_core.package_identification:_identify(gym_env/lib/python3.12/site-packages/pygame/tests/run_tests__tests/failures1) by extension 'python'
[1.306s] Level 1:colcon.colcon_core.package_identification:_identify(gym_env/lib/python3.12/site-packages/pygame/tests/run_tests__tests/failures1) by extensions ['python_setup_py']
[1.306s] Level 1:colcon.colcon_core.package_identification:_identify(gym_env/lib/python3.12/site-packages/pygame/tests/run_tests__tests/failures1) by extension 'python_setup_py'
[1.306s] Level 1:colcon.colcon_core.package_identification:_identify(gym_env/lib/python3.12/site-packages/pygame/tests/run_tests__tests/failures1/__pycache__) by extensions ['ignore', 'ignore_ament_install']
[1.306s] Level 1:colcon.colcon_core.package_identification:_identify(gym_env/lib/python3.12/site-packages/pygame/tests/run_tests__tests/failures1/__pycache__) by extension 'ignore'
[1.307s] Level 1:colcon.colcon_core.package_identification:_identify(gym_env/lib/python3.12/site-packages/pygame/tests/run_tests__tests/failures1/__pycache__) by extension 'ignore_ament_install'
[1.307s] Level 1:colcon.colcon_core.package_identification:_identify(gym_env/lib/python3.12/site-packages/pygame/tests/run_tests__tests/failures1/__pycache__) by extensions ['colcon_pkg']
[1.307s] Level 1:colcon.colcon_core.package_identification:_identify(gym_env/lib/python3.12/site-packages/pygame/tests/run_tests__tests/failures1/__pycache__) by extension 'colcon_pkg'
[1.307s] Level 1:colcon.colcon_core.package_identification:_identify(gym_env/lib/python3.12/site-packages/pygame/tests/run_tests__tests/failures1/__pycache__) by extensions ['colcon_meta']
[1.307s] Level 1:colcon.colcon_core.package_identification:_identify(gym_env/lib/python3.12/site-packages/pygame/tests/run_tests__tests/failures1/__pycache__) by extension 'colcon_meta'
[1.307s] Level 1:colcon.colcon_core.package_identification:_identify(gym_env/lib/python3.12/site-packages/pygame/tests/run_tests__tests/failures1/__pycache__) by extensions ['ros']
[1.307s] Level 1:colcon.colcon_core.package_identification:_identify(gym_env/lib/python3.12/site-packages/pygame/tests/run_tests__tests/failures1/__pycache__) by extension 'ros'
[1.307s] Level 1:colcon.colcon_core.package_identification:_identify(gym_env/lib/python3.12/site-packages/pygame/tests/run_tests__tests/failures1/__pycache__) by extensions ['cmake', 'python']
[1.307s] Level 1:colcon.colcon_core.package_identification:_identify(gym_env/lib/python3.12/site-packages/pygame/tests/run_tests__tests/failures1/__pycache__) by extension 'cmake'
[1.308s] Level 1:colcon.colcon_core.package_identification:_identify(gym_env/lib/python3.12/site-packages/pygame/tests/run_tests__tests/failures1/__pycache__) by extension 'python'
[1.308s] Level 1:colcon.colcon_core.package_identification:_identify(gym_env/lib/python3.12/site-packages/pygame/tests/run_tests__tests/failures1/__pycache__) by extensions ['python_setup_py']
[1.308s] Level 1:colcon.colcon_core.package_identification:_identify(gym_env/lib/python3.12/site-packages/pygame/tests/run_tests__tests/failures1/__pycache__) by extension 'python_setup_py'
[1.308s] Level 1:colcon.colcon_core.package_identification:_identify(gym_env/lib/python3.12/site-packages/pygame/tests/run_tests__tests/incomplete) by extensions ['ignore', 'ignore_ament_install']
[1.309s] Level 1:colcon.colcon_core.package_identification:_identify(gym_env/lib/python3.12/site-packages/pygame/tests/run_tests__tests/incomplete) by extension 'ignore'
[1.309s] Level 1:colcon.colcon_core.package_identification:_identify(gym_env/lib/python3.12/site-packages/pygame/tests/run_tests__tests/incomplete) by extension 'ignore_ament_install'
[1.309s] Level 1:colcon.colcon_core.package_identification:_identify(gym_env/lib/python3.12/site-packages/pygame/tests/run_tests__tests/incomplete) by extensions ['colcon_pkg']
[1.309s] Level 1:colcon.colcon_core.package_identification:_identify(gym_env/lib/python3.12/site-packages/pygame/tests/run_tests__tests/incomplete) by extension 'colcon_pkg'
[1.309s] Level 1:colcon.colcon_core.package_identification:_identify(gym_env/lib/python3.12/site-packages/pygame/tests/run_tests__tests/incomplete) by extensions ['colcon_meta']
[1.309s] Level 1:colcon.colcon_core.package_identification:_identify(gym_env/lib/python3.12/site-packages/pygame/tests/run_tests__tests/incomplete) by extension 'colcon_meta'
[1.309s] Level 1:colcon.colcon_core.package_identification:_identify(gym_env/lib/python3.12/site-packages/pygame/tests/run_tests__tests/incomplete) by extensions ['ros']
[1.309s] Level 1:colcon.colcon_core.package_identification:_identify(gym_env/lib/python3.12/site-packages/pygame/tests/run_tests__tests/incomplete) by extension 'ros'
[1.310s] Level 1:colcon.colcon_core.package_identification:_identify(gym_env/lib/python3.12/site-packages/pygame/tests/run_tests__tests/incomplete) by extensions ['cmake', 'python']
[1.310s] Level 1:colcon.colcon_core.package_identification:_identify(gym_env/lib/python3.12/site-packages/pygame/tests/run_tests__tests/incomplete) by extension 'cmake'
[1.310s] Level 1:colcon.colcon_core.package_identification:_identify(gym_env/lib/python3.12/site-packages/pygame/tests/run_tests__tests/incomplete) by extension 'python'
[1.310s] Level 1:colcon.colcon_core.package_identification:_identify(gym_env/lib/python3.12/site-packages/pygame/tests/run_tests__tests/incomplete) by extensions ['python_setup_py']
[1.310s] Level 1:colcon.colcon_core.package_identification:_identify(gym_env/lib/python3.12/site-packages/pygame/tests/run_tests__tests/incomplete) by extension 'python_setup_py'
[1.310s] Level 1:colcon.colcon_core.package_identification:_identify(gym_env/lib/python3.12/site-packages/pygame/tests/run_tests__tests/incomplete/__pycache__) by extensions ['ignore', 'ignore_ament_install']
[1.311s] Level 1:colcon.colcon_core.package_identification:_identify(gym_env/lib/python3.12/site-packages/pygame/tests/run_tests__tests/incomplete/__pycache__) by extension 'ignore'
[1.311s] Level 1:colcon.colcon_core.package_identification:_identify(gym_env/lib/python3.12/site-packages/pygame/tests/run_tests__tests/incomplete/__pycache__) by extension 'ignore_ament_install'
[1.311s] Level 1:colcon.colcon_core.package_identification:_identify(gym_env/lib/python3.12/site-packages/pygame/tests/run_tests__tests/incomplete/__pycache__) by extensions ['colcon_pkg']
[1.311s] Level 1:colcon.colcon_core.package_identification:_identify(gym_env/lib/python3.12/site-packages/pygame/tests/run_tests__tests/incomplete/__pycache__) by extension 'colcon_pkg'
[1.311s] Level 1:colcon.colcon_core.package_identification:_identify(gym_env/lib/python3.12/site-packages/pygame/tests/run_tests__tests/incomplete/__pycache__) by extensions ['colcon_meta']
[1.311s] Level 1:colcon.colcon_core.package_identification:_identify(gym_env/lib/python3.12/site-packages/pygame/tests/run_tests__tests/incomplete/__pycache__) by extension 'colcon_meta'
[1.311s] Level 1:colcon.colcon_core.package_identification:_identify(gym_env/lib/python3.12/site-packages/pygame/tests/run_tests__tests/incomplete/__pycache__) by extensions ['ros']
[1.312s] Level 1:colcon.colcon_core.package_identification:_identify(gym_env/lib/python3.12/site-packages/pygame/tests/run_tests__tests/incomplete/__pycache__) by extension 'ros'
[1.312s] Level 1:colcon.colcon_core.package_identification:_identify(gym_env/lib/python3.12/site-packages/pygame/tests/run_tests__tests/incomplete/__pycache__) by extensions ['cmake', 'python']
[1.312s] Level 1:colcon.colcon_core.package_identification:_identify(gym_env/lib/python3.12/site-packages/pygame/tests/run_tests__tests/incomplete/__pycache__) by extension 'cmake'
[1.312s] Level 1:colcon.colcon_core.package_identification:_identify(gym_env/lib/python3.12/site-packages/pygame/tests/run_tests__tests/incomplete/__pycache__) by extension 'python'
[1.312s] Level 1:colcon.colcon_core.package_identification:_identify(gym_env/lib/python3.12/site-packages/pygame/tests/run_tests__tests/incomplete/__pycache__) by extensions ['python_setup_py']
[1.312s] Level 1:colcon.colcon_core.package_identification:_identify(gym_env/lib/python3.12/site-packages/pygame/tests/run_tests__tests/incomplete/__pycache__) by extension 'python_setup_py'
[1.313s] Level 1:colcon.colcon_core.package_identification:_identify(gym_env/lib/python3.12/site-packages/pygame/tests/run_tests__tests/incomplete_todo) by extensions ['ignore', 'ignore_ament_install']
[1.313s] Level 1:colcon.colcon_core.package_identification:_identify(gym_env/lib/python3.12/site-packages/pygame/tests/run_tests__tests/incomplete_todo) by extension 'ignore'
[1.313s] Level 1:colcon.colcon_core.package_identification:_identify(gym_env/lib/python3.12/site-packages/pygame/tests/run_tests__tests/incomplete_todo) by extension 'ignore_ament_install'
[1.313s] Level 1:colcon.colcon_core.package_identification:_identify(gym_env/lib/python3.12/site-packages/pygame/tests/run_tests__tests/incomplete_todo) by extensions ['colcon_pkg']
[1.313s] Level 1:colcon.colcon_core.package_identification:_identify(gym_env/lib/python3.12/site-packages/pygame/tests/run_tests__tests/incomplete_todo) by extension 'colcon_pkg'
[1.313s] Level 1:colcon.colcon_core.package_identification:_identify(gym_env/lib/python3.12/site-packages/pygame/tests/run_tests__tests/incomplete_todo) by extensions ['colcon_meta']
[1.313s] Level 1:colcon.colcon_core.package_identification:_identify(gym_env/lib/python3.12/site-packages/pygame/tests/run_tests__tests/incomplete_todo) by extension 'colcon_meta'
[1.314s] Level 1:colcon.colcon_core.package_identification:_identify(gym_env/lib/python3.12/site-packages/pygame/tests/run_tests__tests/incomplete_todo) by extensions ['ros']
[1.314s] Level 1:colcon.colcon_core.package_identification:_identify(gym_env/lib/python3.12/site-packages/pygame/tests/run_tests__tests/incomplete_todo) by extension 'ros'
[1.314s] Level 1:colcon.colcon_core.package_identification:_identify(gym_env/lib/python3.12/site-packages/pygame/tests/run_tests__tests/incomplete_todo) by extensions ['cmake', 'python']
[1.314s] Level 1:colcon.colcon_core.package_identification:_identify(gym_env/lib/python3.12/site-packages/pygame/tests/run_tests__tests/incomplete_todo) by extension 'cmake'
[1.314s] Level 1:colcon.colcon_core.package_identification:_identify(gym_env/lib/python3.12/site-packages/pygame/tests/run_tests__tests/incomplete_todo) by extension 'python'
[1.314s] Level 1:colcon.colcon_core.package_identification:_identify(gym_env/lib/python3.12/site-packages/pygame/tests/run_tests__tests/incomplete_todo) by extensions ['python_setup_py']
[1.314s] Level 1:colcon.colcon_core.package_identification:_identify(gym_env/lib/python3.12/site-packages/pygame/tests/run_tests__tests/incomplete_todo) by extension 'python_setup_py'
[1.315s] Level 1:colcon.colcon_core.package_identification:_identify(gym_env/lib/python3.12/site-packages/pygame/tests/run_tests__tests/incomplete_todo/__pycache__) by extensions ['ignore', 'ignore_ament_install']
[1.315s] Level 1:colcon.colcon_core.package_identification:_identify(gym_env/lib/python3.12/site-packages/pygame/tests/run_tests__tests/incomplete_todo/__pycache__) by extension 'ignore'
[1.315s] Level 1:colcon.colcon_core.package_identification:_identify(gym_env/lib/python3.12/site-packages/pygame/tests/run_tests__tests/incomplete_todo/__pycache__) by extension 'ignore_ament_install'
[1.315s] Level 1:colcon.colcon_core.package_identification:_identify(gym_env/lib/python3.12/site-packages/pygame/tests/run_tests__tests/incomplete_todo/__pycache__) by extensions ['colcon_pkg']
[1.315s] Level 1:colcon.colcon_core.package_identification:_identify(gym_env/lib/python3.12/site-packages/pygame/tests/run_tests__tests/incomplete_todo/__pycache__) by extension 'colcon_pkg'
[1.316s] Level 1:colcon.colcon_core.package_identification:_identify(gym_env/lib/python3.12/site-packages/pygame/tests/run_tests__tests/incomplete_todo/__pycache__) by extensions ['colcon_meta']
[1.316s] Level 1:colcon.colcon_core.package_identification:_identify(gym_env/lib/python3.12/site-packages/pygame/tests/run_tests__tests/incomplete_todo/__pycache__) by extension 'colcon_meta'
[1.316s] Level 1:colcon.colcon_core.package_identification:_identify(gym_env/lib/python3.12/site-packages/pygame/tests/run_tests__tests/incomplete_todo/__pycache__) by extensions ['ros']
[1.316s] Level 1:colcon.colcon_core.package_identification:_identify(gym_env/lib/python3.12/site-packages/pygame/tests/run_tests__tests/incomplete_todo/__pycache__) by extension 'ros'
[1.316s] Level 1:colcon.colcon_core.package_identification:_identify(gym_env/lib/python3.12/site-packages/pygame/tests/run_tests__tests/incomplete_todo/__pycache__) by extensions ['cmake', 'python']
[1.316s] Level 1:colcon.colcon_core.package_identification:_identify(gym_env/lib/python3.12/site-packages/pygame/tests/run_tests__tests/incomplete_todo/__pycache__) by extension 'cmake'
[1.316s] Level 1:colcon.colcon_core.package_identification:_identify(gym_env/lib/python3.12/site-packages/pygame/tests/run_tests__tests/incomplete_todo/__pycache__) by extension 'python'
[1.316s] Level 1:colcon.colcon_core.package_identification:_identify(gym_env/lib/python3.12/site-packages/pygame/tests/run_tests__tests/incomplete_todo/__pycache__) by extensions ['python_setup_py']
[1.316s] Level 1:colcon.colcon_core.package_identification:_identify(gym_env/lib/python3.12/site-packages/pygame/tests/run_tests__tests/incomplete_todo/__pycache__) by extension 'python_setup_py'
[1.317s] Level 1:colcon.colcon_core.package_identification:_identify(gym_env/lib/python3.12/site-packages/pygame/tests/run_tests__tests/infinite_loop) by extensions ['ignore', 'ignore_ament_install']
[1.317s] Level 1:colcon.colcon_core.package_identification:_identify(gym_env/lib/python3.12/site-packages/pygame/tests/run_tests__tests/infinite_loop) by extension 'ignore'
[1.317s] Level 1:colcon.colcon_core.package_identification:_identify(gym_env/lib/python3.12/site-packages/pygame/tests/run_tests__tests/infinite_loop) by extension 'ignore_ament_install'
[1.318s] Level 1:colcon.colcon_core.package_identification:_identify(gym_env/lib/python3.12/site-packages/pygame/tests/run_tests__tests/infinite_loop) by extensions ['colcon_pkg']
[1.318s] Level 1:colcon.colcon_core.package_identification:_identify(gym_env/lib/python3.12/site-packages/pygame/tests/run_tests__tests/infinite_loop) by extension 'colcon_pkg'
[1.318s] Level 1:colcon.colcon_core.package_identification:_identify(gym_env/lib/python3.12/site-packages/pygame/tests/run_tests__tests/infinite_loop) by extensions ['colcon_meta']
[1.318s] Level 1:colcon.colcon_core.package_identification:_identify(gym_env/lib/python3.12/site-packages/pygame/tests/run_tests__tests/infinite_loop) by extension 'colcon_meta'
[1.318s] Level 1:colcon.colcon_core.package_identification:_identify(gym_env/lib/python3.12/site-packages/pygame/tests/run_tests__tests/infinite_loop) by extensions ['ros']
[1.318s] Level 1:colcon.colcon_core.package_identification:_identify(gym_env/lib/python3.12/site-packages/pygame/tests/run_tests__tests/infinite_loop) by extension 'ros'
[1.319s] Level 1:colcon.colcon_core.package_identification:_identify(gym_env/lib/python3.12/site-packages/pygame/tests/run_tests__tests/infinite_loop) by extensions ['cmake', 'python']
[1.319s] Level 1:colcon.colcon_core.package_identification:_identify(gym_env/lib/python3.12/site-packages/pygame/tests/run_tests__tests/infinite_loop) by extension 'cmake'
[1.319s] Level 1:colcon.colcon_core.package_identification:_identify(gym_env/lib/python3.12/site-packages/pygame/tests/run_tests__tests/infinite_loop) by extension 'python'
[1.319s] Level 1:colcon.colcon_core.package_identification:_identify(gym_env/lib/python3.12/site-packages/pygame/tests/run_tests__tests/infinite_loop) by extensions ['python_setup_py']
[1.319s] Level 1:colcon.colcon_core.package_identification:_identify(gym_env/lib/python3.12/site-packages/pygame/tests/run_tests__tests/infinite_loop) by extension 'python_setup_py'
[1.320s] Level 1:colcon.colcon_core.package_identification:_identify(gym_env/lib/python3.12/site-packages/pygame/tests/run_tests__tests/infinite_loop/__pycache__) by extensions ['ignore', 'ignore_ament_install']
[1.320s] Level 1:colcon.colcon_core.package_identification:_identify(gym_env/lib/python3.12/site-packages/pygame/tests/run_tests__tests/infinite_loop/__pycache__) by extension 'ignore'
[1.320s] Level 1:colcon.colcon_core.package_identification:_identify(gym_env/lib/python3.12/site-packages/pygame/tests/run_tests__tests/infinite_loop/__pycache__) by extension 'ignore_ament_install'
[1.321s] Level 1:colcon.colcon_core.package_identification:_identify(gym_env/lib/python3.12/site-packages/pygame/tests/run_tests__tests/infinite_loop/__pycache__) by extensions ['colcon_pkg']
[1.321s] Level 1:colcon.colcon_core.package_identification:_identify(gym_env/lib/python3.12/site-packages/pygame/tests/run_tests__tests/infinite_loop/__pycache__) by extension 'colcon_pkg'
[1.321s] Level 1:colcon.colcon_core.package_identification:_identify(gym_env/lib/python3.12/site-packages/pygame/tests/run_tests__tests/infinite_loop/__pycache__) by extensions ['colcon_meta']
[1.321s] Level 1:colcon.colcon_core.package_identification:_identify(gym_env/lib/python3.12/site-packages/pygame/tests/run_tests__tests/infinite_loop/__pycache__) by extension 'colcon_meta'
[1.321s] Level 1:colcon.colcon_core.package_identification:_identify(gym_env/lib/python3.12/site-packages/pygame/tests/run_tests__tests/infinite_loop/__pycache__) by extensions ['ros']
[1.321s] Level 1:colcon.colcon_core.package_identification:_identify(gym_env/lib/python3.12/site-packages/pygame/tests/run_tests__tests/infinite_loop/__pycache__) by extension 'ros'
[1.322s] Level 1:colcon.colcon_core.package_identification:_identify(gym_env/lib/python3.12/site-packages/pygame/tests/run_tests__tests/infinite_loop/__pycache__) by extensions ['cmake', 'python']
[1.322s] Level 1:colcon.colcon_core.package_identification:_identify(gym_env/lib/python3.12/site-packages/pygame/tests/run_tests__tests/infinite_loop/__pycache__) by extension 'cmake'
[1.322s] Level 1:colcon.colcon_core.package_identification:_identify(gym_env/lib/python3.12/site-packages/pygame/tests/run_tests__tests/infinite_loop/__pycache__) by extension 'python'
[1.322s] Level 1:colcon.colcon_core.package_identification:_identify(gym_env/lib/python3.12/site-packages/pygame/tests/run_tests__tests/infinite_loop/__pycache__) by extensions ['python_setup_py']
[1.322s] Level 1:colcon.colcon_core.package_identification:_identify(gym_env/lib/python3.12/site-packages/pygame/tests/run_tests__tests/infinite_loop/__pycache__) by extension 'python_setup_py'
[1.322s] Level 1:colcon.colcon_core.package_identification:_identify(gym_env/lib/python3.12/site-packages/pygame/tests/run_tests__tests/print_stderr) by extensions ['ignore', 'ignore_ament_install']
[1.323s] Level 1:colcon.colcon_core.package_identification:_identify(gym_env/lib/python3.12/site-packages/pygame/tests/run_tests__tests/print_stderr) by extension 'ignore'
[1.323s] Level 1:colcon.colcon_core.package_identification:_identify(gym_env/lib/python3.12/site-packages/pygame/tests/run_tests__tests/print_stderr) by extension 'ignore_ament_install'
[1.323s] Level 1:colcon.colcon_core.package_identification:_identify(gym_env/lib/python3.12/site-packages/pygame/tests/run_tests__tests/print_stderr) by extensions ['colcon_pkg']
[1.323s] Level 1:colcon.colcon_core.package_identification:_identify(gym_env/lib/python3.12/site-packages/pygame/tests/run_tests__tests/print_stderr) by extension 'colcon_pkg'
[1.323s] Level 1:colcon.colcon_core.package_identification:_identify(gym_env/lib/python3.12/site-packages/pygame/tests/run_tests__tests/print_stderr) by extensions ['colcon_meta']
[1.323s] Level 1:colcon.colcon_core.package_identification:_identify(gym_env/lib/python3.12/site-packages/pygame/tests/run_tests__tests/print_stderr) by extension 'colcon_meta'
[1.323s] Level 1:colcon.colcon_core.package_identification:_identify(gym_env/lib/python3.12/site-packages/pygame/tests/run_tests__tests/print_stderr) by extensions ['ros']
[1.324s] Level 1:colcon.colcon_core.package_identification:_identify(gym_env/lib/python3.12/site-packages/pygame/tests/run_tests__tests/print_stderr) by extension 'ros'
[1.324s] Level 1:colcon.colcon_core.package_identification:_identify(gym_env/lib/python3.12/site-packages/pygame/tests/run_tests__tests/print_stderr) by extensions ['cmake', 'python']
[1.324s] Level 1:colcon.colcon_core.package_identification:_identify(gym_env/lib/python3.12/site-packages/pygame/tests/run_tests__tests/print_stderr) by extension 'cmake'
[1.324s] Level 1:colcon.colcon_core.package_identification:_identify(gym_env/lib/python3.12/site-packages/pygame/tests/run_tests__tests/print_stderr) by extension 'python'
[1.324s] Level 1:colcon.colcon_core.package_identification:_identify(gym_env/lib/python3.12/site-packages/pygame/tests/run_tests__tests/print_stderr) by extensions ['python_setup_py']
[1.324s] Level 1:colcon.colcon_core.package_identification:_identify(gym_env/lib/python3.12/site-packages/pygame/tests/run_tests__tests/print_stderr) by extension 'python_setup_py'
[1.325s] Level 1:colcon.colcon_core.package_identification:_identify(gym_env/lib/python3.12/site-packages/pygame/tests/run_tests__tests/print_stderr/__pycache__) by extensions ['ignore', 'ignore_ament_install']
[1.325s] Level 1:colcon.colcon_core.package_identification:_identify(gym_env/lib/python3.12/site-packages/pygame/tests/run_tests__tests/print_stderr/__pycache__) by extension 'ignore'
[1.325s] Level 1:colcon.colcon_core.package_identification:_identify(gym_env/lib/python3.12/site-packages/pygame/tests/run_tests__tests/print_stderr/__pycache__) by extension 'ignore_ament_install'
[1.325s] Level 1:colcon.colcon_core.package_identification:_identify(gym_env/lib/python3.12/site-packages/pygame/tests/run_tests__tests/print_stderr/__pycache__) by extensions ['colcon_pkg']
[1.325s] Level 1:colcon.colcon_core.package_identification:_identify(gym_env/lib/python3.12/site-packages/pygame/tests/run_tests__tests/print_stderr/__pycache__) by extension 'colcon_pkg'
[1.326s] Level 1:colcon.colcon_core.package_identification:_identify(gym_env/lib/python3.12/site-packages/pygame/tests/run_tests__tests/print_stderr/__pycache__) by extensions ['colcon_meta']
[1.326s] Level 1:colcon.colcon_core.package_identification:_identify(gym_env/lib/python3.12/site-packages/pygame/tests/run_tests__tests/print_stderr/__pycache__) by extension 'colcon_meta'
[1.326s] Level 1:colcon.colcon_core.package_identification:_identify(gym_env/lib/python3.12/site-packages/pygame/tests/run_tests__tests/print_stderr/__pycache__) by extensions ['ros']
[1.326s] Level 1:colcon.colcon_core.package_identification:_identify(gym_env/lib/python3.12/site-packages/pygame/tests/run_tests__tests/print_stderr/__pycache__) by extension 'ros'
[1.326s] Level 1:colcon.colcon_core.package_identification:_identify(gym_env/lib/python3.12/site-packages/pygame/tests/run_tests__tests/print_stderr/__pycache__) by extensions ['cmake', 'python']
[1.326s] Level 1:colcon.colcon_core.package_identification:_identify(gym_env/lib/python3.12/site-packages/pygame/tests/run_tests__tests/print_stderr/__pycache__) by extension 'cmake'
[1.326s] Level 1:colcon.colcon_core.package_identification:_identify(gym_env/lib/python3.12/site-packages/pygame/tests/run_tests__tests/print_stderr/__pycache__) by extension 'python'
[1.326s] Level 1:colcon.colcon_core.package_identification:_identify(gym_env/lib/python3.12/site-packages/pygame/tests/run_tests__tests/print_stderr/__pycache__) by extensions ['python_setup_py']
[1.326s] Level 1:colcon.colcon_core.package_identification:_identify(gym_env/lib/python3.12/site-packages/pygame/tests/run_tests__tests/print_stderr/__pycache__) by extension 'python_setup_py'
[1.327s] Level 1:colcon.colcon_core.package_identification:_identify(gym_env/lib/python3.12/site-packages/pygame/tests/run_tests__tests/print_stdout) by extensions ['ignore', 'ignore_ament_install']
[1.327s] Level 1:colcon.colcon_core.package_identification:_identify(gym_env/lib/python3.12/site-packages/pygame/tests/run_tests__tests/print_stdout) by extension 'ignore'
[1.327s] Level 1:colcon.colcon_core.package_identification:_identify(gym_env/lib/python3.12/site-packages/pygame/tests/run_tests__tests/print_stdout) by extension 'ignore_ament_install'
[1.328s] Level 1:colcon.colcon_core.package_identification:_identify(gym_env/lib/python3.12/site-packages/pygame/tests/run_tests__tests/print_stdout) by extensions ['colcon_pkg']
[1.328s] Level 1:colcon.colcon_core.package_identification:_identify(gym_env/lib/python3.12/site-packages/pygame/tests/run_tests__tests/print_stdout) by extension 'colcon_pkg'
[1.328s] Level 1:colcon.colcon_core.package_identification:_identify(gym_env/lib/python3.12/site-packages/pygame/tests/run_tests__tests/print_stdout) by extensions ['colcon_meta']
[1.328s] Level 1:colcon.colcon_core.package_identification:_identify(gym_env/lib/python3.12/site-packages/pygame/tests/run_tests__tests/print_stdout) by extension 'colcon_meta'
[1.328s] Level 1:colcon.colcon_core.package_identification:_identify(gym_env/lib/python3.12/site-packages/pygame/tests/run_tests__tests/print_stdout) by extensions ['ros']
[1.328s] Level 1:colcon.colcon_core.package_identification:_identify(gym_env/lib/python3.12/site-packages/pygame/tests/run_tests__tests/print_stdout) by extension 'ros'
[1.329s] Level 1:colcon.colcon_core.package_identification:_identify(gym_env/lib/python3.12/site-packages/pygame/tests/run_tests__tests/print_stdout) by extensions ['cmake', 'python']
[1.329s] Level 1:colcon.colcon_core.package_identification:_identify(gym_env/lib/python3.12/site-packages/pygame/tests/run_tests__tests/print_stdout) by extension 'cmake'
[1.329s] Level 1:colcon.colcon_core.package_identification:_identify(gym_env/lib/python3.12/site-packages/pygame/tests/run_tests__tests/print_stdout) by extension 'python'
[1.329s] Level 1:colcon.colcon_core.package_identification:_identify(gym_env/lib/python3.12/site-packages/pygame/tests/run_tests__tests/print_stdout) by extensions ['python_setup_py']
[1.329s] Level 1:colcon.colcon_core.package_identification:_identify(gym_env/lib/python3.12/site-packages/pygame/tests/run_tests__tests/print_stdout) by extension 'python_setup_py'
[1.330s] Level 1:colcon.colcon_core.package_identification:_identify(gym_env/lib/python3.12/site-packages/pygame/tests/run_tests__tests/print_stdout/__pycache__) by extensions ['ignore', 'ignore_ament_install']
[1.330s] Level 1:colcon.colcon_core.package_identification:_identify(gym_env/lib/python3.12/site-packages/pygame/tests/run_tests__tests/print_stdout/__pycache__) by extension 'ignore'
[1.330s] Level 1:colcon.colcon_core.package_identification:_identify(gym_env/lib/python3.12/site-packages/pygame/tests/run_tests__tests/print_stdout/__pycache__) by extension 'ignore_ament_install'
[1.331s] Level 1:colcon.colcon_core.package_identification:_identify(gym_env/lib/python3.12/site-packages/pygame/tests/run_tests__tests/print_stdout/__pycache__) by extensions ['colcon_pkg']
[1.331s] Level 1:colcon.colcon_core.package_identification:_identify(gym_env/lib/python3.12/site-packages/pygame/tests/run_tests__tests/print_stdout/__pycache__) by extension 'colcon_pkg'
[1.331s] Level 1:colcon.colcon_core.package_identification:_identify(gym_env/lib/python3.12/site-packages/pygame/tests/run_tests__tests/print_stdout/__pycache__) by extensions ['colcon_meta']
[1.331s] Level 1:colcon.colcon_core.package_identification:_identify(gym_env/lib/python3.12/site-packages/pygame/tests/run_tests__tests/print_stdout/__pycache__) by extension 'colcon_meta'
[1.331s] Level 1:colcon.colcon_core.package_identification:_identify(gym_env/lib/python3.12/site-packages/pygame/tests/run_tests__tests/print_stdout/__pycache__) by extensions ['ros']
[1.331s] Level 1:colcon.colcon_core.package_identification:_identify(gym_env/lib/python3.12/site-packages/pygame/tests/run_tests__tests/print_stdout/__pycache__) by extension 'ros'
[1.332s] Level 1:colcon.colcon_core.package_identification:_identify(gym_env/lib/python3.12/site-packages/pygame/tests/run_tests__tests/print_stdout/__pycache__) by extensions ['cmake', 'python']
[1.332s] Level 1:colcon.colcon_core.package_identification:_identify(gym_env/lib/python3.12/site-packages/pygame/tests/run_tests__tests/print_stdout/__pycache__) by extension 'cmake'
[1.332s] Level 1:colcon.colcon_core.package_identification:_identify(gym_env/lib/python3.12/site-packages/pygame/tests/run_tests__tests/print_stdout/__pycache__) by extension 'python'
[1.332s] Level 1:colcon.colcon_core.package_identification:_identify(gym_env/lib/python3.12/site-packages/pygame/tests/run_tests__tests/print_stdout/__pycache__) by extensions ['python_setup_py']
[1.332s] Level 1:colcon.colcon_core.package_identification:_identify(gym_env/lib/python3.12/site-packages/pygame/tests/run_tests__tests/print_stdout/__pycache__) by extension 'python_setup_py'
[1.332s] Level 1:colcon.colcon_core.package_identification:_identify(gym_env/lib/python3.12/site-packages/pygame/tests/run_tests__tests/timeout) by extensions ['ignore', 'ignore_ament_install']
[1.333s] Level 1:colcon.colcon_core.package_identification:_identify(gym_env/lib/python3.12/site-packages/pygame/tests/run_tests__tests/timeout) by extension 'ignore'
[1.333s] Level 1:colcon.colcon_core.package_identification:_identify(gym_env/lib/python3.12/site-packages/pygame/tests/run_tests__tests/timeout) by extension 'ignore_ament_install'
[1.333s] Level 1:colcon.colcon_core.package_identification:_identify(gym_env/lib/python3.12/site-packages/pygame/tests/run_tests__tests/timeout) by extensions ['colcon_pkg']
[1.333s] Level 1:colcon.colcon_core.package_identification:_identify(gym_env/lib/python3.12/site-packages/pygame/tests/run_tests__tests/timeout) by extension 'colcon_pkg'
[1.333s] Level 1:colcon.colcon_core.package_identification:_identify(gym_env/lib/python3.12/site-packages/pygame/tests/run_tests__tests/timeout) by extensions ['colcon_meta']
[1.333s] Level 1:colcon.colcon_core.package_identification:_identify(gym_env/lib/python3.12/site-packages/pygame/tests/run_tests__tests/timeout) by extension 'colcon_meta'
[1.333s] Level 1:colcon.colcon_core.package_identification:_identify(gym_env/lib/python3.12/site-packages/pygame/tests/run_tests__tests/timeout) by extensions ['ros']
[1.333s] Level 1:colcon.colcon_core.package_identification:_identify(gym_env/lib/python3.12/site-packages/pygame/tests/run_tests__tests/timeout) by extension 'ros'
[1.334s] Level 1:colcon.colcon_core.package_identification:_identify(gym_env/lib/python3.12/site-packages/pygame/tests/run_tests__tests/timeout) by extensions ['cmake', 'python']
[1.334s] Level 1:colcon.colcon_core.package_identification:_identify(gym_env/lib/python3.12/site-packages/pygame/tests/run_tests__tests/timeout) by extension 'cmake'
[1.334s] Level 1:colcon.colcon_core.package_identification:_identify(gym_env/lib/python3.12/site-packages/pygame/tests/run_tests__tests/timeout) by extension 'python'
[1.334s] Level 1:colcon.colcon_core.package_identification:_identify(gym_env/lib/python3.12/site-packages/pygame/tests/run_tests__tests/timeout) by extensions ['python_setup_py']
[1.334s] Level 1:colcon.colcon_core.package_identification:_identify(gym_env/lib/python3.12/site-packages/pygame/tests/run_tests__tests/timeout) by extension 'python_setup_py'
[1.335s] Level 1:colcon.colcon_core.package_identification:_identify(gym_env/lib/python3.12/site-packages/pygame/tests/run_tests__tests/timeout/__pycache__) by extensions ['ignore', 'ignore_ament_install']
[1.335s] Level 1:colcon.colcon_core.package_identification:_identify(gym_env/lib/python3.12/site-packages/pygame/tests/run_tests__tests/timeout/__pycache__) by extension 'ignore'
[1.335s] Level 1:colcon.colcon_core.package_identification:_identify(gym_env/lib/python3.12/site-packages/pygame/tests/run_tests__tests/timeout/__pycache__) by extension 'ignore_ament_install'
[1.336s] Level 1:colcon.colcon_core.package_identification:_identify(gym_env/lib/python3.12/site-packages/pygame/tests/run_tests__tests/timeout/__pycache__) by extensions ['colcon_pkg']
[1.336s] Level 1:colcon.colcon_core.package_identification:_identify(gym_env/lib/python3.12/site-packages/pygame/tests/run_tests__tests/timeout/__pycache__) by extension 'colcon_pkg'
[1.336s] Level 1:colcon.colcon_core.package_identification:_identify(gym_env/lib/python3.12/site-packages/pygame/tests/run_tests__tests/timeout/__pycache__) by extensions ['colcon_meta']
[1.336s] Level 1:colcon.colcon_core.package_identification:_identify(gym_env/lib/python3.12/site-packages/pygame/tests/run_tests__tests/timeout/__pycache__) by extension 'colcon_meta'
[1.336s] Level 1:colcon.colcon_core.package_identification:_identify(gym_env/lib/python3.12/site-packages/pygame/tests/run_tests__tests/timeout/__pycache__) by extensions ['ros']
[1.336s] Level 1:colcon.colcon_core.package_identification:_identify(gym_env/lib/python3.12/site-packages/pygame/tests/run_tests__tests/timeout/__pycache__) by extension 'ros'
[1.336s] Level 1:colcon.colcon_core.package_identification:_identify(gym_env/lib/python3.12/site-packages/pygame/tests/run_tests__tests/timeout/__pycache__) by extensions ['cmake', 'python']
[1.337s] Level 1:colcon.colcon_core.package_identification:_identify(gym_env/lib/python3.12/site-packages/pygame/tests/run_tests__tests/timeout/__pycache__) by extension 'cmake'
[1.337s] Level 1:colcon.colcon_core.package_identification:_identify(gym_env/lib/python3.12/site-packages/pygame/tests/run_tests__tests/timeout/__pycache__) by extension 'python'
[1.337s] Level 1:colcon.colcon_core.package_identification:_identify(gym_env/lib/python3.12/site-packages/pygame/tests/run_tests__tests/timeout/__pycache__) by extensions ['python_setup_py']
[1.337s] Level 1:colcon.colcon_core.package_identification:_identify(gym_env/lib/python3.12/site-packages/pygame/tests/run_tests__tests/timeout/__pycache__) by extension 'python_setup_py'
[1.338s] Level 1:colcon.colcon_core.package_identification:_identify(gym_env/lib/python3.12/site-packages/pygame/tests/test_utils) by extensions ['ignore', 'ignore_ament_install']
[1.338s] Level 1:colcon.colcon_core.package_identification:_identify(gym_env/lib/python3.12/site-packages/pygame/tests/test_utils) by extension 'ignore'
[1.338s] Level 1:colcon.colcon_core.package_identification:_identify(gym_env/lib/python3.12/site-packages/pygame/tests/test_utils) by extension 'ignore_ament_install'
[1.338s] Level 1:colcon.colcon_core.package_identification:_identify(gym_env/lib/python3.12/site-packages/pygame/tests/test_utils) by extensions ['colcon_pkg']
[1.338s] Level 1:colcon.colcon_core.package_identification:_identify(gym_env/lib/python3.12/site-packages/pygame/tests/test_utils) by extension 'colcon_pkg'
[1.338s] Level 1:colcon.colcon_core.package_identification:_identify(gym_env/lib/python3.12/site-packages/pygame/tests/test_utils) by extensions ['colcon_meta']
[1.338s] Level 1:colcon.colcon_core.package_identification:_identify(gym_env/lib/python3.12/site-packages/pygame/tests/test_utils) by extension 'colcon_meta'
[1.339s] Level 1:colcon.colcon_core.package_identification:_identify(gym_env/lib/python3.12/site-packages/pygame/tests/test_utils) by extensions ['ros']
[1.339s] Level 1:colcon.colcon_core.package_identification:_identify(gym_env/lib/python3.12/site-packages/pygame/tests/test_utils) by extension 'ros'
[1.339s] Level 1:colcon.colcon_core.package_identification:_identify(gym_env/lib/python3.12/site-packages/pygame/tests/test_utils) by extensions ['cmake', 'python']
[1.339s] Level 1:colcon.colcon_core.package_identification:_identify(gym_env/lib/python3.12/site-packages/pygame/tests/test_utils) by extension 'cmake'
[1.339s] Level 1:colcon.colcon_core.package_identification:_identify(gym_env/lib/python3.12/site-packages/pygame/tests/test_utils) by extension 'python'
[1.339s] Level 1:colcon.colcon_core.package_identification:_identify(gym_env/lib/python3.12/site-packages/pygame/tests/test_utils) by extensions ['python_setup_py']
[1.339s] Level 1:colcon.colcon_core.package_identification:_identify(gym_env/lib/python3.12/site-packages/pygame/tests/test_utils) by extension 'python_setup_py'
[1.340s] Level 1:colcon.colcon_core.package_identification:_identify(gym_env/lib/python3.12/site-packages/pygame/tests/test_utils/__pycache__) by extensions ['ignore', 'ignore_ament_install']
[1.340s] Level 1:colcon.colcon_core.package_identification:_identify(gym_env/lib/python3.12/site-packages/pygame/tests/test_utils/__pycache__) by extension 'ignore'
[1.340s] Level 1:colcon.colcon_core.package_identification:_identify(gym_env/lib/python3.12/site-packages/pygame/tests/test_utils/__pycache__) by extension 'ignore_ament_install'
[1.340s] Level 1:colcon.colcon_core.package_identification:_identify(gym_env/lib/python3.12/site-packages/pygame/tests/test_utils/__pycache__) by extensions ['colcon_pkg']
[1.340s] Level 1:colcon.colcon_core.package_identification:_identify(gym_env/lib/python3.12/site-packages/pygame/tests/test_utils/__pycache__) by extension 'colcon_pkg'
[1.341s] Level 1:colcon.colcon_core.package_identification:_identify(gym_env/lib/python3.12/site-packages/pygame/tests/test_utils/__pycache__) by extensions ['colcon_meta']
[1.341s] Level 1:colcon.colcon_core.package_identification:_identify(gym_env/lib/python3.12/site-packages/pygame/tests/test_utils/__pycache__) by extension 'colcon_meta'
[1.341s] Level 1:colcon.colcon_core.package_identification:_identify(gym_env/lib/python3.12/site-packages/pygame/tests/test_utils/__pycache__) by extensions ['ros']
[1.341s] Level 1:colcon.colcon_core.package_identification:_identify(gym_env/lib/python3.12/site-packages/pygame/tests/test_utils/__pycache__) by extension 'ros'
[1.341s] Level 1:colcon.colcon_core.package_identification:_identify(gym_env/lib/python3.12/site-packages/pygame/tests/test_utils/__pycache__) by extensions ['cmake', 'python']
[1.341s] Level 1:colcon.colcon_core.package_identification:_identify(gym_env/lib/python3.12/site-packages/pygame/tests/test_utils/__pycache__) by extension 'cmake'
[1.341s] Level 1:colcon.colcon_core.package_identification:_identify(gym_env/lib/python3.12/site-packages/pygame/tests/test_utils/__pycache__) by extension 'python'
[1.341s] Level 1:colcon.colcon_core.package_identification:_identify(gym_env/lib/python3.12/site-packages/pygame/tests/test_utils/__pycache__) by extensions ['python_setup_py']
[1.342s] Level 1:colcon.colcon_core.package_identification:_identify(gym_env/lib/python3.12/site-packages/pygame/tests/test_utils/__pycache__) by extension 'python_setup_py'
[1.342s] Level 1:colcon.colcon_core.package_identification:_identify(gym_env/lib/python3.12/site-packages/pygame/threads) by extensions ['ignore', 'ignore_ament_install']
[1.342s] Level 1:colcon.colcon_core.package_identification:_identify(gym_env/lib/python3.12/site-packages/pygame/threads) by extension 'ignore'
[1.342s] Level 1:colcon.colcon_core.package_identification:_identify(gym_env/lib/python3.12/site-packages/pygame/threads) by extension 'ignore_ament_install'
[1.342s] Level 1:colcon.colcon_core.package_identification:_identify(gym_env/lib/python3.12/site-packages/pygame/threads) by extensions ['colcon_pkg']
[1.343s] Level 1:colcon.colcon_core.package_identification:_identify(gym_env/lib/python3.12/site-packages/pygame/threads) by extension 'colcon_pkg'
[1.343s] Level 1:colcon.colcon_core.package_identification:_identify(gym_env/lib/python3.12/site-packages/pygame/threads) by extensions ['colcon_meta']
[1.343s] Level 1:colcon.colcon_core.package_identification:_identify(gym_env/lib/python3.12/site-packages/pygame/threads) by extension 'colcon_meta'
[1.343s] Level 1:colcon.colcon_core.package_identification:_identify(gym_env/lib/python3.12/site-packages/pygame/threads) by extensions ['ros']
[1.343s] Level 1:colcon.colcon_core.package_identification:_identify(gym_env/lib/python3.12/site-packages/pygame/threads) by extension 'ros'
[1.343s] Level 1:colcon.colcon_core.package_identification:_identify(gym_env/lib/python3.12/site-packages/pygame/threads) by extensions ['cmake', 'python']
[1.343s] Level 1:colcon.colcon_core.package_identification:_identify(gym_env/lib/python3.12/site-packages/pygame/threads) by extension 'cmake'
[1.343s] Level 1:colcon.colcon_core.package_identification:_identify(gym_env/lib/python3.12/site-packages/pygame/threads) by extension 'python'
[1.343s] Level 1:colcon.colcon_core.package_identification:_identify(gym_env/lib/python3.12/site-packages/pygame/threads) by extensions ['python_setup_py']
[1.343s] Level 1:colcon.colcon_core.package_identification:_identify(gym_env/lib/python3.12/site-packages/pygame/threads) by extension 'python_setup_py'
[1.344s] Level 1:colcon.colcon_core.package_identification:_identify(gym_env/lib/python3.12/site-packages/pygame/threads/__pycache__) by extensions ['ignore', 'ignore_ament_install']
[1.344s] Level 1:colcon.colcon_core.package_identification:_identify(gym_env/lib/python3.12/site-packages/pygame/threads/__pycache__) by extension 'ignore'
[1.344s] Level 1:colcon.colcon_core.package_identification:_identify(gym_env/lib/python3.12/site-packages/pygame/threads/__pycache__) by extension 'ignore_ament_install'
[1.345s] Level 1:colcon.colcon_core.package_identification:_identify(gym_env/lib/python3.12/site-packages/pygame/threads/__pycache__) by extensions ['colcon_pkg']
[1.345s] Level 1:colcon.colcon_core.package_identification:_identify(gym_env/lib/python3.12/site-packages/pygame/threads/__pycache__) by extension 'colcon_pkg'
[1.345s] Level 1:colcon.colcon_core.package_identification:_identify(gym_env/lib/python3.12/site-packages/pygame/threads/__pycache__) by extensions ['colcon_meta']
[1.345s] Level 1:colcon.colcon_core.package_identification:_identify(gym_env/lib/python3.12/site-packages/pygame/threads/__pycache__) by extension 'colcon_meta'
[1.345s] Level 1:colcon.colcon_core.package_identification:_identify(gym_env/lib/python3.12/site-packages/pygame/threads/__pycache__) by extensions ['ros']
[1.345s] Level 1:colcon.colcon_core.package_identification:_identify(gym_env/lib/python3.12/site-packages/pygame/threads/__pycache__) by extension 'ros'
[1.345s] Level 1:colcon.colcon_core.package_identification:_identify(gym_env/lib/python3.12/site-packages/pygame/threads/__pycache__) by extensions ['cmake', 'python']
[1.345s] Level 1:colcon.colcon_core.package_identification:_identify(gym_env/lib/python3.12/site-packages/pygame/threads/__pycache__) by extension 'cmake'
[1.345s] Level 1:colcon.colcon_core.package_identification:_identify(gym_env/lib/python3.12/site-packages/pygame/threads/__pycache__) by extension 'python'
[1.346s] Level 1:colcon.colcon_core.package_identification:_identify(gym_env/lib/python3.12/site-packages/pygame/threads/__pycache__) by extensions ['python_setup_py']
[1.346s] Level 1:colcon.colcon_core.package_identification:_identify(gym_env/lib/python3.12/site-packages/pygame/threads/__pycache__) by extension 'python_setup_py'
[1.346s] Level 1:colcon.colcon_core.package_identification:_identify(gym_env/lib/python3.12/site-packages/pygame-2.6.1.dist-info) by extensions ['ignore', 'ignore_ament_install']
[1.346s] Level 1:colcon.colcon_core.package_identification:_identify(gym_env/lib/python3.12/site-packages/pygame-2.6.1.dist-info) by extension 'ignore'
[1.346s] Level 1:colcon.colcon_core.package_identification:_identify(gym_env/lib/python3.12/site-packages/pygame-2.6.1.dist-info) by extension 'ignore_ament_install'
[1.346s] Level 1:colcon.colcon_core.package_identification:_identify(gym_env/lib/python3.12/site-packages/pygame-2.6.1.dist-info) by extensions ['colcon_pkg']
[1.346s] Level 1:colcon.colcon_core.package_identification:_identify(gym_env/lib/python3.12/site-packages/pygame-2.6.1.dist-info) by extension 'colcon_pkg'
[1.346s] Level 1:colcon.colcon_core.package_identification:_identify(gym_env/lib/python3.12/site-packages/pygame-2.6.1.dist-info) by extensions ['colcon_meta']
[1.347s] Level 1:colcon.colcon_core.package_identification:_identify(gym_env/lib/python3.12/site-packages/pygame-2.6.1.dist-info) by extension 'colcon_meta'
[1.347s] Level 1:colcon.colcon_core.package_identification:_identify(gym_env/lib/python3.12/site-packages/pygame-2.6.1.dist-info) by extensions ['ros']
[1.347s] Level 1:colcon.colcon_core.package_identification:_identify(gym_env/lib/python3.12/site-packages/pygame-2.6.1.dist-info) by extension 'ros'
[1.347s] Level 1:colcon.colcon_core.package_identification:_identify(gym_env/lib/python3.12/site-packages/pygame-2.6.1.dist-info) by extensions ['cmake', 'python']
[1.347s] Level 1:colcon.colcon_core.package_identification:_identify(gym_env/lib/python3.12/site-packages/pygame-2.6.1.dist-info) by extension 'cmake'
[1.347s] Level 1:colcon.colcon_core.package_identification:_identify(gym_env/lib/python3.12/site-packages/pygame-2.6.1.dist-info) by extension 'python'
[1.347s] Level 1:colcon.colcon_core.package_identification:_identify(gym_env/lib/python3.12/site-packages/pygame-2.6.1.dist-info) by extensions ['python_setup_py']
[1.347s] Level 1:colcon.colcon_core.package_identification:_identify(gym_env/lib/python3.12/site-packages/pygame-2.6.1.dist-info) by extension 'python_setup_py'
[1.348s] Level 1:colcon.colcon_core.package_identification:_identify(gym_env/lib/python3.12/site-packages/pygame.libs) by extensions ['ignore', 'ignore_ament_install']
[1.348s] Level 1:colcon.colcon_core.package_identification:_identify(gym_env/lib/python3.12/site-packages/pygame.libs) by extension 'ignore'
[1.348s] Level 1:colcon.colcon_core.package_identification:_identify(gym_env/lib/python3.12/site-packages/pygame.libs) by extension 'ignore_ament_install'
[1.348s] Level 1:colcon.colcon_core.package_identification:_identify(gym_env/lib/python3.12/site-packages/pygame.libs) by extensions ['colcon_pkg']
[1.348s] Level 1:colcon.colcon_core.package_identification:_identify(gym_env/lib/python3.12/site-packages/pygame.libs) by extension 'colcon_pkg'
[1.349s] Level 1:colcon.colcon_core.package_identification:_identify(gym_env/lib/python3.12/site-packages/pygame.libs) by extensions ['colcon_meta']
[1.349s] Level 1:colcon.colcon_core.package_identification:_identify(gym_env/lib/python3.12/site-packages/pygame.libs) by extension 'colcon_meta'
[1.349s] Level 1:colcon.colcon_core.package_identification:_identify(gym_env/lib/python3.12/site-packages/pygame.libs) by extensions ['ros']
[1.349s] Level 1:colcon.colcon_core.package_identification:_identify(gym_env/lib/python3.12/site-packages/pygame.libs) by extension 'ros'
[1.349s] Level 1:colcon.colcon_core.package_identification:_identify(gym_env/lib/python3.12/site-packages/pygame.libs) by extensions ['cmake', 'python']
[1.349s] Level 1:colcon.colcon_core.package_identification:_identify(gym_env/lib/python3.12/site-packages/pygame.libs) by extension 'cmake'
[1.349s] Level 1:colcon.colcon_core.package_identification:_identify(gym_env/lib/python3.12/site-packages/pygame.libs) by extension 'python'
[1.349s] Level 1:colcon.colcon_core.package_identification:_identify(gym_env/lib/python3.12/site-packages/pygame.libs) by extensions ['python_setup_py']
[1.350s] Level 1:colcon.colcon_core.package_identification:_identify(gym_env/lib/python3.12/site-packages/pygame.libs) by extension 'python_setup_py'
[1.350s] Level 1:colcon.colcon_core.package_identification:_identify(gym_env/lib/python3.12/site-packages/requests) by extensions ['ignore', 'ignore_ament_install']
[1.350s] Level 1:colcon.colcon_core.package_identification:_identify(gym_env/lib/python3.12/site-packages/requests) by extension 'ignore'
[1.350s] Level 1:colcon.colcon_core.package_identification:_identify(gym_env/lib/python3.12/site-packages/requests) by extension 'ignore_ament_install'
[1.351s] Level 1:colcon.colcon_core.package_identification:_identify(gym_env/lib/python3.12/site-packages/requests) by extensions ['colcon_pkg']
[1.351s] Level 1:colcon.colcon_core.package_identification:_identify(gym_env/lib/python3.12/site-packages/requests) by extension 'colcon_pkg'
[1.351s] Level 1:colcon.colcon_core.package_identification:_identify(gym_env/lib/python3.12/site-packages/requests) by extensions ['colcon_meta']
[1.351s] Level 1:colcon.colcon_core.package_identification:_identify(gym_env/lib/python3.12/site-packages/requests) by extension 'colcon_meta'
[1.351s] Level 1:colcon.colcon_core.package_identification:_identify(gym_env/lib/python3.12/site-packages/requests) by extensions ['ros']
[1.351s] Level 1:colcon.colcon_core.package_identification:_identify(gym_env/lib/python3.12/site-packages/requests) by extension 'ros'
[1.352s] Level 1:colcon.colcon_core.package_identification:_identify(gym_env/lib/python3.12/site-packages/requests) by extensions ['cmake', 'python']
[1.352s] Level 1:colcon.colcon_core.package_identification:_identify(gym_env/lib/python3.12/site-packages/requests) by extension 'cmake'
[1.352s] Level 1:colcon.colcon_core.package_identification:_identify(gym_env/lib/python3.12/site-packages/requests) by extension 'python'
[1.352s] Level 1:colcon.colcon_core.package_identification:_identify(gym_env/lib/python3.12/site-packages/requests) by extensions ['python_setup_py']
[1.352s] Level 1:colcon.colcon_core.package_identification:_identify(gym_env/lib/python3.12/site-packages/requests) by extension 'python_setup_py'
[1.353s] Level 1:colcon.colcon_core.package_identification:_identify(gym_env/lib/python3.12/site-packages/requests/__pycache__) by extensions ['ignore', 'ignore_ament_install']
[1.353s] Level 1:colcon.colcon_core.package_identification:_identify(gym_env/lib/python3.12/site-packages/requests/__pycache__) by extension 'ignore'
[1.354s] Level 1:colcon.colcon_core.package_identification:_identify(gym_env/lib/python3.12/site-packages/requests/__pycache__) by extension 'ignore_ament_install'
[1.354s] Level 1:colcon.colcon_core.package_identification:_identify(gym_env/lib/python3.12/site-packages/requests/__pycache__) by extensions ['colcon_pkg']
[1.354s] Level 1:colcon.colcon_core.package_identification:_identify(gym_env/lib/python3.12/site-packages/requests/__pycache__) by extension 'colcon_pkg'
[1.354s] Level 1:colcon.colcon_core.package_identification:_identify(gym_env/lib/python3.12/site-packages/requests/__pycache__) by extensions ['colcon_meta']
[1.354s] Level 1:colcon.colcon_core.package_identification:_identify(gym_env/lib/python3.12/site-packages/requests/__pycache__) by extension 'colcon_meta'
[1.355s] Level 1:colcon.colcon_core.package_identification:_identify(gym_env/lib/python3.12/site-packages/requests/__pycache__) by extensions ['ros']
[1.355s] Level 1:colcon.colcon_core.package_identification:_identify(gym_env/lib/python3.12/site-packages/requests/__pycache__) by extension 'ros'
[1.355s] Level 1:colcon.colcon_core.package_identification:_identify(gym_env/lib/python3.12/site-packages/requests/__pycache__) by extensions ['cmake', 'python']
[1.355s] Level 1:colcon.colcon_core.package_identification:_identify(gym_env/lib/python3.12/site-packages/requests/__pycache__) by extension 'cmake'
[1.356s] Level 1:colcon.colcon_core.package_identification:_identify(gym_env/lib/python3.12/site-packages/requests/__pycache__) by extension 'python'
[1.356s] Level 1:colcon.colcon_core.package_identification:_identify(gym_env/lib/python3.12/site-packages/requests/__pycache__) by extensions ['python_setup_py']
[1.356s] Level 1:colcon.colcon_core.package_identification:_identify(gym_env/lib/python3.12/site-packages/requests/__pycache__) by extension 'python_setup_py'
[1.356s] Level 1:colcon.colcon_core.package_identification:_identify(gym_env/lib/python3.12/site-packages/requests-2.33.1.dist-info) by extensions ['ignore', 'ignore_ament_install']
[1.356s] Level 1:colcon.colcon_core.package_identification:_identify(gym_env/lib/python3.12/site-packages/requests-2.33.1.dist-info) by extension 'ignore'
[1.356s] Level 1:colcon.colcon_core.package_identification:_identify(gym_env/lib/python3.12/site-packages/requests-2.33.1.dist-info) by extension 'ignore_ament_install'
[1.357s] Level 1:colcon.colcon_core.package_identification:_identify(gym_env/lib/python3.12/site-packages/requests-2.33.1.dist-info) by extensions ['colcon_pkg']
[1.357s] Level 1:colcon.colcon_core.package_identification:_identify(gym_env/lib/python3.12/site-packages/requests-2.33.1.dist-info) by extension 'colcon_pkg'
[1.357s] Level 1:colcon.colcon_core.package_identification:_identify(gym_env/lib/python3.12/site-packages/requests-2.33.1.dist-info) by extensions ['colcon_meta']
[1.357s] Level 1:colcon.colcon_core.package_identification:_identify(gym_env/lib/python3.12/site-packages/requests-2.33.1.dist-info) by extension 'colcon_meta'
[1.357s] Level 1:colcon.colcon_core.package_identification:_identify(gym_env/lib/python3.12/site-packages/requests-2.33.1.dist-info) by extensions ['ros']
[1.357s] Level 1:colcon.colcon_core.package_identification:_identify(gym_env/lib/python3.12/site-packages/requests-2.33.1.dist-info) by extension 'ros'
[1.357s] Level 1:colcon.colcon_core.package_identification:_identify(gym_env/lib/python3.12/site-packages/requests-2.33.1.dist-info) by extensions ['cmake', 'python']
[1.357s] Level 1:colcon.colcon_core.package_identification:_identify(gym_env/lib/python3.12/site-packages/requests-2.33.1.dist-info) by extension 'cmake'
[1.357s] Level 1:colcon.colcon_core.package_identification:_identify(gym_env/lib/python3.12/site-packages/requests-2.33.1.dist-info) by extension 'python'
[1.357s] Level 1:colcon.colcon_core.package_identification:_identify(gym_env/lib/python3.12/site-packages/requests-2.33.1.dist-info) by extensions ['python_setup_py']
[1.358s] Level 1:colcon.colcon_core.package_identification:_identify(gym_env/lib/python3.12/site-packages/requests-2.33.1.dist-info) by extension 'python_setup_py'
[1.358s] Level 1:colcon.colcon_core.package_identification:_identify(gym_env/lib/python3.12/site-packages/requests-2.33.1.dist-info/licenses) by extensions ['ignore', 'ignore_ament_install']
[1.358s] Level 1:colcon.colcon_core.package_identification:_identify(gym_env/lib/python3.12/site-packages/requests-2.33.1.dist-info/licenses) by extension 'ignore'
[1.358s] Level 1:colcon.colcon_core.package_identification:_identify(gym_env/lib/python3.12/site-packages/requests-2.33.1.dist-info/licenses) by extension 'ignore_ament_install'
[1.359s] Level 1:colcon.colcon_core.package_identification:_identify(gym_env/lib/python3.12/site-packages/requests-2.33.1.dist-info/licenses) by extensions ['colcon_pkg']
[1.359s] Level 1:colcon.colcon_core.package_identification:_identify(gym_env/lib/python3.12/site-packages/requests-2.33.1.dist-info/licenses) by extension 'colcon_pkg'
[1.359s] Level 1:colcon.colcon_core.package_identification:_identify(gym_env/lib/python3.12/site-packages/requests-2.33.1.dist-info/licenses) by extensions ['colcon_meta']
[1.359s] Level 1:colcon.colcon_core.package_identification:_identify(gym_env/lib/python3.12/site-packages/requests-2.33.1.dist-info/licenses) by extension 'colcon_meta'
[1.359s] Level 1:colcon.colcon_core.package_identification:_identify(gym_env/lib/python3.12/site-packages/requests-2.33.1.dist-info/licenses) by extensions ['ros']
[1.359s] Level 1:colcon.colcon_core.package_identification:_identify(gym_env/lib/python3.12/site-packages/requests-2.33.1.dist-info/licenses) by extension 'ros'
[1.359s] Level 1:colcon.colcon_core.package_identification:_identify(gym_env/lib/python3.12/site-packages/requests-2.33.1.dist-info/licenses) by extensions ['cmake', 'python']
[1.359s] Level 1:colcon.colcon_core.package_identification:_identify(gym_env/lib/python3.12/site-packages/requests-2.33.1.dist-info/licenses) by extension 'cmake'
[1.359s] Level 1:colcon.colcon_core.package_identification:_identify(gym_env/lib/python3.12/site-packages/requests-2.33.1.dist-info/licenses) by extension 'python'
[1.359s] Level 1:colcon.colcon_core.package_identification:_identify(gym_env/lib/python3.12/site-packages/requests-2.33.1.dist-info/licenses) by extensions ['python_setup_py']
[1.360s] Level 1:colcon.colcon_core.package_identification:_identify(gym_env/lib/python3.12/site-packages/requests-2.33.1.dist-info/licenses) by extension 'python_setup_py'
[1.360s] Level 1:colcon.colcon_core.package_identification:_identify(gym_env/lib/python3.12/site-packages/urllib3) by extensions ['ignore', 'ignore_ament_install']
[1.360s] Level 1:colcon.colcon_core.package_identification:_identify(gym_env/lib/python3.12/site-packages/urllib3) by extension 'ignore'
[1.360s] Level 1:colcon.colcon_core.package_identification:_identify(gym_env/lib/python3.12/site-packages/urllib3) by extension 'ignore_ament_install'
[1.360s] Level 1:colcon.colcon_core.package_identification:_identify(gym_env/lib/python3.12/site-packages/urllib3) by extensions ['colcon_pkg']
[1.360s] Level 1:colcon.colcon_core.package_identification:_identify(gym_env/lib/python3.12/site-packages/urllib3) by extension 'colcon_pkg'
[1.360s] Level 1:colcon.colcon_core.package_identification:_identify(gym_env/lib/python3.12/site-packages/urllib3) by extensions ['colcon_meta']
[1.360s] Level 1:colcon.colcon_core.package_identification:_identify(gym_env/lib/python3.12/site-packages/urllib3) by extension 'colcon_meta'
[1.361s] Level 1:colcon.colcon_core.package_identification:_identify(gym_env/lib/python3.12/site-packages/urllib3) by extensions ['ros']
[1.361s] Level 1:colcon.colcon_core.package_identification:_identify(gym_env/lib/python3.12/site-packages/urllib3) by extension 'ros'
[1.361s] Level 1:colcon.colcon_core.package_identification:_identify(gym_env/lib/python3.12/site-packages/urllib3) by extensions ['cmake', 'python']
[1.361s] Level 1:colcon.colcon_core.package_identification:_identify(gym_env/lib/python3.12/site-packages/urllib3) by extension 'cmake'
[1.361s] Level 1:colcon.colcon_core.package_identification:_identify(gym_env/lib/python3.12/site-packages/urllib3) by extension 'python'
[1.361s] Level 1:colcon.colcon_core.package_identification:_identify(gym_env/lib/python3.12/site-packages/urllib3) by extensions ['python_setup_py']
[1.361s] Level 1:colcon.colcon_core.package_identification:_identify(gym_env/lib/python3.12/site-packages/urllib3) by extension 'python_setup_py'
[1.362s] Level 1:colcon.colcon_core.package_identification:_identify(gym_env/lib/python3.12/site-packages/urllib3/__pycache__) by extensions ['ignore', 'ignore_ament_install']
[1.362s] Level 1:colcon.colcon_core.package_identification:_identify(gym_env/lib/python3.12/site-packages/urllib3/__pycache__) by extension 'ignore'
[1.362s] Level 1:colcon.colcon_core.package_identification:_identify(gym_env/lib/python3.12/site-packages/urllib3/__pycache__) by extension 'ignore_ament_install'
[1.362s] Level 1:colcon.colcon_core.package_identification:_identify(gym_env/lib/python3.12/site-packages/urllib3/__pycache__) by extensions ['colcon_pkg']
[1.362s] Level 1:colcon.colcon_core.package_identification:_identify(gym_env/lib/python3.12/site-packages/urllib3/__pycache__) by extension 'colcon_pkg'
[1.362s] Level 1:colcon.colcon_core.package_identification:_identify(gym_env/lib/python3.12/site-packages/urllib3/__pycache__) by extensions ['colcon_meta']
[1.362s] Level 1:colcon.colcon_core.package_identification:_identify(gym_env/lib/python3.12/site-packages/urllib3/__pycache__) by extension 'colcon_meta'
[1.362s] Level 1:colcon.colcon_core.package_identification:_identify(gym_env/lib/python3.12/site-packages/urllib3/__pycache__) by extensions ['ros']
[1.362s] Level 1:colcon.colcon_core.package_identification:_identify(gym_env/lib/python3.12/site-packages/urllib3/__pycache__) by extension 'ros'
[1.363s] Level 1:colcon.colcon_core.package_identification:_identify(gym_env/lib/python3.12/site-packages/urllib3/__pycache__) by extensions ['cmake', 'python']
[1.363s] Level 1:colcon.colcon_core.package_identification:_identify(gym_env/lib/python3.12/site-packages/urllib3/__pycache__) by extension 'cmake'
[1.363s] Level 1:colcon.colcon_core.package_identification:_identify(gym_env/lib/python3.12/site-packages/urllib3/__pycache__) by extension 'python'
[1.363s] Level 1:colcon.colcon_core.package_identification:_identify(gym_env/lib/python3.12/site-packages/urllib3/__pycache__) by extensions ['python_setup_py']
[1.363s] Level 1:colcon.colcon_core.package_identification:_identify(gym_env/lib/python3.12/site-packages/urllib3/__pycache__) by extension 'python_setup_py'
[1.363s] Level 1:colcon.colcon_core.package_identification:_identify(gym_env/lib/python3.12/site-packages/urllib3/contrib) by extensions ['ignore', 'ignore_ament_install']
[1.363s] Level 1:colcon.colcon_core.package_identification:_identify(gym_env/lib/python3.12/site-packages/urllib3/contrib) by extension 'ignore'
[1.364s] Level 1:colcon.colcon_core.package_identification:_identify(gym_env/lib/python3.12/site-packages/urllib3/contrib) by extension 'ignore_ament_install'
[1.364s] Level 1:colcon.colcon_core.package_identification:_identify(gym_env/lib/python3.12/site-packages/urllib3/contrib) by extensions ['colcon_pkg']
[1.364s] Level 1:colcon.colcon_core.package_identification:_identify(gym_env/lib/python3.12/site-packages/urllib3/contrib) by extension 'colcon_pkg'
[1.364s] Level 1:colcon.colcon_core.package_identification:_identify(gym_env/lib/python3.12/site-packages/urllib3/contrib) by extensions ['colcon_meta']
[1.364s] Level 1:colcon.colcon_core.package_identification:_identify(gym_env/lib/python3.12/site-packages/urllib3/contrib) by extension 'colcon_meta'
[1.364s] Level 1:colcon.colcon_core.package_identification:_identify(gym_env/lib/python3.12/site-packages/urllib3/contrib) by extensions ['ros']
[1.364s] Level 1:colcon.colcon_core.package_identification:_identify(gym_env/lib/python3.12/site-packages/urllib3/contrib) by extension 'ros'
[1.364s] Level 1:colcon.colcon_core.package_identification:_identify(gym_env/lib/python3.12/site-packages/urllib3/contrib) by extensions ['cmake', 'python']
[1.364s] Level 1:colcon.colcon_core.package_identification:_identify(gym_env/lib/python3.12/site-packages/urllib3/contrib) by extension 'cmake'
[1.364s] Level 1:colcon.colcon_core.package_identification:_identify(gym_env/lib/python3.12/site-packages/urllib3/contrib) by extension 'python'
[1.365s] Level 1:colcon.colcon_core.package_identification:_identify(gym_env/lib/python3.12/site-packages/urllib3/contrib) by extensions ['python_setup_py']
[1.365s] Level 1:colcon.colcon_core.package_identification:_identify(gym_env/lib/python3.12/site-packages/urllib3/contrib) by extension 'python_setup_py'
[1.365s] Level 1:colcon.colcon_core.package_identification:_identify(gym_env/lib/python3.12/site-packages/urllib3/contrib/__pycache__) by extensions ['ignore', 'ignore_ament_install']
[1.365s] Level 1:colcon.colcon_core.package_identification:_identify(gym_env/lib/python3.12/site-packages/urllib3/contrib/__pycache__) by extension 'ignore'
[1.365s] Level 1:colcon.colcon_core.package_identification:_identify(gym_env/lib/python3.12/site-packages/urllib3/contrib/__pycache__) by extension 'ignore_ament_install'
[1.365s] Level 1:colcon.colcon_core.package_identification:_identify(gym_env/lib/python3.12/site-packages/urllib3/contrib/__pycache__) by extensions ['colcon_pkg']
[1.366s] Level 1:colcon.colcon_core.package_identification:_identify(gym_env/lib/python3.12/site-packages/urllib3/contrib/__pycache__) by extension 'colcon_pkg'
[1.366s] Level 1:colcon.colcon_core.package_identification:_identify(gym_env/lib/python3.12/site-packages/urllib3/contrib/__pycache__) by extensions ['colcon_meta']
[1.366s] Level 1:colcon.colcon_core.package_identification:_identify(gym_env/lib/python3.12/site-packages/urllib3/contrib/__pycache__) by extension 'colcon_meta'
[1.366s] Level 1:colcon.colcon_core.package_identification:_identify(gym_env/lib/python3.12/site-packages/urllib3/contrib/__pycache__) by extensions ['ros']
[1.366s] Level 1:colcon.colcon_core.package_identification:_identify(gym_env/lib/python3.12/site-packages/urllib3/contrib/__pycache__) by extension 'ros'
[1.366s] Level 1:colcon.colcon_core.package_identification:_identify(gym_env/lib/python3.12/site-packages/urllib3/contrib/__pycache__) by extensions ['cmake', 'python']
[1.366s] Level 1:colcon.colcon_core.package_identification:_identify(gym_env/lib/python3.12/site-packages/urllib3/contrib/__pycache__) by extension 'cmake'
[1.367s] Level 1:colcon.colcon_core.package_identification:_identify(gym_env/lib/python3.12/site-packages/urllib3/contrib/__pycache__) by extension 'python'
[1.367s] Level 1:colcon.colcon_core.package_identification:_identify(gym_env/lib/python3.12/site-packages/urllib3/contrib/__pycache__) by extensions ['python_setup_py']
[1.367s] Level 1:colcon.colcon_core.package_identification:_identify(gym_env/lib/python3.12/site-packages/urllib3/contrib/__pycache__) by extension 'python_setup_py'
[1.367s] Level 1:colcon.colcon_core.package_identification:_identify(gym_env/lib/python3.12/site-packages/urllib3/contrib/emscripten) by extensions ['ignore', 'ignore_ament_install']
[1.368s] Level 1:colcon.colcon_core.package_identification:_identify(gym_env/lib/python3.12/site-packages/urllib3/contrib/emscripten) by extension 'ignore'
[1.368s] Level 1:colcon.colcon_core.package_identification:_identify(gym_env/lib/python3.12/site-packages/urllib3/contrib/emscripten) by extension 'ignore_ament_install'
[1.368s] Level 1:colcon.colcon_core.package_identification:_identify(gym_env/lib/python3.12/site-packages/urllib3/contrib/emscripten) by extensions ['colcon_pkg']
[1.368s] Level 1:colcon.colcon_core.package_identification:_identify(gym_env/lib/python3.12/site-packages/urllib3/contrib/emscripten) by extension 'colcon_pkg'
[1.369s] Level 1:colcon.colcon_core.package_identification:_identify(gym_env/lib/python3.12/site-packages/urllib3/contrib/emscripten) by extensions ['colcon_meta']
[1.369s] Level 1:colcon.colcon_core.package_identification:_identify(gym_env/lib/python3.12/site-packages/urllib3/contrib/emscripten) by extension 'colcon_meta'
[1.369s] Level 1:colcon.colcon_core.package_identification:_identify(gym_env/lib/python3.12/site-packages/urllib3/contrib/emscripten) by extensions ['ros']
[1.369s] Level 1:colcon.colcon_core.package_identification:_identify(gym_env/lib/python3.12/site-packages/urllib3/contrib/emscripten) by extension 'ros'
[1.369s] Level 1:colcon.colcon_core.package_identification:_identify(gym_env/lib/python3.12/site-packages/urllib3/contrib/emscripten) by extensions ['cmake', 'python']
[1.370s] Level 1:colcon.colcon_core.package_identification:_identify(gym_env/lib/python3.12/site-packages/urllib3/contrib/emscripten) by extension 'cmake'
[1.370s] Level 1:colcon.colcon_core.package_identification:_identify(gym_env/lib/python3.12/site-packages/urllib3/contrib/emscripten) by extension 'python'
[1.370s] Level 1:colcon.colcon_core.package_identification:_identify(gym_env/lib/python3.12/site-packages/urllib3/contrib/emscripten) by extensions ['python_setup_py']
[1.370s] Level 1:colcon.colcon_core.package_identification:_identify(gym_env/lib/python3.12/site-packages/urllib3/contrib/emscripten) by extension 'python_setup_py'
[1.371s] Level 1:colcon.colcon_core.package_identification:_identify(gym_env/lib/python3.12/site-packages/urllib3/contrib/emscripten/__pycache__) by extensions ['ignore', 'ignore_ament_install']
[1.371s] Level 1:colcon.colcon_core.package_identification:_identify(gym_env/lib/python3.12/site-packages/urllib3/contrib/emscripten/__pycache__) by extension 'ignore'
[1.371s] Level 1:colcon.colcon_core.package_identification:_identify(gym_env/lib/python3.12/site-packages/urllib3/contrib/emscripten/__pycache__) by extension 'ignore_ament_install'
[1.372s] Level 1:colcon.colcon_core.package_identification:_identify(gym_env/lib/python3.12/site-packages/urllib3/contrib/emscripten/__pycache__) by extensions ['colcon_pkg']
[1.372s] Level 1:colcon.colcon_core.package_identification:_identify(gym_env/lib/python3.12/site-packages/urllib3/contrib/emscripten/__pycache__) by extension 'colcon_pkg'
[1.372s] Level 1:colcon.colcon_core.package_identification:_identify(gym_env/lib/python3.12/site-packages/urllib3/contrib/emscripten/__pycache__) by extensions ['colcon_meta']
[1.372s] Level 1:colcon.colcon_core.package_identification:_identify(gym_env/lib/python3.12/site-packages/urllib3/contrib/emscripten/__pycache__) by extension 'colcon_meta'
[1.372s] Level 1:colcon.colcon_core.package_identification:_identify(gym_env/lib/python3.12/site-packages/urllib3/contrib/emscripten/__pycache__) by extensions ['ros']
[1.372s] Level 1:colcon.colcon_core.package_identification:_identify(gym_env/lib/python3.12/site-packages/urllib3/contrib/emscripten/__pycache__) by extension 'ros'
[1.373s] Level 1:colcon.colcon_core.package_identification:_identify(gym_env/lib/python3.12/site-packages/urllib3/contrib/emscripten/__pycache__) by extensions ['cmake', 'python']
[1.373s] Level 1:colcon.colcon_core.package_identification:_identify(gym_env/lib/python3.12/site-packages/urllib3/contrib/emscripten/__pycache__) by extension 'cmake'
[1.373s] Level 1:colcon.colcon_core.package_identification:_identify(gym_env/lib/python3.12/site-packages/urllib3/contrib/emscripten/__pycache__) by extension 'python'
[1.373s] Level 1:colcon.colcon_core.package_identification:_identify(gym_env/lib/python3.12/site-packages/urllib3/contrib/emscripten/__pycache__) by extensions ['python_setup_py']
[1.373s] Level 1:colcon.colcon_core.package_identification:_identify(gym_env/lib/python3.12/site-packages/urllib3/contrib/emscripten/__pycache__) by extension 'python_setup_py'
[1.373s] Level 1:colcon.colcon_core.package_identification:_identify(gym_env/lib/python3.12/site-packages/urllib3/http2) by extensions ['ignore', 'ignore_ament_install']
[1.373s] Level 1:colcon.colcon_core.package_identification:_identify(gym_env/lib/python3.12/site-packages/urllib3/http2) by extension 'ignore'
[1.374s] Level 1:colcon.colcon_core.package_identification:_identify(gym_env/lib/python3.12/site-packages/urllib3/http2) by extension 'ignore_ament_install'
[1.374s] Level 1:colcon.colcon_core.package_identification:_identify(gym_env/lib/python3.12/site-packages/urllib3/http2) by extensions ['colcon_pkg']
[1.374s] Level 1:colcon.colcon_core.package_identification:_identify(gym_env/lib/python3.12/site-packages/urllib3/http2) by extension 'colcon_pkg'
[1.374s] Level 1:colcon.colcon_core.package_identification:_identify(gym_env/lib/python3.12/site-packages/urllib3/http2) by extensions ['colcon_meta']
[1.374s] Level 1:colcon.colcon_core.package_identification:_identify(gym_env/lib/python3.12/site-packages/urllib3/http2) by extension 'colcon_meta'
[1.374s] Level 1:colcon.colcon_core.package_identification:_identify(gym_env/lib/python3.12/site-packages/urllib3/http2) by extensions ['ros']
[1.374s] Level 1:colcon.colcon_core.package_identification:_identify(gym_env/lib/python3.12/site-packages/urllib3/http2) by extension 'ros'
[1.374s] Level 1:colcon.colcon_core.package_identification:_identify(gym_env/lib/python3.12/site-packages/urllib3/http2) by extensions ['cmake', 'python']
[1.374s] Level 1:colcon.colcon_core.package_identification:_identify(gym_env/lib/python3.12/site-packages/urllib3/http2) by extension 'cmake'
[1.374s] Level 1:colcon.colcon_core.package_identification:_identify(gym_env/lib/python3.12/site-packages/urllib3/http2) by extension 'python'
[1.375s] Level 1:colcon.colcon_core.package_identification:_identify(gym_env/lib/python3.12/site-packages/urllib3/http2) by extensions ['python_setup_py']
[1.375s] Level 1:colcon.colcon_core.package_identification:_identify(gym_env/lib/python3.12/site-packages/urllib3/http2) by extension 'python_setup_py'
[1.375s] Level 1:colcon.colcon_core.package_identification:_identify(gym_env/lib/python3.12/site-packages/urllib3/http2/__pycache__) by extensions ['ignore', 'ignore_ament_install']
[1.375s] Level 1:colcon.colcon_core.package_identification:_identify(gym_env/lib/python3.12/site-packages/urllib3/http2/__pycache__) by extension 'ignore'
[1.376s] Level 1:colcon.colcon_core.package_identification:_identify(gym_env/lib/python3.12/site-packages/urllib3/http2/__pycache__) by extension 'ignore_ament_install'
[1.376s] Level 1:colcon.colcon_core.package_identification:_identify(gym_env/lib/python3.12/site-packages/urllib3/http2/__pycache__) by extensions ['colcon_pkg']
[1.376s] Level 1:colcon.colcon_core.package_identification:_identify(gym_env/lib/python3.12/site-packages/urllib3/http2/__pycache__) by extension 'colcon_pkg'
[1.376s] Level 1:colcon.colcon_core.package_identification:_identify(gym_env/lib/python3.12/site-packages/urllib3/http2/__pycache__) by extensions ['colcon_meta']
[1.376s] Level 1:colcon.colcon_core.package_identification:_identify(gym_env/lib/python3.12/site-packages/urllib3/http2/__pycache__) by extension 'colcon_meta'
[1.376s] Level 1:colcon.colcon_core.package_identification:_identify(gym_env/lib/python3.12/site-packages/urllib3/http2/__pycache__) by extensions ['ros']
[1.376s] Level 1:colcon.colcon_core.package_identification:_identify(gym_env/lib/python3.12/site-packages/urllib3/http2/__pycache__) by extension 'ros'
[1.377s] Level 1:colcon.colcon_core.package_identification:_identify(gym_env/lib/python3.12/site-packages/urllib3/http2/__pycache__) by extensions ['cmake', 'python']
[1.377s] Level 1:colcon.colcon_core.package_identification:_identify(gym_env/lib/python3.12/site-packages/urllib3/http2/__pycache__) by extension 'cmake'
[1.377s] Level 1:colcon.colcon_core.package_identification:_identify(gym_env/lib/python3.12/site-packages/urllib3/http2/__pycache__) by extension 'python'
[1.377s] Level 1:colcon.colcon_core.package_identification:_identify(gym_env/lib/python3.12/site-packages/urllib3/http2/__pycache__) by extensions ['python_setup_py']
[1.377s] Level 1:colcon.colcon_core.package_identification:_identify(gym_env/lib/python3.12/site-packages/urllib3/http2/__pycache__) by extension 'python_setup_py'
[1.377s] Level 1:colcon.colcon_core.package_identification:_identify(gym_env/lib/python3.12/site-packages/urllib3/util) by extensions ['ignore', 'ignore_ament_install']
[1.377s] Level 1:colcon.colcon_core.package_identification:_identify(gym_env/lib/python3.12/site-packages/urllib3/util) by extension 'ignore'
[1.377s] Level 1:colcon.colcon_core.package_identification:_identify(gym_env/lib/python3.12/site-packages/urllib3/util) by extension 'ignore_ament_install'
[1.378s] Level 1:colcon.colcon_core.package_identification:_identify(gym_env/lib/python3.12/site-packages/urllib3/util) by extensions ['colcon_pkg']
[1.378s] Level 1:colcon.colcon_core.package_identification:_identify(gym_env/lib/python3.12/site-packages/urllib3/util) by extension 'colcon_pkg'
[1.378s] Level 1:colcon.colcon_core.package_identification:_identify(gym_env/lib/python3.12/site-packages/urllib3/util) by extensions ['colcon_meta']
[1.378s] Level 1:colcon.colcon_core.package_identification:_identify(gym_env/lib/python3.12/site-packages/urllib3/util) by extension 'colcon_meta'
[1.378s] Level 1:colcon.colcon_core.package_identification:_identify(gym_env/lib/python3.12/site-packages/urllib3/util) by extensions ['ros']
[1.378s] Level 1:colcon.colcon_core.package_identification:_identify(gym_env/lib/python3.12/site-packages/urllib3/util) by extension 'ros'
[1.378s] Level 1:colcon.colcon_core.package_identification:_identify(gym_env/lib/python3.12/site-packages/urllib3/util) by extensions ['cmake', 'python']
[1.378s] Level 1:colcon.colcon_core.package_identification:_identify(gym_env/lib/python3.12/site-packages/urllib3/util) by extension 'cmake'
[1.378s] Level 1:colcon.colcon_core.package_identification:_identify(gym_env/lib/python3.12/site-packages/urllib3/util) by extension 'python'
[1.378s] Level 1:colcon.colcon_core.package_identification:_identify(gym_env/lib/python3.12/site-packages/urllib3/util) by extensions ['python_setup_py']
[1.379s] Level 1:colcon.colcon_core.package_identification:_identify(gym_env/lib/python3.12/site-packages/urllib3/util) by extension 'python_setup_py'
[1.379s] Level 1:colcon.colcon_core.package_identification:_identify(gym_env/lib/python3.12/site-packages/urllib3/util/__pycache__) by extensions ['ignore', 'ignore_ament_install']
[1.379s] Level 1:colcon.colcon_core.package_identification:_identify(gym_env/lib/python3.12/site-packages/urllib3/util/__pycache__) by extension 'ignore'
[1.379s] Level 1:colcon.colcon_core.package_identification:_identify(gym_env/lib/python3.12/site-packages/urllib3/util/__pycache__) by extension 'ignore_ament_install'
[1.379s] Level 1:colcon.colcon_core.package_identification:_identify(gym_env/lib/python3.12/site-packages/urllib3/util/__pycache__) by extensions ['colcon_pkg']
[1.379s] Level 1:colcon.colcon_core.package_identification:_identify(gym_env/lib/python3.12/site-packages/urllib3/util/__pycache__) by extension 'colcon_pkg'
[1.379s] Level 1:colcon.colcon_core.package_identification:_identify(gym_env/lib/python3.12/site-packages/urllib3/util/__pycache__) by extensions ['colcon_meta']
[1.380s] Level 1:colcon.colcon_core.package_identification:_identify(gym_env/lib/python3.12/site-packages/urllib3/util/__pycache__) by extension 'colcon_meta'
[1.380s] Level 1:colcon.colcon_core.package_identification:_identify(gym_env/lib/python3.12/site-packages/urllib3/util/__pycache__) by extensions ['ros']
[1.380s] Level 1:colcon.colcon_core.package_identification:_identify(gym_env/lib/python3.12/site-packages/urllib3/util/__pycache__) by extension 'ros'
[1.380s] Level 1:colcon.colcon_core.package_identification:_identify(gym_env/lib/python3.12/site-packages/urllib3/util/__pycache__) by extensions ['cmake', 'python']
[1.380s] Level 1:colcon.colcon_core.package_identification:_identify(gym_env/lib/python3.12/site-packages/urllib3/util/__pycache__) by extension 'cmake'
[1.380s] Level 1:colcon.colcon_core.package_identification:_identify(gym_env/lib/python3.12/site-packages/urllib3/util/__pycache__) by extension 'python'
[1.380s] Level 1:colcon.colcon_core.package_identification:_identify(gym_env/lib/python3.12/site-packages/urllib3/util/__pycache__) by extensions ['python_setup_py']
[1.380s] Level 1:colcon.colcon_core.package_identification:_identify(gym_env/lib/python3.12/site-packages/urllib3/util/__pycache__) by extension 'python_setup_py'
[1.380s] Level 1:colcon.colcon_core.package_identification:_identify(gym_env/lib/python3.12/site-packages/urllib3-2.6.3.dist-info) by extensions ['ignore', 'ignore_ament_install']
[1.381s] Level 1:colcon.colcon_core.package_identification:_identify(gym_env/lib/python3.12/site-packages/urllib3-2.6.3.dist-info) by extension 'ignore'
[1.381s] Level 1:colcon.colcon_core.package_identification:_identify(gym_env/lib/python3.12/site-packages/urllib3-2.6.3.dist-info) by extension 'ignore_ament_install'
[1.381s] Level 1:colcon.colcon_core.package_identification:_identify(gym_env/lib/python3.12/site-packages/urllib3-2.6.3.dist-info) by extensions ['colcon_pkg']
[1.381s] Level 1:colcon.colcon_core.package_identification:_identify(gym_env/lib/python3.12/site-packages/urllib3-2.6.3.dist-info) by extension 'colcon_pkg'
[1.381s] Level 1:colcon.colcon_core.package_identification:_identify(gym_env/lib/python3.12/site-packages/urllib3-2.6.3.dist-info) by extensions ['colcon_meta']
[1.381s] Level 1:colcon.colcon_core.package_identification:_identify(gym_env/lib/python3.12/site-packages/urllib3-2.6.3.dist-info) by extension 'colcon_meta'
[1.381s] Level 1:colcon.colcon_core.package_identification:_identify(gym_env/lib/python3.12/site-packages/urllib3-2.6.3.dist-info) by extensions ['ros']
[1.381s] Level 1:colcon.colcon_core.package_identification:_identify(gym_env/lib/python3.12/site-packages/urllib3-2.6.3.dist-info) by extension 'ros'
[1.382s] Level 1:colcon.colcon_core.package_identification:_identify(gym_env/lib/python3.12/site-packages/urllib3-2.6.3.dist-info) by extensions ['cmake', 'python']
[1.382s] Level 1:colcon.colcon_core.package_identification:_identify(gym_env/lib/python3.12/site-packages/urllib3-2.6.3.dist-info) by extension 'cmake'
[1.382s] Level 1:colcon.colcon_core.package_identification:_identify(gym_env/lib/python3.12/site-packages/urllib3-2.6.3.dist-info) by extension 'python'
[1.382s] Level 1:colcon.colcon_core.package_identification:_identify(gym_env/lib/python3.12/site-packages/urllib3-2.6.3.dist-info) by extensions ['python_setup_py']
[1.382s] Level 1:colcon.colcon_core.package_identification:_identify(gym_env/lib/python3.12/site-packages/urllib3-2.6.3.dist-info) by extension 'python_setup_py'
[1.382s] Level 1:colcon.colcon_core.package_identification:_identify(gym_env/lib/python3.12/site-packages/urllib3-2.6.3.dist-info/licenses) by extensions ['ignore', 'ignore_ament_install']
[1.383s] Level 1:colcon.colcon_core.package_identification:_identify(gym_env/lib/python3.12/site-packages/urllib3-2.6.3.dist-info/licenses) by extension 'ignore'
[1.383s] Level 1:colcon.colcon_core.package_identification:_identify(gym_env/lib/python3.12/site-packages/urllib3-2.6.3.dist-info/licenses) by extension 'ignore_ament_install'
[1.383s] Level 1:colcon.colcon_core.package_identification:_identify(gym_env/lib/python3.12/site-packages/urllib3-2.6.3.dist-info/licenses) by extensions ['colcon_pkg']
[1.383s] Level 1:colcon.colcon_core.package_identification:_identify(gym_env/lib/python3.12/site-packages/urllib3-2.6.3.dist-info/licenses) by extension 'colcon_pkg'
[1.384s] Level 1:colcon.colcon_core.package_identification:_identify(gym_env/lib/python3.12/site-packages/urllib3-2.6.3.dist-info/licenses) by extensions ['colcon_meta']
[1.384s] Level 1:colcon.colcon_core.package_identification:_identify(gym_env/lib/python3.12/site-packages/urllib3-2.6.3.dist-info/licenses) by extension 'colcon_meta'
[1.384s] Level 1:colcon.colcon_core.package_identification:_identify(gym_env/lib/python3.12/site-packages/urllib3-2.6.3.dist-info/licenses) by extensions ['ros']
[1.384s] Level 1:colcon.colcon_core.package_identification:_identify(gym_env/lib/python3.12/site-packages/urllib3-2.6.3.dist-info/licenses) by extension 'ros'
[1.384s] Level 1:colcon.colcon_core.package_identification:_identify(gym_env/lib/python3.12/site-packages/urllib3-2.6.3.dist-info/licenses) by extensions ['cmake', 'python']
[1.384s] Level 1:colcon.colcon_core.package_identification:_identify(gym_env/lib/python3.12/site-packages/urllib3-2.6.3.dist-info/licenses) by extension 'cmake'
[1.385s] Level 1:colcon.colcon_core.package_identification:_identify(gym_env/lib/python3.12/site-packages/urllib3-2.6.3.dist-info/licenses) by extension 'python'
[1.385s] Level 1:colcon.colcon_core.package_identification:_identify(gym_env/lib/python3.12/site-packages/urllib3-2.6.3.dist-info/licenses) by extensions ['python_setup_py']
[1.385s] Level 1:colcon.colcon_core.package_identification:_identify(gym_env/lib/python3.12/site-packages/urllib3-2.6.3.dist-info/licenses) by extension 'python_setup_py'
[1.385s] Level 1:colcon.colcon_core.package_identification:_identify(install) by extensions ['ignore', 'ignore_ament_install']
[1.386s] Level 1:colcon.colcon_core.package_identification:_identify(install) by extension 'ignore'
[1.386s] Level 1:colcon.colcon_core.package_identification:_identify(install) ignored
[1.386s] Level 1:colcon.colcon_core.package_identification:_identify(log) by extensions ['ignore', 'ignore_ament_install']
[1.386s] Level 1:colcon.colcon_core.package_identification:_identify(log) by extension 'ignore'
[1.387s] Level 1:colcon.colcon_core.package_identification:_identify(log) ignored
[1.387s] Level 1:colcon.colcon_core.package_identification:_identify(src) by extensions ['ignore', 'ignore_ament_install']
[1.387s] Level 1:colcon.colcon_core.package_identification:_identify(src) by extension 'ignore'
[1.388s] Level 1:colcon.colcon_core.package_identification:_identify(src) by extension 'ignore_ament_install'
[1.388s] Level 1:colcon.colcon_core.package_identification:_identify(src) by extensions ['colcon_pkg']
[1.388s] Level 1:colcon.colcon_core.package_identification:_identify(src) by extension 'colcon_pkg'
[1.388s] Level 1:colcon.colcon_core.package_identification:_identify(src) by extensions ['colcon_meta']
[1.388s] Level 1:colcon.colcon_core.package_identification:_identify(src) by extension 'colcon_meta'
[1.388s] Level 1:colcon.colcon_core.package_identification:_identify(src) by extensions ['ros']
[1.388s] Level 1:colcon.colcon_core.package_identification:_identify(src) by extension 'ros'
[1.389s] Level 1:colcon.colcon_core.package_identification:_identify(src) by extensions ['cmake', 'python']
[1.389s] Level 1:colcon.colcon_core.package_identification:_identify(src) by extension 'cmake'
[1.389s] Level 1:colcon.colcon_core.package_identification:_identify(src) by extension 'python'
[1.389s] Level 1:colcon.colcon_core.package_identification:_identify(src) by extensions ['python_setup_py']
[1.389s] Level 1:colcon.colcon_core.package_identification:_identify(src) by extension 'python_setup_py'
[1.389s] Level 1:colcon.colcon_core.package_identification:_identify(src/coach_analyzer) by extensions ['ignore', 'ignore_ament_install']
[1.390s] Level 1:colcon.colcon_core.package_identification:_identify(src/coach_analyzer) by extension 'ignore'
[1.390s] Level 1:colcon.colcon_core.package_identification:_identify(src/coach_analyzer) by extension 'ignore_ament_install'
[1.390s] Level 1:colcon.colcon_core.package_identification:_identify(src/coach_analyzer) by extensions ['colcon_pkg']
[1.390s] Level 1:colcon.colcon_core.package_identification:_identify(src/coach_analyzer) by extension 'colcon_pkg'
[1.390s] Level 1:colcon.colcon_core.package_identification:_identify(src/coach_analyzer) by extensions ['colcon_meta']
[1.390s] Level 1:colcon.colcon_core.package_identification:_identify(src/coach_analyzer) by extension 'colcon_meta'
[1.390s] Level 1:colcon.colcon_core.package_identification:_identify(src/coach_analyzer) by extensions ['ros']
[1.390s] Level 1:colcon.colcon_core.package_identification:_identify(src/coach_analyzer) by extension 'ros'
[1.396s] DEBUG:colcon.colcon_core.package_identification:Package 'src/coach_analyzer' with type 'ros.ament_python' and name 'coach_analyzer'
[1.397s] Level 1:colcon.colcon_core.package_identification:_identify(src/coach_bringup) by extensions ['ignore', 'ignore_ament_install']
[1.397s] Level 1:colcon.colcon_core.package_identification:_identify(src/coach_bringup) by extension 'ignore'
[1.397s] Level 1:colcon.colcon_core.package_identification:_identify(src/coach_bringup) by extension 'ignore_ament_install'
[1.397s] Level 1:colcon.colcon_core.package_identification:_identify(src/coach_bringup) by extensions ['colcon_pkg']
[1.397s] Level 1:colcon.colcon_core.package_identification:_identify(src/coach_bringup) by extension 'colcon_pkg'
[1.398s] Level 1:colcon.colcon_core.package_identification:_identify(src/coach_bringup) by extensions ['colcon_meta']
[1.398s] Level 1:colcon.colcon_core.package_identification:_identify(src/coach_bringup) by extension 'colcon_meta'
[1.398s] Level 1:colcon.colcon_core.package_identification:_identify(src/coach_bringup) by extensions ['ros']
[1.398s] Level 1:colcon.colcon_core.package_identification:_identify(src/coach_bringup) by extension 'ros'
[1.399s] DEBUG:colcon.colcon_core.package_identification:Package 'src/coach_bringup' with type 'ros.ament_cmake' and name 'coach_bringup'
[1.400s] Level 1:colcon.colcon_core.package_identification:_identify(src/coach_feedback) by extensions ['ignore', 'ignore_ament_install']
[1.400s] Level 1:colcon.colcon_core.package_identification:_identify(src/coach_feedback) by extension 'ignore'
[1.400s] Level 1:colcon.colcon_core.package_identification:_identify(src/coach_feedback) by extension 'ignore_ament_install'
[1.400s] Level 1:colcon.colcon_core.package_identification:_identify(src/coach_feedback) by extensions ['colcon_pkg']
[1.400s] Level 1:colcon.colcon_core.package_identification:_identify(src/coach_feedback) by extension 'colcon_pkg'
[1.401s] Level 1:colcon.colcon_core.package_identification:_identify(src/coach_feedback) by extensions ['colcon_meta']
[1.401s] Level 1:colcon.colcon_core.package_identification:_identify(src/coach_feedback) by extension 'colcon_meta'
[1.401s] Level 1:colcon.colcon_core.package_identification:_identify(src/coach_feedback) by extensions ['ros']
[1.401s] Level 1:colcon.colcon_core.package_identification:_identify(src/coach_feedback) by extension 'ros'
[1.403s] DEBUG:colcon.colcon_core.package_identification:Package 'src/coach_feedback' with type 'ros.ament_python' and name 'coach_feedback'
[1.404s] Level 1:colcon.colcon_core.package_identification:_identify(src/coach_interfaces) by extensions ['ignore', 'ignore_ament_install']
[1.404s] Level 1:colcon.colcon_core.package_identification:_identify(src/coach_interfaces) by extension 'ignore'
[1.405s] Level 1:colcon.colcon_core.package_identification:_identify(src/coach_interfaces) by extension 'ignore_ament_install'
[1.405s] Level 1:colcon.colcon_core.package_identification:_identify(src/coach_interfaces) by extensions ['colcon_pkg']
[1.405s] Level 1:colcon.colcon_core.package_identification:_identify(src/coach_interfaces) by extension 'colcon_pkg'
[1.405s] Level 1:colcon.colcon_core.package_identification:_identify(src/coach_interfaces) by extensions ['colcon_meta']
[1.405s] Level 1:colcon.colcon_core.package_identification:_identify(src/coach_interfaces) by extension 'colcon_meta'
[1.405s] Level 1:colcon.colcon_core.package_identification:_identify(src/coach_interfaces) by extensions ['ros']
[1.405s] Level 1:colcon.colcon_core.package_identification:_identify(src/coach_interfaces) by extension 'ros'
[1.408s] DEBUG:colcon.colcon_core.package_identification:Package 'src/coach_interfaces' with type 'ros.catkin' and name 'coach_interfaces'
[1.409s] Level 1:colcon.colcon_core.package_identification:_identify(src/coach_vision) by extensions ['ignore', 'ignore_ament_install']
[1.409s] Level 1:colcon.colcon_core.package_identification:_identify(src/coach_vision) by extension 'ignore'
[1.409s] Level 1:colcon.colcon_core.package_identification:_identify(src/coach_vision) by extension 'ignore_ament_install'
[1.409s] Level 1:colcon.colcon_core.package_identification:_identify(src/coach_vision) by extensions ['colcon_pkg']
[1.409s] Level 1:colcon.colcon_core.package_identification:_identify(src/coach_vision) by extension 'colcon_pkg'
[1.409s] Level 1:colcon.colcon_core.package_identification:_identify(src/coach_vision) by extensions ['colcon_meta']
[1.409s] Level 1:colcon.colcon_core.package_identification:_identify(src/coach_vision) by extension 'colcon_meta'
[1.409s] Level 1:colcon.colcon_core.package_identification:_identify(src/coach_vision) by extensions ['ros']
[1.410s] Level 1:colcon.colcon_core.package_identification:_identify(src/coach_vision) by extension 'ros'
[1.411s] DEBUG:colcon.colcon_core.package_identification:Package 'src/coach_vision' with type 'ros.ament_python' and name 'coach_vision'
[1.411s] Level 1:colcon.colcon_core.package_discovery:discover_packages(recursive) using defaults
[1.411s] Level 1:colcon.colcon_core.package_discovery:discover_packages(ignore) discover
[1.411s] Level 1:colcon.colcon_core.package_discovery:discover_packages(ignore) using defaults
[1.411s] Level 1:colcon.colcon_core.package_discovery:discover_packages(path) discover
[1.412s] Level 1:colcon.colcon_core.package_discovery:discover_packages(path) using defaults
[1.470s] INFO:colcon.colcon_core.package_selection:Skipping not selected package 'coach_analyzer' in 'src/coach_analyzer'
[1.470s] INFO:colcon.colcon_core.package_selection:Skipping not selected package 'coach_feedback' in 'src/coach_feedback'
[1.470s] INFO:colcon.colcon_core.package_selection:Skipping not selected package 'coach_interfaces' in 'src/coach_interfaces'
[1.470s] INFO:colcon.colcon_core.package_selection:Skipping not selected package 'coach_vision' in 'src/coach_vision'
[1.471s] Level 1:colcon.colcon_core.package_discovery:discover_packages(prefix_path) check parameters
[1.471s] Level 1:colcon.colcon_core.package_discovery:discover_packages(prefix_path) discover
[1.475s] WARNING:colcon.colcon_ros.prefix_path.ament:The path '/home/athmani-roumaissa/ros2_coach_ws/install/coach_vision' in the environment variable AMENT_PREFIX_PATH doesn't exist
[1.476s] WARNING:colcon.colcon_ros.prefix_path.catkin:The path '/home/athmani-roumaissa/ros2_coach_ws/install/coach_interfaces' in the environment variable CMAKE_PREFIX_PATH doesn't exist
[1.481s] DEBUG:colcon.colcon_installed_package_information.package_discovery:Found 2 installed packages in /home/athmani-roumaissa/ros2_coach_ws/install
[1.491s] DEBUG:colcon.colcon_installed_package_information.package_discovery:Found 361 installed packages in /opt/ros/jazzy
[1.497s] Level 1:colcon.colcon_core.package_discovery:discover_packages(prefix_path) using defaults
[1.836s] Level 5:colcon.colcon_core.verb:set package 'coach_bringup' build argument 'cmake_args' from command line to 'None'
[1.836s] Level 5:colcon.colcon_core.verb:set package 'coach_bringup' build argument 'cmake_target' from command line to 'None'
[1.836s] Level 5:colcon.colcon_core.verb:set package 'coach_bringup' build argument 'cmake_target_skip_unavailable' from command line to 'False'
[1.836s] Level 5:colcon.colcon_core.verb:set package 'coach_bringup' build argument 'cmake_clean_cache' from command line to 'False'
[1.836s] Level 5:colcon.colcon_core.verb:set package 'coach_bringup' build argument 'cmake_clean_first' from command line to 'False'
[1.836s] Level 5:colcon.colcon_core.verb:set package 'coach_bringup' build argument 'cmake_force_configure' from command line to 'False'
[1.836s] Level 5:colcon.colcon_core.verb:set package 'coach_bringup' build argument 'ament_cmake_args' from command line to 'None'
[1.837s] Level 5:colcon.colcon_core.verb:set package 'coach_bringup' build argument 'catkin_cmake_args' from command line to 'None'
[1.837s] Level 5:colcon.colcon_core.verb:set package 'coach_bringup' build argument 'catkin_skip_building_tests' from command line to 'False'
[1.837s] DEBUG:colcon.colcon_core.verb:Building package 'coach_bringup' with the following arguments: {'ament_cmake_args': None, 'build_base': '/home/athmani-roumaissa/ros2_coach_ws/build/coach_bringup', 'catkin_cmake_args': None, 'catkin_skip_building_tests': False, 'cmake_args': None, 'cmake_clean_cache': False, 'cmake_clean_first': False, 'cmake_force_configure': False, 'cmake_target': None, 'cmake_target_skip_unavailable': False, 'install_base': '/home/athmani-roumaissa/ros2_coach_ws/install/coach_bringup', 'merge_install': False, 'path': '/home/athmani-roumaissa/ros2_coach_ws/src/coach_bringup', 'symlink_install': False, 'test_result_base': None}
[1.837s] INFO:colcon.colcon_core.executor:Executing jobs using 'parallel' executor
[1.839s] DEBUG:colcon.colcon_parallel_executor.executor.parallel:run_until_complete
[1.840s] INFO:colcon.colcon_ros.task.ament_cmake.build:Building ROS package in '/home/athmani-roumaissa/ros2_coach_ws/src/coach_bringup' with build type 'ament_cmake'
[1.840s] INFO:colcon.colcon_cmake.task.cmake.build:Building CMake package in '/home/athmani-roumaissa/ros2_coach_ws/src/coach_bringup'
[1.851s] INFO:colcon.colcon_core.plugin_system:Skipping extension 'colcon_core.shell.bat': Not used on non-Windows systems
[1.851s] INFO:colcon.colcon_core.shell:Skip shell extension 'powershell' for command environment: Not usable outside of PowerShell
[1.852s] DEBUG:colcon.colcon_core.shell:Skip shell extension 'dsv' for command environment
[1.876s] DEBUG:colcon.colcon_core.event_handler.log_command:Invoking command in '/home/athmani-roumaissa/ros2_coach_ws/build/coach_bringup': CMAKE_PREFIX_PATH=${CMAKE_PREFIX_PATH}:/home/athmani-roumaissa/ros2_coach_ws/install/coach_vision:/home/athmani-roumaissa/ros2_coach_ws/install/coach_feedback:/home/athmani-roumaissa/ros2_coach_ws/install/coach_analyzer:/opt/ros/jazzy DEBUGINFOD_URLS=https://debuginfod.ubuntu.com PS1=(gym_env) \[\e]0;\u@\h: \w\a\]${debian_chroot:+($debian_chroot)}\[\033[01;32m\]\u@\h\[\033[00m\]:\[\033[01;34m\]\w\[\033[00m\]\$ VIRTUAL_ENV_PROMPT=(gym_env) /usr/bin/cmake /home/athmani-roumaissa/ros2_coach_ws/src/coach_bringup -DCMAKE_INSTALL_PREFIX=/home/athmani-roumaissa/ros2_coach_ws/install/coach_bringup
[2.582s] DEBUG:colcon.colcon_core.event_handler.log_command:Invoked command in '/home/athmani-roumaissa/ros2_coach_ws/build/coach_bringup' returned '1': CMAKE_PREFIX_PATH=${CMAKE_PREFIX_PATH}:/home/athmani-roumaissa/ros2_coach_ws/install/coach_vision:/home/athmani-roumaissa/ros2_coach_ws/install/coach_feedback:/home/athmani-roumaissa/ros2_coach_ws/install/coach_analyzer:/opt/ros/jazzy DEBUGINFOD_URLS=https://debuginfod.ubuntu.com PS1=(gym_env) \[\e]0;\u@\h: \w\a\]${debian_chroot:+($debian_chroot)}\[\033[01;32m\]\u@\h\[\033[00m\]:\[\033[01;34m\]\w\[\033[00m\]\$ VIRTUAL_ENV_PROMPT=(gym_env) /usr/bin/cmake /home/athmani-roumaissa/ros2_coach_ws/src/coach_bringup -DCMAKE_INSTALL_PREFIX=/home/athmani-roumaissa/ros2_coach_ws/install/coach_bringup
[2.616s] Level 1:colcon.colcon_core.environment:create_environment_scripts_only(coach_bringup)
[2.629s] Level 1:colcon.colcon_core.environment:checking '/home/athmani-roumaissa/ros2_coach_ws/install/coach_bringup' for CMake module files
[2.630s] Level 1:colcon.colcon_core.environment:checking '/home/athmani-roumaissa/ros2_coach_ws/install/coach_bringup' for CMake config files
[2.631s] Level 1:colcon.colcon_core.environment:checking '/home/athmani-roumaissa/ros2_coach_ws/install/coach_bringup/bin'
[2.631s] Level 1:colcon.colcon_core.environment:checking '/home/athmani-roumaissa/ros2_coach_ws/install/coach_bringup/lib/pkgconfig/coach_bringup.pc'
[2.632s] Level 1:colcon.colcon_core.environment:checking '/home/athmani-roumaissa/ros2_coach_ws/install/coach_bringup/lib/python3.12/site-packages'
[2.632s] Level 1:colcon.colcon_core.environment:checking '/home/athmani-roumaissa/ros2_coach_ws/install/coach_bringup/bin'
[2.633s] INFO:colcon.colcon_core.shell:Creating package script '/home/athmani-roumaissa/ros2_coach_ws/install/coach_bringup/share/coach_bringup/package.ps1'
[2.636s] INFO:colcon.colcon_core.shell:Creating package descriptor '/home/athmani-roumaissa/ros2_coach_ws/install/coach_bringup/share/coach_bringup/package.dsv'
[2.637s] INFO:colcon.colcon_core.shell:Creating package script '/home/athmani-roumaissa/ros2_coach_ws/install/coach_bringup/share/coach_bringup/package.sh'
[2.639s] INFO:colcon.colcon_core.shell:Creating package script '/home/athmani-roumaissa/ros2_coach_ws/install/coach_bringup/share/coach_bringup/package.bash'
[2.641s] INFO:colcon.colcon_core.shell:Creating package script '/home/athmani-roumaissa/ros2_coach_ws/install/coach_bringup/share/coach_bringup/package.zsh'
[2.643s] Level 1:colcon.colcon_core.environment:create_file_with_runtime_dependencies(/home/athmani-roumaissa/ros2_coach_ws/install/coach_bringup/share/colcon-core/packages/coach_bringup)
[2.654s] DEBUG:colcon.colcon_parallel_executor.executor.parallel:closing loop
[2.654s] DEBUG:colcon.colcon_parallel_executor.executor.parallel:loop closed
[2.654s] DEBUG:colcon.colcon_parallel_executor.executor.parallel:run_until_complete finished with '1'
[2.655s] DEBUG:colcon.colcon_core.event_reactor:joining thread
[2.677s] INFO:colcon.colcon_core.plugin_system:Skipping extension 'colcon_notification.desktop_notification.terminal_notifier': Not used on non-Darwin systems
[2.677s] INFO:colcon.colcon_core.plugin_system:Skipping extension 'colcon_notification.desktop_notification.win32': Not used on non-Windows systems
[2.677s] INFO:colcon.colcon_notification.desktop_notification:Sending desktop notification using 'notify2'
[2.746s] DEBUG:colcon.colcon_core.event_reactor:joined thread
[2.746s] INFO:colcon.colcon_core.shell:Creating prefix script '/home/athmani-roumaissa/ros2_coach_ws/install/local_setup.ps1'
[2.748s] INFO:colcon.colcon_core.shell:Creating prefix util module '/home/athmani-roumaissa/ros2_coach_ws/install/_local_setup_util_ps1.py'
[2.753s] INFO:colcon.colcon_core.shell:Creating prefix chain script '/home/athmani-roumaissa/ros2_coach_ws/install/setup.ps1'
[2.756s] INFO:colcon.colcon_core.shell:Creating prefix script '/home/athmani-roumaissa/ros2_coach_ws/install/local_setup.sh'
[2.758s] INFO:colcon.colcon_core.shell:Creating prefix util module '/home/athmani-roumaissa/ros2_coach_ws/install/_local_setup_util_sh.py'
[2.759s] INFO:colcon.colcon_core.shell:Creating prefix chain script '/home/athmani-roumaissa/ros2_coach_ws/install/setup.sh'
[2.762s] INFO:colcon.colcon_core.shell:Creating prefix script '/home/athmani-roumaissa/ros2_coach_ws/install/local_setup.bash'
[2.763s] INFO:colcon.colcon_core.shell:Creating prefix chain script '/home/athmani-roumaissa/ros2_coach_ws/install/setup.bash'
[2.768s] INFO:colcon.colcon_core.shell:Creating prefix script '/home/athmani-roumaissa/ros2_coach_ws/install/local_setup.zsh'
[2.769s] INFO:colcon.colcon_core.shell:Creating prefix chain script '/home/athmani-roumaissa/ros2_coach_ws/install/setup.zsh'
