[0.376s] DEBUG:colcon:Command line arguments: ['/usr/bin/colcon', 'build', '--packages-select', 'coach_bringup', '--event-handlers', 'console_direct+']
[0.376s] DEBUG:colcon:Parsed command line arguments: Namespace(log_base=None, log_level=None, verb_name='build', build_base='build', install_base='install', merge_install=False, symlink_install=False, test_result_base=None, continue_on_error=False, executor='parallel', parallel_workers=4, event_handlers=['console_direct+'], ignore_user_meta=False, metas=['./colcon.meta'], base_paths=['.'], packages_ignore=None, packages_ignore_regex=None, paths=None, packages_up_to=None, packages_up_to_regex=None, packages_above=None, packages_above_and_dependencies=None, packages_above_depth=None, packages_select_by_dep=None, packages_skip_by_dep=None, packages_skip_up_to=None, packages_select_build_failed=False, packages_skip_build_finished=False, packages_select_test_failures=False, packages_skip_test_passed=False, packages_select=['coach_bringup'], packages_skip=None, packages_select_regex=None, packages_skip_regex=None, packages_start=None, packages_end=None, allow_overriding=[], cmake_args=None, cmake_target=None, cmake_target_skip_unavailable=False, cmake_clean_cache=False, cmake_clean_first=False, cmake_force_configure=False, ament_cmake_args=None, catkin_cmake_args=None, catkin_skip_building_tests=False, verb_parser=<colcon_defaults.argument_parser.defaults.DefaultArgumentsDecorator object at 0x7d5925f66b10>, verb_extension=<colcon_core.verb.build.BuildVerb object at 0x7d5925f0cb30>, main=<bound method BuildVerb.main of <colcon_core.verb.build.BuildVerb object at 0x7d5925f0cb30>>)
[0.495s] Level 1:colcon.colcon_core.package_discovery:discover_packages(colcon_meta) check parameters
[0.495s] Level 1:colcon.colcon_core.package_discovery:discover_packages(recursive) check parameters
[0.495s] Level 1:colcon.colcon_core.package_discovery:discover_packages(ignore) check parameters
[0.495s] Level 1:colcon.colcon_core.package_discovery:discover_packages(path) check parameters
[0.495s] Level 1:colcon.colcon_core.package_discovery:discover_packages(colcon_meta) discover
[0.495s] Level 1:colcon.colcon_core.package_discovery:discover_packages(recursive) discover
[0.495s] INFO:colcon.colcon_core.package_discovery:Crawling recursively for packages in '/home/athmani-roumaissa/ros2_coach_ws'
[0.496s] Level 1:colcon.colcon_core.package_identification:_identify(.) by extensions ['ignore', 'ignore_ament_install']
[0.496s] Level 1:colcon.colcon_core.package_identification:_identify(.) by extension 'ignore'
[0.496s] Level 1:colcon.colcon_core.package_identification:_identify(.) by extension 'ignore_ament_install'
[0.496s] Level 1:colcon.colcon_core.package_identification:_identify(.) by extensions ['colcon_pkg']
[0.496s] Level 1:colcon.colcon_core.package_identification:_identify(.) by extension 'colcon_pkg'
[0.496s] Level 1:colcon.colcon_core.package_identification:_identify(.) by extensions ['colcon_meta']
[0.496s] Level 1:colcon.colcon_core.package_identification:_identify(.) by extension 'colcon_meta'
[0.496s] Level 1:colcon.colcon_core.package_identification:_identify(.) by extensions ['ros']
[0.496s] Level 1:colcon.colcon_core.package_identification:_identify(.) by extension 'ros'
[0.576s] Level 1:colcon.colcon_core.package_identification:_identify(.) by extensions ['cmake', 'python']
[0.576s] Level 1:colcon.colcon_core.package_identification:_identify(.) by extension 'cmake'
[0.576s] Level 1:colcon.colcon_core.package_identification:_identify(.) by extension 'python'
[0.577s] Level 1:colcon.colcon_core.package_identification:_identify(.) by extensions ['python_setup_py']
[0.577s] Level 1:colcon.colcon_core.package_identification:_identify(.) by extension 'python_setup_py'
[0.577s] Level 1:colcon.colcon_core.package_identification:_identify(build) by extensions ['ignore', 'ignore_ament_install']
[0.577s] Level 1:colcon.colcon_core.package_identification:_identify(build) by extension 'ignore'
[0.577s] Level 1:colcon.colcon_core.package_identification:_identify(build) ignored
[0.578s] Level 1:colcon.colcon_core.package_identification:_identify(gym_env) by extensions ['ignore', 'ignore_ament_install']
[0.578s] Level 1:colcon.colcon_core.package_identification:_identify(gym_env) by extension 'ignore'
[0.578s] Level 1:colcon.colcon_core.package_identification:_identify(gym_env) by extension 'ignore_ament_install'
[0.578s] Level 1:colcon.colcon_core.package_identification:_identify(gym_env) by extensions ['colcon_pkg']
[0.578s] Level 1:colcon.colcon_core.package_identification:_identify(gym_env) by extension 'colcon_pkg'
[0.579s] Level 1:colcon.colcon_core.package_identification:_identify(gym_env) by extensions ['colcon_meta']
[0.579s] Level 1:colcon.colcon_core.package_identification:_identify(gym_env) by extension 'colcon_meta'
[0.579s] Level 1:colcon.colcon_core.package_identification:_identify(gym_env) by extensions ['ros']
[0.579s] Level 1:colcon.colcon_core.package_identification:_identify(gym_env) by extension 'ros'
[0.579s] Level 1:colcon.colcon_core.package_identification:_identify(gym_env) by extensions ['cmake', 'python']
[0.579s] Level 1:colcon.colcon_core.package_identification:_identify(gym_env) by extension 'cmake'
[0.580s] Level 1:colcon.colcon_core.package_identification:_identify(gym_env) by extension 'python'
[0.580s] Level 1:colcon.colcon_core.package_identification:_identify(gym_env) by extensions ['python_setup_py']
[0.580s] Level 1:colcon.colcon_core.package_identification:_identify(gym_env) by extension 'python_setup_py'
[0.580s] Level 1:colcon.colcon_core.package_identification:_identify(gym_env/bin) by extensions ['ignore', 'ignore_ament_install']
[0.580s] Level 1:colcon.colcon_core.package_identification:_identify(gym_env/bin) by extension 'ignore'
[0.580s] Level 1:colcon.colcon_core.package_identification:_identify(gym_env/bin) by extension 'ignore_ament_install'
[0.581s] Level 1:colcon.colcon_core.package_identification:_identify(gym_env/bin) by extensions ['colcon_pkg']
[0.581s] Level 1:colcon.colcon_core.package_identification:_identify(gym_env/bin) by extension 'colcon_pkg'
[0.581s] Level 1:colcon.colcon_core.package_identification:_identify(gym_env/bin) by extensions ['colcon_meta']
[0.581s] Level 1:colcon.colcon_core.package_identification:_identify(gym_env/bin) by extension 'colcon_meta'
[0.581s] Level 1:colcon.colcon_core.package_identification:_identify(gym_env/bin) by extensions ['ros']
[0.581s] Level 1:colcon.colcon_core.package_identification:_identify(gym_env/bin) by extension 'ros'
[0.581s] Level 1:colcon.colcon_core.package_identification:_identify(gym_env/bin) by extensions ['cmake', 'python']
[0.581s] Level 1:colcon.colcon_core.package_identification:_identify(gym_env/bin) by extension 'cmake'
[0.581s] Level 1:colcon.colcon_core.package_identification:_identify(gym_env/bin) by extension 'python'
[0.581s] Level 1:colcon.colcon_core.package_identification:_identify(gym_env/bin) by extensions ['python_setup_py']
[0.582s] Level 1:colcon.colcon_core.package_identification:_identify(gym_env/bin) by extension 'python_setup_py'
[0.582s] Level 1:colcon.colcon_core.package_identification:_identify(gym_env/include) by extensions ['ignore', 'ignore_ament_install']
[0.582s] Level 1:colcon.colcon_core.package_identification:_identify(gym_env/include) by extension 'ignore'
[0.582s] Level 1:colcon.colcon_core.package_identification:_identify(gym_env/include) by extension 'ignore_ament_install'
[0.582s] Level 1:colcon.colcon_core.package_identification:_identify(gym_env/include) by extensions ['colcon_pkg']
[0.582s] Level 1:colcon.colcon_core.package_identification:_identify(gym_env/include) by extension 'colcon_pkg'
[0.582s] Level 1:colcon.colcon_core.package_identification:_identify(gym_env/include) by extensions ['colcon_meta']
[0.582s] Level 1:colcon.colcon_core.package_identification:_identify(gym_env/include) by extension 'colcon_meta'
[0.583s] Level 1:colcon.colcon_core.package_identification:_identify(gym_env/include) by extensions ['ros']
[0.583s] Level 1:colcon.colcon_core.package_identification:_identify(gym_env/include) by extension 'ros'
[0.583s] Level 1:colcon.colcon_core.package_identification:_identify(gym_env/include) by extensions ['cmake', 'python']
[0.583s] Level 1:colcon.colcon_core.package_identification:_identify(gym_env/include) by extension 'cmake'
[0.583s] Level 1:colcon.colcon_core.package_identification:_identify(gym_env/include) by extension 'python'
[0.583s] Level 1:colcon.colcon_core.package_identification:_identify(gym_env/include) by extensions ['python_setup_py']
[0.583s] Level 1:colcon.colcon_core.package_identification:_identify(gym_env/include) by extension 'python_setup_py'
[0.583s] Level 1:colcon.colcon_core.package_identification:_identify(gym_env/include/python3.12) by extensions ['ignore', 'ignore_ament_install']
[0.583s] Level 1:colcon.colcon_core.package_identification:_identify(gym_env/include/python3.12) by extension 'ignore'
[0.584s] Level 1:colcon.colcon_core.package_identification:_identify(gym_env/include/python3.12) by extension 'ignore_ament_install'
[0.584s] Level 1:colcon.colcon_core.package_identification:_identify(gym_env/include/python3.12) by extensions ['colcon_pkg']
[0.584s] Level 1:colcon.colcon_core.package_identification:_identify(gym_env/include/python3.12) by extension 'colcon_pkg'
[0.584s] Level 1:colcon.colcon_core.package_identification:_identify(gym_env/include/python3.12) by extensions ['colcon_meta']
[0.584s] Level 1:colcon.colcon_core.package_identification:_identify(gym_env/include/python3.12) by extension 'colcon_meta'
[0.584s] Level 1:colcon.colcon_core.package_identification:_identify(gym_env/include/python3.12) by extensions ['ros']
[0.584s] Level 1:colcon.colcon_core.package_identification:_identify(gym_env/include/python3.12) by extension 'ros'
[0.584s] Level 1:colcon.colcon_core.package_identification:_identify(gym_env/include/python3.12) by extensions ['cmake', 'python']
[0.584s] Level 1:colcon.colcon_core.package_identification:_identify(gym_env/include/python3.12) by extension 'cmake'
[0.584s] Level 1:colcon.colcon_core.package_identification:_identify(gym_env/include/python3.12) by extension 'python'
[0.585s] Level 1:colcon.colcon_core.package_identification:_identify(gym_env/include/python3.12) by extensions ['python_setup_py']
[0.585s] Level 1:colcon.colcon_core.package_identification:_identify(gym_env/include/python3.12) by extension 'python_setup_py'
[0.585s] Level 1:colcon.colcon_core.package_identification:_identify(gym_env/include/site) by extensions ['ignore', 'ignore_ament_install']
[0.585s] Level 1:colcon.colcon_core.package_identification:_identify(gym_env/include/site) by extension 'ignore'
[0.585s] Level 1:colcon.colcon_core.package_identification:_identify(gym_env/include/site) by extension 'ignore_ament_install'
[0.585s] Level 1:colcon.colcon_core.package_identification:_identify(gym_env/include/site) by extensions ['colcon_pkg']
[0.585s] Level 1:colcon.colcon_core.package_identification:_identify(gym_env/include/site) by extension 'colcon_pkg'
[0.585s] Level 1:colcon.colcon_core.package_identification:_identify(gym_env/include/site) by extensions ['colcon_meta']
[0.586s] Level 1:colcon.colcon_core.package_identification:_identify(gym_env/include/site) by extension 'colcon_meta'
[0.586s] Level 1:colcon.colcon_core.package_identification:_identify(gym_env/include/site) by extensions ['ros']
[0.586s] Level 1:colcon.colcon_core.package_identification:_identify(gym_env/include/site) by extension 'ros'
[0.586s] Level 1:colcon.colcon_core.package_identification:_identify(gym_env/include/site) by extensions ['cmake', 'python']
[0.586s] Level 1:colcon.colcon_core.package_identification:_identify(gym_env/include/site) by extension 'cmake'
[0.586s] Level 1:colcon.colcon_core.package_identification:_identify(gym_env/include/site) by extension 'python'
[0.586s] Level 1:colcon.colcon_core.package_identification:_identify(gym_env/include/site) by extensions ['python_setup_py']
[0.586s] Level 1:colcon.colcon_core.package_identification:_identify(gym_env/include/site) by extension 'python_setup_py'
[0.586s] Level 1:colcon.colcon_core.package_identification:_identify(gym_env/include/site/python3.12) by extensions ['ignore', 'ignore_ament_install']
[0.587s] Level 1:colcon.colcon_core.package_identification:_identify(gym_env/include/site/python3.12) by extension 'ignore'
[0.587s] Level 1:colcon.colcon_core.package_identification:_identify(gym_env/include/site/python3.12) by extension 'ignore_ament_install'
[0.587s] Level 1:colcon.colcon_core.package_identification:_identify(gym_env/include/site/python3.12) by extensions ['colcon_pkg']
[0.587s] Level 1:colcon.colcon_core.package_identification:_identify(gym_env/include/site/python3.12) by extension 'colcon_pkg'
[0.587s] Level 1:colcon.colcon_core.package_identification:_identify(gym_env/include/site/python3.12) by extensions ['colcon_meta']
[0.587s] Level 1:colcon.colcon_core.package_identification:_identify(gym_env/include/site/python3.12) by extension 'colcon_meta'
[0.587s] Level 1:colcon.colcon_core.package_identification:_identify(gym_env/include/site/python3.12) by extensions ['ros']
[0.587s] Level 1:colcon.colcon_core.package_identification:_identify(gym_env/include/site/python3.12) by extension 'ros'
[0.587s] Level 1:colcon.colcon_core.package_identification:_identify(gym_env/include/site/python3.12) by extensions ['cmake', 'python']
[0.587s] Level 1:colcon.colcon_core.package_identification:_identify(gym_env/include/site/python3.12) by extension 'cmake'
[0.588s] Level 1:colcon.colcon_core.package_identification:_identify(gym_env/include/site/python3.12) by extension 'python'
[0.588s] Level 1:colcon.colcon_core.package_identification:_identify(gym_env/include/site/python3.12) by extensions ['python_setup_py']
[0.588s] Level 1:colcon.colcon_core.package_identification:_identify(gym_env/include/site/python3.12) by extension 'python_setup_py'
[0.588s] Level 1:colcon.colcon_core.package_identification:_identify(gym_env/include/site/python3.12/pygame) by extensions ['ignore', 'ignore_ament_install']
[0.588s] Level 1:colcon.colcon_core.package_identification:_identify(gym_env/include/site/python3.12/pygame) by extension 'ignore'
[0.588s] Level 1:colcon.colcon_core.package_identification:_identify(gym_env/include/site/python3.12/pygame) by extension 'ignore_ament_install'
[0.588s] Level 1:colcon.colcon_core.package_identification:_identify(gym_env/include/site/python3.12/pygame) by extensions ['colcon_pkg']
[0.588s] Level 1:colcon.colcon_core.package_identification:_identify(gym_env/include/site/python3.12/pygame) by extension 'colcon_pkg'
[0.589s] Level 1:colcon.colcon_core.package_identification:_identify(gym_env/include/site/python3.12/pygame) by extensions ['colcon_meta']
[0.589s] Level 1:colcon.colcon_core.package_identification:_identify(gym_env/include/site/python3.12/pygame) by extension 'colcon_meta'
[0.589s] Level 1:colcon.colcon_core.package_identification:_identify(gym_env/include/site/python3.12/pygame) by extensions ['ros']
[0.589s] Level 1:colcon.colcon_core.package_identification:_identify(gym_env/include/site/python3.12/pygame) by extension 'ros'
[0.589s] Level 1:colcon.colcon_core.package_identification:_identify(gym_env/include/site/python3.12/pygame) by extensions ['cmake', 'python']
[0.589s] Level 1:colcon.colcon_core.package_identification:_identify(gym_env/include/site/python3.12/pygame) by extension 'cmake'
[0.589s] Level 1:colcon.colcon_core.package_identification:_identify(gym_env/include/site/python3.12/pygame) by extension 'python'
[0.589s] Level 1:colcon.colcon_core.package_identification:_identify(gym_env/include/site/python3.12/pygame) by extensions ['python_setup_py']
[0.589s] Level 1:colcon.colcon_core.package_identification:_identify(gym_env/include/site/python3.12/pygame) by extension 'python_setup_py'
[0.590s] Level 1:colcon.colcon_core.package_identification:_identify(gym_env/include/site/python3.12/pygame/include) by extensions ['ignore', 'ignore_ament_install']
[0.590s] Level 1:colcon.colcon_core.package_identification:_identify(gym_env/include/site/python3.12/pygame/include) by extension 'ignore'
[0.590s] Level 1:colcon.colcon_core.package_identification:_identify(gym_env/include/site/python3.12/pygame/include) by extension 'ignore_ament_install'
[0.590s] Level 1:colcon.colcon_core.package_identification:_identify(gym_env/include/site/python3.12/pygame/include) by extensions ['colcon_pkg']
[0.590s] Level 1:colcon.colcon_core.package_identification:_identify(gym_env/include/site/python3.12/pygame/include) by extension 'colcon_pkg'
[0.590s] Level 1:colcon.colcon_core.package_identification:_identify(gym_env/include/site/python3.12/pygame/include) by extensions ['colcon_meta']
[0.590s] Level 1:colcon.colcon_core.package_identification:_identify(gym_env/include/site/python3.12/pygame/include) by extension 'colcon_meta'
[0.590s] Level 1:colcon.colcon_core.package_identification:_identify(gym_env/include/site/python3.12/pygame/include) by extensions ['ros']
[0.591s] Level 1:colcon.colcon_core.package_identification:_identify(gym_env/include/site/python3.12/pygame/include) by extension 'ros'
[0.591s] Level 1:colcon.colcon_core.package_identification:_identify(gym_env/include/site/python3.12/pygame/include) by extensions ['cmake', 'python']
[0.591s] Level 1:colcon.colcon_core.package_identification:_identify(gym_env/include/site/python3.12/pygame/include) by extension 'cmake'
[0.591s] Level 1:colcon.colcon_core.package_identification:_identify(gym_env/include/site/python3.12/pygame/include) by extension 'python'
[0.591s] Level 1:colcon.colcon_core.package_identification:_identify(gym_env/include/site/python3.12/pygame/include) by extensions ['python_setup_py']
[0.591s] Level 1:colcon.colcon_core.package_identification:_identify(gym_env/include/site/python3.12/pygame/include) by extension 'python_setup_py'
[0.591s] Level 1:colcon.colcon_core.package_identification:_identify(gym_env/lib) by extensions ['ignore', 'ignore_ament_install']
[0.592s] Level 1:colcon.colcon_core.package_identification:_identify(gym_env/lib) by extension 'ignore'
[0.592s] Level 1:colcon.colcon_core.package_identification:_identify(gym_env/lib) by extension 'ignore_ament_install'
[0.592s] Level 1:colcon.colcon_core.package_identification:_identify(gym_env/lib) by extensions ['colcon_pkg']
[0.592s] Level 1:colcon.colcon_core.package_identification:_identify(gym_env/lib) by extension 'colcon_pkg'
[0.592s] Level 1:colcon.colcon_core.package_identification:_identify(gym_env/lib) by extensions ['colcon_meta']
[0.592s] Level 1:colcon.colcon_core.package_identification:_identify(gym_env/lib) by extension 'colcon_meta'
[0.592s] Level 1:colcon.colcon_core.package_identification:_identify(gym_env/lib) by extensions ['ros']
[0.592s] Level 1:colcon.colcon_core.package_identification:_identify(gym_env/lib) by extension 'ros'
[0.592s] Level 1:colcon.colcon_core.package_identification:_identify(gym_env/lib) by extensions ['cmake', 'python']
[0.593s] Level 1:colcon.colcon_core.package_identification:_identify(gym_env/lib) by extension 'cmake'
[0.593s] Level 1:colcon.colcon_core.package_identification:_identify(gym_env/lib) by extension 'python'
[0.593s] Level 1:colcon.colcon_core.package_identification:_identify(gym_env/lib) by extensions ['python_setup_py']
[0.593s] Level 1:colcon.colcon_core.package_identification:_identify(gym_env/lib) by extension 'python_setup_py'
[0.593s] Level 1:colcon.colcon_core.package_identification:_identify(gym_env/lib/python3.12) by extensions ['ignore', 'ignore_ament_install']
[0.593s] Level 1:colcon.colcon_core.package_identification:_identify(gym_env/lib/python3.12) by extension 'ignore'
[0.593s] Level 1:colcon.colcon_core.package_identification:_identify(gym_env/lib/python3.12) by extension 'ignore_ament_install'
[0.593s] Level 1:colcon.colcon_core.package_identification:_identify(gym_env/lib/python3.12) by extensions ['colcon_pkg']
[0.594s] Level 1:colcon.colcon_core.package_identification:_identify(gym_env/lib/python3.12) by extension 'colcon_pkg'
[0.594s] Level 1:colcon.colcon_core.package_identification:_identify(gym_env/lib/python3.12) by extensions ['colcon_meta']
[0.594s] Level 1:colcon.colcon_core.package_identification:_identify(gym_env/lib/python3.12) by extension 'colcon_meta'
[0.594s] Level 1:colcon.colcon_core.package_identification:_identify(gym_env/lib/python3.12) by extensions ['ros']
[0.594s] Level 1:colcon.colcon_core.package_identification:_identify(gym_env/lib/python3.12) by extension 'ros'
[0.594s] Level 1:colcon.colcon_core.package_identification:_identify(gym_env/lib/python3.12) by extensions ['cmake', 'python']
[0.594s] Level 1:colcon.colcon_core.package_identification:_identify(gym_env/lib/python3.12) by extension 'cmake'
[0.595s] Level 1:colcon.colcon_core.package_identification:_identify(gym_env/lib/python3.12) by extension 'python'
[0.595s] Level 1:colcon.colcon_core.package_identification:_identify(gym_env/lib/python3.12) by extensions ['python_setup_py']
[0.595s] Level 1:colcon.colcon_core.package_identification:_identify(gym_env/lib/python3.12) by extension 'python_setup_py'
[0.595s] Level 1:colcon.colcon_core.package_identification:_identify(gym_env/lib/python3.12/site-packages) by extensions ['ignore', 'ignore_ament_install']
[0.595s] Level 1:colcon.colcon_core.package_identification:_identify(gym_env/lib/python3.12/site-packages) by extension 'ignore'
[0.596s] Level 1:colcon.colcon_core.package_identification:_identify(gym_env/lib/python3.12/site-packages) by extension 'ignore_ament_install'
[0.596s] Level 1:colcon.colcon_core.package_identification:_identify(gym_env/lib/python3.12/site-packages) by extensions ['colcon_pkg']
[0.596s] Level 1:colcon.colcon_core.package_identification:_identify(gym_env/lib/python3.12/site-packages) by extension 'colcon_pkg'
[0.596s] Level 1:colcon.colcon_core.package_identification:_identify(gym_env/lib/python3.12/site-packages) by extensions ['colcon_meta']
[0.596s] Level 1:colcon.colcon_core.package_identification:_identify(gym_env/lib/python3.12/site-packages) by extension 'colcon_meta'
[0.596s] Level 1:colcon.colcon_core.package_identification:_identify(gym_env/lib/python3.12/site-packages) by extensions ['ros']
[0.596s] Level 1:colcon.colcon_core.package_identification:_identify(gym_env/lib/python3.12/site-packages) by extension 'ros'
[0.597s] Level 1:colcon.colcon_core.package_identification:_identify(gym_env/lib/python3.12/site-packages) by extensions ['cmake', 'python']
[0.597s] Level 1:colcon.colcon_core.package_identification:_identify(gym_env/lib/python3.12/site-packages) by extension 'cmake'
[0.597s] Level 1:colcon.colcon_core.package_identification:_identify(gym_env/lib/python3.12/site-packages) by extension 'python'
[0.597s] Level 1:colcon.colcon_core.package_identification:_identify(gym_env/lib/python3.12/site-packages) by extensions ['python_setup_py']
[0.597s] Level 1:colcon.colcon_core.package_identification:_identify(gym_env/lib/python3.12/site-packages) by extension 'python_setup_py'
[0.597s] Level 1:colcon.colcon_core.package_identification:_identify(gym_env/lib/python3.12/site-packages/certifi) by extensions ['ignore', 'ignore_ament_install']
[0.597s] Level 1:colcon.colcon_core.package_identification:_identify(gym_env/lib/python3.12/site-packages/certifi) by extension 'ignore'
[0.598s] Level 1:colcon.colcon_core.package_identification:_identify(gym_env/lib/python3.12/site-packages/certifi) by extension 'ignore_ament_install'
[0.598s] Level 1:colcon.colcon_core.package_identification:_identify(gym_env/lib/python3.12/site-packages/certifi) by extensions ['colcon_pkg']
[0.598s] Level 1:colcon.colcon_core.package_identification:_identify(gym_env/lib/python3.12/site-packages/certifi) by extension 'colcon_pkg'
[0.598s] Level 1:colcon.colcon_core.package_identification:_identify(gym_env/lib/python3.12/site-packages/certifi) by extensions ['colcon_meta']
[0.598s] Level 1:colcon.colcon_core.package_identification:_identify(gym_env/lib/python3.12/site-packages/certifi) by extension 'colcon_meta'
[0.598s] Level 1:colcon.colcon_core.package_identification:_identify(gym_env/lib/python3.12/site-packages/certifi) by extensions ['ros']
[0.598s] Level 1:colcon.colcon_core.package_identification:_identify(gym_env/lib/python3.12/site-packages/certifi) by extension 'ros'
[0.598s] Level 1:colcon.colcon_core.package_identification:_identify(gym_env/lib/python3.12/site-packages/certifi) by extensions ['cmake', 'python']
[0.598s] Level 1:colcon.colcon_core.package_identification:_identify(gym_env/lib/python3.12/site-packages/certifi) by extension 'cmake'
[0.599s] Level 1:colcon.colcon_core.package_identification:_identify(gym_env/lib/python3.12/site-packages/certifi) by extension 'python'
[0.599s] Level 1:colcon.colcon_core.package_identification:_identify(gym_env/lib/python3.12/site-packages/certifi) by extensions ['python_setup_py']
[0.599s] Level 1:colcon.colcon_core.package_identification:_identify(gym_env/lib/python3.12/site-packages/certifi) by extension 'python_setup_py'
[0.599s] Level 1:colcon.colcon_core.package_identification:_identify(gym_env/lib/python3.12/site-packages/certifi/__pycache__) by extensions ['ignore', 'ignore_ament_install']
[0.599s] Level 1:colcon.colcon_core.package_identification:_identify(gym_env/lib/python3.12/site-packages/certifi/__pycache__) by extension 'ignore'
[0.599s] Level 1:colcon.colcon_core.package_identification:_identify(gym_env/lib/python3.12/site-packages/certifi/__pycache__) by extension 'ignore_ament_install'
[0.599s] Level 1:colcon.colcon_core.package_identification:_identify(gym_env/lib/python3.12/site-packages/certifi/__pycache__) by extensions ['colcon_pkg']
[0.600s] Level 1:colcon.colcon_core.package_identification:_identify(gym_env/lib/python3.12/site-packages/certifi/__pycache__) by extension 'colcon_pkg'
[0.600s] Level 1:colcon.colcon_core.package_identification:_identify(gym_env/lib/python3.12/site-packages/certifi/__pycache__) by extensions ['colcon_meta']
[0.600s] Level 1:colcon.colcon_core.package_identification:_identify(gym_env/lib/python3.12/site-packages/certifi/__pycache__) by extension 'colcon_meta'
[0.600s] Level 1:colcon.colcon_core.package_identification:_identify(gym_env/lib/python3.12/site-packages/certifi/__pycache__) by extensions ['ros']
[0.600s] Level 1:colcon.colcon_core.package_identification:_identify(gym_env/lib/python3.12/site-packages/certifi/__pycache__) by extension 'ros'
[0.600s] Level 1:colcon.colcon_core.package_identification:_identify(gym_env/lib/python3.12/site-packages/certifi/__pycache__) by extensions ['cmake', 'python']
[0.600s] Level 1:colcon.colcon_core.package_identification:_identify(gym_env/lib/python3.12/site-packages/certifi/__pycache__) by extension 'cmake'
[0.600s] Level 1:colcon.colcon_core.package_identification:_identify(gym_env/lib/python3.12/site-packages/certifi/__pycache__) by extension 'python'
[0.600s] Level 1:colcon.colcon_core.package_identification:_identify(gym_env/lib/python3.12/site-packages/certifi/__pycache__) by extensions ['python_setup_py']
[0.600s] Level 1:colcon.colcon_core.package_identification:_identify(gym_env/lib/python3.12/site-packages/certifi/__pycache__) by extension 'python_setup_py'
[0.601s] Level 1:colcon.colcon_core.package_identification:_identify(gym_env/lib/python3.12/site-packages/certifi-2026.4.22.dist-info) by extensions ['ignore', 'ignore_ament_install']
[0.601s] Level 1:colcon.colcon_core.package_identification:_identify(gym_env/lib/python3.12/site-packages/certifi-2026.4.22.dist-info) by extension 'ignore'
[0.601s] Level 1:colcon.colcon_core.package_identification:_identify(gym_env/lib/python3.12/site-packages/certifi-2026.4.22.dist-info) by extension 'ignore_ament_install'
[0.601s] Level 1:colcon.colcon_core.package_identification:_identify(gym_env/lib/python3.12/site-packages/certifi-2026.4.22.dist-info) by extensions ['colcon_pkg']
[0.601s] Level 1:colcon.colcon_core.package_identification:_identify(gym_env/lib/python3.12/site-packages/certifi-2026.4.22.dist-info) by extension 'colcon_pkg'
[0.601s] Level 1:colcon.colcon_core.package_identification:_identify(gym_env/lib/python3.12/site-packages/certifi-2026.4.22.dist-info) by extensions ['colcon_meta']
[0.601s] Level 1:colcon.colcon_core.package_identification:_identify(gym_env/lib/python3.12/site-packages/certifi-2026.4.22.dist-info) by extension 'colcon_meta'
[0.601s] Level 1:colcon.colcon_core.package_identification:_identify(gym_env/lib/python3.12/site-packages/certifi-2026.4.22.dist-info) by extensions ['ros']
[0.602s] Level 1:colcon.colcon_core.package_identification:_identify(gym_env/lib/python3.12/site-packages/certifi-2026.4.22.dist-info) by extension 'ros'
[0.602s] Level 1:colcon.colcon_core.package_identification:_identify(gym_env/lib/python3.12/site-packages/certifi-2026.4.22.dist-info) by extensions ['cmake', 'python']
[0.602s] Level 1:colcon.colcon_core.package_identification:_identify(gym_env/lib/python3.12/site-packages/certifi-2026.4.22.dist-info) by extension 'cmake'
[0.602s] Level 1:colcon.colcon_core.package_identification:_identify(gym_env/lib/python3.12/site-packages/certifi-2026.4.22.dist-info) by extension 'python'
[0.602s] Level 1:colcon.colcon_core.package_identification:_identify(gym_env/lib/python3.12/site-packages/certifi-2026.4.22.dist-info) by extensions ['python_setup_py']
[0.602s] Level 1:colcon.colcon_core.package_identification:_identify(gym_env/lib/python3.12/site-packages/certifi-2026.4.22.dist-info) by extension 'python_setup_py'
[0.602s] Level 1:colcon.colcon_core.package_identification:_identify(gym_env/lib/python3.12/site-packages/certifi-2026.4.22.dist-info/licenses) by extensions ['ignore', 'ignore_ament_install']
[0.602s] Level 1:colcon.colcon_core.package_identification:_identify(gym_env/lib/python3.12/site-packages/certifi-2026.4.22.dist-info/licenses) by extension 'ignore'
[0.603s] Level 1:colcon.colcon_core.package_identification:_identify(gym_env/lib/python3.12/site-packages/certifi-2026.4.22.dist-info/licenses) by extension 'ignore_ament_install'
[0.603s] Level 1:colcon.colcon_core.package_identification:_identify(gym_env/lib/python3.12/site-packages/certifi-2026.4.22.dist-info/licenses) by extensions ['colcon_pkg']
[0.603s] Level 1:colcon.colcon_core.package_identification:_identify(gym_env/lib/python3.12/site-packages/certifi-2026.4.22.dist-info/licenses) by extension 'colcon_pkg'
[0.603s] Level 1:colcon.colcon_core.package_identification:_identify(gym_env/lib/python3.12/site-packages/certifi-2026.4.22.dist-info/licenses) by extensions ['colcon_meta']
[0.603s] Level 1:colcon.colcon_core.package_identification:_identify(gym_env/lib/python3.12/site-packages/certifi-2026.4.22.dist-info/licenses) by extension 'colcon_meta'
[0.603s] Level 1:colcon.colcon_core.package_identification:_identify(gym_env/lib/python3.12/site-packages/certifi-2026.4.22.dist-info/licenses) by extensions ['ros']
[0.603s] Level 1:colcon.colcon_core.package_identification:_identify(gym_env/lib/python3.12/site-packages/certifi-2026.4.22.dist-info/licenses) by extension 'ros'
[0.603s] Level 1:colcon.colcon_core.package_identification:_identify(gym_env/lib/python3.12/site-packages/certifi-2026.4.22.dist-info/licenses) by extensions ['cmake', 'python']
[0.603s] Level 1:colcon.colcon_core.package_identification:_identify(gym_env/lib/python3.12/site-packages/certifi-2026.4.22.dist-info/licenses) by extension 'cmake'
[0.604s] Level 1:colcon.colcon_core.package_identification:_identify(gym_env/lib/python3.12/site-packages/certifi-2026.4.22.dist-info/licenses) by extension 'python'
[0.604s] Level 1:colcon.colcon_core.package_identification:_identify(gym_env/lib/python3.12/site-packages/certifi-2026.4.22.dist-info/licenses) by extensions ['python_setup_py']
[0.604s] Level 1:colcon.colcon_core.package_identification:_identify(gym_env/lib/python3.12/site-packages/certifi-2026.4.22.dist-info/licenses) by extension 'python_setup_py'
[0.604s] Level 1:colcon.colcon_core.package_identification:_identify(gym_env/lib/python3.12/site-packages/charset_normalizer) by extensions ['ignore', 'ignore_ament_install']
[0.604s] Level 1:colcon.colcon_core.package_identification:_identify(gym_env/lib/python3.12/site-packages/charset_normalizer) by extension 'ignore'
[0.604s] Level 1:colcon.colcon_core.package_identification:_identify(gym_env/lib/python3.12/site-packages/charset_normalizer) by extension 'ignore_ament_install'
[0.604s] Level 1:colcon.colcon_core.package_identification:_identify(gym_env/lib/python3.12/site-packages/charset_normalizer) by extensions ['colcon_pkg']
[0.604s] Level 1:colcon.colcon_core.package_identification:_identify(gym_env/lib/python3.12/site-packages/charset_normalizer) by extension 'colcon_pkg'
[0.605s] Level 1:colcon.colcon_core.package_identification:_identify(gym_env/lib/python3.12/site-packages/charset_normalizer) by extensions ['colcon_meta']
[0.605s] Level 1:colcon.colcon_core.package_identification:_identify(gym_env/lib/python3.12/site-packages/charset_normalizer) by extension 'colcon_meta'
[0.605s] Level 1:colcon.colcon_core.package_identification:_identify(gym_env/lib/python3.12/site-packages/charset_normalizer) by extensions ['ros']
[0.605s] Level 1:colcon.colcon_core.package_identification:_identify(gym_env/lib/python3.12/site-packages/charset_normalizer) by extension 'ros'
[0.605s] Level 1:colcon.colcon_core.package_identification:_identify(gym_env/lib/python3.12/site-packages/charset_normalizer) by extensions ['cmake', 'python']
[0.605s] Level 1:colcon.colcon_core.package_identification:_identify(gym_env/lib/python3.12/site-packages/charset_normalizer) by extension 'cmake'
[0.605s] Level 1:colcon.colcon_core.package_identification:_identify(gym_env/lib/python3.12/site-packages/charset_normalizer) by extension 'python'
[0.605s] Level 1:colcon.colcon_core.package_identification:_identify(gym_env/lib/python3.12/site-packages/charset_normalizer) by extensions ['python_setup_py']
[0.605s] Level 1:colcon.colcon_core.package_identification:_identify(gym_env/lib/python3.12/site-packages/charset_normalizer) by extension 'python_setup_py'
[0.606s] Level 1:colcon.colcon_core.package_identification:_identify(gym_env/lib/python3.12/site-packages/charset_normalizer/__pycache__) by extensions ['ignore', 'ignore_ament_install']
[0.606s] Level 1:colcon.colcon_core.package_identification:_identify(gym_env/lib/python3.12/site-packages/charset_normalizer/__pycache__) by extension 'ignore'
[0.606s] Level 1:colcon.colcon_core.package_identification:_identify(gym_env/lib/python3.12/site-packages/charset_normalizer/__pycache__) by extension 'ignore_ament_install'
[0.606s] Level 1:colcon.colcon_core.package_identification:_identify(gym_env/lib/python3.12/site-packages/charset_normalizer/__pycache__) by extensions ['colcon_pkg']
[0.606s] Level 1:colcon.colcon_core.package_identification:_identify(gym_env/lib/python3.12/site-packages/charset_normalizer/__pycache__) by extension 'colcon_pkg'
[0.606s] Level 1:colcon.colcon_core.package_identification:_identify(gym_env/lib/python3.12/site-packages/charset_normalizer/__pycache__) by extensions ['colcon_meta']
[0.606s] Level 1:colcon.colcon_core.package_identification:_identify(gym_env/lib/python3.12/site-packages/charset_normalizer/__pycache__) by extension 'colcon_meta'
[0.607s] Level 1:colcon.colcon_core.package_identification:_identify(gym_env/lib/python3.12/site-packages/charset_normalizer/__pycache__) by extensions ['ros']
[0.607s] Level 1:colcon.colcon_core.package_identification:_identify(gym_env/lib/python3.12/site-packages/charset_normalizer/__pycache__) by extension 'ros'
[0.607s] Level 1:colcon.colcon_core.package_identification:_identify(gym_env/lib/python3.12/site-packages/charset_normalizer/__pycache__) by extensions ['cmake', 'python']
[0.607s] Level 1:colcon.colcon_core.package_identification:_identify(gym_env/lib/python3.12/site-packages/charset_normalizer/__pycache__) by extension 'cmake'
[0.607s] Level 1:colcon.colcon_core.package_identification:_identify(gym_env/lib/python3.12/site-packages/charset_normalizer/__pycache__) by extension 'python'
[0.607s] Level 1:colcon.colcon_core.package_identification:_identify(gym_env/lib/python3.12/site-packages/charset_normalizer/__pycache__) by extensions ['python_setup_py']
[0.607s] Level 1:colcon.colcon_core.package_identification:_identify(gym_env/lib/python3.12/site-packages/charset_normalizer/__pycache__) by extension 'python_setup_py'
[0.608s] Level 1:colcon.colcon_core.package_identification:_identify(gym_env/lib/python3.12/site-packages/charset_normalizer/cli) by extensions ['ignore', 'ignore_ament_install']
[0.608s] Level 1:colcon.colcon_core.package_identification:_identify(gym_env/lib/python3.12/site-packages/charset_normalizer/cli) by extension 'ignore'
[0.608s] Level 1:colcon.colcon_core.package_identification:_identify(gym_env/lib/python3.12/site-packages/charset_normalizer/cli) by extension 'ignore_ament_install'
[0.608s] Level 1:colcon.colcon_core.package_identification:_identify(gym_env/lib/python3.12/site-packages/charset_normalizer/cli) by extensions ['colcon_pkg']
[0.608s] Level 1:colcon.colcon_core.package_identification:_identify(gym_env/lib/python3.12/site-packages/charset_normalizer/cli) by extension 'colcon_pkg'
[0.608s] Level 1:colcon.colcon_core.package_identification:_identify(gym_env/lib/python3.12/site-packages/charset_normalizer/cli) by extensions ['colcon_meta']
[0.608s] Level 1:colcon.colcon_core.package_identification:_identify(gym_env/lib/python3.12/site-packages/charset_normalizer/cli) by extension 'colcon_meta'
[0.609s] Level 1:colcon.colcon_core.package_identification:_identify(gym_env/lib/python3.12/site-packages/charset_normalizer/cli) by extensions ['ros']
[0.609s] Level 1:colcon.colcon_core.package_identification:_identify(gym_env/lib/python3.12/site-packages/charset_normalizer/cli) by extension 'ros'
[0.609s] Level 1:colcon.colcon_core.package_identification:_identify(gym_env/lib/python3.12/site-packages/charset_normalizer/cli) by extensions ['cmake', 'python']
[0.609s] Level 1:colcon.colcon_core.package_identification:_identify(gym_env/lib/python3.12/site-packages/charset_normalizer/cli) by extension 'cmake'
[0.609s] Level 1:colcon.colcon_core.package_identification:_identify(gym_env/lib/python3.12/site-packages/charset_normalizer/cli) by extension 'python'
[0.610s] Level 1:colcon.colcon_core.package_identification:_identify(gym_env/lib/python3.12/site-packages/charset_normalizer/cli) by extensions ['python_setup_py']
[0.610s] Level 1:colcon.colcon_core.package_identification:_identify(gym_env/lib/python3.12/site-packages/charset_normalizer/cli) by extension 'python_setup_py'
[0.610s] Level 1:colcon.colcon_core.package_identification:_identify(gym_env/lib/python3.12/site-packages/charset_normalizer/cli/__pycache__) by extensions ['ignore', 'ignore_ament_install']
[0.610s] Level 1:colcon.colcon_core.package_identification:_identify(gym_env/lib/python3.12/site-packages/charset_normalizer/cli/__pycache__) by extension 'ignore'
[0.611s] Level 1:colcon.colcon_core.package_identification:_identify(gym_env/lib/python3.12/site-packages/charset_normalizer/cli/__pycache__) by extension 'ignore_ament_install'
[0.611s] Level 1:colcon.colcon_core.package_identification:_identify(gym_env/lib/python3.12/site-packages/charset_normalizer/cli/__pycache__) by extensions ['colcon_pkg']
[0.611s] Level 1:colcon.colcon_core.package_identification:_identify(gym_env/lib/python3.12/site-packages/charset_normalizer/cli/__pycache__) by extension 'colcon_pkg'
[0.611s] Level 1:colcon.colcon_core.package_identification:_identify(gym_env/lib/python3.12/site-packages/charset_normalizer/cli/__pycache__) by extensions ['colcon_meta']
[0.611s] Level 1:colcon.colcon_core.package_identification:_identify(gym_env/lib/python3.12/site-packages/charset_normalizer/cli/__pycache__) by extension 'colcon_meta'
[0.612s] Level 1:colcon.colcon_core.package_identification:_identify(gym_env/lib/python3.12/site-packages/charset_normalizer/cli/__pycache__) by extensions ['ros']
[0.612s] Level 1:colcon.colcon_core.package_identification:_identify(gym_env/lib/python3.12/site-packages/charset_normalizer/cli/__pycache__) by extension 'ros'
[0.612s] Level 1:colcon.colcon_core.package_identification:_identify(gym_env/lib/python3.12/site-packages/charset_normalizer/cli/__pycache__) by extensions ['cmake', 'python']
[0.612s] Level 1:colcon.colcon_core.package_identification:_identify(gym_env/lib/python3.12/site-packages/charset_normalizer/cli/__pycache__) by extension 'cmake'
[0.612s] Level 1:colcon.colcon_core.package_identification:_identify(gym_env/lib/python3.12/site-packages/charset_normalizer/cli/__pycache__) by extension 'python'
[0.612s] Level 1:colcon.colcon_core.package_identification:_identify(gym_env/lib/python3.12/site-packages/charset_normalizer/cli/__pycache__) by extensions ['python_setup_py']
[0.612s] Level 1:colcon.colcon_core.package_identification:_identify(gym_env/lib/python3.12/site-packages/charset_normalizer/cli/__pycache__) by extension 'python_setup_py'
[0.613s] Level 1:colcon.colcon_core.package_identification:_identify(gym_env/lib/python3.12/site-packages/charset_normalizer-3.4.7.dist-info) by extensions ['ignore', 'ignore_ament_install']
[0.613s] Level 1:colcon.colcon_core.package_identification:_identify(gym_env/lib/python3.12/site-packages/charset_normalizer-3.4.7.dist-info) by extension 'ignore'
[0.613s] Level 1:colcon.colcon_core.package_identification:_identify(gym_env/lib/python3.12/site-packages/charset_normalizer-3.4.7.dist-info) by extension 'ignore_ament_install'
[0.614s] Level 1:colcon.colcon_core.package_identification:_identify(gym_env/lib/python3.12/site-packages/charset_normalizer-3.4.7.dist-info) by extensions ['colcon_pkg']
[0.614s] Level 1:colcon.colcon_core.package_identification:_identify(gym_env/lib/python3.12/site-packages/charset_normalizer-3.4.7.dist-info) by extension 'colcon_pkg'
[0.614s] Level 1:colcon.colcon_core.package_identification:_identify(gym_env/lib/python3.12/site-packages/charset_normalizer-3.4.7.dist-info) by extensions ['colcon_meta']
[0.614s] Level 1:colcon.colcon_core.package_identification:_identify(gym_env/lib/python3.12/site-packages/charset_normalizer-3.4.7.dist-info) by extension 'colcon_meta'
[0.614s] Level 1:colcon.colcon_core.package_identification:_identify(gym_env/lib/python3.12/site-packages/charset_normalizer-3.4.7.dist-info) by extensions ['ros']
[0.614s] Level 1:colcon.colcon_core.package_identification:_identify(gym_env/lib/python3.12/site-packages/charset_normalizer-3.4.7.dist-info) by extension 'ros'
[0.614s] Level 1:colcon.colcon_core.package_identification:_identify(gym_env/lib/python3.12/site-packages/charset_normalizer-3.4.7.dist-info) by extensions ['cmake', 'python']
[0.614s] Level 1:colcon.colcon_core.package_identification:_identify(gym_env/lib/python3.12/site-packages/charset_normalizer-3.4.7.dist-info) by extension 'cmake'
[0.615s] Level 1:colcon.colcon_core.package_identification:_identify(gym_env/lib/python3.12/site-packages/charset_normalizer-3.4.7.dist-info) by extension 'python'
[0.615s] Level 1:colcon.colcon_core.package_identification:_identify(gym_env/lib/python3.12/site-packages/charset_normalizer-3.4.7.dist-info) by extensions ['python_setup_py']
[0.615s] Level 1:colcon.colcon_core.package_identification:_identify(gym_env/lib/python3.12/site-packages/charset_normalizer-3.4.7.dist-info) by extension 'python_setup_py'
[0.615s] Level 1:colcon.colcon_core.package_identification:_identify(gym_env/lib/python3.12/site-packages/charset_normalizer-3.4.7.dist-info/licenses) by extensions ['ignore', 'ignore_ament_install']
[0.615s] Level 1:colcon.colcon_core.package_identification:_identify(gym_env/lib/python3.12/site-packages/charset_normalizer-3.4.7.dist-info/licenses) by extension 'ignore'
[0.615s] Level 1:colcon.colcon_core.package_identification:_identify(gym_env/lib/python3.12/site-packages/charset_normalizer-3.4.7.dist-info/licenses) by extension 'ignore_ament_install'
[0.615s] Level 1:colcon.colcon_core.package_identification:_identify(gym_env/lib/python3.12/site-packages/charset_normalizer-3.4.7.dist-info/licenses) by extensions ['colcon_pkg']
[0.615s] Level 1:colcon.colcon_core.package_identification:_identify(gym_env/lib/python3.12/site-packages/charset_normalizer-3.4.7.dist-info/licenses) by extension 'colcon_pkg'
[0.616s] Level 1:colcon.colcon_core.package_identification:_identify(gym_env/lib/python3.12/site-packages/charset_normalizer-3.4.7.dist-info/licenses) by extensions ['colcon_meta']
[0.616s] Level 1:colcon.colcon_core.package_identification:_identify(gym_env/lib/python3.12/site-packages/charset_normalizer-3.4.7.dist-info/licenses) by extension 'colcon_meta'
[0.616s] Level 1:colcon.colcon_core.package_identification:_identify(gym_env/lib/python3.12/site-packages/charset_normalizer-3.4.7.dist-info/licenses) by extensions ['ros']
[0.616s] Level 1:colcon.colcon_core.package_identification:_identify(gym_env/lib/python3.12/site-packages/charset_normalizer-3.4.7.dist-info/licenses) by extension 'ros'
[0.616s] Level 1:colcon.colcon_core.package_identification:_identify(gym_env/lib/python3.12/site-packages/charset_normalizer-3.4.7.dist-info/licenses) by extensions ['cmake', 'python']
[0.616s] Level 1:colcon.colcon_core.package_identification:_identify(gym_env/lib/python3.12/site-packages/charset_normalizer-3.4.7.dist-info/licenses) by extension 'cmake'
[0.616s] Level 1:colcon.colcon_core.package_identification:_identify(gym_env/lib/python3.12/site-packages/charset_normalizer-3.4.7.dist-info/licenses) by extension 'python'
[0.616s] Level 1:colcon.colcon_core.package_identification:_identify(gym_env/lib/python3.12/site-packages/charset_normalizer-3.4.7.dist-info/licenses) by extensions ['python_setup_py']
[0.617s] Level 1:colcon.colcon_core.package_identification:_identify(gym_env/lib/python3.12/site-packages/charset_normalizer-3.4.7.dist-info/licenses) by extension 'python_setup_py'
[0.617s] Level 1:colcon.colcon_core.package_identification:_identify(gym_env/lib/python3.12/site-packages/click) by extensions ['ignore', 'ignore_ament_install']
[0.617s] Level 1:colcon.colcon_core.package_identification:_identify(gym_env/lib/python3.12/site-packages/click) by extension 'ignore'
[0.617s] Level 1:colcon.colcon_core.package_identification:_identify(gym_env/lib/python3.12/site-packages/click) by extension 'ignore_ament_install'
[0.617s] Level 1:colcon.colcon_core.package_identification:_identify(gym_env/lib/python3.12/site-packages/click) by extensions ['colcon_pkg']
[0.617s] Level 1:colcon.colcon_core.package_identification:_identify(gym_env/lib/python3.12/site-packages/click) by extension 'colcon_pkg'
[0.617s] Level 1:colcon.colcon_core.package_identification:_identify(gym_env/lib/python3.12/site-packages/click) by extensions ['colcon_meta']
[0.617s] Level 1:colcon.colcon_core.package_identification:_identify(gym_env/lib/python3.12/site-packages/click) by extension 'colcon_meta'
[0.618s] Level 1:colcon.colcon_core.package_identification:_identify(gym_env/lib/python3.12/site-packages/click) by extensions ['ros']
[0.618s] Level 1:colcon.colcon_core.package_identification:_identify(gym_env/lib/python3.12/site-packages/click) by extension 'ros'
[0.618s] Level 1:colcon.colcon_core.package_identification:_identify(gym_env/lib/python3.12/site-packages/click) by extensions ['cmake', 'python']
[0.618s] Level 1:colcon.colcon_core.package_identification:_identify(gym_env/lib/python3.12/site-packages/click) by extension 'cmake'
[0.618s] Level 1:colcon.colcon_core.package_identification:_identify(gym_env/lib/python3.12/site-packages/click) by extension 'python'
[0.618s] Level 1:colcon.colcon_core.package_identification:_identify(gym_env/lib/python3.12/site-packages/click) by extensions ['python_setup_py']
[0.618s] Level 1:colcon.colcon_core.package_identification:_identify(gym_env/lib/python3.12/site-packages/click) by extension 'python_setup_py'
[0.618s] Level 1:colcon.colcon_core.package_identification:_identify(gym_env/lib/python3.12/site-packages/click/__pycache__) by extensions ['ignore', 'ignore_ament_install']
[0.619s] Level 1:colcon.colcon_core.package_identification:_identify(gym_env/lib/python3.12/site-packages/click/__pycache__) by extension 'ignore'
[0.619s] Level 1:colcon.colcon_core.package_identification:_identify(gym_env/lib/python3.12/site-packages/click/__pycache__) by extension 'ignore_ament_install'
[0.619s] Level 1:colcon.colcon_core.package_identification:_identify(gym_env/lib/python3.12/site-packages/click/__pycache__) by extensions ['colcon_pkg']
[0.619s] Level 1:colcon.colcon_core.package_identification:_identify(gym_env/lib/python3.12/site-packages/click/__pycache__) by extension 'colcon_pkg'
[0.619s] Level 1:colcon.colcon_core.package_identification:_identify(gym_env/lib/python3.12/site-packages/click/__pycache__) by extensions ['colcon_meta']
[0.619s] Level 1:colcon.colcon_core.package_identification:_identify(gym_env/lib/python3.12/site-packages/click/__pycache__) by extension 'colcon_meta'
[0.619s] Level 1:colcon.colcon_core.package_identification:_identify(gym_env/lib/python3.12/site-packages/click/__pycache__) by extensions ['ros']
[0.619s] Level 1:colcon.colcon_core.package_identification:_identify(gym_env/lib/python3.12/site-packages/click/__pycache__) by extension 'ros'
[0.620s] Level 1:colcon.colcon_core.package_identification:_identify(gym_env/lib/python3.12/site-packages/click/__pycache__) by extensions ['cmake', 'python']
[0.620s] Level 1:colcon.colcon_core.package_identification:_identify(gym_env/lib/python3.12/site-packages/click/__pycache__) by extension 'cmake'
[0.620s] Level 1:colcon.colcon_core.package_identification:_identify(gym_env/lib/python3.12/site-packages/click/__pycache__) by extension 'python'
[0.620s] Level 1:colcon.colcon_core.package_identification:_identify(gym_env/lib/python3.12/site-packages/click/__pycache__) by extensions ['python_setup_py']
[0.620s] Level 1:colcon.colcon_core.package_identification:_identify(gym_env/lib/python3.12/site-packages/click/__pycache__) by extension 'python_setup_py'
[0.620s] Level 1:colcon.colcon_core.package_identification:_identify(gym_env/lib/python3.12/site-packages/click-8.1.8.dist-info) by extensions ['ignore', 'ignore_ament_install']
[0.620s] Level 1:colcon.colcon_core.package_identification:_identify(gym_env/lib/python3.12/site-packages/click-8.1.8.dist-info) by extension 'ignore'
[0.620s] Level 1:colcon.colcon_core.package_identification:_identify(gym_env/lib/python3.12/site-packages/click-8.1.8.dist-info) by extension 'ignore_ament_install'
[0.621s] Level 1:colcon.colcon_core.package_identification:_identify(gym_env/lib/python3.12/site-packages/click-8.1.8.dist-info) by extensions ['colcon_pkg']
[0.621s] Level 1:colcon.colcon_core.package_identification:_identify(gym_env/lib/python3.12/site-packages/click-8.1.8.dist-info) by extension 'colcon_pkg'
[0.621s] Level 1:colcon.colcon_core.package_identification:_identify(gym_env/lib/python3.12/site-packages/click-8.1.8.dist-info) by extensions ['colcon_meta']
[0.621s] Level 1:colcon.colcon_core.package_identification:_identify(gym_env/lib/python3.12/site-packages/click-8.1.8.dist-info) by extension 'colcon_meta'
[0.621s] Level 1:colcon.colcon_core.package_identification:_identify(gym_env/lib/python3.12/site-packages/click-8.1.8.dist-info) by extensions ['ros']
[0.621s] Level 1:colcon.colcon_core.package_identification:_identify(gym_env/lib/python3.12/site-packages/click-8.1.8.dist-info) by extension 'ros'
[0.621s] Level 1:colcon.colcon_core.package_identification:_identify(gym_env/lib/python3.12/site-packages/click-8.1.8.dist-info) by extensions ['cmake', 'python']
[0.621s] Level 1:colcon.colcon_core.package_identification:_identify(gym_env/lib/python3.12/site-packages/click-8.1.8.dist-info) by extension 'cmake'
[0.621s] Level 1:colcon.colcon_core.package_identification:_identify(gym_env/lib/python3.12/site-packages/click-8.1.8.dist-info) by extension 'python'
[0.621s] Level 1:colcon.colcon_core.package_identification:_identify(gym_env/lib/python3.12/site-packages/click-8.1.8.dist-info) by extensions ['python_setup_py']
[0.621s] Level 1:colcon.colcon_core.package_identification:_identify(gym_env/lib/python3.12/site-packages/click-8.1.8.dist-info) by extension 'python_setup_py'
[0.622s] Level 1:colcon.colcon_core.package_identification:_identify(gym_env/lib/python3.12/site-packages/gTTS-2.5.4.dist-info) by extensions ['ignore', 'ignore_ament_install']
[0.622s] Level 1:colcon.colcon_core.package_identification:_identify(gym_env/lib/python3.12/site-packages/gTTS-2.5.4.dist-info) by extension 'ignore'
[0.622s] Level 1:colcon.colcon_core.package_identification:_identify(gym_env/lib/python3.12/site-packages/gTTS-2.5.4.dist-info) by extension 'ignore_ament_install'
[0.622s] Level 1:colcon.colcon_core.package_identification:_identify(gym_env/lib/python3.12/site-packages/gTTS-2.5.4.dist-info) by extensions ['colcon_pkg']
[0.622s] Level 1:colcon.colcon_core.package_identification:_identify(gym_env/lib/python3.12/site-packages/gTTS-2.5.4.dist-info) by extension 'colcon_pkg'
[0.622s] Level 1:colcon.colcon_core.package_identification:_identify(gym_env/lib/python3.12/site-packages/gTTS-2.5.4.dist-info) by extensions ['colcon_meta']
[0.622s] Level 1:colcon.colcon_core.package_identification:_identify(gym_env/lib/python3.12/site-packages/gTTS-2.5.4.dist-info) by extension 'colcon_meta'
[0.622s] Level 1:colcon.colcon_core.package_identification:_identify(gym_env/lib/python3.12/site-packages/gTTS-2.5.4.dist-info) by extensions ['ros']
[0.623s] Level 1:colcon.colcon_core.package_identification:_identify(gym_env/lib/python3.12/site-packages/gTTS-2.5.4.dist-info) by extension 'ros'
[0.623s] Level 1:colcon.colcon_core.package_identification:_identify(gym_env/lib/python3.12/site-packages/gTTS-2.5.4.dist-info) by extensions ['cmake', 'python']
[0.623s] Level 1:colcon.colcon_core.package_identification:_identify(gym_env/lib/python3.12/site-packages/gTTS-2.5.4.dist-info) by extension 'cmake'
[0.623s] Level 1:colcon.colcon_core.package_identification:_identify(gym_env/lib/python3.12/site-packages/gTTS-2.5.4.dist-info) by extension 'python'
[0.623s] Level 1:colcon.colcon_core.package_identification:_identify(gym_env/lib/python3.12/site-packages/gTTS-2.5.4.dist-info) by extensions ['python_setup_py']
[0.623s] Level 1:colcon.colcon_core.package_identification:_identify(gym_env/lib/python3.12/site-packages/gTTS-2.5.4.dist-info) by extension 'python_setup_py'
[0.623s] Level 1:colcon.colcon_core.package_identification:_identify(gym_env/lib/python3.12/site-packages/gtts) by extensions ['ignore', 'ignore_ament_install']
[0.624s] Level 1:colcon.colcon_core.package_identification:_identify(gym_env/lib/python3.12/site-packages/gtts) by extension 'ignore'
[0.624s] Level 1:colcon.colcon_core.package_identification:_identify(gym_env/lib/python3.12/site-packages/gtts) by extension 'ignore_ament_install'
[0.624s] Level 1:colcon.colcon_core.package_identification:_identify(gym_env/lib/python3.12/site-packages/gtts) by extensions ['colcon_pkg']
[0.624s] Level 1:colcon.colcon_core.package_identification:_identify(gym_env/lib/python3.12/site-packages/gtts) by extension 'colcon_pkg'
[0.624s] Level 1:colcon.colcon_core.package_identification:_identify(gym_env/lib/python3.12/site-packages/gtts) by extensions ['colcon_meta']
[0.624s] Level 1:colcon.colcon_core.package_identification:_identify(gym_env/lib/python3.12/site-packages/gtts) by extension 'colcon_meta'
[0.624s] Level 1:colcon.colcon_core.package_identification:_identify(gym_env/lib/python3.12/site-packages/gtts) by extensions ['ros']
[0.624s] Level 1:colcon.colcon_core.package_identification:_identify(gym_env/lib/python3.12/site-packages/gtts) by extension 'ros'
[0.625s] Level 1:colcon.colcon_core.package_identification:_identify(gym_env/lib/python3.12/site-packages/gtts) by extensions ['cmake', 'python']
[0.625s] Level 1:colcon.colcon_core.package_identification:_identify(gym_env/lib/python3.12/site-packages/gtts) by extension 'cmake'
[0.625s] Level 1:colcon.colcon_core.package_identification:_identify(gym_env/lib/python3.12/site-packages/gtts) by extension 'python'
[0.625s] Level 1:colcon.colcon_core.package_identification:_identify(gym_env/lib/python3.12/site-packages/gtts) by extensions ['python_setup_py']
[0.625s] Level 1:colcon.colcon_core.package_identification:_identify(gym_env/lib/python3.12/site-packages/gtts) by extension 'python_setup_py'
[0.625s] Level 1:colcon.colcon_core.package_identification:_identify(gym_env/lib/python3.12/site-packages/gtts/__pycache__) by extensions ['ignore', 'ignore_ament_install']
[0.626s] Level 1:colcon.colcon_core.package_identification:_identify(gym_env/lib/python3.12/site-packages/gtts/__pycache__) by extension 'ignore'
[0.626s] Level 1:colcon.colcon_core.package_identification:_identify(gym_env/lib/python3.12/site-packages/gtts/__pycache__) by extension 'ignore_ament_install'
[0.626s] Level 1:colcon.colcon_core.package_identification:_identify(gym_env/lib/python3.12/site-packages/gtts/__pycache__) by extensions ['colcon_pkg']
[0.626s] Level 1:colcon.colcon_core.package_identification:_identify(gym_env/lib/python3.12/site-packages/gtts/__pycache__) by extension 'colcon_pkg'
[0.626s] Level 1:colcon.colcon_core.package_identification:_identify(gym_env/lib/python3.12/site-packages/gtts/__pycache__) by extensions ['colcon_meta']
[0.627s] Level 1:colcon.colcon_core.package_identification:_identify(gym_env/lib/python3.12/site-packages/gtts/__pycache__) by extension 'colcon_meta'
[0.627s] Level 1:colcon.colcon_core.package_identification:_identify(gym_env/lib/python3.12/site-packages/gtts/__pycache__) by extensions ['ros']
[0.627s] Level 1:colcon.colcon_core.package_identification:_identify(gym_env/lib/python3.12/site-packages/gtts/__pycache__) by extension 'ros'
[0.627s] Level 1:colcon.colcon_core.package_identification:_identify(gym_env/lib/python3.12/site-packages/gtts/__pycache__) by extensions ['cmake', 'python']
[0.627s] Level 1:colcon.colcon_core.package_identification:_identify(gym_env/lib/python3.12/site-packages/gtts/__pycache__) by extension 'cmake'
[0.628s] Level 1:colcon.colcon_core.package_identification:_identify(gym_env/lib/python3.12/site-packages/gtts/__pycache__) by extension 'python'
[0.628s] Level 1:colcon.colcon_core.package_identification:_identify(gym_env/lib/python3.12/site-packages/gtts/__pycache__) by extensions ['python_setup_py']
[0.628s] Level 1:colcon.colcon_core.package_identification:_identify(gym_env/lib/python3.12/site-packages/gtts/__pycache__) by extension 'python_setup_py'
[0.628s] Level 1:colcon.colcon_core.package_identification:_identify(gym_env/lib/python3.12/site-packages/gtts/tests) by extensions ['ignore', 'ignore_ament_install']
[0.629s] Level 1:colcon.colcon_core.package_identification:_identify(gym_env/lib/python3.12/site-packages/gtts/tests) by extension 'ignore'
[0.629s] Level 1:colcon.colcon_core.package_identification:_identify(gym_env/lib/python3.12/site-packages/gtts/tests) by extension 'ignore_ament_install'
[0.629s] Level 1:colcon.colcon_core.package_identification:_identify(gym_env/lib/python3.12/site-packages/gtts/tests) by extensions ['colcon_pkg']
[0.629s] Level 1:colcon.colcon_core.package_identification:_identify(gym_env/lib/python3.12/site-packages/gtts/tests) by extension 'colcon_pkg'
[0.629s] Level 1:colcon.colcon_core.package_identification:_identify(gym_env/lib/python3.12/site-packages/gtts/tests) by extensions ['colcon_meta']
[0.629s] Level 1:colcon.colcon_core.package_identification:_identify(gym_env/lib/python3.12/site-packages/gtts/tests) by extension 'colcon_meta'
[0.630s] Level 1:colcon.colcon_core.package_identification:_identify(gym_env/lib/python3.12/site-packages/gtts/tests) by extensions ['ros']
[0.630s] Level 1:colcon.colcon_core.package_identification:_identify(gym_env/lib/python3.12/site-packages/gtts/tests) by extension 'ros'
[0.630s] Level 1:colcon.colcon_core.package_identification:_identify(gym_env/lib/python3.12/site-packages/gtts/tests) by extensions ['cmake', 'python']
[0.630s] Level 1:colcon.colcon_core.package_identification:_identify(gym_env/lib/python3.12/site-packages/gtts/tests) by extension 'cmake'
[0.630s] Level 1:colcon.colcon_core.package_identification:_identify(gym_env/lib/python3.12/site-packages/gtts/tests) by extension 'python'
[0.631s] Level 1:colcon.colcon_core.package_identification:_identify(gym_env/lib/python3.12/site-packages/gtts/tests) by extensions ['python_setup_py']
[0.631s] Level 1:colcon.colcon_core.package_identification:_identify(gym_env/lib/python3.12/site-packages/gtts/tests) by extension 'python_setup_py'
[0.631s] Level 1:colcon.colcon_core.package_identification:_identify(gym_env/lib/python3.12/site-packages/gtts/tests/__pycache__) by extensions ['ignore', 'ignore_ament_install']
[0.631s] Level 1:colcon.colcon_core.package_identification:_identify(gym_env/lib/python3.12/site-packages/gtts/tests/__pycache__) by extension 'ignore'
[0.631s] Level 1:colcon.colcon_core.package_identification:_identify(gym_env/lib/python3.12/site-packages/gtts/tests/__pycache__) by extension 'ignore_ament_install'
[0.631s] Level 1:colcon.colcon_core.package_identification:_identify(gym_env/lib/python3.12/site-packages/gtts/tests/__pycache__) by extensions ['colcon_pkg']
[0.631s] Level 1:colcon.colcon_core.package_identification:_identify(gym_env/lib/python3.12/site-packages/gtts/tests/__pycache__) by extension 'colcon_pkg'
[0.632s] Level 1:colcon.colcon_core.package_identification:_identify(gym_env/lib/python3.12/site-packages/gtts/tests/__pycache__) by extensions ['colcon_meta']
[0.632s] Level 1:colcon.colcon_core.package_identification:_identify(gym_env/lib/python3.12/site-packages/gtts/tests/__pycache__) by extension 'colcon_meta'
[0.632s] Level 1:colcon.colcon_core.package_identification:_identify(gym_env/lib/python3.12/site-packages/gtts/tests/__pycache__) by extensions ['ros']
[0.632s] Level 1:colcon.colcon_core.package_identification:_identify(gym_env/lib/python3.12/site-packages/gtts/tests/__pycache__) by extension 'ros'
[0.632s] Level 1:colcon.colcon_core.package_identification:_identify(gym_env/lib/python3.12/site-packages/gtts/tests/__pycache__) by extensions ['cmake', 'python']
[0.632s] Level 1:colcon.colcon_core.package_identification:_identify(gym_env/lib/python3.12/site-packages/gtts/tests/__pycache__) by extension 'cmake'
[0.632s] Level 1:colcon.colcon_core.package_identification:_identify(gym_env/lib/python3.12/site-packages/gtts/tests/__pycache__) by extension 'python'
[0.632s] Level 1:colcon.colcon_core.package_identification:_identify(gym_env/lib/python3.12/site-packages/gtts/tests/__pycache__) by extensions ['python_setup_py']
[0.632s] Level 1:colcon.colcon_core.package_identification:_identify(gym_env/lib/python3.12/site-packages/gtts/tests/__pycache__) by extension 'python_setup_py'
[0.633s] Level 1:colcon.colcon_core.package_identification:_identify(gym_env/lib/python3.12/site-packages/gtts/tests/input_files) by extensions ['ignore', 'ignore_ament_install']
[0.633s] Level 1:colcon.colcon_core.package_identification:_identify(gym_env/lib/python3.12/site-packages/gtts/tests/input_files) by extension 'ignore'
[0.633s] Level 1:colcon.colcon_core.package_identification:_identify(gym_env/lib/python3.12/site-packages/gtts/tests/input_files) by extension 'ignore_ament_install'
[0.633s] Level 1:colcon.colcon_core.package_identification:_identify(gym_env/lib/python3.12/site-packages/gtts/tests/input_files) by extensions ['colcon_pkg']
[0.633s] Level 1:colcon.colcon_core.package_identification:_identify(gym_env/lib/python3.12/site-packages/gtts/tests/input_files) by extension 'colcon_pkg'
[0.633s] Level 1:colcon.colcon_core.package_identification:_identify(gym_env/lib/python3.12/site-packages/gtts/tests/input_files) by extensions ['colcon_meta']
[0.633s] Level 1:colcon.colcon_core.package_identification:_identify(gym_env/lib/python3.12/site-packages/gtts/tests/input_files) by extension 'colcon_meta'
[0.633s] Level 1:colcon.colcon_core.package_identification:_identify(gym_env/lib/python3.12/site-packages/gtts/tests/input_files) by extensions ['ros']
[0.633s] Level 1:colcon.colcon_core.package_identification:_identify(gym_env/lib/python3.12/site-packages/gtts/tests/input_files) by extension 'ros'
[0.634s] Level 1:colcon.colcon_core.package_identification:_identify(gym_env/lib/python3.12/site-packages/gtts/tests/input_files) by extensions ['cmake', 'python']
[0.634s] Level 1:colcon.colcon_core.package_identification:_identify(gym_env/lib/python3.12/site-packages/gtts/tests/input_files) by extension 'cmake'
[0.634s] Level 1:colcon.colcon_core.package_identification:_identify(gym_env/lib/python3.12/site-packages/gtts/tests/input_files) by extension 'python'
[0.634s] Level 1:colcon.colcon_core.package_identification:_identify(gym_env/lib/python3.12/site-packages/gtts/tests/input_files) by extensions ['python_setup_py']
[0.634s] Level 1:colcon.colcon_core.package_identification:_identify(gym_env/lib/python3.12/site-packages/gtts/tests/input_files) by extension 'python_setup_py'
[0.634s] Level 1:colcon.colcon_core.package_identification:_identify(gym_env/lib/python3.12/site-packages/gtts/tokenizer) by extensions ['ignore', 'ignore_ament_install']
[0.635s] Level 1:colcon.colcon_core.package_identification:_identify(gym_env/lib/python3.12/site-packages/gtts/tokenizer) by extension 'ignore'
[0.635s] Level 1:colcon.colcon_core.package_identification:_identify(gym_env/lib/python3.12/site-packages/gtts/tokenizer) by extension 'ignore_ament_install'
[0.635s] Level 1:colcon.colcon_core.package_identification:_identify(gym_env/lib/python3.12/site-packages/gtts/tokenizer) by extensions ['colcon_pkg']
[0.635s] Level 1:colcon.colcon_core.package_identification:_identify(gym_env/lib/python3.12/site-packages/gtts/tokenizer) by extension 'colcon_pkg'
[0.635s] Level 1:colcon.colcon_core.package_identification:_identify(gym_env/lib/python3.12/site-packages/gtts/tokenizer) by extensions ['colcon_meta']
[0.635s] Level 1:colcon.colcon_core.package_identification:_identify(gym_env/lib/python3.12/site-packages/gtts/tokenizer) by extension 'colcon_meta'
[0.635s] Level 1:colcon.colcon_core.package_identification:_identify(gym_env/lib/python3.12/site-packages/gtts/tokenizer) by extensions ['ros']
[0.635s] Level 1:colcon.colcon_core.package_identification:_identify(gym_env/lib/python3.12/site-packages/gtts/tokenizer) by extension 'ros'
[0.635s] Level 1:colcon.colcon_core.package_identification:_identify(gym_env/lib/python3.12/site-packages/gtts/tokenizer) by extensions ['cmake', 'python']
[0.635s] Level 1:colcon.colcon_core.package_identification:_identify(gym_env/lib/python3.12/site-packages/gtts/tokenizer) by extension 'cmake'
[0.636s] Level 1:colcon.colcon_core.package_identification:_identify(gym_env/lib/python3.12/site-packages/gtts/tokenizer) by extension 'python'
[0.636s] Level 1:colcon.colcon_core.package_identification:_identify(gym_env/lib/python3.12/site-packages/gtts/tokenizer) by extensions ['python_setup_py']
[0.636s] Level 1:colcon.colcon_core.package_identification:_identify(gym_env/lib/python3.12/site-packages/gtts/tokenizer) by extension 'python_setup_py'
[0.636s] Level 1:colcon.colcon_core.package_identification:_identify(gym_env/lib/python3.12/site-packages/gtts/tokenizer/__pycache__) by extensions ['ignore', 'ignore_ament_install']
[0.636s] Level 1:colcon.colcon_core.package_identification:_identify(gym_env/lib/python3.12/site-packages/gtts/tokenizer/__pycache__) by extension 'ignore'
[0.636s] Level 1:colcon.colcon_core.package_identification:_identify(gym_env/lib/python3.12/site-packages/gtts/tokenizer/__pycache__) by extension 'ignore_ament_install'
[0.636s] Level 1:colcon.colcon_core.package_identification:_identify(gym_env/lib/python3.12/site-packages/gtts/tokenizer/__pycache__) by extensions ['colcon_pkg']
[0.637s] Level 1:colcon.colcon_core.package_identification:_identify(gym_env/lib/python3.12/site-packages/gtts/tokenizer/__pycache__) by extension 'colcon_pkg'
[0.637s] Level 1:colcon.colcon_core.package_identification:_identify(gym_env/lib/python3.12/site-packages/gtts/tokenizer/__pycache__) by extensions ['colcon_meta']
[0.637s] Level 1:colcon.colcon_core.package_identification:_identify(gym_env/lib/python3.12/site-packages/gtts/tokenizer/__pycache__) by extension 'colcon_meta'
[0.637s] Level 1:colcon.colcon_core.package_identification:_identify(gym_env/lib/python3.12/site-packages/gtts/tokenizer/__pycache__) by extensions ['ros']
[0.637s] Level 1:colcon.colcon_core.package_identification:_identify(gym_env/lib/python3.12/site-packages/gtts/tokenizer/__pycache__) by extension 'ros'
[0.637s] Level 1:colcon.colcon_core.package_identification:_identify(gym_env/lib/python3.12/site-packages/gtts/tokenizer/__pycache__) by extensions ['cmake', 'python']
[0.637s] Level 1:colcon.colcon_core.package_identification:_identify(gym_env/lib/python3.12/site-packages/gtts/tokenizer/__pycache__) by extension 'cmake'
[0.637s] Level 1:colcon.colcon_core.package_identification:_identify(gym_env/lib/python3.12/site-packages/gtts/tokenizer/__pycache__) by extension 'python'
[0.637s] Level 1:colcon.colcon_core.package_identification:_identify(gym_env/lib/python3.12/site-packages/gtts/tokenizer/__pycache__) by extensions ['python_setup_py']
[0.637s] Level 1:colcon.colcon_core.package_identification:_identify(gym_env/lib/python3.12/site-packages/gtts/tokenizer/__pycache__) by extension 'python_setup_py'
[0.638s] Level 1:colcon.colcon_core.package_identification:_identify(gym_env/lib/python3.12/site-packages/gtts/tokenizer/tests) by extensions ['ignore', 'ignore_ament_install']
[0.638s] Level 1:colcon.colcon_core.package_identification:_identify(gym_env/lib/python3.12/site-packages/gtts/tokenizer/tests) by extension 'ignore'
[0.638s] Level 1:colcon.colcon_core.package_identification:_identify(gym_env/lib/python3.12/site-packages/gtts/tokenizer/tests) by extension 'ignore_ament_install'
[0.638s] Level 1:colcon.colcon_core.package_identification:_identify(gym_env/lib/python3.12/site-packages/gtts/tokenizer/tests) by extensions ['colcon_pkg']
[0.638s] Level 1:colcon.colcon_core.package_identification:_identify(gym_env/lib/python3.12/site-packages/gtts/tokenizer/tests) by extension 'colcon_pkg'
[0.638s] Level 1:colcon.colcon_core.package_identification:_identify(gym_env/lib/python3.12/site-packages/gtts/tokenizer/tests) by extensions ['colcon_meta']
[0.638s] Level 1:colcon.colcon_core.package_identification:_identify(gym_env/lib/python3.12/site-packages/gtts/tokenizer/tests) by extension 'colcon_meta'
[0.639s] Level 1:colcon.colcon_core.package_identification:_identify(gym_env/lib/python3.12/site-packages/gtts/tokenizer/tests) by extensions ['ros']
[0.639s] Level 1:colcon.colcon_core.package_identification:_identify(gym_env/lib/python3.12/site-packages/gtts/tokenizer/tests) by extension 'ros'
[0.639s] Level 1:colcon.colcon_core.package_identification:_identify(gym_env/lib/python3.12/site-packages/gtts/tokenizer/tests) by extensions ['cmake', 'python']
[0.639s] Level 1:colcon.colcon_core.package_identification:_identify(gym_env/lib/python3.12/site-packages/gtts/tokenizer/tests) by extension 'cmake'
[0.639s] Level 1:colcon.colcon_core.package_identification:_identify(gym_env/lib/python3.12/site-packages/gtts/tokenizer/tests) by extension 'python'
[0.639s] Level 1:colcon.colcon_core.package_identification:_identify(gym_env/lib/python3.12/site-packages/gtts/tokenizer/tests) by extensions ['python_setup_py']
[0.639s] Level 1:colcon.colcon_core.package_identification:_identify(gym_env/lib/python3.12/site-packages/gtts/tokenizer/tests) by extension 'python_setup_py'
[0.639s] Level 1:colcon.colcon_core.package_identification:_identify(gym_env/lib/python3.12/site-packages/gtts/tokenizer/tests/__pycache__) by extensions ['ignore', 'ignore_ament_install']
[0.640s] Level 1:colcon.colcon_core.package_identification:_identify(gym_env/lib/python3.12/site-packages/gtts/tokenizer/tests/__pycache__) by extension 'ignore'
[0.640s] Level 1:colcon.colcon_core.package_identification:_identify(gym_env/lib/python3.12/site-packages/gtts/tokenizer/tests/__pycache__) by extension 'ignore_ament_install'
[0.640s] Level 1:colcon.colcon_core.package_identification:_identify(gym_env/lib/python3.12/site-packages/gtts/tokenizer/tests/__pycache__) by extensions ['colcon_pkg']
[0.640s] Level 1:colcon.colcon_core.package_identification:_identify(gym_env/lib/python3.12/site-packages/gtts/tokenizer/tests/__pycache__) by extension 'colcon_pkg'
[0.640s] Level 1:colcon.colcon_core.package_identification:_identify(gym_env/lib/python3.12/site-packages/gtts/tokenizer/tests/__pycache__) by extensions ['colcon_meta']
[0.640s] Level 1:colcon.colcon_core.package_identification:_identify(gym_env/lib/python3.12/site-packages/gtts/tokenizer/tests/__pycache__) by extension 'colcon_meta'
[0.640s] Level 1:colcon.colcon_core.package_identification:_identify(gym_env/lib/python3.12/site-packages/gtts/tokenizer/tests/__pycache__) by extensions ['ros']
[0.640s] Level 1:colcon.colcon_core.package_identification:_identify(gym_env/lib/python3.12/site-packages/gtts/tokenizer/tests/__pycache__) by extension 'ros'
[0.641s] Level 1:colcon.colcon_core.package_identification:_identify(gym_env/lib/python3.12/site-packages/gtts/tokenizer/tests/__pycache__) by extensions ['cmake', 'python']
[0.641s] Level 1:colcon.colcon_core.package_identification:_identify(gym_env/lib/python3.12/site-packages/gtts/tokenizer/tests/__pycache__) by extension 'cmake'
[0.641s] Level 1:colcon.colcon_core.package_identification:_identify(gym_env/lib/python3.12/site-packages/gtts/tokenizer/tests/__pycache__) by extension 'python'
[0.641s] Level 1:colcon.colcon_core.package_identification:_identify(gym_env/lib/python3.12/site-packages/gtts/tokenizer/tests/__pycache__) by extensions ['python_setup_py']
[0.641s] Level 1:colcon.colcon_core.package_identification:_identify(gym_env/lib/python3.12/site-packages/gtts/tokenizer/tests/__pycache__) by extension 'python_setup_py'
[0.641s] Level 1:colcon.colcon_core.package_identification:_identify(gym_env/lib/python3.12/site-packages/idna) by extensions ['ignore', 'ignore_ament_install']
[0.642s] Level 1:colcon.colcon_core.package_identification:_identify(gym_env/lib/python3.12/site-packages/idna) by extension 'ignore'
[0.642s] Level 1:colcon.colcon_core.package_identification:_identify(gym_env/lib/python3.12/site-packages/idna) by extension 'ignore_ament_install'
[0.642s] Level 1:colcon.colcon_core.package_identification:_identify(gym_env/lib/python3.12/site-packages/idna) by extensions ['colcon_pkg']
[0.642s] Level 1:colcon.colcon_core.package_identification:_identify(gym_env/lib/python3.12/site-packages/idna) by extension 'colcon_pkg'
[0.642s] Level 1:colcon.colcon_core.package_identification:_identify(gym_env/lib/python3.12/site-packages/idna) by extensions ['colcon_meta']
[0.642s] Level 1:colcon.colcon_core.package_identification:_identify(gym_env/lib/python3.12/site-packages/idna) by extension 'colcon_meta'
[0.643s] Level 1:colcon.colcon_core.package_identification:_identify(gym_env/lib/python3.12/site-packages/idna) by extensions ['ros']
[0.643s] Level 1:colcon.colcon_core.package_identification:_identify(gym_env/lib/python3.12/site-packages/idna) by extension 'ros'
[0.643s] Level 1:colcon.colcon_core.package_identification:_identify(gym_env/lib/python3.12/site-packages/idna) by extensions ['cmake', 'python']
[0.643s] Level 1:colcon.colcon_core.package_identification:_identify(gym_env/lib/python3.12/site-packages/idna) by extension 'cmake'
[0.643s] Level 1:colcon.colcon_core.package_identification:_identify(gym_env/lib/python3.12/site-packages/idna) by extension 'python'
[0.644s] Level 1:colcon.colcon_core.package_identification:_identify(gym_env/lib/python3.12/site-packages/idna) by extensions ['python_setup_py']
[0.644s] Level 1:colcon.colcon_core.package_identification:_identify(gym_env/lib/python3.12/site-packages/idna) by extension 'python_setup_py'
[0.644s] Level 1:colcon.colcon_core.package_identification:_identify(gym_env/lib/python3.12/site-packages/idna/__pycache__) by extensions ['ignore', 'ignore_ament_install']
[0.645s] Level 1:colcon.colcon_core.package_identification:_identify(gym_env/lib/python3.12/site-packages/idna/__pycache__) by extension 'ignore'
[0.645s] Level 1:colcon.colcon_core.package_identification:_identify(gym_env/lib/python3.12/site-packages/idna/__pycache__) by extension 'ignore_ament_install'
[0.645s] Level 1:colcon.colcon_core.package_identification:_identify(gym_env/lib/python3.12/site-packages/idna/__pycache__) by extensions ['colcon_pkg']
[0.645s] Level 1:colcon.colcon_core.package_identification:_identify(gym_env/lib/python3.12/site-packages/idna/__pycache__) by extension 'colcon_pkg'
[0.645s] Level 1:colcon.colcon_core.package_identification:_identify(gym_env/lib/python3.12/site-packages/idna/__pycache__) by extensions ['colcon_meta']
[0.645s] Level 1:colcon.colcon_core.package_identification:_identify(gym_env/lib/python3.12/site-packages/idna/__pycache__) by extension 'colcon_meta'
[0.646s] Level 1:colcon.colcon_core.package_identification:_identify(gym_env/lib/python3.12/site-packages/idna/__pycache__) by extensions ['ros']
[0.646s] Level 1:colcon.colcon_core.package_identification:_identify(gym_env/lib/python3.12/site-packages/idna/__pycache__) by extension 'ros'
[0.646s] Level 1:colcon.colcon_core.package_identification:_identify(gym_env/lib/python3.12/site-packages/idna/__pycache__) by extensions ['cmake', 'python']
[0.646s] Level 1:colcon.colcon_core.package_identification:_identify(gym_env/lib/python3.12/site-packages/idna/__pycache__) by extension 'cmake'
[0.646s] Level 1:colcon.colcon_core.package_identification:_identify(gym_env/lib/python3.12/site-packages/idna/__pycache__) by extension 'python'
[0.646s] Level 1:colcon.colcon_core.package_identification:_identify(gym_env/lib/python3.12/site-packages/idna/__pycache__) by extensions ['python_setup_py']
[0.647s] Level 1:colcon.colcon_core.package_identification:_identify(gym_env/lib/python3.12/site-packages/idna/__pycache__) by extension 'python_setup_py'
[0.647s] Level 1:colcon.colcon_core.package_identification:_identify(gym_env/lib/python3.12/site-packages/idna-3.13.dist-info) by extensions ['ignore', 'ignore_ament_install']
[0.647s] Level 1:colcon.colcon_core.package_identification:_identify(gym_env/lib/python3.12/site-packages/idna-3.13.dist-info) by extension 'ignore'
[0.647s] Level 1:colcon.colcon_core.package_identification:_identify(gym_env/lib/python3.12/site-packages/idna-3.13.dist-info) by extension 'ignore_ament_install'
[0.647s] Level 1:colcon.colcon_core.package_identification:_identify(gym_env/lib/python3.12/site-packages/idna-3.13.dist-info) by extensions ['colcon_pkg']
[0.648s] Level 1:colcon.colcon_core.package_identification:_identify(gym_env/lib/python3.12/site-packages/idna-3.13.dist-info) by extension 'colcon_pkg'
[0.648s] Level 1:colcon.colcon_core.package_identification:_identify(gym_env/lib/python3.12/site-packages/idna-3.13.dist-info) by extensions ['colcon_meta']
[0.648s] Level 1:colcon.colcon_core.package_identification:_identify(gym_env/lib/python3.12/site-packages/idna-3.13.dist-info) by extension 'colcon_meta'
[0.648s] Level 1:colcon.colcon_core.package_identification:_identify(gym_env/lib/python3.12/site-packages/idna-3.13.dist-info) by extensions ['ros']
[0.648s] Level 1:colcon.colcon_core.package_identification:_identify(gym_env/lib/python3.12/site-packages/idna-3.13.dist-info) by extension 'ros'
[0.648s] Level 1:colcon.colcon_core.package_identification:_identify(gym_env/lib/python3.12/site-packages/idna-3.13.dist-info) by extensions ['cmake', 'python']
[0.648s] Level 1:colcon.colcon_core.package_identification:_identify(gym_env/lib/python3.12/site-packages/idna-3.13.dist-info) by extension 'cmake'
[0.648s] Level 1:colcon.colcon_core.package_identification:_identify(gym_env/lib/python3.12/site-packages/idna-3.13.dist-info) by extension 'python'
[0.648s] Level 1:colcon.colcon_core.package_identification:_identify(gym_env/lib/python3.12/site-packages/idna-3.13.dist-info) by extensions ['python_setup_py']
[0.649s] Level 1:colcon.colcon_core.package_identification:_identify(gym_env/lib/python3.12/site-packages/idna-3.13.dist-info) by extension 'python_setup_py'
[0.649s] Level 1:colcon.colcon_core.package_identification:_identify(gym_env/lib/python3.12/site-packages/idna-3.13.dist-info/licenses) by extensions ['ignore', 'ignore_ament_install']
[0.649s] Level 1:colcon.colcon_core.package_identification:_identify(gym_env/lib/python3.12/site-packages/idna-3.13.dist-info/licenses) by extension 'ignore'
[0.649s] Level 1:colcon.colcon_core.package_identification:_identify(gym_env/lib/python3.12/site-packages/idna-3.13.dist-info/licenses) by extension 'ignore_ament_install'
[0.649s] Level 1:colcon.colcon_core.package_identification:_identify(gym_env/lib/python3.12/site-packages/idna-3.13.dist-info/licenses) by extensions ['colcon_pkg']
[0.649s] Level 1:colcon.colcon_core.package_identification:_identify(gym_env/lib/python3.12/site-packages/idna-3.13.dist-info/licenses) by extension 'colcon_pkg'
[0.649s] Level 1:colcon.colcon_core.package_identification:_identify(gym_env/lib/python3.12/site-packages/idna-3.13.dist-info/licenses) by extensions ['colcon_meta']
[0.649s] Level 1:colcon.colcon_core.package_identification:_identify(gym_env/lib/python3.12/site-packages/idna-3.13.dist-info/licenses) by extension 'colcon_meta'
[0.650s] Level 1:colcon.colcon_core.package_identification:_identify(gym_env/lib/python3.12/site-packages/idna-3.13.dist-info/licenses) by extensions ['ros']
[0.650s] Level 1:colcon.colcon_core.package_identification:_identify(gym_env/lib/python3.12/site-packages/idna-3.13.dist-info/licenses) by extension 'ros'
[0.650s] Level 1:colcon.colcon_core.package_identification:_identify(gym_env/lib/python3.12/site-packages/idna-3.13.dist-info/licenses) by extensions ['cmake', 'python']
[0.650s] Level 1:colcon.colcon_core.package_identification:_identify(gym_env/lib/python3.12/site-packages/idna-3.13.dist-info/licenses) by extension 'cmake'
[0.650s] Level 1:colcon.colcon_core.package_identification:_identify(gym_env/lib/python3.12/site-packages/idna-3.13.dist-info/licenses) by extension 'python'
[0.650s] Level 1:colcon.colcon_core.package_identification:_identify(gym_env/lib/python3.12/site-packages/idna-3.13.dist-info/licenses) by extensions ['python_setup_py']
[0.650s] Level 1:colcon.colcon_core.package_identification:_identify(gym_env/lib/python3.12/site-packages/idna-3.13.dist-info/licenses) by extension 'python_setup_py'
[0.650s] Level 1:colcon.colcon_core.package_identification:_identify(gym_env/lib/python3.12/site-packages/pip) by extensions ['ignore', 'ignore_ament_install']
[0.651s] Level 1:colcon.colcon_core.package_identification:_identify(gym_env/lib/python3.12/site-packages/pip) by extension 'ignore'
[0.651s] Level 1:colcon.colcon_core.package_identification:_identify(gym_env/lib/python3.12/site-packages/pip) by extension 'ignore_ament_install'
[0.651s] Level 1:colcon.colcon_core.package_identification:_identify(gym_env/lib/python3.12/site-packages/pip) by extensions ['colcon_pkg']
[0.651s] Level 1:colcon.colcon_core.package_identification:_identify(gym_env/lib/python3.12/site-packages/pip) by extension 'colcon_pkg'
[0.651s] Level 1:colcon.colcon_core.package_identification:_identify(gym_env/lib/python3.12/site-packages/pip) by extensions ['colcon_meta']
[0.651s] Level 1:colcon.colcon_core.package_identification:_identify(gym_env/lib/python3.12/site-packages/pip) by extension 'colcon_meta'
[0.651s] Level 1:colcon.colcon_core.package_identification:_identify(gym_env/lib/python3.12/site-packages/pip) by extensions ['ros']
[0.651s] Level 1:colcon.colcon_core.package_identification:_identify(gym_env/lib/python3.12/site-packages/pip) by extension 'ros'
[0.652s] Level 1:colcon.colcon_core.package_identification:_identify(gym_env/lib/python3.12/site-packages/pip) by extensions ['cmake', 'python']
[0.652s] Level 1:colcon.colcon_core.package_identification:_identify(gym_env/lib/python3.12/site-packages/pip) by extension 'cmake'
[0.652s] Level 1:colcon.colcon_core.package_identification:_identify(gym_env/lib/python3.12/site-packages/pip) by extension 'python'
[0.652s] Level 1:colcon.colcon_core.package_identification:_identify(gym_env/lib/python3.12/site-packages/pip) by extensions ['python_setup_py']
[0.652s] Level 1:colcon.colcon_core.package_identification:_identify(gym_env/lib/python3.12/site-packages/pip) by extension 'python_setup_py'
[0.652s] Level 1:colcon.colcon_core.package_identification:_identify(gym_env/lib/python3.12/site-packages/pip/__pycache__) by extensions ['ignore', 'ignore_ament_install']
[0.652s] Level 1:colcon.colcon_core.package_identification:_identify(gym_env/lib/python3.12/site-packages/pip/__pycache__) by extension 'ignore'
[0.653s] Level 1:colcon.colcon_core.package_identification:_identify(gym_env/lib/python3.12/site-packages/pip/__pycache__) by extension 'ignore_ament_install'
[0.653s] Level 1:colcon.colcon_core.package_identification:_identify(gym_env/lib/python3.12/site-packages/pip/__pycache__) by extensions ['colcon_pkg']
[0.653s] Level 1:colcon.colcon_core.package_identification:_identify(gym_env/lib/python3.12/site-packages/pip/__pycache__) by extension 'colcon_pkg'
[0.653s] Level 1:colcon.colcon_core.package_identification:_identify(gym_env/lib/python3.12/site-packages/pip/__pycache__) by extensions ['colcon_meta']
[0.653s] Level 1:colcon.colcon_core.package_identification:_identify(gym_env/lib/python3.12/site-packages/pip/__pycache__) by extension 'colcon_meta'
[0.653s] Level 1:colcon.colcon_core.package_identification:_identify(gym_env/lib/python3.12/site-packages/pip/__pycache__) by extensions ['ros']
[0.653s] Level 1:colcon.colcon_core.package_identification:_identify(gym_env/lib/python3.12/site-packages/pip/__pycache__) by extension 'ros'
[0.653s] Level 1:colcon.colcon_core.package_identification:_identify(gym_env/lib/python3.12/site-packages/pip/__pycache__) by extensions ['cmake', 'python']
[0.654s] Level 1:colcon.colcon_core.package_identification:_identify(gym_env/lib/python3.12/site-packages/pip/__pycache__) by extension 'cmake'
[0.654s] Level 1:colcon.colcon_core.package_identification:_identify(gym_env/lib/python3.12/site-packages/pip/__pycache__) by extension 'python'
[0.654s] Level 1:colcon.colcon_core.package_identification:_identify(gym_env/lib/python3.12/site-packages/pip/__pycache__) by extensions ['python_setup_py']
[0.654s] Level 1:colcon.colcon_core.package_identification:_identify(gym_env/lib/python3.12/site-packages/pip/__pycache__) by extension 'python_setup_py'
[0.654s] Level 1:colcon.colcon_core.package_identification:_identify(gym_env/lib/python3.12/site-packages/pip/_internal) by extensions ['ignore', 'ignore_ament_install']
[0.654s] Level 1:colcon.colcon_core.package_identification:_identify(gym_env/lib/python3.12/site-packages/pip/_internal) by extension 'ignore'
[0.654s] Level 1:colcon.colcon_core.package_identification:_identify(gym_env/lib/python3.12/site-packages/pip/_internal) by extension 'ignore_ament_install'
[0.655s] Level 1:colcon.colcon_core.package_identification:_identify(gym_env/lib/python3.12/site-packages/pip/_internal) by extensions ['colcon_pkg']
[0.655s] Level 1:colcon.colcon_core.package_identification:_identify(gym_env/lib/python3.12/site-packages/pip/_internal) by extension 'colcon_pkg'
[0.655s] Level 1:colcon.colcon_core.package_identification:_identify(gym_env/lib/python3.12/site-packages/pip/_internal) by extensions ['colcon_meta']
[0.655s] Level 1:colcon.colcon_core.package_identification:_identify(gym_env/lib/python3.12/site-packages/pip/_internal) by extension 'colcon_meta'
[0.655s] Level 1:colcon.colcon_core.package_identification:_identify(gym_env/lib/python3.12/site-packages/pip/_internal) by extensions ['ros']
[0.655s] Level 1:colcon.colcon_core.package_identification:_identify(gym_env/lib/python3.12/site-packages/pip/_internal) by extension 'ros'
[0.655s] Level 1:colcon.colcon_core.package_identification:_identify(gym_env/lib/python3.12/site-packages/pip/_internal) by extensions ['cmake', 'python']
[0.655s] Level 1:colcon.colcon_core.package_identification:_identify(gym_env/lib/python3.12/site-packages/pip/_internal) by extension 'cmake'
[0.655s] Level 1:colcon.colcon_core.package_identification:_identify(gym_env/lib/python3.12/site-packages/pip/_internal) by extension 'python'
[0.655s] Level 1:colcon.colcon_core.package_identification:_identify(gym_env/lib/python3.12/site-packages/pip/_internal) by extensions ['python_setup_py']
[0.655s] Level 1:colcon.colcon_core.package_identification:_identify(gym_env/lib/python3.12/site-packages/pip/_internal) by extension 'python_setup_py'
[0.656s] Level 1:colcon.colcon_core.package_identification:_identify(gym_env/lib/python3.12/site-packages/pip/_internal/__pycache__) by extensions ['ignore', 'ignore_ament_install']
[0.656s] Level 1:colcon.colcon_core.package_identification:_identify(gym_env/lib/python3.12/site-packages/pip/_internal/__pycache__) by extension 'ignore'
[0.656s] Level 1:colcon.colcon_core.package_identification:_identify(gym_env/lib/python3.12/site-packages/pip/_internal/__pycache__) by extension 'ignore_ament_install'
[0.656s] Level 1:colcon.colcon_core.package_identification:_identify(gym_env/lib/python3.12/site-packages/pip/_internal/__pycache__) by extensions ['colcon_pkg']
[0.656s] Level 1:colcon.colcon_core.package_identification:_identify(gym_env/lib/python3.12/site-packages/pip/_internal/__pycache__) by extension 'colcon_pkg'
[0.656s] Level 1:colcon.colcon_core.package_identification:_identify(gym_env/lib/python3.12/site-packages/pip/_internal/__pycache__) by extensions ['colcon_meta']
[0.656s] Level 1:colcon.colcon_core.package_identification:_identify(gym_env/lib/python3.12/site-packages/pip/_internal/__pycache__) by extension 'colcon_meta'
[0.657s] Level 1:colcon.colcon_core.package_identification:_identify(gym_env/lib/python3.12/site-packages/pip/_internal/__pycache__) by extensions ['ros']
[0.657s] Level 1:colcon.colcon_core.package_identification:_identify(gym_env/lib/python3.12/site-packages/pip/_internal/__pycache__) by extension 'ros'
[0.657s] Level 1:colcon.colcon_core.package_identification:_identify(gym_env/lib/python3.12/site-packages/pip/_internal/__pycache__) by extensions ['cmake', 'python']
[0.657s] Level 1:colcon.colcon_core.package_identification:_identify(gym_env/lib/python3.12/site-packages/pip/_internal/__pycache__) by extension 'cmake'
[0.657s] Level 1:colcon.colcon_core.package_identification:_identify(gym_env/lib/python3.12/site-packages/pip/_internal/__pycache__) by extension 'python'
[0.657s] Level 1:colcon.colcon_core.package_identification:_identify(gym_env/lib/python3.12/site-packages/pip/_internal/__pycache__) by extensions ['python_setup_py']
[0.657s] Level 1:colcon.colcon_core.package_identification:_identify(gym_env/lib/python3.12/site-packages/pip/_internal/__pycache__) by extension 'python_setup_py'
[0.658s] Level 1:colcon.colcon_core.package_identification:_identify(gym_env/lib/python3.12/site-packages/pip/_internal/cli) by extensions ['ignore', 'ignore_ament_install']
[0.658s] Level 1:colcon.colcon_core.package_identification:_identify(gym_env/lib/python3.12/site-packages/pip/_internal/cli) by extension 'ignore'
[0.658s] Level 1:colcon.colcon_core.package_identification:_identify(gym_env/lib/python3.12/site-packages/pip/_internal/cli) by extension 'ignore_ament_install'
[0.658s] Level 1:colcon.colcon_core.package_identification:_identify(gym_env/lib/python3.12/site-packages/pip/_internal/cli) by extensions ['colcon_pkg']
[0.658s] Level 1:colcon.colcon_core.package_identification:_identify(gym_env/lib/python3.12/site-packages/pip/_internal/cli) by extension 'colcon_pkg'
[0.658s] Level 1:colcon.colcon_core.package_identification:_identify(gym_env/lib/python3.12/site-packages/pip/_internal/cli) by extensions ['colcon_meta']
[0.658s] Level 1:colcon.colcon_core.package_identification:_identify(gym_env/lib/python3.12/site-packages/pip/_internal/cli) by extension 'colcon_meta'
[0.659s] Level 1:colcon.colcon_core.package_identification:_identify(gym_env/lib/python3.12/site-packages/pip/_internal/cli) by extensions ['ros']
[0.659s] Level 1:colcon.colcon_core.package_identification:_identify(gym_env/lib/python3.12/site-packages/pip/_internal/cli) by extension 'ros'
[0.659s] Level 1:colcon.colcon_core.package_identification:_identify(gym_env/lib/python3.12/site-packages/pip/_internal/cli) by extensions ['cmake', 'python']
[0.659s] Level 1:colcon.colcon_core.package_identification:_identify(gym_env/lib/python3.12/site-packages/pip/_internal/cli) by extension 'cmake'
[0.659s] Level 1:colcon.colcon_core.package_identification:_identify(gym_env/lib/python3.12/site-packages/pip/_internal/cli) by extension 'python'
[0.660s] Level 1:colcon.colcon_core.package_identification:_identify(gym_env/lib/python3.12/site-packages/pip/_internal/cli) by extensions ['python_setup_py']
[0.660s] Level 1:colcon.colcon_core.package_identification:_identify(gym_env/lib/python3.12/site-packages/pip/_internal/cli) by extension 'python_setup_py'
[0.660s] Level 1:colcon.colcon_core.package_identification:_identify(gym_env/lib/python3.12/site-packages/pip/_internal/cli/__pycache__) by extensions ['ignore', 'ignore_ament_install']
[0.661s] Level 1:colcon.colcon_core.package_identification:_identify(gym_env/lib/python3.12/site-packages/pip/_internal/cli/__pycache__) by extension 'ignore'
[0.661s] Level 1:colcon.colcon_core.package_identification:_identify(gym_env/lib/python3.12/site-packages/pip/_internal/cli/__pycache__) by extension 'ignore_ament_install'
[0.661s] Level 1:colcon.colcon_core.package_identification:_identify(gym_env/lib/python3.12/site-packages/pip/_internal/cli/__pycache__) by extensions ['colcon_pkg']
[0.661s] Level 1:colcon.colcon_core.package_identification:_identify(gym_env/lib/python3.12/site-packages/pip/_internal/cli/__pycache__) by extension 'colcon_pkg'
[0.661s] Level 1:colcon.colcon_core.package_identification:_identify(gym_env/lib/python3.12/site-packages/pip/_internal/cli/__pycache__) by extensions ['colcon_meta']
[0.661s] Level 1:colcon.colcon_core.package_identification:_identify(gym_env/lib/python3.12/site-packages/pip/_internal/cli/__pycache__) by extension 'colcon_meta'
[0.662s] Level 1:colcon.colcon_core.package_identification:_identify(gym_env/lib/python3.12/site-packages/pip/_internal/cli/__pycache__) by extensions ['ros']
[0.662s] Level 1:colcon.colcon_core.package_identification:_identify(gym_env/lib/python3.12/site-packages/pip/_internal/cli/__pycache__) by extension 'ros'
[0.662s] Level 1:colcon.colcon_core.package_identification:_identify(gym_env/lib/python3.12/site-packages/pip/_internal/cli/__pycache__) by extensions ['cmake', 'python']
[0.662s] Level 1:colcon.colcon_core.package_identification:_identify(gym_env/lib/python3.12/site-packages/pip/_internal/cli/__pycache__) by extension 'cmake'
[0.662s] Level 1:colcon.colcon_core.package_identification:_identify(gym_env/lib/python3.12/site-packages/pip/_internal/cli/__pycache__) by extension 'python'
[0.662s] Level 1:colcon.colcon_core.package_identification:_identify(gym_env/lib/python3.12/site-packages/pip/_internal/cli/__pycache__) by extensions ['python_setup_py']
[0.663s] Level 1:colcon.colcon_core.package_identification:_identify(gym_env/lib/python3.12/site-packages/pip/_internal/cli/__pycache__) by extension 'python_setup_py'
[0.663s] Level 1:colcon.colcon_core.package_identification:_identify(gym_env/lib/python3.12/site-packages/pip/_internal/commands) by extensions ['ignore', 'ignore_ament_install']
[0.663s] Level 1:colcon.colcon_core.package_identification:_identify(gym_env/lib/python3.12/site-packages/pip/_internal/commands) by extension 'ignore'
[0.663s] Level 1:colcon.colcon_core.package_identification:_identify(gym_env/lib/python3.12/site-packages/pip/_internal/commands) by extension 'ignore_ament_install'
[0.664s] Level 1:colcon.colcon_core.package_identification:_identify(gym_env/lib/python3.12/site-packages/pip/_internal/commands) by extensions ['colcon_pkg']
[0.664s] Level 1:colcon.colcon_core.package_identification:_identify(gym_env/lib/python3.12/site-packages/pip/_internal/commands) by extension 'colcon_pkg'
[0.664s] Level 1:colcon.colcon_core.package_identification:_identify(gym_env/lib/python3.12/site-packages/pip/_internal/commands) by extensions ['colcon_meta']
[0.664s] Level 1:colcon.colcon_core.package_identification:_identify(gym_env/lib/python3.12/site-packages/pip/_internal/commands) by extension 'colcon_meta'
[0.664s] Level 1:colcon.colcon_core.package_identification:_identify(gym_env/lib/python3.12/site-packages/pip/_internal/commands) by extensions ['ros']
[0.664s] Level 1:colcon.colcon_core.package_identification:_identify(gym_env/lib/python3.12/site-packages/pip/_internal/commands) by extension 'ros'
[0.665s] Level 1:colcon.colcon_core.package_identification:_identify(gym_env/lib/python3.12/site-packages/pip/_internal/commands) by extensions ['cmake', 'python']
[0.665s] Level 1:colcon.colcon_core.package_identification:_identify(gym_env/lib/python3.12/site-packages/pip/_internal/commands) by extension 'cmake'
[0.665s] Level 1:colcon.colcon_core.package_identification:_identify(gym_env/lib/python3.12/site-packages/pip/_internal/commands) by extension 'python'
[0.665s] Level 1:colcon.colcon_core.package_identification:_identify(gym_env/lib/python3.12/site-packages/pip/_internal/commands) by extensions ['python_setup_py']
[0.665s] Level 1:colcon.colcon_core.package_identification:_identify(gym_env/lib/python3.12/site-packages/pip/_internal/commands) by extension 'python_setup_py'
[0.665s] Level 1:colcon.colcon_core.package_identification:_identify(gym_env/lib/python3.12/site-packages/pip/_internal/commands/__pycache__) by extensions ['ignore', 'ignore_ament_install']
[0.666s] Level 1:colcon.colcon_core.package_identification:_identify(gym_env/lib/python3.12/site-packages/pip/_internal/commands/__pycache__) by extension 'ignore'
[0.666s] Level 1:colcon.colcon_core.package_identification:_identify(gym_env/lib/python3.12/site-packages/pip/_internal/commands/__pycache__) by extension 'ignore_ament_install'
[0.666s] Level 1:colcon.colcon_core.package_identification:_identify(gym_env/lib/python3.12/site-packages/pip/_internal/commands/__pycache__) by extensions ['colcon_pkg']
[0.666s] Level 1:colcon.colcon_core.package_identification:_identify(gym_env/lib/python3.12/site-packages/pip/_internal/commands/__pycache__) by extension 'colcon_pkg'
[0.666s] Level 1:colcon.colcon_core.package_identification:_identify(gym_env/lib/python3.12/site-packages/pip/_internal/commands/__pycache__) by extensions ['colcon_meta']
[0.666s] Level 1:colcon.colcon_core.package_identification:_identify(gym_env/lib/python3.12/site-packages/pip/_internal/commands/__pycache__) by extension 'colcon_meta'
[0.666s] Level 1:colcon.colcon_core.package_identification:_identify(gym_env/lib/python3.12/site-packages/pip/_internal/commands/__pycache__) by extensions ['ros']
[0.666s] Level 1:colcon.colcon_core.package_identification:_identify(gym_env/lib/python3.12/site-packages/pip/_internal/commands/__pycache__) by extension 'ros'
[0.666s] Level 1:colcon.colcon_core.package_identification:_identify(gym_env/lib/python3.12/site-packages/pip/_internal/commands/__pycache__) by extensions ['cmake', 'python']
[0.667s] Level 1:colcon.colcon_core.package_identification:_identify(gym_env/lib/python3.12/site-packages/pip/_internal/commands/__pycache__) by extension 'cmake'
[0.667s] Level 1:colcon.colcon_core.package_identification:_identify(gym_env/lib/python3.12/site-packages/pip/_internal/commands/__pycache__) by extension 'python'
[0.667s] Level 1:colcon.colcon_core.package_identification:_identify(gym_env/lib/python3.12/site-packages/pip/_internal/commands/__pycache__) by extensions ['python_setup_py']
[0.667s] Level 1:colcon.colcon_core.package_identification:_identify(gym_env/lib/python3.12/site-packages/pip/_internal/commands/__pycache__) by extension 'python_setup_py'
[0.667s] Level 1:colcon.colcon_core.package_identification:_identify(gym_env/lib/python3.12/site-packages/pip/_internal/distributions) by extensions ['ignore', 'ignore_ament_install']
[0.667s] Level 1:colcon.colcon_core.package_identification:_identify(gym_env/lib/python3.12/site-packages/pip/_internal/distributions) by extension 'ignore'
[0.667s] Level 1:colcon.colcon_core.package_identification:_identify(gym_env/lib/python3.12/site-packages/pip/_internal/distributions) by extension 'ignore_ament_install'
[0.668s] Level 1:colcon.colcon_core.package_identification:_identify(gym_env/lib/python3.12/site-packages/pip/_internal/distributions) by extensions ['colcon_pkg']
[0.668s] Level 1:colcon.colcon_core.package_identification:_identify(gym_env/lib/python3.12/site-packages/pip/_internal/distributions) by extension 'colcon_pkg'
[0.668s] Level 1:colcon.colcon_core.package_identification:_identify(gym_env/lib/python3.12/site-packages/pip/_internal/distributions) by extensions ['colcon_meta']
[0.668s] Level 1:colcon.colcon_core.package_identification:_identify(gym_env/lib/python3.12/site-packages/pip/_internal/distributions) by extension 'colcon_meta'
[0.668s] Level 1:colcon.colcon_core.package_identification:_identify(gym_env/lib/python3.12/site-packages/pip/_internal/distributions) by extensions ['ros']
[0.668s] Level 1:colcon.colcon_core.package_identification:_identify(gym_env/lib/python3.12/site-packages/pip/_internal/distributions) by extension 'ros'
[0.668s] Level 1:colcon.colcon_core.package_identification:_identify(gym_env/lib/python3.12/site-packages/pip/_internal/distributions) by extensions ['cmake', 'python']
[0.668s] Level 1:colcon.colcon_core.package_identification:_identify(gym_env/lib/python3.12/site-packages/pip/_internal/distributions) by extension 'cmake'
[0.668s] Level 1:colcon.colcon_core.package_identification:_identify(gym_env/lib/python3.12/site-packages/pip/_internal/distributions) by extension 'python'
[0.668s] Level 1:colcon.colcon_core.package_identification:_identify(gym_env/lib/python3.12/site-packages/pip/_internal/distributions) by extensions ['python_setup_py']
[0.669s] Level 1:colcon.colcon_core.package_identification:_identify(gym_env/lib/python3.12/site-packages/pip/_internal/distributions) by extension 'python_setup_py'
[0.669s] Level 1:colcon.colcon_core.package_identification:_identify(gym_env/lib/python3.12/site-packages/pip/_internal/distributions/__pycache__) by extensions ['ignore', 'ignore_ament_install']
[0.669s] Level 1:colcon.colcon_core.package_identification:_identify(gym_env/lib/python3.12/site-packages/pip/_internal/distributions/__pycache__) by extension 'ignore'
[0.669s] Level 1:colcon.colcon_core.package_identification:_identify(gym_env/lib/python3.12/site-packages/pip/_internal/distributions/__pycache__) by extension 'ignore_ament_install'
[0.669s] Level 1:colcon.colcon_core.package_identification:_identify(gym_env/lib/python3.12/site-packages/pip/_internal/distributions/__pycache__) by extensions ['colcon_pkg']
[0.670s] Level 1:colcon.colcon_core.package_identification:_identify(gym_env/lib/python3.12/site-packages/pip/_internal/distributions/__pycache__) by extension 'colcon_pkg'
[0.670s] Level 1:colcon.colcon_core.package_identification:_identify(gym_env/lib/python3.12/site-packages/pip/_internal/distributions/__pycache__) by extensions ['colcon_meta']
[0.670s] Level 1:colcon.colcon_core.package_identification:_identify(gym_env/lib/python3.12/site-packages/pip/_internal/distributions/__pycache__) by extension 'colcon_meta'
[0.670s] Level 1:colcon.colcon_core.package_identification:_identify(gym_env/lib/python3.12/site-packages/pip/_internal/distributions/__pycache__) by extensions ['ros']
[0.670s] Level 1:colcon.colcon_core.package_identification:_identify(gym_env/lib/python3.12/site-packages/pip/_internal/distributions/__pycache__) by extension 'ros'
[0.670s] Level 1:colcon.colcon_core.package_identification:_identify(gym_env/lib/python3.12/site-packages/pip/_internal/distributions/__pycache__) by extensions ['cmake', 'python']
[0.670s] Level 1:colcon.colcon_core.package_identification:_identify(gym_env/lib/python3.12/site-packages/pip/_internal/distributions/__pycache__) by extension 'cmake'
[0.670s] Level 1:colcon.colcon_core.package_identification:_identify(gym_env/lib/python3.12/site-packages/pip/_internal/distributions/__pycache__) by extension 'python'
[0.670s] Level 1:colcon.colcon_core.package_identification:_identify(gym_env/lib/python3.12/site-packages/pip/_internal/distributions/__pycache__) by extensions ['python_setup_py']
[0.670s] Level 1:colcon.colcon_core.package_identification:_identify(gym_env/lib/python3.12/site-packages/pip/_internal/distributions/__pycache__) by extension 'python_setup_py'
[0.671s] Level 1:colcon.colcon_core.package_identification:_identify(gym_env/lib/python3.12/site-packages/pip/_internal/index) by extensions ['ignore', 'ignore_ament_install']
[0.671s] Level 1:colcon.colcon_core.package_identification:_identify(gym_env/lib/python3.12/site-packages/pip/_internal/index) by extension 'ignore'
[0.671s] Level 1:colcon.colcon_core.package_identification:_identify(gym_env/lib/python3.12/site-packages/pip/_internal/index) by extension 'ignore_ament_install'
[0.671s] Level 1:colcon.colcon_core.package_identification:_identify(gym_env/lib/python3.12/site-packages/pip/_internal/index) by extensions ['colcon_pkg']
[0.671s] Level 1:colcon.colcon_core.package_identification:_identify(gym_env/lib/python3.12/site-packages/pip/_internal/index) by extension 'colcon_pkg'
[0.671s] Level 1:colcon.colcon_core.package_identification:_identify(gym_env/lib/python3.12/site-packages/pip/_internal/index) by extensions ['colcon_meta']
[0.671s] Level 1:colcon.colcon_core.package_identification:_identify(gym_env/lib/python3.12/site-packages/pip/_internal/index) by extension 'colcon_meta'
[0.672s] Level 1:colcon.colcon_core.package_identification:_identify(gym_env/lib/python3.12/site-packages/pip/_internal/index) by extensions ['ros']
[0.672s] Level 1:colcon.colcon_core.package_identification:_identify(gym_env/lib/python3.12/site-packages/pip/_internal/index) by extension 'ros'
[0.672s] Level 1:colcon.colcon_core.package_identification:_identify(gym_env/lib/python3.12/site-packages/pip/_internal/index) by extensions ['cmake', 'python']
[0.672s] Level 1:colcon.colcon_core.package_identification:_identify(gym_env/lib/python3.12/site-packages/pip/_internal/index) by extension 'cmake'
[0.672s] Level 1:colcon.colcon_core.package_identification:_identify(gym_env/lib/python3.12/site-packages/pip/_internal/index) by extension 'python'
[0.672s] Level 1:colcon.colcon_core.package_identification:_identify(gym_env/lib/python3.12/site-packages/pip/_internal/index) by extensions ['python_setup_py']
[0.672s] Level 1:colcon.colcon_core.package_identification:_identify(gym_env/lib/python3.12/site-packages/pip/_internal/index) by extension 'python_setup_py'
[0.672s] Level 1:colcon.colcon_core.package_identification:_identify(gym_env/lib/python3.12/site-packages/pip/_internal/index/__pycache__) by extensions ['ignore', 'ignore_ament_install']
[0.673s] Level 1:colcon.colcon_core.package_identification:_identify(gym_env/lib/python3.12/site-packages/pip/_internal/index/__pycache__) by extension 'ignore'
[0.673s] Level 1:colcon.colcon_core.package_identification:_identify(gym_env/lib/python3.12/site-packages/pip/_internal/index/__pycache__) by extension 'ignore_ament_install'
[0.673s] Level 1:colcon.colcon_core.package_identification:_identify(gym_env/lib/python3.12/site-packages/pip/_internal/index/__pycache__) by extensions ['colcon_pkg']
[0.673s] Level 1:colcon.colcon_core.package_identification:_identify(gym_env/lib/python3.12/site-packages/pip/_internal/index/__pycache__) by extension 'colcon_pkg'
[0.673s] Level 1:colcon.colcon_core.package_identification:_identify(gym_env/lib/python3.12/site-packages/pip/_internal/index/__pycache__) by extensions ['colcon_meta']
[0.673s] Level 1:colcon.colcon_core.package_identification:_identify(gym_env/lib/python3.12/site-packages/pip/_internal/index/__pycache__) by extension 'colcon_meta'
[0.673s] Level 1:colcon.colcon_core.package_identification:_identify(gym_env/lib/python3.12/site-packages/pip/_internal/index/__pycache__) by extensions ['ros']
[0.673s] Level 1:colcon.colcon_core.package_identification:_identify(gym_env/lib/python3.12/site-packages/pip/_internal/index/__pycache__) by extension 'ros'
[0.673s] Level 1:colcon.colcon_core.package_identification:_identify(gym_env/lib/python3.12/site-packages/pip/_internal/index/__pycache__) by extensions ['cmake', 'python']
[0.674s] Level 1:colcon.colcon_core.package_identification:_identify(gym_env/lib/python3.12/site-packages/pip/_internal/index/__pycache__) by extension 'cmake'
[0.674s] Level 1:colcon.colcon_core.package_identification:_identify(gym_env/lib/python3.12/site-packages/pip/_internal/index/__pycache__) by extension 'python'
[0.674s] Level 1:colcon.colcon_core.package_identification:_identify(gym_env/lib/python3.12/site-packages/pip/_internal/index/__pycache__) by extensions ['python_setup_py']
[0.674s] Level 1:colcon.colcon_core.package_identification:_identify(gym_env/lib/python3.12/site-packages/pip/_internal/index/__pycache__) by extension 'python_setup_py'
[0.674s] Level 1:colcon.colcon_core.package_identification:_identify(gym_env/lib/python3.12/site-packages/pip/_internal/locations) by extensions ['ignore', 'ignore_ament_install']
[0.674s] Level 1:colcon.colcon_core.package_identification:_identify(gym_env/lib/python3.12/site-packages/pip/_internal/locations) by extension 'ignore'
[0.675s] Level 1:colcon.colcon_core.package_identification:_identify(gym_env/lib/python3.12/site-packages/pip/_internal/locations) by extension 'ignore_ament_install'
[0.675s] Level 1:colcon.colcon_core.package_identification:_identify(gym_env/lib/python3.12/site-packages/pip/_internal/locations) by extensions ['colcon_pkg']
[0.675s] Level 1:colcon.colcon_core.package_identification:_identify(gym_env/lib/python3.12/site-packages/pip/_internal/locations) by extension 'colcon_pkg'
[0.675s] Level 1:colcon.colcon_core.package_identification:_identify(gym_env/lib/python3.12/site-packages/pip/_internal/locations) by extensions ['colcon_meta']
[0.675s] Level 1:colcon.colcon_core.package_identification:_identify(gym_env/lib/python3.12/site-packages/pip/_internal/locations) by extension 'colcon_meta'
[0.675s] Level 1:colcon.colcon_core.package_identification:_identify(gym_env/lib/python3.12/site-packages/pip/_internal/locations) by extensions ['ros']
[0.675s] Level 1:colcon.colcon_core.package_identification:_identify(gym_env/lib/python3.12/site-packages/pip/_internal/locations) by extension 'ros'
[0.676s] Level 1:colcon.colcon_core.package_identification:_identify(gym_env/lib/python3.12/site-packages/pip/_internal/locations) by extensions ['cmake', 'python']
[0.676s] Level 1:colcon.colcon_core.package_identification:_identify(gym_env/lib/python3.12/site-packages/pip/_internal/locations) by extension 'cmake'
[0.676s] Level 1:colcon.colcon_core.package_identification:_identify(gym_env/lib/python3.12/site-packages/pip/_internal/locations) by extension 'python'
[0.676s] Level 1:colcon.colcon_core.package_identification:_identify(gym_env/lib/python3.12/site-packages/pip/_internal/locations) by extensions ['python_setup_py']
[0.676s] Level 1:colcon.colcon_core.package_identification:_identify(gym_env/lib/python3.12/site-packages/pip/_internal/locations) by extension 'python_setup_py'
[0.677s] Level 1:colcon.colcon_core.package_identification:_identify(gym_env/lib/python3.12/site-packages/pip/_internal/locations/__pycache__) by extensions ['ignore', 'ignore_ament_install']
[0.677s] Level 1:colcon.colcon_core.package_identification:_identify(gym_env/lib/python3.12/site-packages/pip/_internal/locations/__pycache__) by extension 'ignore'
[0.677s] Level 1:colcon.colcon_core.package_identification:_identify(gym_env/lib/python3.12/site-packages/pip/_internal/locations/__pycache__) by extension 'ignore_ament_install'
[0.678s] Level 1:colcon.colcon_core.package_identification:_identify(gym_env/lib/python3.12/site-packages/pip/_internal/locations/__pycache__) by extensions ['colcon_pkg']
[0.678s] Level 1:colcon.colcon_core.package_identification:_identify(gym_env/lib/python3.12/site-packages/pip/_internal/locations/__pycache__) by extension 'colcon_pkg'
[0.678s] Level 1:colcon.colcon_core.package_identification:_identify(gym_env/lib/python3.12/site-packages/pip/_internal/locations/__pycache__) by extensions ['colcon_meta']
[0.678s] Level 1:colcon.colcon_core.package_identification:_identify(gym_env/lib/python3.12/site-packages/pip/_internal/locations/__pycache__) by extension 'colcon_meta'
[0.678s] Level 1:colcon.colcon_core.package_identification:_identify(gym_env/lib/python3.12/site-packages/pip/_internal/locations/__pycache__) by extensions ['ros']
[0.678s] Level 1:colcon.colcon_core.package_identification:_identify(gym_env/lib/python3.12/site-packages/pip/_internal/locations/__pycache__) by extension 'ros'
[0.679s] Level 1:colcon.colcon_core.package_identification:_identify(gym_env/lib/python3.12/site-packages/pip/_internal/locations/__pycache__) by extensions ['cmake', 'python']
[0.679s] Level 1:colcon.colcon_core.package_identification:_identify(gym_env/lib/python3.12/site-packages/pip/_internal/locations/__pycache__) by extension 'cmake'
[0.679s] Level 1:colcon.colcon_core.package_identification:_identify(gym_env/lib/python3.12/site-packages/pip/_internal/locations/__pycache__) by extension 'python'
[0.679s] Level 1:colcon.colcon_core.package_identification:_identify(gym_env/lib/python3.12/site-packages/pip/_internal/locations/__pycache__) by extensions ['python_setup_py']
[0.679s] Level 1:colcon.colcon_core.package_identification:_identify(gym_env/lib/python3.12/site-packages/pip/_internal/locations/__pycache__) by extension 'python_setup_py'
[0.680s] Level 1:colcon.colcon_core.package_identification:_identify(gym_env/lib/python3.12/site-packages/pip/_internal/metadata) by extensions ['ignore', 'ignore_ament_install']
[0.680s] Level 1:colcon.colcon_core.package_identification:_identify(gym_env/lib/python3.12/site-packages/pip/_internal/metadata) by extension 'ignore'
[0.680s] Level 1:colcon.colcon_core.package_identification:_identify(gym_env/lib/python3.12/site-packages/pip/_internal/metadata) by extension 'ignore_ament_install'
[0.681s] Level 1:colcon.colcon_core.package_identification:_identify(gym_env/lib/python3.12/site-packages/pip/_internal/metadata) by extensions ['colcon_pkg']
[0.681s] Level 1:colcon.colcon_core.package_identification:_identify(gym_env/lib/python3.12/site-packages/pip/_internal/metadata) by extension 'colcon_pkg'
[0.681s] Level 1:colcon.colcon_core.package_identification:_identify(gym_env/lib/python3.12/site-packages/pip/_internal/metadata) by extensions ['colcon_meta']
[0.681s] Level 1:colcon.colcon_core.package_identification:_identify(gym_env/lib/python3.12/site-packages/pip/_internal/metadata) by extension 'colcon_meta'
[0.681s] Level 1:colcon.colcon_core.package_identification:_identify(gym_env/lib/python3.12/site-packages/pip/_internal/metadata) by extensions ['ros']
[0.681s] Level 1:colcon.colcon_core.package_identification:_identify(gym_env/lib/python3.12/site-packages/pip/_internal/metadata) by extension 'ros'
[0.682s] Level 1:colcon.colcon_core.package_identification:_identify(gym_env/lib/python3.12/site-packages/pip/_internal/metadata) by extensions ['cmake', 'python']
[0.682s] Level 1:colcon.colcon_core.package_identification:_identify(gym_env/lib/python3.12/site-packages/pip/_internal/metadata) by extension 'cmake'
[0.682s] Level 1:colcon.colcon_core.package_identification:_identify(gym_env/lib/python3.12/site-packages/pip/_internal/metadata) by extension 'python'
[0.682s] Level 1:colcon.colcon_core.package_identification:_identify(gym_env/lib/python3.12/site-packages/pip/_internal/metadata) by extensions ['python_setup_py']
[0.682s] Level 1:colcon.colcon_core.package_identification:_identify(gym_env/lib/python3.12/site-packages/pip/_internal/metadata) by extension 'python_setup_py'
[0.683s] Level 1:colcon.colcon_core.package_identification:_identify(gym_env/lib/python3.12/site-packages/pip/_internal/metadata/__pycache__) by extensions ['ignore', 'ignore_ament_install']
[0.683s] Level 1:colcon.colcon_core.package_identification:_identify(gym_env/lib/python3.12/site-packages/pip/_internal/metadata/__pycache__) by extension 'ignore'
[0.683s] Level 1:colcon.colcon_core.package_identification:_identify(gym_env/lib/python3.12/site-packages/pip/_internal/metadata/__pycache__) by extension 'ignore_ament_install'
[0.684s] Level 1:colcon.colcon_core.package_identification:_identify(gym_env/lib/python3.12/site-packages/pip/_internal/metadata/__pycache__) by extensions ['colcon_pkg']
[0.684s] Level 1:colcon.colcon_core.package_identification:_identify(gym_env/lib/python3.12/site-packages/pip/_internal/metadata/__pycache__) by extension 'colcon_pkg'
[0.684s] Level 1:colcon.colcon_core.package_identification:_identify(gym_env/lib/python3.12/site-packages/pip/_internal/metadata/__pycache__) by extensions ['colcon_meta']
[0.684s] Level 1:colcon.colcon_core.package_identification:_identify(gym_env/lib/python3.12/site-packages/pip/_internal/metadata/__pycache__) by extension 'colcon_meta'
[0.684s] Level 1:colcon.colcon_core.package_identification:_identify(gym_env/lib/python3.12/site-packages/pip/_internal/metadata/__pycache__) by extensions ['ros']
[0.684s] Level 1:colcon.colcon_core.package_identification:_identify(gym_env/lib/python3.12/site-packages/pip/_internal/metadata/__pycache__) by extension 'ros'
[0.684s] Level 1:colcon.colcon_core.package_identification:_identify(gym_env/lib/python3.12/site-packages/pip/_internal/metadata/__pycache__) by extensions ['cmake', 'python']
[0.684s] Level 1:colcon.colcon_core.package_identification:_identify(gym_env/lib/python3.12/site-packages/pip/_internal/metadata/__pycache__) by extension 'cmake'
[0.685s] Level 1:colcon.colcon_core.package_identification:_identify(gym_env/lib/python3.12/site-packages/pip/_internal/metadata/__pycache__) by extension 'python'
[0.685s] Level 1:colcon.colcon_core.package_identification:_identify(gym_env/lib/python3.12/site-packages/pip/_internal/metadata/__pycache__) by extensions ['python_setup_py']
[0.685s] Level 1:colcon.colcon_core.package_identification:_identify(gym_env/lib/python3.12/site-packages/pip/_internal/metadata/__pycache__) by extension 'python_setup_py'
[0.685s] Level 1:colcon.colcon_core.package_identification:_identify(gym_env/lib/python3.12/site-packages/pip/_internal/metadata/importlib) by extensions ['ignore', 'ignore_ament_install']
[0.685s] Level 1:colcon.colcon_core.package_identification:_identify(gym_env/lib/python3.12/site-packages/pip/_internal/metadata/importlib) by extension 'ignore'
[0.685s] Level 1:colcon.colcon_core.package_identification:_identify(gym_env/lib/python3.12/site-packages/pip/_internal/metadata/importlib) by extension 'ignore_ament_install'
[0.686s] Level 1:colcon.colcon_core.package_identification:_identify(gym_env/lib/python3.12/site-packages/pip/_internal/metadata/importlib) by extensions ['colcon_pkg']
[0.686s] Level 1:colcon.colcon_core.package_identification:_identify(gym_env/lib/python3.12/site-packages/pip/_internal/metadata/importlib) by extension 'colcon_pkg'
[0.686s] Level 1:colcon.colcon_core.package_identification:_identify(gym_env/lib/python3.12/site-packages/pip/_internal/metadata/importlib) by extensions ['colcon_meta']
[0.686s] Level 1:colcon.colcon_core.package_identification:_identify(gym_env/lib/python3.12/site-packages/pip/_internal/metadata/importlib) by extension 'colcon_meta'
[0.686s] Level 1:colcon.colcon_core.package_identification:_identify(gym_env/lib/python3.12/site-packages/pip/_internal/metadata/importlib) by extensions ['ros']
[0.686s] Level 1:colcon.colcon_core.package_identification:_identify(gym_env/lib/python3.12/site-packages/pip/_internal/metadata/importlib) by extension 'ros'
[0.686s] Level 1:colcon.colcon_core.package_identification:_identify(gym_env/lib/python3.12/site-packages/pip/_internal/metadata/importlib) by extensions ['cmake', 'python']
[0.686s] Level 1:colcon.colcon_core.package_identification:_identify(gym_env/lib/python3.12/site-packages/pip/_internal/metadata/importlib) by extension 'cmake'
[0.686s] Level 1:colcon.colcon_core.package_identification:_identify(gym_env/lib/python3.12/site-packages/pip/_internal/metadata/importlib) by extension 'python'
[0.686s] Level 1:colcon.colcon_core.package_identification:_identify(gym_env/lib/python3.12/site-packages/pip/_internal/metadata/importlib) by extensions ['python_setup_py']
[0.686s] Level 1:colcon.colcon_core.package_identification:_identify(gym_env/lib/python3.12/site-packages/pip/_internal/metadata/importlib) by extension 'python_setup_py'
[0.687s] Level 1:colcon.colcon_core.package_identification:_identify(gym_env/lib/python3.12/site-packages/pip/_internal/metadata/importlib/__pycache__) by extensions ['ignore', 'ignore_ament_install']
[0.687s] Level 1:colcon.colcon_core.package_identification:_identify(gym_env/lib/python3.12/site-packages/pip/_internal/metadata/importlib/__pycache__) by extension 'ignore'
[0.687s] Level 1:colcon.colcon_core.package_identification:_identify(gym_env/lib/python3.12/site-packages/pip/_internal/metadata/importlib/__pycache__) by extension 'ignore_ament_install'
[0.687s] Level 1:colcon.colcon_core.package_identification:_identify(gym_env/lib/python3.12/site-packages/pip/_internal/metadata/importlib/__pycache__) by extensions ['colcon_pkg']
[0.687s] Level 1:colcon.colcon_core.package_identification:_identify(gym_env/lib/python3.12/site-packages/pip/_internal/metadata/importlib/__pycache__) by extension 'colcon_pkg'
[0.687s] Level 1:colcon.colcon_core.package_identification:_identify(gym_env/lib/python3.12/site-packages/pip/_internal/metadata/importlib/__pycache__) by extensions ['colcon_meta']
[0.687s] Level 1:colcon.colcon_core.package_identification:_identify(gym_env/lib/python3.12/site-packages/pip/_internal/metadata/importlib/__pycache__) by extension 'colcon_meta'
[0.688s] Level 1:colcon.colcon_core.package_identification:_identify(gym_env/lib/python3.12/site-packages/pip/_internal/metadata/importlib/__pycache__) by extensions ['ros']
[0.688s] Level 1:colcon.colcon_core.package_identification:_identify(gym_env/lib/python3.12/site-packages/pip/_internal/metadata/importlib/__pycache__) by extension 'ros'
[0.688s] Level 1:colcon.colcon_core.package_identification:_identify(gym_env/lib/python3.12/site-packages/pip/_internal/metadata/importlib/__pycache__) by extensions ['cmake', 'python']
[0.688s] Level 1:colcon.colcon_core.package_identification:_identify(gym_env/lib/python3.12/site-packages/pip/_internal/metadata/importlib/__pycache__) by extension 'cmake'
[0.688s] Level 1:colcon.colcon_core.package_identification:_identify(gym_env/lib/python3.12/site-packages/pip/_internal/metadata/importlib/__pycache__) by extension 'python'
[0.688s] Level 1:colcon.colcon_core.package_identification:_identify(gym_env/lib/python3.12/site-packages/pip/_internal/metadata/importlib/__pycache__) by extensions ['python_setup_py']
[0.688s] Level 1:colcon.colcon_core.package_identification:_identify(gym_env/lib/python3.12/site-packages/pip/_internal/metadata/importlib/__pycache__) by extension 'python_setup_py'
[0.688s] Level 1:colcon.colcon_core.package_identification:_identify(gym_env/lib/python3.12/site-packages/pip/_internal/models) by extensions ['ignore', 'ignore_ament_install']
[0.689s] Level 1:colcon.colcon_core.package_identification:_identify(gym_env/lib/python3.12/site-packages/pip/_internal/models) by extension 'ignore'
[0.689s] Level 1:colcon.colcon_core.package_identification:_identify(gym_env/lib/python3.12/site-packages/pip/_internal/models) by extension 'ignore_ament_install'
[0.689s] Level 1:colcon.colcon_core.package_identification:_identify(gym_env/lib/python3.12/site-packages/pip/_internal/models) by extensions ['colcon_pkg']
[0.689s] Level 1:colcon.colcon_core.package_identification:_identify(gym_env/lib/python3.12/site-packages/pip/_internal/models) by extension 'colcon_pkg'
[0.689s] Level 1:colcon.colcon_core.package_identification:_identify(gym_env/lib/python3.12/site-packages/pip/_internal/models) by extensions ['colcon_meta']
[0.689s] Level 1:colcon.colcon_core.package_identification:_identify(gym_env/lib/python3.12/site-packages/pip/_internal/models) by extension 'colcon_meta'
[0.689s] Level 1:colcon.colcon_core.package_identification:_identify(gym_env/lib/python3.12/site-packages/pip/_internal/models) by extensions ['ros']
[0.689s] Level 1:colcon.colcon_core.package_identification:_identify(gym_env/lib/python3.12/site-packages/pip/_internal/models) by extension 'ros'
[0.690s] Level 1:colcon.colcon_core.package_identification:_identify(gym_env/lib/python3.12/site-packages/pip/_internal/models) by extensions ['cmake', 'python']
[0.690s] Level 1:colcon.colcon_core.package_identification:_identify(gym_env/lib/python3.12/site-packages/pip/_internal/models) by extension 'cmake'
[0.690s] Level 1:colcon.colcon_core.package_identification:_identify(gym_env/lib/python3.12/site-packages/pip/_internal/models) by extension 'python'
[0.690s] Level 1:colcon.colcon_core.package_identification:_identify(gym_env/lib/python3.12/site-packages/pip/_internal/models) by extensions ['python_setup_py']
[0.690s] Level 1:colcon.colcon_core.package_identification:_identify(gym_env/lib/python3.12/site-packages/pip/_internal/models) by extension 'python_setup_py'
[0.690s] Level 1:colcon.colcon_core.package_identification:_identify(gym_env/lib/python3.12/site-packages/pip/_internal/models/__pycache__) by extensions ['ignore', 'ignore_ament_install']
[0.690s] Level 1:colcon.colcon_core.package_identification:_identify(gym_env/lib/python3.12/site-packages/pip/_internal/models/__pycache__) by extension 'ignore'
[0.691s] Level 1:colcon.colcon_core.package_identification:_identify(gym_env/lib/python3.12/site-packages/pip/_internal/models/__pycache__) by extension 'ignore_ament_install'
[0.691s] Level 1:colcon.colcon_core.package_identification:_identify(gym_env/lib/python3.12/site-packages/pip/_internal/models/__pycache__) by extensions ['colcon_pkg']
[0.691s] Level 1:colcon.colcon_core.package_identification:_identify(gym_env/lib/python3.12/site-packages/pip/_internal/models/__pycache__) by extension 'colcon_pkg'
[0.691s] Level 1:colcon.colcon_core.package_identification:_identify(gym_env/lib/python3.12/site-packages/pip/_internal/models/__pycache__) by extensions ['colcon_meta']
[0.691s] Level 1:colcon.colcon_core.package_identification:_identify(gym_env/lib/python3.12/site-packages/pip/_internal/models/__pycache__) by extension 'colcon_meta'
[0.691s] Level 1:colcon.colcon_core.package_identification:_identify(gym_env/lib/python3.12/site-packages/pip/_internal/models/__pycache__) by extensions ['ros']
[0.691s] Level 1:colcon.colcon_core.package_identification:_identify(gym_env/lib/python3.12/site-packages/pip/_internal/models/__pycache__) by extension 'ros'
[0.692s] Level 1:colcon.colcon_core.package_identification:_identify(gym_env/lib/python3.12/site-packages/pip/_internal/models/__pycache__) by extensions ['cmake', 'python']
[0.692s] Level 1:colcon.colcon_core.package_identification:_identify(gym_env/lib/python3.12/site-packages/pip/_internal/models/__pycache__) by extension 'cmake'
[0.692s] Level 1:colcon.colcon_core.package_identification:_identify(gym_env/lib/python3.12/site-packages/pip/_internal/models/__pycache__) by extension 'python'
[0.692s] Level 1:colcon.colcon_core.package_identification:_identify(gym_env/lib/python3.12/site-packages/pip/_internal/models/__pycache__) by extensions ['python_setup_py']
[0.692s] Level 1:colcon.colcon_core.package_identification:_identify(gym_env/lib/python3.12/site-packages/pip/_internal/models/__pycache__) by extension 'python_setup_py'
[0.693s] Level 1:colcon.colcon_core.package_identification:_identify(gym_env/lib/python3.12/site-packages/pip/_internal/network) by extensions ['ignore', 'ignore_ament_install']
[0.693s] Level 1:colcon.colcon_core.package_identification:_identify(gym_env/lib/python3.12/site-packages/pip/_internal/network) by extension 'ignore'
[0.693s] Level 1:colcon.colcon_core.package_identification:_identify(gym_env/lib/python3.12/site-packages/pip/_internal/network) by extension 'ignore_ament_install'
[0.694s] Level 1:colcon.colcon_core.package_identification:_identify(gym_env/lib/python3.12/site-packages/pip/_internal/network) by extensions ['colcon_pkg']
[0.694s] Level 1:colcon.colcon_core.package_identification:_identify(gym_env/lib/python3.12/site-packages/pip/_internal/network) by extension 'colcon_pkg'
[0.694s] Level 1:colcon.colcon_core.package_identification:_identify(gym_env/lib/python3.12/site-packages/pip/_internal/network) by extensions ['colcon_meta']
[0.694s] Level 1:colcon.colcon_core.package_identification:_identify(gym_env/lib/python3.12/site-packages/pip/_internal/network) by extension 'colcon_meta'
[0.694s] Level 1:colcon.colcon_core.package_identification:_identify(gym_env/lib/python3.12/site-packages/pip/_internal/network) by extensions ['ros']
[0.694s] Level 1:colcon.colcon_core.package_identification:_identify(gym_env/lib/python3.12/site-packages/pip/_internal/network) by extension 'ros'
[0.695s] Level 1:colcon.colcon_core.package_identification:_identify(gym_env/lib/python3.12/site-packages/pip/_internal/network) by extensions ['cmake', 'python']
[0.695s] Level 1:colcon.colcon_core.package_identification:_identify(gym_env/lib/python3.12/site-packages/pip/_internal/network) by extension 'cmake'
[0.695s] Level 1:colcon.colcon_core.package_identification:_identify(gym_env/lib/python3.12/site-packages/pip/_internal/network) by extension 'python'
[0.695s] Level 1:colcon.colcon_core.package_identification:_identify(gym_env/lib/python3.12/site-packages/pip/_internal/network) by extensions ['python_setup_py']
[0.695s] Level 1:colcon.colcon_core.package_identification:_identify(gym_env/lib/python3.12/site-packages/pip/_internal/network) by extension 'python_setup_py'
[0.696s] Level 1:colcon.colcon_core.package_identification:_identify(gym_env/lib/python3.12/site-packages/pip/_internal/network/__pycache__) by extensions ['ignore', 'ignore_ament_install']
[0.696s] Level 1:colcon.colcon_core.package_identification:_identify(gym_env/lib/python3.12/site-packages/pip/_internal/network/__pycache__) by extension 'ignore'
[0.696s] Level 1:colcon.colcon_core.package_identification:_identify(gym_env/lib/python3.12/site-packages/pip/_internal/network/__pycache__) by extension 'ignore_ament_install'
[0.697s] Level 1:colcon.colcon_core.package_identification:_identify(gym_env/lib/python3.12/site-packages/pip/_internal/network/__pycache__) by extensions ['colcon_pkg']
[0.697s] Level 1:colcon.colcon_core.package_identification:_identify(gym_env/lib/python3.12/site-packages/pip/_internal/network/__pycache__) by extension 'colcon_pkg'
[0.697s] Level 1:colcon.colcon_core.package_identification:_identify(gym_env/lib/python3.12/site-packages/pip/_internal/network/__pycache__) by extensions ['colcon_meta']
[0.697s] Level 1:colcon.colcon_core.package_identification:_identify(gym_env/lib/python3.12/site-packages/pip/_internal/network/__pycache__) by extension 'colcon_meta'
[0.697s] Level 1:colcon.colcon_core.package_identification:_identify(gym_env/lib/python3.12/site-packages/pip/_internal/network/__pycache__) by extensions ['ros']
[0.697s] Level 1:colcon.colcon_core.package_identification:_identify(gym_env/lib/python3.12/site-packages/pip/_internal/network/__pycache__) by extension 'ros'
[0.698s] Level 1:colcon.colcon_core.package_identification:_identify(gym_env/lib/python3.12/site-packages/pip/_internal/network/__pycache__) by extensions ['cmake', 'python']
[0.698s] Level 1:colcon.colcon_core.package_identification:_identify(gym_env/lib/python3.12/site-packages/pip/_internal/network/__pycache__) by extension 'cmake'
[0.698s] Level 1:colcon.colcon_core.package_identification:_identify(gym_env/lib/python3.12/site-packages/pip/_internal/network/__pycache__) by extension 'python'
[0.698s] Level 1:colcon.colcon_core.package_identification:_identify(gym_env/lib/python3.12/site-packages/pip/_internal/network/__pycache__) by extensions ['python_setup_py']
[0.698s] Level 1:colcon.colcon_core.package_identification:_identify(gym_env/lib/python3.12/site-packages/pip/_internal/network/__pycache__) by extension 'python_setup_py'
[0.698s] Level 1:colcon.colcon_core.package_identification:_identify(gym_env/lib/python3.12/site-packages/pip/_internal/operations) by extensions ['ignore', 'ignore_ament_install']
[0.698s] Level 1:colcon.colcon_core.package_identification:_identify(gym_env/lib/python3.12/site-packages/pip/_internal/operations) by extension 'ignore'
[0.699s] Level 1:colcon.colcon_core.package_identification:_identify(gym_env/lib/python3.12/site-packages/pip/_internal/operations) by extension 'ignore_ament_install'
[0.699s] Level 1:colcon.colcon_core.package_identification:_identify(gym_env/lib/python3.12/site-packages/pip/_internal/operations) by extensions ['colcon_pkg']
[0.699s] Level 1:colcon.colcon_core.package_identification:_identify(gym_env/lib/python3.12/site-packages/pip/_internal/operations) by extension 'colcon_pkg'
[0.699s] Level 1:colcon.colcon_core.package_identification:_identify(gym_env/lib/python3.12/site-packages/pip/_internal/operations) by extensions ['colcon_meta']
[0.699s] Level 1:colcon.colcon_core.package_identification:_identify(gym_env/lib/python3.12/site-packages/pip/_internal/operations) by extension 'colcon_meta'
[0.699s] Level 1:colcon.colcon_core.package_identification:_identify(gym_env/lib/python3.12/site-packages/pip/_internal/operations) by extensions ['ros']
[0.699s] Level 1:colcon.colcon_core.package_identification:_identify(gym_env/lib/python3.12/site-packages/pip/_internal/operations) by extension 'ros'
[0.699s] Level 1:colcon.colcon_core.package_identification:_identify(gym_env/lib/python3.12/site-packages/pip/_internal/operations) by extensions ['cmake', 'python']
[0.699s] Level 1:colcon.colcon_core.package_identification:_identify(gym_env/lib/python3.12/site-packages/pip/_internal/operations) by extension 'cmake'
[0.699s] Level 1:colcon.colcon_core.package_identification:_identify(gym_env/lib/python3.12/site-packages/pip/_internal/operations) by extension 'python'
[0.700s] Level 1:colcon.colcon_core.package_identification:_identify(gym_env/lib/python3.12/site-packages/pip/_internal/operations) by extensions ['python_setup_py']
[0.700s] Level 1:colcon.colcon_core.package_identification:_identify(gym_env/lib/python3.12/site-packages/pip/_internal/operations) by extension 'python_setup_py'
[0.700s] Level 1:colcon.colcon_core.package_identification:_identify(gym_env/lib/python3.12/site-packages/pip/_internal/operations/__pycache__) by extensions ['ignore', 'ignore_ament_install']
[0.700s] Level 1:colcon.colcon_core.package_identification:_identify(gym_env/lib/python3.12/site-packages/pip/_internal/operations/__pycache__) by extension 'ignore'
[0.700s] Level 1:colcon.colcon_core.package_identification:_identify(gym_env/lib/python3.12/site-packages/pip/_internal/operations/__pycache__) by extension 'ignore_ament_install'
[0.700s] Level 1:colcon.colcon_core.package_identification:_identify(gym_env/lib/python3.12/site-packages/pip/_internal/operations/__pycache__) by extensions ['colcon_pkg']
[0.700s] Level 1:colcon.colcon_core.package_identification:_identify(gym_env/lib/python3.12/site-packages/pip/_internal/operations/__pycache__) by extension 'colcon_pkg'
[0.701s] Level 1:colcon.colcon_core.package_identification:_identify(gym_env/lib/python3.12/site-packages/pip/_internal/operations/__pycache__) by extensions ['colcon_meta']
[0.701s] Level 1:colcon.colcon_core.package_identification:_identify(gym_env/lib/python3.12/site-packages/pip/_internal/operations/__pycache__) by extension 'colcon_meta'
[0.701s] Level 1:colcon.colcon_core.package_identification:_identify(gym_env/lib/python3.12/site-packages/pip/_internal/operations/__pycache__) by extensions ['ros']
[0.701s] Level 1:colcon.colcon_core.package_identification:_identify(gym_env/lib/python3.12/site-packages/pip/_internal/operations/__pycache__) by extension 'ros'
[0.701s] Level 1:colcon.colcon_core.package_identification:_identify(gym_env/lib/python3.12/site-packages/pip/_internal/operations/__pycache__) by extensions ['cmake', 'python']
[0.701s] Level 1:colcon.colcon_core.package_identification:_identify(gym_env/lib/python3.12/site-packages/pip/_internal/operations/__pycache__) by extension 'cmake'
[0.701s] Level 1:colcon.colcon_core.package_identification:_identify(gym_env/lib/python3.12/site-packages/pip/_internal/operations/__pycache__) by extension 'python'
[0.701s] Level 1:colcon.colcon_core.package_identification:_identify(gym_env/lib/python3.12/site-packages/pip/_internal/operations/__pycache__) by extensions ['python_setup_py']
[0.701s] Level 1:colcon.colcon_core.package_identification:_identify(gym_env/lib/python3.12/site-packages/pip/_internal/operations/__pycache__) by extension 'python_setup_py'
[0.702s] Level 1:colcon.colcon_core.package_identification:_identify(gym_env/lib/python3.12/site-packages/pip/_internal/operations/build) by extensions ['ignore', 'ignore_ament_install']
[0.702s] Level 1:colcon.colcon_core.package_identification:_identify(gym_env/lib/python3.12/site-packages/pip/_internal/operations/build) by extension 'ignore'
[0.702s] Level 1:colcon.colcon_core.package_identification:_identify(gym_env/lib/python3.12/site-packages/pip/_internal/operations/build) by extension 'ignore_ament_install'
[0.702s] Level 1:colcon.colcon_core.package_identification:_identify(gym_env/lib/python3.12/site-packages/pip/_internal/operations/build) by extensions ['colcon_pkg']
[0.702s] Level 1:colcon.colcon_core.package_identification:_identify(gym_env/lib/python3.12/site-packages/pip/_internal/operations/build) by extension 'colcon_pkg'
[0.702s] Level 1:colcon.colcon_core.package_identification:_identify(gym_env/lib/python3.12/site-packages/pip/_internal/operations/build) by extensions ['colcon_meta']
[0.702s] Level 1:colcon.colcon_core.package_identification:_identify(gym_env/lib/python3.12/site-packages/pip/_internal/operations/build) by extension 'colcon_meta'
[0.702s] Level 1:colcon.colcon_core.package_identification:_identify(gym_env/lib/python3.12/site-packages/pip/_internal/operations/build) by extensions ['ros']
[0.703s] Level 1:colcon.colcon_core.package_identification:_identify(gym_env/lib/python3.12/site-packages/pip/_internal/operations/build) by extension 'ros'
[0.703s] Level 1:colcon.colcon_core.package_identification:_identify(gym_env/lib/python3.12/site-packages/pip/_internal/operations/build) by extensions ['cmake', 'python']
[0.703s] Level 1:colcon.colcon_core.package_identification:_identify(gym_env/lib/python3.12/site-packages/pip/_internal/operations/build) by extension 'cmake'
[0.703s] Level 1:colcon.colcon_core.package_identification:_identify(gym_env/lib/python3.12/site-packages/pip/_internal/operations/build) by extension 'python'
[0.703s] Level 1:colcon.colcon_core.package_identification:_identify(gym_env/lib/python3.12/site-packages/pip/_internal/operations/build) by extensions ['python_setup_py']
[0.703s] Level 1:colcon.colcon_core.package_identification:_identify(gym_env/lib/python3.12/site-packages/pip/_internal/operations/build) by extension 'python_setup_py'
[0.703s] Level 1:colcon.colcon_core.package_identification:_identify(gym_env/lib/python3.12/site-packages/pip/_internal/operations/build/__pycache__) by extensions ['ignore', 'ignore_ament_install']
[0.704s] Level 1:colcon.colcon_core.package_identification:_identify(gym_env/lib/python3.12/site-packages/pip/_internal/operations/build/__pycache__) by extension 'ignore'
[0.704s] Level 1:colcon.colcon_core.package_identification:_identify(gym_env/lib/python3.12/site-packages/pip/_internal/operations/build/__pycache__) by extension 'ignore_ament_install'
[0.704s] Level 1:colcon.colcon_core.package_identification:_identify(gym_env/lib/python3.12/site-packages/pip/_internal/operations/build/__pycache__) by extensions ['colcon_pkg']
[0.704s] Level 1:colcon.colcon_core.package_identification:_identify(gym_env/lib/python3.12/site-packages/pip/_internal/operations/build/__pycache__) by extension 'colcon_pkg'
[0.704s] Level 1:colcon.colcon_core.package_identification:_identify(gym_env/lib/python3.12/site-packages/pip/_internal/operations/build/__pycache__) by extensions ['colcon_meta']
[0.704s] Level 1:colcon.colcon_core.package_identification:_identify(gym_env/lib/python3.12/site-packages/pip/_internal/operations/build/__pycache__) by extension 'colcon_meta'
[0.704s] Level 1:colcon.colcon_core.package_identification:_identify(gym_env/lib/python3.12/site-packages/pip/_internal/operations/build/__pycache__) by extensions ['ros']
[0.704s] Level 1:colcon.colcon_core.package_identification:_identify(gym_env/lib/python3.12/site-packages/pip/_internal/operations/build/__pycache__) by extension 'ros'
[0.705s] Level 1:colcon.colcon_core.package_identification:_identify(gym_env/lib/python3.12/site-packages/pip/_internal/operations/build/__pycache__) by extensions ['cmake', 'python']
[0.705s] Level 1:colcon.colcon_core.package_identification:_identify(gym_env/lib/python3.12/site-packages/pip/_internal/operations/build/__pycache__) by extension 'cmake'
[0.705s] Level 1:colcon.colcon_core.package_identification:_identify(gym_env/lib/python3.12/site-packages/pip/_internal/operations/build/__pycache__) by extension 'python'
[0.705s] Level 1:colcon.colcon_core.package_identification:_identify(gym_env/lib/python3.12/site-packages/pip/_internal/operations/build/__pycache__) by extensions ['python_setup_py']
[0.705s] Level 1:colcon.colcon_core.package_identification:_identify(gym_env/lib/python3.12/site-packages/pip/_internal/operations/build/__pycache__) by extension 'python_setup_py'
[0.705s] Level 1:colcon.colcon_core.package_identification:_identify(gym_env/lib/python3.12/site-packages/pip/_internal/operations/install) by extensions ['ignore', 'ignore_ament_install']
[0.705s] Level 1:colcon.colcon_core.package_identification:_identify(gym_env/lib/python3.12/site-packages/pip/_internal/operations/install) by extension 'ignore'
[0.705s] Level 1:colcon.colcon_core.package_identification:_identify(gym_env/lib/python3.12/site-packages/pip/_internal/operations/install) by extension 'ignore_ament_install'
[0.706s] Level 1:colcon.colcon_core.package_identification:_identify(gym_env/lib/python3.12/site-packages/pip/_internal/operations/install) by extensions ['colcon_pkg']
[0.706s] Level 1:colcon.colcon_core.package_identification:_identify(gym_env/lib/python3.12/site-packages/pip/_internal/operations/install) by extension 'colcon_pkg'
[0.706s] Level 1:colcon.colcon_core.package_identification:_identify(gym_env/lib/python3.12/site-packages/pip/_internal/operations/install) by extensions ['colcon_meta']
[0.706s] Level 1:colcon.colcon_core.package_identification:_identify(gym_env/lib/python3.12/site-packages/pip/_internal/operations/install) by extension 'colcon_meta'
[0.706s] Level 1:colcon.colcon_core.package_identification:_identify(gym_env/lib/python3.12/site-packages/pip/_internal/operations/install) by extensions ['ros']
[0.706s] Level 1:colcon.colcon_core.package_identification:_identify(gym_env/lib/python3.12/site-packages/pip/_internal/operations/install) by extension 'ros'
[0.706s] Level 1:colcon.colcon_core.package_identification:_identify(gym_env/lib/python3.12/site-packages/pip/_internal/operations/install) by extensions ['cmake', 'python']
[0.706s] Level 1:colcon.colcon_core.package_identification:_identify(gym_env/lib/python3.12/site-packages/pip/_internal/operations/install) by extension 'cmake'
[0.706s] Level 1:colcon.colcon_core.package_identification:_identify(gym_env/lib/python3.12/site-packages/pip/_internal/operations/install) by extension 'python'
[0.706s] Level 1:colcon.colcon_core.package_identification:_identify(gym_env/lib/python3.12/site-packages/pip/_internal/operations/install) by extensions ['python_setup_py']
[0.707s] Level 1:colcon.colcon_core.package_identification:_identify(gym_env/lib/python3.12/site-packages/pip/_internal/operations/install) by extension 'python_setup_py'
[0.707s] Level 1:colcon.colcon_core.package_identification:_identify(gym_env/lib/python3.12/site-packages/pip/_internal/operations/install/__pycache__) by extensions ['ignore', 'ignore_ament_install']
[0.707s] Level 1:colcon.colcon_core.package_identification:_identify(gym_env/lib/python3.12/site-packages/pip/_internal/operations/install/__pycache__) by extension 'ignore'
[0.707s] Level 1:colcon.colcon_core.package_identification:_identify(gym_env/lib/python3.12/site-packages/pip/_internal/operations/install/__pycache__) by extension 'ignore_ament_install'
[0.707s] Level 1:colcon.colcon_core.package_identification:_identify(gym_env/lib/python3.12/site-packages/pip/_internal/operations/install/__pycache__) by extensions ['colcon_pkg']
[0.707s] Level 1:colcon.colcon_core.package_identification:_identify(gym_env/lib/python3.12/site-packages/pip/_internal/operations/install/__pycache__) by extension 'colcon_pkg'
[0.708s] Level 1:colcon.colcon_core.package_identification:_identify(gym_env/lib/python3.12/site-packages/pip/_internal/operations/install/__pycache__) by extensions ['colcon_meta']
[0.708s] Level 1:colcon.colcon_core.package_identification:_identify(gym_env/lib/python3.12/site-packages/pip/_internal/operations/install/__pycache__) by extension 'colcon_meta'
[0.708s] Level 1:colcon.colcon_core.package_identification:_identify(gym_env/lib/python3.12/site-packages/pip/_internal/operations/install/__pycache__) by extensions ['ros']
[0.708s] Level 1:colcon.colcon_core.package_identification:_identify(gym_env/lib/python3.12/site-packages/pip/_internal/operations/install/__pycache__) by extension 'ros'
[0.708s] Level 1:colcon.colcon_core.package_identification:_identify(gym_env/lib/python3.12/site-packages/pip/_internal/operations/install/__pycache__) by extensions ['cmake', 'python']
[0.708s] Level 1:colcon.colcon_core.package_identification:_identify(gym_env/lib/python3.12/site-packages/pip/_internal/operations/install/__pycache__) by extension 'cmake'
[0.708s] Level 1:colcon.colcon_core.package_identification:_identify(gym_env/lib/python3.12/site-packages/pip/_internal/operations/install/__pycache__) by extension 'python'
[0.709s] Level 1:colcon.colcon_core.package_identification:_identify(gym_env/lib/python3.12/site-packages/pip/_internal/operations/install/__pycache__) by extensions ['python_setup_py']
[0.709s] Level 1:colcon.colcon_core.package_identification:_identify(gym_env/lib/python3.12/site-packages/pip/_internal/operations/install/__pycache__) by extension 'python_setup_py'
[0.709s] Level 1:colcon.colcon_core.package_identification:_identify(gym_env/lib/python3.12/site-packages/pip/_internal/req) by extensions ['ignore', 'ignore_ament_install']
[0.709s] Level 1:colcon.colcon_core.package_identification:_identify(gym_env/lib/python3.12/site-packages/pip/_internal/req) by extension 'ignore'
[0.710s] Level 1:colcon.colcon_core.package_identification:_identify(gym_env/lib/python3.12/site-packages/pip/_internal/req) by extension 'ignore_ament_install'
[0.710s] Level 1:colcon.colcon_core.package_identification:_identify(gym_env/lib/python3.12/site-packages/pip/_internal/req) by extensions ['colcon_pkg']
[0.710s] Level 1:colcon.colcon_core.package_identification:_identify(gym_env/lib/python3.12/site-packages/pip/_internal/req) by extension 'colcon_pkg'
[0.710s] Level 1:colcon.colcon_core.package_identification:_identify(gym_env/lib/python3.12/site-packages/pip/_internal/req) by extensions ['colcon_meta']
[0.710s] Level 1:colcon.colcon_core.package_identification:_identify(gym_env/lib/python3.12/site-packages/pip/_internal/req) by extension 'colcon_meta'
[0.711s] Level 1:colcon.colcon_core.package_identification:_identify(gym_env/lib/python3.12/site-packages/pip/_internal/req) by extensions ['ros']
[0.711s] Level 1:colcon.colcon_core.package_identification:_identify(gym_env/lib/python3.12/site-packages/pip/_internal/req) by extension 'ros'
[0.711s] Level 1:colcon.colcon_core.package_identification:_identify(gym_env/lib/python3.12/site-packages/pip/_internal/req) by extensions ['cmake', 'python']
[0.711s] Level 1:colcon.colcon_core.package_identification:_identify(gym_env/lib/python3.12/site-packages/pip/_internal/req) by extension 'cmake'
[0.711s] Level 1:colcon.colcon_core.package_identification:_identify(gym_env/lib/python3.12/site-packages/pip/_internal/req) by extension 'python'
[0.712s] Level 1:colcon.colcon_core.package_identification:_identify(gym_env/lib/python3.12/site-packages/pip/_internal/req) by extensions ['python_setup_py']
[0.712s] Level 1:colcon.colcon_core.package_identification:_identify(gym_env/lib/python3.12/site-packages/pip/_internal/req) by extension 'python_setup_py'
[0.712s] Level 1:colcon.colcon_core.package_identification:_identify(gym_env/lib/python3.12/site-packages/pip/_internal/req/__pycache__) by extensions ['ignore', 'ignore_ament_install']
[0.712s] Level 1:colcon.colcon_core.package_identification:_identify(gym_env/lib/python3.12/site-packages/pip/_internal/req/__pycache__) by extension 'ignore'
[0.712s] Level 1:colcon.colcon_core.package_identification:_identify(gym_env/lib/python3.12/site-packages/pip/_internal/req/__pycache__) by extension 'ignore_ament_install'
[0.713s] Level 1:colcon.colcon_core.package_identification:_identify(gym_env/lib/python3.12/site-packages/pip/_internal/req/__pycache__) by extensions ['colcon_pkg']
[0.713s] Level 1:colcon.colcon_core.package_identification:_identify(gym_env/lib/python3.12/site-packages/pip/_internal/req/__pycache__) by extension 'colcon_pkg'
[0.713s] Level 1:colcon.colcon_core.package_identification:_identify(gym_env/lib/python3.12/site-packages/pip/_internal/req/__pycache__) by extensions ['colcon_meta']
[0.713s] Level 1:colcon.colcon_core.package_identification:_identify(gym_env/lib/python3.12/site-packages/pip/_internal/req/__pycache__) by extension 'colcon_meta'
[0.713s] Level 1:colcon.colcon_core.package_identification:_identify(gym_env/lib/python3.12/site-packages/pip/_internal/req/__pycache__) by extensions ['ros']
[0.713s] Level 1:colcon.colcon_core.package_identification:_identify(gym_env/lib/python3.12/site-packages/pip/_internal/req/__pycache__) by extension 'ros'
[0.714s] Level 1:colcon.colcon_core.package_identification:_identify(gym_env/lib/python3.12/site-packages/pip/_internal/req/__pycache__) by extensions ['cmake', 'python']
[0.714s] Level 1:colcon.colcon_core.package_identification:_identify(gym_env/lib/python3.12/site-packages/pip/_internal/req/__pycache__) by extension 'cmake'
[0.714s] Level 1:colcon.colcon_core.package_identification:_identify(gym_env/lib/python3.12/site-packages/pip/_internal/req/__pycache__) by extension 'python'
[0.714s] Level 1:colcon.colcon_core.package_identification:_identify(gym_env/lib/python3.12/site-packages/pip/_internal/req/__pycache__) by extensions ['python_setup_py']
[0.714s] Level 1:colcon.colcon_core.package_identification:_identify(gym_env/lib/python3.12/site-packages/pip/_internal/req/__pycache__) by extension 'python_setup_py'
[0.715s] Level 1:colcon.colcon_core.package_identification:_identify(gym_env/lib/python3.12/site-packages/pip/_internal/resolution) by extensions ['ignore', 'ignore_ament_install']
[0.715s] Level 1:colcon.colcon_core.package_identification:_identify(gym_env/lib/python3.12/site-packages/pip/_internal/resolution) by extension 'ignore'
[0.715s] Level 1:colcon.colcon_core.package_identification:_identify(gym_env/lib/python3.12/site-packages/pip/_internal/resolution) by extension 'ignore_ament_install'
[0.715s] Level 1:colcon.colcon_core.package_identification:_identify(gym_env/lib/python3.12/site-packages/pip/_internal/resolution) by extensions ['colcon_pkg']
[0.715s] Level 1:colcon.colcon_core.package_identification:_identify(gym_env/lib/python3.12/site-packages/pip/_internal/resolution) by extension 'colcon_pkg'
[0.715s] Level 1:colcon.colcon_core.package_identification:_identify(gym_env/lib/python3.12/site-packages/pip/_internal/resolution) by extensions ['colcon_meta']
[0.715s] Level 1:colcon.colcon_core.package_identification:_identify(gym_env/lib/python3.12/site-packages/pip/_internal/resolution) by extension 'colcon_meta'
[0.715s] Level 1:colcon.colcon_core.package_identification:_identify(gym_env/lib/python3.12/site-packages/pip/_internal/resolution) by extensions ['ros']
[0.715s] Level 1:colcon.colcon_core.package_identification:_identify(gym_env/lib/python3.12/site-packages/pip/_internal/resolution) by extension 'ros'
[0.716s] Level 1:colcon.colcon_core.package_identification:_identify(gym_env/lib/python3.12/site-packages/pip/_internal/resolution) by extensions ['cmake', 'python']
[0.716s] Level 1:colcon.colcon_core.package_identification:_identify(gym_env/lib/python3.12/site-packages/pip/_internal/resolution) by extension 'cmake'
[0.716s] Level 1:colcon.colcon_core.package_identification:_identify(gym_env/lib/python3.12/site-packages/pip/_internal/resolution) by extension 'python'
[0.716s] Level 1:colcon.colcon_core.package_identification:_identify(gym_env/lib/python3.12/site-packages/pip/_internal/resolution) by extensions ['python_setup_py']
[0.716s] Level 1:colcon.colcon_core.package_identification:_identify(gym_env/lib/python3.12/site-packages/pip/_internal/resolution) by extension 'python_setup_py'
[0.716s] Level 1:colcon.colcon_core.package_identification:_identify(gym_env/lib/python3.12/site-packages/pip/_internal/resolution/__pycache__) by extensions ['ignore', 'ignore_ament_install']
[0.717s] Level 1:colcon.colcon_core.package_identification:_identify(gym_env/lib/python3.12/site-packages/pip/_internal/resolution/__pycache__) by extension 'ignore'
[0.717s] Level 1:colcon.colcon_core.package_identification:_identify(gym_env/lib/python3.12/site-packages/pip/_internal/resolution/__pycache__) by extension 'ignore_ament_install'
[0.717s] Level 1:colcon.colcon_core.package_identification:_identify(gym_env/lib/python3.12/site-packages/pip/_internal/resolution/__pycache__) by extensions ['colcon_pkg']
[0.717s] Level 1:colcon.colcon_core.package_identification:_identify(gym_env/lib/python3.12/site-packages/pip/_internal/resolution/__pycache__) by extension 'colcon_pkg'
[0.717s] Level 1:colcon.colcon_core.package_identification:_identify(gym_env/lib/python3.12/site-packages/pip/_internal/resolution/__pycache__) by extensions ['colcon_meta']
[0.717s] Level 1:colcon.colcon_core.package_identification:_identify(gym_env/lib/python3.12/site-packages/pip/_internal/resolution/__pycache__) by extension 'colcon_meta'
[0.717s] Level 1:colcon.colcon_core.package_identification:_identify(gym_env/lib/python3.12/site-packages/pip/_internal/resolution/__pycache__) by extensions ['ros']
[0.717s] Level 1:colcon.colcon_core.package_identification:_identify(gym_env/lib/python3.12/site-packages/pip/_internal/resolution/__pycache__) by extension 'ros'
[0.718s] Level 1:colcon.colcon_core.package_identification:_identify(gym_env/lib/python3.12/site-packages/pip/_internal/resolution/__pycache__) by extensions ['cmake', 'python']
[0.718s] Level 1:colcon.colcon_core.package_identification:_identify(gym_env/lib/python3.12/site-packages/pip/_internal/resolution/__pycache__) by extension 'cmake'
[0.718s] Level 1:colcon.colcon_core.package_identification:_identify(gym_env/lib/python3.12/site-packages/pip/_internal/resolution/__pycache__) by extension 'python'
[0.718s] Level 1:colcon.colcon_core.package_identification:_identify(gym_env/lib/python3.12/site-packages/pip/_internal/resolution/__pycache__) by extensions ['python_setup_py']
[0.718s] Level 1:colcon.colcon_core.package_identification:_identify(gym_env/lib/python3.12/site-packages/pip/_internal/resolution/__pycache__) by extension 'python_setup_py'
[0.718s] Level 1:colcon.colcon_core.package_identification:_identify(gym_env/lib/python3.12/site-packages/pip/_internal/resolution/legacy) by extensions ['ignore', 'ignore_ament_install']
[0.718s] Level 1:colcon.colcon_core.package_identification:_identify(gym_env/lib/python3.12/site-packages/pip/_internal/resolution/legacy) by extension 'ignore'
[0.718s] Level 1:colcon.colcon_core.package_identification:_identify(gym_env/lib/python3.12/site-packages/pip/_internal/resolution/legacy) by extension 'ignore_ament_install'
[0.719s] Level 1:colcon.colcon_core.package_identification:_identify(gym_env/lib/python3.12/site-packages/pip/_internal/resolution/legacy) by extensions ['colcon_pkg']
[0.719s] Level 1:colcon.colcon_core.package_identification:_identify(gym_env/lib/python3.12/site-packages/pip/_internal/resolution/legacy) by extension 'colcon_pkg'
[0.719s] Level 1:colcon.colcon_core.package_identification:_identify(gym_env/lib/python3.12/site-packages/pip/_internal/resolution/legacy) by extensions ['colcon_meta']
[0.719s] Level 1:colcon.colcon_core.package_identification:_identify(gym_env/lib/python3.12/site-packages/pip/_internal/resolution/legacy) by extension 'colcon_meta'
[0.719s] Level 1:colcon.colcon_core.package_identification:_identify(gym_env/lib/python3.12/site-packages/pip/_internal/resolution/legacy) by extensions ['ros']
[0.719s] Level 1:colcon.colcon_core.package_identification:_identify(gym_env/lib/python3.12/site-packages/pip/_internal/resolution/legacy) by extension 'ros'
[0.719s] Level 1:colcon.colcon_core.package_identification:_identify(gym_env/lib/python3.12/site-packages/pip/_internal/resolution/legacy) by extensions ['cmake', 'python']
[0.719s] Level 1:colcon.colcon_core.package_identification:_identify(gym_env/lib/python3.12/site-packages/pip/_internal/resolution/legacy) by extension 'cmake'
[0.719s] Level 1:colcon.colcon_core.package_identification:_identify(gym_env/lib/python3.12/site-packages/pip/_internal/resolution/legacy) by extension 'python'
[0.719s] Level 1:colcon.colcon_core.package_identification:_identify(gym_env/lib/python3.12/site-packages/pip/_internal/resolution/legacy) by extensions ['python_setup_py']
[0.720s] Level 1:colcon.colcon_core.package_identification:_identify(gym_env/lib/python3.12/site-packages/pip/_internal/resolution/legacy) by extension 'python_setup_py'
[0.720s] Level 1:colcon.colcon_core.package_identification:_identify(gym_env/lib/python3.12/site-packages/pip/_internal/resolution/legacy/__pycache__) by extensions ['ignore', 'ignore_ament_install']
[0.720s] Level 1:colcon.colcon_core.package_identification:_identify(gym_env/lib/python3.12/site-packages/pip/_internal/resolution/legacy/__pycache__) by extension 'ignore'
[0.720s] Level 1:colcon.colcon_core.package_identification:_identify(gym_env/lib/python3.12/site-packages/pip/_internal/resolution/legacy/__pycache__) by extension 'ignore_ament_install'
[0.720s] Level 1:colcon.colcon_core.package_identification:_identify(gym_env/lib/python3.12/site-packages/pip/_internal/resolution/legacy/__pycache__) by extensions ['colcon_pkg']
[0.720s] Level 1:colcon.colcon_core.package_identification:_identify(gym_env/lib/python3.12/site-packages/pip/_internal/resolution/legacy/__pycache__) by extension 'colcon_pkg'
[0.720s] Level 1:colcon.colcon_core.package_identification:_identify(gym_env/lib/python3.12/site-packages/pip/_internal/resolution/legacy/__pycache__) by extensions ['colcon_meta']
[0.721s] Level 1:colcon.colcon_core.package_identification:_identify(gym_env/lib/python3.12/site-packages/pip/_internal/resolution/legacy/__pycache__) by extension 'colcon_meta'
[0.721s] Level 1:colcon.colcon_core.package_identification:_identify(gym_env/lib/python3.12/site-packages/pip/_internal/resolution/legacy/__pycache__) by extensions ['ros']
[0.721s] Level 1:colcon.colcon_core.package_identification:_identify(gym_env/lib/python3.12/site-packages/pip/_internal/resolution/legacy/__pycache__) by extension 'ros'
[0.721s] Level 1:colcon.colcon_core.package_identification:_identify(gym_env/lib/python3.12/site-packages/pip/_internal/resolution/legacy/__pycache__) by extensions ['cmake', 'python']
[0.721s] Level 1:colcon.colcon_core.package_identification:_identify(gym_env/lib/python3.12/site-packages/pip/_internal/resolution/legacy/__pycache__) by extension 'cmake'
[0.721s] Level 1:colcon.colcon_core.package_identification:_identify(gym_env/lib/python3.12/site-packages/pip/_internal/resolution/legacy/__pycache__) by extension 'python'
[0.721s] Level 1:colcon.colcon_core.package_identification:_identify(gym_env/lib/python3.12/site-packages/pip/_internal/resolution/legacy/__pycache__) by extensions ['python_setup_py']
[0.721s] Level 1:colcon.colcon_core.package_identification:_identify(gym_env/lib/python3.12/site-packages/pip/_internal/resolution/legacy/__pycache__) by extension 'python_setup_py'
[0.722s] Level 1:colcon.colcon_core.package_identification:_identify(gym_env/lib/python3.12/site-packages/pip/_internal/resolution/resolvelib) by extensions ['ignore', 'ignore_ament_install']
[0.722s] Level 1:colcon.colcon_core.package_identification:_identify(gym_env/lib/python3.12/site-packages/pip/_internal/resolution/resolvelib) by extension 'ignore'
[0.722s] Level 1:colcon.colcon_core.package_identification:_identify(gym_env/lib/python3.12/site-packages/pip/_internal/resolution/resolvelib) by extension 'ignore_ament_install'
[0.722s] Level 1:colcon.colcon_core.package_identification:_identify(gym_env/lib/python3.12/site-packages/pip/_internal/resolution/resolvelib) by extensions ['colcon_pkg']
[0.722s] Level 1:colcon.colcon_core.package_identification:_identify(gym_env/lib/python3.12/site-packages/pip/_internal/resolution/resolvelib) by extension 'colcon_pkg'
[0.722s] Level 1:colcon.colcon_core.package_identification:_identify(gym_env/lib/python3.12/site-packages/pip/_internal/resolution/resolvelib) by extensions ['colcon_meta']
[0.722s] Level 1:colcon.colcon_core.package_identification:_identify(gym_env/lib/python3.12/site-packages/pip/_internal/resolution/resolvelib) by extension 'colcon_meta'
[0.722s] Level 1:colcon.colcon_core.package_identification:_identify(gym_env/lib/python3.12/site-packages/pip/_internal/resolution/resolvelib) by extensions ['ros']
[0.723s] Level 1:colcon.colcon_core.package_identification:_identify(gym_env/lib/python3.12/site-packages/pip/_internal/resolution/resolvelib) by extension 'ros'
[0.723s] Level 1:colcon.colcon_core.package_identification:_identify(gym_env/lib/python3.12/site-packages/pip/_internal/resolution/resolvelib) by extensions ['cmake', 'python']
[0.723s] Level 1:colcon.colcon_core.package_identification:_identify(gym_env/lib/python3.12/site-packages/pip/_internal/resolution/resolvelib) by extension 'cmake'
[0.723s] Level 1:colcon.colcon_core.package_identification:_identify(gym_env/lib/python3.12/site-packages/pip/_internal/resolution/resolvelib) by extension 'python'
[0.723s] Level 1:colcon.colcon_core.package_identification:_identify(gym_env/lib/python3.12/site-packages/pip/_internal/resolution/resolvelib) by extensions ['python_setup_py']
[0.723s] Level 1:colcon.colcon_core.package_identification:_identify(gym_env/lib/python3.12/site-packages/pip/_internal/resolution/resolvelib) by extension 'python_setup_py'
[0.723s] Level 1:colcon.colcon_core.package_identification:_identify(gym_env/lib/python3.12/site-packages/pip/_internal/resolution/resolvelib/__pycache__) by extensions ['ignore', 'ignore_ament_install']
[0.724s] Level 1:colcon.colcon_core.package_identification:_identify(gym_env/lib/python3.12/site-packages/pip/_internal/resolution/resolvelib/__pycache__) by extension 'ignore'
[0.724s] Level 1:colcon.colcon_core.package_identification:_identify(gym_env/lib/python3.12/site-packages/pip/_internal/resolution/resolvelib/__pycache__) by extension 'ignore_ament_install'
[0.724s] Level 1:colcon.colcon_core.package_identification:_identify(gym_env/lib/python3.12/site-packages/pip/_internal/resolution/resolvelib/__pycache__) by extensions ['colcon_pkg']
[0.724s] Level 1:colcon.colcon_core.package_identification:_identify(gym_env/lib/python3.12/site-packages/pip/_internal/resolution/resolvelib/__pycache__) by extension 'colcon_pkg'
[0.724s] Level 1:colcon.colcon_core.package_identification:_identify(gym_env/lib/python3.12/site-packages/pip/_internal/resolution/resolvelib/__pycache__) by extensions ['colcon_meta']
[0.724s] Level 1:colcon.colcon_core.package_identification:_identify(gym_env/lib/python3.12/site-packages/pip/_internal/resolution/resolvelib/__pycache__) by extension 'colcon_meta'
[0.724s] Level 1:colcon.colcon_core.package_identification:_identify(gym_env/lib/python3.12/site-packages/pip/_internal/resolution/resolvelib/__pycache__) by extensions ['ros']
[0.724s] Level 1:colcon.colcon_core.package_identification:_identify(gym_env/lib/python3.12/site-packages/pip/_internal/resolution/resolvelib/__pycache__) by extension 'ros'
[0.725s] Level 1:colcon.colcon_core.package_identification:_identify(gym_env/lib/python3.12/site-packages/pip/_internal/resolution/resolvelib/__pycache__) by extensions ['cmake', 'python']
[0.725s] Level 1:colcon.colcon_core.package_identification:_identify(gym_env/lib/python3.12/site-packages/pip/_internal/resolution/resolvelib/__pycache__) by extension 'cmake'
[0.725s] Level 1:colcon.colcon_core.package_identification:_identify(gym_env/lib/python3.12/site-packages/pip/_internal/resolution/resolvelib/__pycache__) by extension 'python'
[0.725s] Level 1:colcon.colcon_core.package_identification:_identify(gym_env/lib/python3.12/site-packages/pip/_internal/resolution/resolvelib/__pycache__) by extensions ['python_setup_py']
[0.725s] Level 1:colcon.colcon_core.package_identification:_identify(gym_env/lib/python3.12/site-packages/pip/_internal/resolution/resolvelib/__pycache__) by extension 'python_setup_py'
[0.726s] Level 1:colcon.colcon_core.package_identification:_identify(gym_env/lib/python3.12/site-packages/pip/_internal/utils) by extensions ['ignore', 'ignore_ament_install']
[0.726s] Level 1:colcon.colcon_core.package_identification:_identify(gym_env/lib/python3.12/site-packages/pip/_internal/utils) by extension 'ignore'
[0.726s] Level 1:colcon.colcon_core.package_identification:_identify(gym_env/lib/python3.12/site-packages/pip/_internal/utils) by extension 'ignore_ament_install'
[0.727s] Level 1:colcon.colcon_core.package_identification:_identify(gym_env/lib/python3.12/site-packages/pip/_internal/utils) by extensions ['colcon_pkg']
[0.727s] Level 1:colcon.colcon_core.package_identification:_identify(gym_env/lib/python3.12/site-packages/pip/_internal/utils) by extension 'colcon_pkg'
[0.727s] Level 1:colcon.colcon_core.package_identification:_identify(gym_env/lib/python3.12/site-packages/pip/_internal/utils) by extensions ['colcon_meta']
[0.727s] Level 1:colcon.colcon_core.package_identification:_identify(gym_env/lib/python3.12/site-packages/pip/_internal/utils) by extension 'colcon_meta'
[0.727s] Level 1:colcon.colcon_core.package_identification:_identify(gym_env/lib/python3.12/site-packages/pip/_internal/utils) by extensions ['ros']
[0.727s] Level 1:colcon.colcon_core.package_identification:_identify(gym_env/lib/python3.12/site-packages/pip/_internal/utils) by extension 'ros'
[0.728s] Level 1:colcon.colcon_core.package_identification:_identify(gym_env/lib/python3.12/site-packages/pip/_internal/utils) by extensions ['cmake', 'python']
[0.728s] Level 1:colcon.colcon_core.package_identification:_identify(gym_env/lib/python3.12/site-packages/pip/_internal/utils) by extension 'cmake'
[0.728s] Level 1:colcon.colcon_core.package_identification:_identify(gym_env/lib/python3.12/site-packages/pip/_internal/utils) by extension 'python'
[0.728s] Level 1:colcon.colcon_core.package_identification:_identify(gym_env/lib/python3.12/site-packages/pip/_internal/utils) by extensions ['python_setup_py']
[0.728s] Level 1:colcon.colcon_core.package_identification:_identify(gym_env/lib/python3.12/site-packages/pip/_internal/utils) by extension 'python_setup_py'
[0.729s] Level 1:colcon.colcon_core.package_identification:_identify(gym_env/lib/python3.12/site-packages/pip/_internal/utils/__pycache__) by extensions ['ignore', 'ignore_ament_install']
[0.729s] Level 1:colcon.colcon_core.package_identification:_identify(gym_env/lib/python3.12/site-packages/pip/_internal/utils/__pycache__) by extension 'ignore'
[0.729s] Level 1:colcon.colcon_core.package_identification:_identify(gym_env/lib/python3.12/site-packages/pip/_internal/utils/__pycache__) by extension 'ignore_ament_install'
[0.730s] Level 1:colcon.colcon_core.package_identification:_identify(gym_env/lib/python3.12/site-packages/pip/_internal/utils/__pycache__) by extensions ['colcon_pkg']
[0.730s] Level 1:colcon.colcon_core.package_identification:_identify(gym_env/lib/python3.12/site-packages/pip/_internal/utils/__pycache__) by extension 'colcon_pkg'
[0.730s] Level 1:colcon.colcon_core.package_identification:_identify(gym_env/lib/python3.12/site-packages/pip/_internal/utils/__pycache__) by extensions ['colcon_meta']
[0.730s] Level 1:colcon.colcon_core.package_identification:_identify(gym_env/lib/python3.12/site-packages/pip/_internal/utils/__pycache__) by extension 'colcon_meta'
[0.730s] Level 1:colcon.colcon_core.package_identification:_identify(gym_env/lib/python3.12/site-packages/pip/_internal/utils/__pycache__) by extensions ['ros']
[0.730s] Level 1:colcon.colcon_core.package_identification:_identify(gym_env/lib/python3.12/site-packages/pip/_internal/utils/__pycache__) by extension 'ros'
[0.730s] Level 1:colcon.colcon_core.package_identification:_identify(gym_env/lib/python3.12/site-packages/pip/_internal/utils/__pycache__) by extensions ['cmake', 'python']
[0.731s] Level 1:colcon.colcon_core.package_identification:_identify(gym_env/lib/python3.12/site-packages/pip/_internal/utils/__pycache__) by extension 'cmake'
[0.731s] Level 1:colcon.colcon_core.package_identification:_identify(gym_env/lib/python3.12/site-packages/pip/_internal/utils/__pycache__) by extension 'python'
[0.731s] Level 1:colcon.colcon_core.package_identification:_identify(gym_env/lib/python3.12/site-packages/pip/_internal/utils/__pycache__) by extensions ['python_setup_py']
[0.731s] Level 1:colcon.colcon_core.package_identification:_identify(gym_env/lib/python3.12/site-packages/pip/_internal/utils/__pycache__) by extension 'python_setup_py'
[0.731s] Level 1:colcon.colcon_core.package_identification:_identify(gym_env/lib/python3.12/site-packages/pip/_internal/vcs) by extensions ['ignore', 'ignore_ament_install']
[0.731s] Level 1:colcon.colcon_core.package_identification:_identify(gym_env/lib/python3.12/site-packages/pip/_internal/vcs) by extension 'ignore'
[0.731s] Level 1:colcon.colcon_core.package_identification:_identify(gym_env/lib/python3.12/site-packages/pip/_internal/vcs) by extension 'ignore_ament_install'
[0.732s] Level 1:colcon.colcon_core.package_identification:_identify(gym_env/lib/python3.12/site-packages/pip/_internal/vcs) by extensions ['colcon_pkg']
[0.732s] Level 1:colcon.colcon_core.package_identification:_identify(gym_env/lib/python3.12/site-packages/pip/_internal/vcs) by extension 'colcon_pkg'
[0.732s] Level 1:colcon.colcon_core.package_identification:_identify(gym_env/lib/python3.12/site-packages/pip/_internal/vcs) by extensions ['colcon_meta']
[0.732s] Level 1:colcon.colcon_core.package_identification:_identify(gym_env/lib/python3.12/site-packages/pip/_internal/vcs) by extension 'colcon_meta'
[0.732s] Level 1:colcon.colcon_core.package_identification:_identify(gym_env/lib/python3.12/site-packages/pip/_internal/vcs) by extensions ['ros']
[0.732s] Level 1:colcon.colcon_core.package_identification:_identify(gym_env/lib/python3.12/site-packages/pip/_internal/vcs) by extension 'ros'
[0.732s] Level 1:colcon.colcon_core.package_identification:_identify(gym_env/lib/python3.12/site-packages/pip/_internal/vcs) by extensions ['cmake', 'python']
[0.732s] Level 1:colcon.colcon_core.package_identification:_identify(gym_env/lib/python3.12/site-packages/pip/_internal/vcs) by extension 'cmake'
[0.732s] Level 1:colcon.colcon_core.package_identification:_identify(gym_env/lib/python3.12/site-packages/pip/_internal/vcs) by extension 'python'
[0.733s] Level 1:colcon.colcon_core.package_identification:_identify(gym_env/lib/python3.12/site-packages/pip/_internal/vcs) by extensions ['python_setup_py']
[0.733s] Level 1:colcon.colcon_core.package_identification:_identify(gym_env/lib/python3.12/site-packages/pip/_internal/vcs) by extension 'python_setup_py'
[0.733s] Level 1:colcon.colcon_core.package_identification:_identify(gym_env/lib/python3.12/site-packages/pip/_internal/vcs/__pycache__) by extensions ['ignore', 'ignore_ament_install']
[0.733s] Level 1:colcon.colcon_core.package_identification:_identify(gym_env/lib/python3.12/site-packages/pip/_internal/vcs/__pycache__) by extension 'ignore'
[0.733s] Level 1:colcon.colcon_core.package_identification:_identify(gym_env/lib/python3.12/site-packages/pip/_internal/vcs/__pycache__) by extension 'ignore_ament_install'
[0.733s] Level 1:colcon.colcon_core.package_identification:_identify(gym_env/lib/python3.12/site-packages/pip/_internal/vcs/__pycache__) by extensions ['colcon_pkg']
[0.733s] Level 1:colcon.colcon_core.package_identification:_identify(gym_env/lib/python3.12/site-packages/pip/_internal/vcs/__pycache__) by extension 'colcon_pkg'
[0.734s] Level 1:colcon.colcon_core.package_identification:_identify(gym_env/lib/python3.12/site-packages/pip/_internal/vcs/__pycache__) by extensions ['colcon_meta']
[0.734s] Level 1:colcon.colcon_core.package_identification:_identify(gym_env/lib/python3.12/site-packages/pip/_internal/vcs/__pycache__) by extension 'colcon_meta'
[0.734s] Level 1:colcon.colcon_core.package_identification:_identify(gym_env/lib/python3.12/site-packages/pip/_internal/vcs/__pycache__) by extensions ['ros']
[0.734s] Level 1:colcon.colcon_core.package_identification:_identify(gym_env/lib/python3.12/site-packages/pip/_internal/vcs/__pycache__) by extension 'ros'
[0.734s] Level 1:colcon.colcon_core.package_identification:_identify(gym_env/lib/python3.12/site-packages/pip/_internal/vcs/__pycache__) by extensions ['cmake', 'python']
[0.734s] Level 1:colcon.colcon_core.package_identification:_identify(gym_env/lib/python3.12/site-packages/pip/_internal/vcs/__pycache__) by extension 'cmake'
[0.734s] Level 1:colcon.colcon_core.package_identification:_identify(gym_env/lib/python3.12/site-packages/pip/_internal/vcs/__pycache__) by extension 'python'
[0.734s] Level 1:colcon.colcon_core.package_identification:_identify(gym_env/lib/python3.12/site-packages/pip/_internal/vcs/__pycache__) by extensions ['python_setup_py']
[0.734s] Level 1:colcon.colcon_core.package_identification:_identify(gym_env/lib/python3.12/site-packages/pip/_internal/vcs/__pycache__) by extension 'python_setup_py'
[0.735s] Level 1:colcon.colcon_core.package_identification:_identify(gym_env/lib/python3.12/site-packages/pip/_vendor) by extensions ['ignore', 'ignore_ament_install']
[0.735s] Level 1:colcon.colcon_core.package_identification:_identify(gym_env/lib/python3.12/site-packages/pip/_vendor) by extension 'ignore'
[0.735s] Level 1:colcon.colcon_core.package_identification:_identify(gym_env/lib/python3.12/site-packages/pip/_vendor) by extension 'ignore_ament_install'
[0.735s] Level 1:colcon.colcon_core.package_identification:_identify(gym_env/lib/python3.12/site-packages/pip/_vendor) by extensions ['colcon_pkg']
[0.735s] Level 1:colcon.colcon_core.package_identification:_identify(gym_env/lib/python3.12/site-packages/pip/_vendor) by extension 'colcon_pkg'
[0.735s] Level 1:colcon.colcon_core.package_identification:_identify(gym_env/lib/python3.12/site-packages/pip/_vendor) by extensions ['colcon_meta']
[0.735s] Level 1:colcon.colcon_core.package_identification:_identify(gym_env/lib/python3.12/site-packages/pip/_vendor) by extension 'colcon_meta'
[0.735s] Level 1:colcon.colcon_core.package_identification:_identify(gym_env/lib/python3.12/site-packages/pip/_vendor) by extensions ['ros']
[0.735s] Level 1:colcon.colcon_core.package_identification:_identify(gym_env/lib/python3.12/site-packages/pip/_vendor) by extension 'ros'
[0.736s] Level 1:colcon.colcon_core.package_identification:_identify(gym_env/lib/python3.12/site-packages/pip/_vendor) by extensions ['cmake', 'python']
[0.736s] Level 1:colcon.colcon_core.package_identification:_identify(gym_env/lib/python3.12/site-packages/pip/_vendor) by extension 'cmake'
[0.736s] Level 1:colcon.colcon_core.package_identification:_identify(gym_env/lib/python3.12/site-packages/pip/_vendor) by extension 'python'
[0.736s] Level 1:colcon.colcon_core.package_identification:_identify(gym_env/lib/python3.12/site-packages/pip/_vendor) by extensions ['python_setup_py']
[0.736s] Level 1:colcon.colcon_core.package_identification:_identify(gym_env/lib/python3.12/site-packages/pip/_vendor) by extension 'python_setup_py'
[0.736s] Level 1:colcon.colcon_core.package_identification:_identify(gym_env/lib/python3.12/site-packages/pip/_vendor/__pycache__) by extensions ['ignore', 'ignore_ament_install']
[0.736s] Level 1:colcon.colcon_core.package_identification:_identify(gym_env/lib/python3.12/site-packages/pip/_vendor/__pycache__) by extension 'ignore'
[0.737s] Level 1:colcon.colcon_core.package_identification:_identify(gym_env/lib/python3.12/site-packages/pip/_vendor/__pycache__) by extension 'ignore_ament_install'
[0.737s] Level 1:colcon.colcon_core.package_identification:_identify(gym_env/lib/python3.12/site-packages/pip/_vendor/__pycache__) by extensions ['colcon_pkg']
[0.737s] Level 1:colcon.colcon_core.package_identification:_identify(gym_env/lib/python3.12/site-packages/pip/_vendor/__pycache__) by extension 'colcon_pkg'
[0.737s] Level 1:colcon.colcon_core.package_identification:_identify(gym_env/lib/python3.12/site-packages/pip/_vendor/__pycache__) by extensions ['colcon_meta']
[0.737s] Level 1:colcon.colcon_core.package_identification:_identify(gym_env/lib/python3.12/site-packages/pip/_vendor/__pycache__) by extension 'colcon_meta'
[0.737s] Level 1:colcon.colcon_core.package_identification:_identify(gym_env/lib/python3.12/site-packages/pip/_vendor/__pycache__) by extensions ['ros']
[0.737s] Level 1:colcon.colcon_core.package_identification:_identify(gym_env/lib/python3.12/site-packages/pip/_vendor/__pycache__) by extension 'ros'
[0.737s] Level 1:colcon.colcon_core.package_identification:_identify(gym_env/lib/python3.12/site-packages/pip/_vendor/__pycache__) by extensions ['cmake', 'python']
[0.737s] Level 1:colcon.colcon_core.package_identification:_identify(gym_env/lib/python3.12/site-packages/pip/_vendor/__pycache__) by extension 'cmake'
[0.738s] Level 1:colcon.colcon_core.package_identification:_identify(gym_env/lib/python3.12/site-packages/pip/_vendor/__pycache__) by extension 'python'
[0.738s] Level 1:colcon.colcon_core.package_identification:_identify(gym_env/lib/python3.12/site-packages/pip/_vendor/__pycache__) by extensions ['python_setup_py']
[0.738s] Level 1:colcon.colcon_core.package_identification:_identify(gym_env/lib/python3.12/site-packages/pip/_vendor/__pycache__) by extension 'python_setup_py'
[0.738s] Level 1:colcon.colcon_core.package_identification:_identify(gym_env/lib/python3.12/site-packages/pip/_vendor/cachecontrol) by extensions ['ignore', 'ignore_ament_install']
[0.738s] Level 1:colcon.colcon_core.package_identification:_identify(gym_env/lib/python3.12/site-packages/pip/_vendor/cachecontrol) by extension 'ignore'
[0.738s] Level 1:colcon.colcon_core.package_identification:_identify(gym_env/lib/python3.12/site-packages/pip/_vendor/cachecontrol) by extension 'ignore_ament_install'
[0.738s] Level 1:colcon.colcon_core.package_identification:_identify(gym_env/lib/python3.12/site-packages/pip/_vendor/cachecontrol) by extensions ['colcon_pkg']
[0.738s] Level 1:colcon.colcon_core.package_identification:_identify(gym_env/lib/python3.12/site-packages/pip/_vendor/cachecontrol) by extension 'colcon_pkg'
[0.739s] Level 1:colcon.colcon_core.package_identification:_identify(gym_env/lib/python3.12/site-packages/pip/_vendor/cachecontrol) by extensions ['colcon_meta']
[0.739s] Level 1:colcon.colcon_core.package_identification:_identify(gym_env/lib/python3.12/site-packages/pip/_vendor/cachecontrol) by extension 'colcon_meta'
[0.739s] Level 1:colcon.colcon_core.package_identification:_identify(gym_env/lib/python3.12/site-packages/pip/_vendor/cachecontrol) by extensions ['ros']
[0.739s] Level 1:colcon.colcon_core.package_identification:_identify(gym_env/lib/python3.12/site-packages/pip/_vendor/cachecontrol) by extension 'ros'
[0.739s] Level 1:colcon.colcon_core.package_identification:_identify(gym_env/lib/python3.12/site-packages/pip/_vendor/cachecontrol) by extensions ['cmake', 'python']
[0.739s] Level 1:colcon.colcon_core.package_identification:_identify(gym_env/lib/python3.12/site-packages/pip/_vendor/cachecontrol) by extension 'cmake'
[0.739s] Level 1:colcon.colcon_core.package_identification:_identify(gym_env/lib/python3.12/site-packages/pip/_vendor/cachecontrol) by extension 'python'
[0.739s] Level 1:colcon.colcon_core.package_identification:_identify(gym_env/lib/python3.12/site-packages/pip/_vendor/cachecontrol) by extensions ['python_setup_py']
[0.739s] Level 1:colcon.colcon_core.package_identification:_identify(gym_env/lib/python3.12/site-packages/pip/_vendor/cachecontrol) by extension 'python_setup_py'
[0.740s] Level 1:colcon.colcon_core.package_identification:_identify(gym_env/lib/python3.12/site-packages/pip/_vendor/cachecontrol/__pycache__) by extensions ['ignore', 'ignore_ament_install']
[0.740s] Level 1:colcon.colcon_core.package_identification:_identify(gym_env/lib/python3.12/site-packages/pip/_vendor/cachecontrol/__pycache__) by extension 'ignore'
[0.740s] Level 1:colcon.colcon_core.package_identification:_identify(gym_env/lib/python3.12/site-packages/pip/_vendor/cachecontrol/__pycache__) by extension 'ignore_ament_install'
[0.740s] Level 1:colcon.colcon_core.package_identification:_identify(gym_env/lib/python3.12/site-packages/pip/_vendor/cachecontrol/__pycache__) by extensions ['colcon_pkg']
[0.740s] Level 1:colcon.colcon_core.package_identification:_identify(gym_env/lib/python3.12/site-packages/pip/_vendor/cachecontrol/__pycache__) by extension 'colcon_pkg'
[0.740s] Level 1:colcon.colcon_core.package_identification:_identify(gym_env/lib/python3.12/site-packages/pip/_vendor/cachecontrol/__pycache__) by extensions ['colcon_meta']
[0.740s] Level 1:colcon.colcon_core.package_identification:_identify(gym_env/lib/python3.12/site-packages/pip/_vendor/cachecontrol/__pycache__) by extension 'colcon_meta'
[0.741s] Level 1:colcon.colcon_core.package_identification:_identify(gym_env/lib/python3.12/site-packages/pip/_vendor/cachecontrol/__pycache__) by extensions ['ros']
[0.741s] Level 1:colcon.colcon_core.package_identification:_identify(gym_env/lib/python3.12/site-packages/pip/_vendor/cachecontrol/__pycache__) by extension 'ros'
[0.741s] Level 1:colcon.colcon_core.package_identification:_identify(gym_env/lib/python3.12/site-packages/pip/_vendor/cachecontrol/__pycache__) by extensions ['cmake', 'python']
[0.741s] Level 1:colcon.colcon_core.package_identification:_identify(gym_env/lib/python3.12/site-packages/pip/_vendor/cachecontrol/__pycache__) by extension 'cmake'
[0.741s] Level 1:colcon.colcon_core.package_identification:_identify(gym_env/lib/python3.12/site-packages/pip/_vendor/cachecontrol/__pycache__) by extension 'python'
[0.741s] Level 1:colcon.colcon_core.package_identification:_identify(gym_env/lib/python3.12/site-packages/pip/_vendor/cachecontrol/__pycache__) by extensions ['python_setup_py']
[0.741s] Level 1:colcon.colcon_core.package_identification:_identify(gym_env/lib/python3.12/site-packages/pip/_vendor/cachecontrol/__pycache__) by extension 'python_setup_py'
[0.742s] Level 1:colcon.colcon_core.package_identification:_identify(gym_env/lib/python3.12/site-packages/pip/_vendor/cachecontrol/caches) by extensions ['ignore', 'ignore_ament_install']
[0.742s] Level 1:colcon.colcon_core.package_identification:_identify(gym_env/lib/python3.12/site-packages/pip/_vendor/cachecontrol/caches) by extension 'ignore'
[0.742s] Level 1:colcon.colcon_core.package_identification:_identify(gym_env/lib/python3.12/site-packages/pip/_vendor/cachecontrol/caches) by extension 'ignore_ament_install'
[0.742s] Level 1:colcon.colcon_core.package_identification:_identify(gym_env/lib/python3.12/site-packages/pip/_vendor/cachecontrol/caches) by extensions ['colcon_pkg']
[0.742s] Level 1:colcon.colcon_core.package_identification:_identify(gym_env/lib/python3.12/site-packages/pip/_vendor/cachecontrol/caches) by extension 'colcon_pkg'
[0.743s] Level 1:colcon.colcon_core.package_identification:_identify(gym_env/lib/python3.12/site-packages/pip/_vendor/cachecontrol/caches) by extensions ['colcon_meta']
[0.743s] Level 1:colcon.colcon_core.package_identification:_identify(gym_env/lib/python3.12/site-packages/pip/_vendor/cachecontrol/caches) by extension 'colcon_meta'
[0.743s] Level 1:colcon.colcon_core.package_identification:_identify(gym_env/lib/python3.12/site-packages/pip/_vendor/cachecontrol/caches) by extensions ['ros']
[0.743s] Level 1:colcon.colcon_core.package_identification:_identify(gym_env/lib/python3.12/site-packages/pip/_vendor/cachecontrol/caches) by extension 'ros'
[0.744s] Level 1:colcon.colcon_core.package_identification:_identify(gym_env/lib/python3.12/site-packages/pip/_vendor/cachecontrol/caches) by extensions ['cmake', 'python']
[0.744s] Level 1:colcon.colcon_core.package_identification:_identify(gym_env/lib/python3.12/site-packages/pip/_vendor/cachecontrol/caches) by extension 'cmake'
[0.744s] Level 1:colcon.colcon_core.package_identification:_identify(gym_env/lib/python3.12/site-packages/pip/_vendor/cachecontrol/caches) by extension 'python'
[0.744s] Level 1:colcon.colcon_core.package_identification:_identify(gym_env/lib/python3.12/site-packages/pip/_vendor/cachecontrol/caches) by extensions ['python_setup_py']
[0.744s] Level 1:colcon.colcon_core.package_identification:_identify(gym_env/lib/python3.12/site-packages/pip/_vendor/cachecontrol/caches) by extension 'python_setup_py'
[0.745s] Level 1:colcon.colcon_core.package_identification:_identify(gym_env/lib/python3.12/site-packages/pip/_vendor/cachecontrol/caches/__pycache__) by extensions ['ignore', 'ignore_ament_install']
[0.745s] Level 1:colcon.colcon_core.package_identification:_identify(gym_env/lib/python3.12/site-packages/pip/_vendor/cachecontrol/caches/__pycache__) by extension 'ignore'
[0.745s] Level 1:colcon.colcon_core.package_identification:_identify(gym_env/lib/python3.12/site-packages/pip/_vendor/cachecontrol/caches/__pycache__) by extension 'ignore_ament_install'
[0.745s] Level 1:colcon.colcon_core.package_identification:_identify(gym_env/lib/python3.12/site-packages/pip/_vendor/cachecontrol/caches/__pycache__) by extensions ['colcon_pkg']
[0.746s] Level 1:colcon.colcon_core.package_identification:_identify(gym_env/lib/python3.12/site-packages/pip/_vendor/cachecontrol/caches/__pycache__) by extension 'colcon_pkg'
[0.746s] Level 1:colcon.colcon_core.package_identification:_identify(gym_env/lib/python3.12/site-packages/pip/_vendor/cachecontrol/caches/__pycache__) by extensions ['colcon_meta']
[0.746s] Level 1:colcon.colcon_core.package_identification:_identify(gym_env/lib/python3.12/site-packages/pip/_vendor/cachecontrol/caches/__pycache__) by extension 'colcon_meta'
[0.746s] Level 1:colcon.colcon_core.package_identification:_identify(gym_env/lib/python3.12/site-packages/pip/_vendor/cachecontrol/caches/__pycache__) by extensions ['ros']
[0.746s] Level 1:colcon.colcon_core.package_identification:_identify(gym_env/lib/python3.12/site-packages/pip/_vendor/cachecontrol/caches/__pycache__) by extension 'ros'
[0.747s] Level 1:colcon.colcon_core.package_identification:_identify(gym_env/lib/python3.12/site-packages/pip/_vendor/cachecontrol/caches/__pycache__) by extensions ['cmake', 'python']
[0.747s] Level 1:colcon.colcon_core.package_identification:_identify(gym_env/lib/python3.12/site-packages/pip/_vendor/cachecontrol/caches/__pycache__) by extension 'cmake'
[0.747s] Level 1:colcon.colcon_core.package_identification:_identify(gym_env/lib/python3.12/site-packages/pip/_vendor/cachecontrol/caches/__pycache__) by extension 'python'
[0.747s] Level 1:colcon.colcon_core.package_identification:_identify(gym_env/lib/python3.12/site-packages/pip/_vendor/cachecontrol/caches/__pycache__) by extensions ['python_setup_py']
[0.747s] Level 1:colcon.colcon_core.package_identification:_identify(gym_env/lib/python3.12/site-packages/pip/_vendor/cachecontrol/caches/__pycache__) by extension 'python_setup_py'
[0.747s] Level 1:colcon.colcon_core.package_identification:_identify(gym_env/lib/python3.12/site-packages/pip/_vendor/certifi) by extensions ['ignore', 'ignore_ament_install']
[0.748s] Level 1:colcon.colcon_core.package_identification:_identify(gym_env/lib/python3.12/site-packages/pip/_vendor/certifi) by extension 'ignore'
[0.748s] Level 1:colcon.colcon_core.package_identification:_identify(gym_env/lib/python3.12/site-packages/pip/_vendor/certifi) by extension 'ignore_ament_install'
[0.748s] Level 1:colcon.colcon_core.package_identification:_identify(gym_env/lib/python3.12/site-packages/pip/_vendor/certifi) by extensions ['colcon_pkg']
[0.748s] Level 1:colcon.colcon_core.package_identification:_identify(gym_env/lib/python3.12/site-packages/pip/_vendor/certifi) by extension 'colcon_pkg'
[0.748s] Level 1:colcon.colcon_core.package_identification:_identify(gym_env/lib/python3.12/site-packages/pip/_vendor/certifi) by extensions ['colcon_meta']
[0.748s] Level 1:colcon.colcon_core.package_identification:_identify(gym_env/lib/python3.12/site-packages/pip/_vendor/certifi) by extension 'colcon_meta'
[0.748s] Level 1:colcon.colcon_core.package_identification:_identify(gym_env/lib/python3.12/site-packages/pip/_vendor/certifi) by extensions ['ros']
[0.748s] Level 1:colcon.colcon_core.package_identification:_identify(gym_env/lib/python3.12/site-packages/pip/_vendor/certifi) by extension 'ros'
[0.749s] Level 1:colcon.colcon_core.package_identification:_identify(gym_env/lib/python3.12/site-packages/pip/_vendor/certifi) by extensions ['cmake', 'python']
[0.749s] Level 1:colcon.colcon_core.package_identification:_identify(gym_env/lib/python3.12/site-packages/pip/_vendor/certifi) by extension 'cmake'
[0.749s] Level 1:colcon.colcon_core.package_identification:_identify(gym_env/lib/python3.12/site-packages/pip/_vendor/certifi) by extension 'python'
[0.749s] Level 1:colcon.colcon_core.package_identification:_identify(gym_env/lib/python3.12/site-packages/pip/_vendor/certifi) by extensions ['python_setup_py']
[0.749s] Level 1:colcon.colcon_core.package_identification:_identify(gym_env/lib/python3.12/site-packages/pip/_vendor/certifi) by extension 'python_setup_py'
[0.749s] Level 1:colcon.colcon_core.package_identification:_identify(gym_env/lib/python3.12/site-packages/pip/_vendor/certifi/__pycache__) by extensions ['ignore', 'ignore_ament_install']
[0.749s] Level 1:colcon.colcon_core.package_identification:_identify(gym_env/lib/python3.12/site-packages/pip/_vendor/certifi/__pycache__) by extension 'ignore'
[0.750s] Level 1:colcon.colcon_core.package_identification:_identify(gym_env/lib/python3.12/site-packages/pip/_vendor/certifi/__pycache__) by extension 'ignore_ament_install'
[0.750s] Level 1:colcon.colcon_core.package_identification:_identify(gym_env/lib/python3.12/site-packages/pip/_vendor/certifi/__pycache__) by extensions ['colcon_pkg']
[0.750s] Level 1:colcon.colcon_core.package_identification:_identify(gym_env/lib/python3.12/site-packages/pip/_vendor/certifi/__pycache__) by extension 'colcon_pkg'
[0.750s] Level 1:colcon.colcon_core.package_identification:_identify(gym_env/lib/python3.12/site-packages/pip/_vendor/certifi/__pycache__) by extensions ['colcon_meta']
[0.750s] Level 1:colcon.colcon_core.package_identification:_identify(gym_env/lib/python3.12/site-packages/pip/_vendor/certifi/__pycache__) by extension 'colcon_meta'
[0.750s] Level 1:colcon.colcon_core.package_identification:_identify(gym_env/lib/python3.12/site-packages/pip/_vendor/certifi/__pycache__) by extensions ['ros']
[0.750s] Level 1:colcon.colcon_core.package_identification:_identify(gym_env/lib/python3.12/site-packages/pip/_vendor/certifi/__pycache__) by extension 'ros'
[0.750s] Level 1:colcon.colcon_core.package_identification:_identify(gym_env/lib/python3.12/site-packages/pip/_vendor/certifi/__pycache__) by extensions ['cmake', 'python']
[0.750s] Level 1:colcon.colcon_core.package_identification:_identify(gym_env/lib/python3.12/site-packages/pip/_vendor/certifi/__pycache__) by extension 'cmake'
[0.751s] Level 1:colcon.colcon_core.package_identification:_identify(gym_env/lib/python3.12/site-packages/pip/_vendor/certifi/__pycache__) by extension 'python'
[0.751s] Level 1:colcon.colcon_core.package_identification:_identify(gym_env/lib/python3.12/site-packages/pip/_vendor/certifi/__pycache__) by extensions ['python_setup_py']
[0.751s] Level 1:colcon.colcon_core.package_identification:_identify(gym_env/lib/python3.12/site-packages/pip/_vendor/certifi/__pycache__) by extension 'python_setup_py'
[0.751s] Level 1:colcon.colcon_core.package_identification:_identify(gym_env/lib/python3.12/site-packages/pip/_vendor/chardet) by extensions ['ignore', 'ignore_ament_install']
[0.751s] Level 1:colcon.colcon_core.package_identification:_identify(gym_env/lib/python3.12/site-packages/pip/_vendor/chardet) by extension 'ignore'
[0.751s] Level 1:colcon.colcon_core.package_identification:_identify(gym_env/lib/python3.12/site-packages/pip/_vendor/chardet) by extension 'ignore_ament_install'
[0.752s] Level 1:colcon.colcon_core.package_identification:_identify(gym_env/lib/python3.12/site-packages/pip/_vendor/chardet) by extensions ['colcon_pkg']
[0.752s] Level 1:colcon.colcon_core.package_identification:_identify(gym_env/lib/python3.12/site-packages/pip/_vendor/chardet) by extension 'colcon_pkg'
[0.752s] Level 1:colcon.colcon_core.package_identification:_identify(gym_env/lib/python3.12/site-packages/pip/_vendor/chardet) by extensions ['colcon_meta']
[0.752s] Level 1:colcon.colcon_core.package_identification:_identify(gym_env/lib/python3.12/site-packages/pip/_vendor/chardet) by extension 'colcon_meta'
[0.752s] Level 1:colcon.colcon_core.package_identification:_identify(gym_env/lib/python3.12/site-packages/pip/_vendor/chardet) by extensions ['ros']
[0.752s] Level 1:colcon.colcon_core.package_identification:_identify(gym_env/lib/python3.12/site-packages/pip/_vendor/chardet) by extension 'ros'
[0.752s] Level 1:colcon.colcon_core.package_identification:_identify(gym_env/lib/python3.12/site-packages/pip/_vendor/chardet) by extensions ['cmake', 'python']
[0.752s] Level 1:colcon.colcon_core.package_identification:_identify(gym_env/lib/python3.12/site-packages/pip/_vendor/chardet) by extension 'cmake'
[0.752s] Level 1:colcon.colcon_core.package_identification:_identify(gym_env/lib/python3.12/site-packages/pip/_vendor/chardet) by extension 'python'
[0.752s] Level 1:colcon.colcon_core.package_identification:_identify(gym_env/lib/python3.12/site-packages/pip/_vendor/chardet) by extensions ['python_setup_py']
[0.752s] Level 1:colcon.colcon_core.package_identification:_identify(gym_env/lib/python3.12/site-packages/pip/_vendor/chardet) by extension 'python_setup_py'
[0.753s] Level 1:colcon.colcon_core.package_identification:_identify(gym_env/lib/python3.12/site-packages/pip/_vendor/chardet/__pycache__) by extensions ['ignore', 'ignore_ament_install']
[0.753s] Level 1:colcon.colcon_core.package_identification:_identify(gym_env/lib/python3.12/site-packages/pip/_vendor/chardet/__pycache__) by extension 'ignore'
[0.753s] Level 1:colcon.colcon_core.package_identification:_identify(gym_env/lib/python3.12/site-packages/pip/_vendor/chardet/__pycache__) by extension 'ignore_ament_install'
[0.753s] Level 1:colcon.colcon_core.package_identification:_identify(gym_env/lib/python3.12/site-packages/pip/_vendor/chardet/__pycache__) by extensions ['colcon_pkg']
[0.753s] Level 1:colcon.colcon_core.package_identification:_identify(gym_env/lib/python3.12/site-packages/pip/_vendor/chardet/__pycache__) by extension 'colcon_pkg'
[0.753s] Level 1:colcon.colcon_core.package_identification:_identify(gym_env/lib/python3.12/site-packages/pip/_vendor/chardet/__pycache__) by extensions ['colcon_meta']
[0.754s] Level 1:colcon.colcon_core.package_identification:_identify(gym_env/lib/python3.12/site-packages/pip/_vendor/chardet/__pycache__) by extension 'colcon_meta'
[0.754s] Level 1:colcon.colcon_core.package_identification:_identify(gym_env/lib/python3.12/site-packages/pip/_vendor/chardet/__pycache__) by extensions ['ros']
[0.754s] Level 1:colcon.colcon_core.package_identification:_identify(gym_env/lib/python3.12/site-packages/pip/_vendor/chardet/__pycache__) by extension 'ros'
[0.754s] Level 1:colcon.colcon_core.package_identification:_identify(gym_env/lib/python3.12/site-packages/pip/_vendor/chardet/__pycache__) by extensions ['cmake', 'python']
[0.754s] Level 1:colcon.colcon_core.package_identification:_identify(gym_env/lib/python3.12/site-packages/pip/_vendor/chardet/__pycache__) by extension 'cmake'
[0.754s] Level 1:colcon.colcon_core.package_identification:_identify(gym_env/lib/python3.12/site-packages/pip/_vendor/chardet/__pycache__) by extension 'python'
[0.754s] Level 1:colcon.colcon_core.package_identification:_identify(gym_env/lib/python3.12/site-packages/pip/_vendor/chardet/__pycache__) by extensions ['python_setup_py']
[0.754s] Level 1:colcon.colcon_core.package_identification:_identify(gym_env/lib/python3.12/site-packages/pip/_vendor/chardet/__pycache__) by extension 'python_setup_py'
[0.755s] Level 1:colcon.colcon_core.package_identification:_identify(gym_env/lib/python3.12/site-packages/pip/_vendor/chardet/cli) by extensions ['ignore', 'ignore_ament_install']
[0.755s] Level 1:colcon.colcon_core.package_identification:_identify(gym_env/lib/python3.12/site-packages/pip/_vendor/chardet/cli) by extension 'ignore'
[0.755s] Level 1:colcon.colcon_core.package_identification:_identify(gym_env/lib/python3.12/site-packages/pip/_vendor/chardet/cli) by extension 'ignore_ament_install'
[0.755s] Level 1:colcon.colcon_core.package_identification:_identify(gym_env/lib/python3.12/site-packages/pip/_vendor/chardet/cli) by extensions ['colcon_pkg']
[0.755s] Level 1:colcon.colcon_core.package_identification:_identify(gym_env/lib/python3.12/site-packages/pip/_vendor/chardet/cli) by extension 'colcon_pkg'
[0.755s] Level 1:colcon.colcon_core.package_identification:_identify(gym_env/lib/python3.12/site-packages/pip/_vendor/chardet/cli) by extensions ['colcon_meta']
[0.755s] Level 1:colcon.colcon_core.package_identification:_identify(gym_env/lib/python3.12/site-packages/pip/_vendor/chardet/cli) by extension 'colcon_meta'
[0.755s] Level 1:colcon.colcon_core.package_identification:_identify(gym_env/lib/python3.12/site-packages/pip/_vendor/chardet/cli) by extensions ['ros']
[0.755s] Level 1:colcon.colcon_core.package_identification:_identify(gym_env/lib/python3.12/site-packages/pip/_vendor/chardet/cli) by extension 'ros'
[0.756s] Level 1:colcon.colcon_core.package_identification:_identify(gym_env/lib/python3.12/site-packages/pip/_vendor/chardet/cli) by extensions ['cmake', 'python']
[0.756s] Level 1:colcon.colcon_core.package_identification:_identify(gym_env/lib/python3.12/site-packages/pip/_vendor/chardet/cli) by extension 'cmake'
[0.756s] Level 1:colcon.colcon_core.package_identification:_identify(gym_env/lib/python3.12/site-packages/pip/_vendor/chardet/cli) by extension 'python'
[0.756s] Level 1:colcon.colcon_core.package_identification:_identify(gym_env/lib/python3.12/site-packages/pip/_vendor/chardet/cli) by extensions ['python_setup_py']
[0.756s] Level 1:colcon.colcon_core.package_identification:_identify(gym_env/lib/python3.12/site-packages/pip/_vendor/chardet/cli) by extension 'python_setup_py'
[0.756s] Level 1:colcon.colcon_core.package_identification:_identify(gym_env/lib/python3.12/site-packages/pip/_vendor/chardet/cli/__pycache__) by extensions ['ignore', 'ignore_ament_install']
[0.756s] Level 1:colcon.colcon_core.package_identification:_identify(gym_env/lib/python3.12/site-packages/pip/_vendor/chardet/cli/__pycache__) by extension 'ignore'
[0.757s] Level 1:colcon.colcon_core.package_identification:_identify(gym_env/lib/python3.12/site-packages/pip/_vendor/chardet/cli/__pycache__) by extension 'ignore_ament_install'
[0.757s] Level 1:colcon.colcon_core.package_identification:_identify(gym_env/lib/python3.12/site-packages/pip/_vendor/chardet/cli/__pycache__) by extensions ['colcon_pkg']
[0.757s] Level 1:colcon.colcon_core.package_identification:_identify(gym_env/lib/python3.12/site-packages/pip/_vendor/chardet/cli/__pycache__) by extension 'colcon_pkg'
[0.757s] Level 1:colcon.colcon_core.package_identification:_identify(gym_env/lib/python3.12/site-packages/pip/_vendor/chardet/cli/__pycache__) by extensions ['colcon_meta']
[0.757s] Level 1:colcon.colcon_core.package_identification:_identify(gym_env/lib/python3.12/site-packages/pip/_vendor/chardet/cli/__pycache__) by extension 'colcon_meta'
[0.757s] Level 1:colcon.colcon_core.package_identification:_identify(gym_env/lib/python3.12/site-packages/pip/_vendor/chardet/cli/__pycache__) by extensions ['ros']
[0.757s] Level 1:colcon.colcon_core.package_identification:_identify(gym_env/lib/python3.12/site-packages/pip/_vendor/chardet/cli/__pycache__) by extension 'ros'
[0.758s] Level 1:colcon.colcon_core.package_identification:_identify(gym_env/lib/python3.12/site-packages/pip/_vendor/chardet/cli/__pycache__) by extensions ['cmake', 'python']
[0.758s] Level 1:colcon.colcon_core.package_identification:_identify(gym_env/lib/python3.12/site-packages/pip/_vendor/chardet/cli/__pycache__) by extension 'cmake'
[0.758s] Level 1:colcon.colcon_core.package_identification:_identify(gym_env/lib/python3.12/site-packages/pip/_vendor/chardet/cli/__pycache__) by extension 'python'
[0.758s] Level 1:colcon.colcon_core.package_identification:_identify(gym_env/lib/python3.12/site-packages/pip/_vendor/chardet/cli/__pycache__) by extensions ['python_setup_py']
[0.758s] Level 1:colcon.colcon_core.package_identification:_identify(gym_env/lib/python3.12/site-packages/pip/_vendor/chardet/cli/__pycache__) by extension 'python_setup_py'
[0.758s] Level 1:colcon.colcon_core.package_identification:_identify(gym_env/lib/python3.12/site-packages/pip/_vendor/chardet/metadata) by extensions ['ignore', 'ignore_ament_install']
[0.759s] Level 1:colcon.colcon_core.package_identification:_identify(gym_env/lib/python3.12/site-packages/pip/_vendor/chardet/metadata) by extension 'ignore'
[0.759s] Level 1:colcon.colcon_core.package_identification:_identify(gym_env/lib/python3.12/site-packages/pip/_vendor/chardet/metadata) by extension 'ignore_ament_install'
[0.759s] Level 1:colcon.colcon_core.package_identification:_identify(gym_env/lib/python3.12/site-packages/pip/_vendor/chardet/metadata) by extensions ['colcon_pkg']
[0.759s] Level 1:colcon.colcon_core.package_identification:_identify(gym_env/lib/python3.12/site-packages/pip/_vendor/chardet/metadata) by extension 'colcon_pkg'
[0.759s] Level 1:colcon.colcon_core.package_identification:_identify(gym_env/lib/python3.12/site-packages/pip/_vendor/chardet/metadata) by extensions ['colcon_meta']
[0.760s] Level 1:colcon.colcon_core.package_identification:_identify(gym_env/lib/python3.12/site-packages/pip/_vendor/chardet/metadata) by extension 'colcon_meta'
[0.760s] Level 1:colcon.colcon_core.package_identification:_identify(gym_env/lib/python3.12/site-packages/pip/_vendor/chardet/metadata) by extensions ['ros']
[0.760s] Level 1:colcon.colcon_core.package_identification:_identify(gym_env/lib/python3.12/site-packages/pip/_vendor/chardet/metadata) by extension 'ros'
[0.760s] Level 1:colcon.colcon_core.package_identification:_identify(gym_env/lib/python3.12/site-packages/pip/_vendor/chardet/metadata) by extensions ['cmake', 'python']
[0.760s] Level 1:colcon.colcon_core.package_identification:_identify(gym_env/lib/python3.12/site-packages/pip/_vendor/chardet/metadata) by extension 'cmake'
[0.761s] Level 1:colcon.colcon_core.package_identification:_identify(gym_env/lib/python3.12/site-packages/pip/_vendor/chardet/metadata) by extension 'python'
[0.761s] Level 1:colcon.colcon_core.package_identification:_identify(gym_env/lib/python3.12/site-packages/pip/_vendor/chardet/metadata) by extensions ['python_setup_py']
[0.761s] Level 1:colcon.colcon_core.package_identification:_identify(gym_env/lib/python3.12/site-packages/pip/_vendor/chardet/metadata) by extension 'python_setup_py'
[0.761s] Level 1:colcon.colcon_core.package_identification:_identify(gym_env/lib/python3.12/site-packages/pip/_vendor/chardet/metadata/__pycache__) by extensions ['ignore', 'ignore_ament_install']
[0.762s] Level 1:colcon.colcon_core.package_identification:_identify(gym_env/lib/python3.12/site-packages/pip/_vendor/chardet/metadata/__pycache__) by extension 'ignore'
[0.762s] Level 1:colcon.colcon_core.package_identification:_identify(gym_env/lib/python3.12/site-packages/pip/_vendor/chardet/metadata/__pycache__) by extension 'ignore_ament_install'
[0.762s] Level 1:colcon.colcon_core.package_identification:_identify(gym_env/lib/python3.12/site-packages/pip/_vendor/chardet/metadata/__pycache__) by extensions ['colcon_pkg']
[0.762s] Level 1:colcon.colcon_core.package_identification:_identify(gym_env/lib/python3.12/site-packages/pip/_vendor/chardet/metadata/__pycache__) by extension 'colcon_pkg'
[0.762s] Level 1:colcon.colcon_core.package_identification:_identify(gym_env/lib/python3.12/site-packages/pip/_vendor/chardet/metadata/__pycache__) by extensions ['colcon_meta']
[0.762s] Level 1:colcon.colcon_core.package_identification:_identify(gym_env/lib/python3.12/site-packages/pip/_vendor/chardet/metadata/__pycache__) by extension 'colcon_meta'
[0.763s] Level 1:colcon.colcon_core.package_identification:_identify(gym_env/lib/python3.12/site-packages/pip/_vendor/chardet/metadata/__pycache__) by extensions ['ros']
[0.763s] Level 1:colcon.colcon_core.package_identification:_identify(gym_env/lib/python3.12/site-packages/pip/_vendor/chardet/metadata/__pycache__) by extension 'ros'
[0.763s] Level 1:colcon.colcon_core.package_identification:_identify(gym_env/lib/python3.12/site-packages/pip/_vendor/chardet/metadata/__pycache__) by extensions ['cmake', 'python']
[0.763s] Level 1:colcon.colcon_core.package_identification:_identify(gym_env/lib/python3.12/site-packages/pip/_vendor/chardet/metadata/__pycache__) by extension 'cmake'
[0.764s] Level 1:colcon.colcon_core.package_identification:_identify(gym_env/lib/python3.12/site-packages/pip/_vendor/chardet/metadata/__pycache__) by extension 'python'
[0.764s] Level 1:colcon.colcon_core.package_identification:_identify(gym_env/lib/python3.12/site-packages/pip/_vendor/chardet/metadata/__pycache__) by extensions ['python_setup_py']
[0.764s] Level 1:colcon.colcon_core.package_identification:_identify(gym_env/lib/python3.12/site-packages/pip/_vendor/chardet/metadata/__pycache__) by extension 'python_setup_py'
[0.764s] Level 1:colcon.colcon_core.package_identification:_identify(gym_env/lib/python3.12/site-packages/pip/_vendor/colorama) by extensions ['ignore', 'ignore_ament_install']
[0.765s] Level 1:colcon.colcon_core.package_identification:_identify(gym_env/lib/python3.12/site-packages/pip/_vendor/colorama) by extension 'ignore'
[0.765s] Level 1:colcon.colcon_core.package_identification:_identify(gym_env/lib/python3.12/site-packages/pip/_vendor/colorama) by extension 'ignore_ament_install'
[0.765s] Level 1:colcon.colcon_core.package_identification:_identify(gym_env/lib/python3.12/site-packages/pip/_vendor/colorama) by extensions ['colcon_pkg']
[0.765s] Level 1:colcon.colcon_core.package_identification:_identify(gym_env/lib/python3.12/site-packages/pip/_vendor/colorama) by extension 'colcon_pkg'
[0.765s] Level 1:colcon.colcon_core.package_identification:_identify(gym_env/lib/python3.12/site-packages/pip/_vendor/colorama) by extensions ['colcon_meta']
[0.765s] Level 1:colcon.colcon_core.package_identification:_identify(gym_env/lib/python3.12/site-packages/pip/_vendor/colorama) by extension 'colcon_meta'
[0.765s] Level 1:colcon.colcon_core.package_identification:_identify(gym_env/lib/python3.12/site-packages/pip/_vendor/colorama) by extensions ['ros']
[0.765s] Level 1:colcon.colcon_core.package_identification:_identify(gym_env/lib/python3.12/site-packages/pip/_vendor/colorama) by extension 'ros'
[0.766s] Level 1:colcon.colcon_core.package_identification:_identify(gym_env/lib/python3.12/site-packages/pip/_vendor/colorama) by extensions ['cmake', 'python']
[0.766s] Level 1:colcon.colcon_core.package_identification:_identify(gym_env/lib/python3.12/site-packages/pip/_vendor/colorama) by extension 'cmake'
[0.766s] Level 1:colcon.colcon_core.package_identification:_identify(gym_env/lib/python3.12/site-packages/pip/_vendor/colorama) by extension 'python'
[0.766s] Level 1:colcon.colcon_core.package_identification:_identify(gym_env/lib/python3.12/site-packages/pip/_vendor/colorama) by extensions ['python_setup_py']
[0.766s] Level 1:colcon.colcon_core.package_identification:_identify(gym_env/lib/python3.12/site-packages/pip/_vendor/colorama) by extension 'python_setup_py'
[0.766s] Level 1:colcon.colcon_core.package_identification:_identify(gym_env/lib/python3.12/site-packages/pip/_vendor/colorama/__pycache__) by extensions ['ignore', 'ignore_ament_install']
[0.766s] Level 1:colcon.colcon_core.package_identification:_identify(gym_env/lib/python3.12/site-packages/pip/_vendor/colorama/__pycache__) by extension 'ignore'
[0.767s] Level 1:colcon.colcon_core.package_identification:_identify(gym_env/lib/python3.12/site-packages/pip/_vendor/colorama/__pycache__) by extension 'ignore_ament_install'
[0.767s] Level 1:colcon.colcon_core.package_identification:_identify(gym_env/lib/python3.12/site-packages/pip/_vendor/colorama/__pycache__) by extensions ['colcon_pkg']
[0.767s] Level 1:colcon.colcon_core.package_identification:_identify(gym_env/lib/python3.12/site-packages/pip/_vendor/colorama/__pycache__) by extension 'colcon_pkg'
[0.767s] Level 1:colcon.colcon_core.package_identification:_identify(gym_env/lib/python3.12/site-packages/pip/_vendor/colorama/__pycache__) by extensions ['colcon_meta']
[0.767s] Level 1:colcon.colcon_core.package_identification:_identify(gym_env/lib/python3.12/site-packages/pip/_vendor/colorama/__pycache__) by extension 'colcon_meta'
[0.767s] Level 1:colcon.colcon_core.package_identification:_identify(gym_env/lib/python3.12/site-packages/pip/_vendor/colorama/__pycache__) by extensions ['ros']
[0.767s] Level 1:colcon.colcon_core.package_identification:_identify(gym_env/lib/python3.12/site-packages/pip/_vendor/colorama/__pycache__) by extension 'ros'
[0.767s] Level 1:colcon.colcon_core.package_identification:_identify(gym_env/lib/python3.12/site-packages/pip/_vendor/colorama/__pycache__) by extensions ['cmake', 'python']
[0.767s] Level 1:colcon.colcon_core.package_identification:_identify(gym_env/lib/python3.12/site-packages/pip/_vendor/colorama/__pycache__) by extension 'cmake'
[0.768s] Level 1:colcon.colcon_core.package_identification:_identify(gym_env/lib/python3.12/site-packages/pip/_vendor/colorama/__pycache__) by extension 'python'
[0.768s] Level 1:colcon.colcon_core.package_identification:_identify(gym_env/lib/python3.12/site-packages/pip/_vendor/colorama/__pycache__) by extensions ['python_setup_py']
[0.768s] Level 1:colcon.colcon_core.package_identification:_identify(gym_env/lib/python3.12/site-packages/pip/_vendor/colorama/__pycache__) by extension 'python_setup_py'
[0.768s] Level 1:colcon.colcon_core.package_identification:_identify(gym_env/lib/python3.12/site-packages/pip/_vendor/colorama/tests) by extensions ['ignore', 'ignore_ament_install']
[0.768s] Level 1:colcon.colcon_core.package_identification:_identify(gym_env/lib/python3.12/site-packages/pip/_vendor/colorama/tests) by extension 'ignore'
[0.768s] Level 1:colcon.colcon_core.package_identification:_identify(gym_env/lib/python3.12/site-packages/pip/_vendor/colorama/tests) by extension 'ignore_ament_install'
[0.768s] Level 1:colcon.colcon_core.package_identification:_identify(gym_env/lib/python3.12/site-packages/pip/_vendor/colorama/tests) by extensions ['colcon_pkg']
[0.769s] Level 1:colcon.colcon_core.package_identification:_identify(gym_env/lib/python3.12/site-packages/pip/_vendor/colorama/tests) by extension 'colcon_pkg'
[0.769s] Level 1:colcon.colcon_core.package_identification:_identify(gym_env/lib/python3.12/site-packages/pip/_vendor/colorama/tests) by extensions ['colcon_meta']
[0.769s] Level 1:colcon.colcon_core.package_identification:_identify(gym_env/lib/python3.12/site-packages/pip/_vendor/colorama/tests) by extension 'colcon_meta'
[0.769s] Level 1:colcon.colcon_core.package_identification:_identify(gym_env/lib/python3.12/site-packages/pip/_vendor/colorama/tests) by extensions ['ros']
[0.769s] Level 1:colcon.colcon_core.package_identification:_identify(gym_env/lib/python3.12/site-packages/pip/_vendor/colorama/tests) by extension 'ros'
[0.769s] Level 1:colcon.colcon_core.package_identification:_identify(gym_env/lib/python3.12/site-packages/pip/_vendor/colorama/tests) by extensions ['cmake', 'python']
[0.769s] Level 1:colcon.colcon_core.package_identification:_identify(gym_env/lib/python3.12/site-packages/pip/_vendor/colorama/tests) by extension 'cmake'
[0.769s] Level 1:colcon.colcon_core.package_identification:_identify(gym_env/lib/python3.12/site-packages/pip/_vendor/colorama/tests) by extension 'python'
[0.769s] Level 1:colcon.colcon_core.package_identification:_identify(gym_env/lib/python3.12/site-packages/pip/_vendor/colorama/tests) by extensions ['python_setup_py']
[0.769s] Level 1:colcon.colcon_core.package_identification:_identify(gym_env/lib/python3.12/site-packages/pip/_vendor/colorama/tests) by extension 'python_setup_py'
[0.770s] Level 1:colcon.colcon_core.package_identification:_identify(gym_env/lib/python3.12/site-packages/pip/_vendor/colorama/tests/__pycache__) by extensions ['ignore', 'ignore_ament_install']
[0.770s] Level 1:colcon.colcon_core.package_identification:_identify(gym_env/lib/python3.12/site-packages/pip/_vendor/colorama/tests/__pycache__) by extension 'ignore'
[0.770s] Level 1:colcon.colcon_core.package_identification:_identify(gym_env/lib/python3.12/site-packages/pip/_vendor/colorama/tests/__pycache__) by extension 'ignore_ament_install'
[0.770s] Level 1:colcon.colcon_core.package_identification:_identify(gym_env/lib/python3.12/site-packages/pip/_vendor/colorama/tests/__pycache__) by extensions ['colcon_pkg']
[0.770s] Level 1:colcon.colcon_core.package_identification:_identify(gym_env/lib/python3.12/site-packages/pip/_vendor/colorama/tests/__pycache__) by extension 'colcon_pkg'
[0.770s] Level 1:colcon.colcon_core.package_identification:_identify(gym_env/lib/python3.12/site-packages/pip/_vendor/colorama/tests/__pycache__) by extensions ['colcon_meta']
[0.770s] Level 1:colcon.colcon_core.package_identification:_identify(gym_env/lib/python3.12/site-packages/pip/_vendor/colorama/tests/__pycache__) by extension 'colcon_meta'
[0.771s] Level 1:colcon.colcon_core.package_identification:_identify(gym_env/lib/python3.12/site-packages/pip/_vendor/colorama/tests/__pycache__) by extensions ['ros']
[0.771s] Level 1:colcon.colcon_core.package_identification:_identify(gym_env/lib/python3.12/site-packages/pip/_vendor/colorama/tests/__pycache__) by extension 'ros'
[0.771s] Level 1:colcon.colcon_core.package_identification:_identify(gym_env/lib/python3.12/site-packages/pip/_vendor/colorama/tests/__pycache__) by extensions ['cmake', 'python']
[0.771s] Level 1:colcon.colcon_core.package_identification:_identify(gym_env/lib/python3.12/site-packages/pip/_vendor/colorama/tests/__pycache__) by extension 'cmake'
[0.771s] Level 1:colcon.colcon_core.package_identification:_identify(gym_env/lib/python3.12/site-packages/pip/_vendor/colorama/tests/__pycache__) by extension 'python'
[0.771s] Level 1:colcon.colcon_core.package_identification:_identify(gym_env/lib/python3.12/site-packages/pip/_vendor/colorama/tests/__pycache__) by extensions ['python_setup_py']
[0.771s] Level 1:colcon.colcon_core.package_identification:_identify(gym_env/lib/python3.12/site-packages/pip/_vendor/colorama/tests/__pycache__) by extension 'python_setup_py'
[0.772s] Level 1:colcon.colcon_core.package_identification:_identify(gym_env/lib/python3.12/site-packages/pip/_vendor/distlib) by extensions ['ignore', 'ignore_ament_install']
[0.772s] Level 1:colcon.colcon_core.package_identification:_identify(gym_env/lib/python3.12/site-packages/pip/_vendor/distlib) by extension 'ignore'
[0.772s] Level 1:colcon.colcon_core.package_identification:_identify(gym_env/lib/python3.12/site-packages/pip/_vendor/distlib) by extension 'ignore_ament_install'
[0.772s] Level 1:colcon.colcon_core.package_identification:_identify(gym_env/lib/python3.12/site-packages/pip/_vendor/distlib) by extensions ['colcon_pkg']
[0.772s] Level 1:colcon.colcon_core.package_identification:_identify(gym_env/lib/python3.12/site-packages/pip/_vendor/distlib) by extension 'colcon_pkg'
[0.772s] Level 1:colcon.colcon_core.package_identification:_identify(gym_env/lib/python3.12/site-packages/pip/_vendor/distlib) by extensions ['colcon_meta']
[0.772s] Level 1:colcon.colcon_core.package_identification:_identify(gym_env/lib/python3.12/site-packages/pip/_vendor/distlib) by extension 'colcon_meta'
[0.772s] Level 1:colcon.colcon_core.package_identification:_identify(gym_env/lib/python3.12/site-packages/pip/_vendor/distlib) by extensions ['ros']
[0.772s] Level 1:colcon.colcon_core.package_identification:_identify(gym_env/lib/python3.12/site-packages/pip/_vendor/distlib) by extension 'ros'
[0.773s] Level 1:colcon.colcon_core.package_identification:_identify(gym_env/lib/python3.12/site-packages/pip/_vendor/distlib) by extensions ['cmake', 'python']
[0.773s] Level 1:colcon.colcon_core.package_identification:_identify(gym_env/lib/python3.12/site-packages/pip/_vendor/distlib) by extension 'cmake'
[0.773s] Level 1:colcon.colcon_core.package_identification:_identify(gym_env/lib/python3.12/site-packages/pip/_vendor/distlib) by extension 'python'
[0.773s] Level 1:colcon.colcon_core.package_identification:_identify(gym_env/lib/python3.12/site-packages/pip/_vendor/distlib) by extensions ['python_setup_py']
[0.773s] Level 1:colcon.colcon_core.package_identification:_identify(gym_env/lib/python3.12/site-packages/pip/_vendor/distlib) by extension 'python_setup_py'
[0.773s] Level 1:colcon.colcon_core.package_identification:_identify(gym_env/lib/python3.12/site-packages/pip/_vendor/distlib/__pycache__) by extensions ['ignore', 'ignore_ament_install']
[0.773s] Level 1:colcon.colcon_core.package_identification:_identify(gym_env/lib/python3.12/site-packages/pip/_vendor/distlib/__pycache__) by extension 'ignore'
[0.774s] Level 1:colcon.colcon_core.package_identification:_identify(gym_env/lib/python3.12/site-packages/pip/_vendor/distlib/__pycache__) by extension 'ignore_ament_install'
[0.774s] Level 1:colcon.colcon_core.package_identification:_identify(gym_env/lib/python3.12/site-packages/pip/_vendor/distlib/__pycache__) by extensions ['colcon_pkg']
[0.774s] Level 1:colcon.colcon_core.package_identification:_identify(gym_env/lib/python3.12/site-packages/pip/_vendor/distlib/__pycache__) by extension 'colcon_pkg'
[0.774s] Level 1:colcon.colcon_core.package_identification:_identify(gym_env/lib/python3.12/site-packages/pip/_vendor/distlib/__pycache__) by extensions ['colcon_meta']
[0.774s] Level 1:colcon.colcon_core.package_identification:_identify(gym_env/lib/python3.12/site-packages/pip/_vendor/distlib/__pycache__) by extension 'colcon_meta'
[0.774s] Level 1:colcon.colcon_core.package_identification:_identify(gym_env/lib/python3.12/site-packages/pip/_vendor/distlib/__pycache__) by extensions ['ros']
[0.774s] Level 1:colcon.colcon_core.package_identification:_identify(gym_env/lib/python3.12/site-packages/pip/_vendor/distlib/__pycache__) by extension 'ros'
[0.774s] Level 1:colcon.colcon_core.package_identification:_identify(gym_env/lib/python3.12/site-packages/pip/_vendor/distlib/__pycache__) by extensions ['cmake', 'python']
[0.775s] Level 1:colcon.colcon_core.package_identification:_identify(gym_env/lib/python3.12/site-packages/pip/_vendor/distlib/__pycache__) by extension 'cmake'
[0.775s] Level 1:colcon.colcon_core.package_identification:_identify(gym_env/lib/python3.12/site-packages/pip/_vendor/distlib/__pycache__) by extension 'python'
[0.775s] Level 1:colcon.colcon_core.package_identification:_identify(gym_env/lib/python3.12/site-packages/pip/_vendor/distlib/__pycache__) by extensions ['python_setup_py']
[0.775s] Level 1:colcon.colcon_core.package_identification:_identify(gym_env/lib/python3.12/site-packages/pip/_vendor/distlib/__pycache__) by extension 'python_setup_py'
[0.775s] Level 1:colcon.colcon_core.package_identification:_identify(gym_env/lib/python3.12/site-packages/pip/_vendor/distro) by extensions ['ignore', 'ignore_ament_install']
[0.776s] Level 1:colcon.colcon_core.package_identification:_identify(gym_env/lib/python3.12/site-packages/pip/_vendor/distro) by extension 'ignore'
[0.776s] Level 1:colcon.colcon_core.package_identification:_identify(gym_env/lib/python3.12/site-packages/pip/_vendor/distro) by extension 'ignore_ament_install'
[0.776s] Level 1:colcon.colcon_core.package_identification:_identify(gym_env/lib/python3.12/site-packages/pip/_vendor/distro) by extensions ['colcon_pkg']
[0.776s] Level 1:colcon.colcon_core.package_identification:_identify(gym_env/lib/python3.12/site-packages/pip/_vendor/distro) by extension 'colcon_pkg'
[0.776s] Level 1:colcon.colcon_core.package_identification:_identify(gym_env/lib/python3.12/site-packages/pip/_vendor/distro) by extensions ['colcon_meta']
[0.777s] Level 1:colcon.colcon_core.package_identification:_identify(gym_env/lib/python3.12/site-packages/pip/_vendor/distro) by extension 'colcon_meta'
[0.777s] Level 1:colcon.colcon_core.package_identification:_identify(gym_env/lib/python3.12/site-packages/pip/_vendor/distro) by extensions ['ros']
[0.777s] Level 1:colcon.colcon_core.package_identification:_identify(gym_env/lib/python3.12/site-packages/pip/_vendor/distro) by extension 'ros'
[0.777s] Level 1:colcon.colcon_core.package_identification:_identify(gym_env/lib/python3.12/site-packages/pip/_vendor/distro) by extensions ['cmake', 'python']
[0.777s] Level 1:colcon.colcon_core.package_identification:_identify(gym_env/lib/python3.12/site-packages/pip/_vendor/distro) by extension 'cmake'
[0.778s] Level 1:colcon.colcon_core.package_identification:_identify(gym_env/lib/python3.12/site-packages/pip/_vendor/distro) by extension 'python'
[0.778s] Level 1:colcon.colcon_core.package_identification:_identify(gym_env/lib/python3.12/site-packages/pip/_vendor/distro) by extensions ['python_setup_py']
[0.778s] Level 1:colcon.colcon_core.package_identification:_identify(gym_env/lib/python3.12/site-packages/pip/_vendor/distro) by extension 'python_setup_py'
[0.778s] Level 1:colcon.colcon_core.package_identification:_identify(gym_env/lib/python3.12/site-packages/pip/_vendor/distro/__pycache__) by extensions ['ignore', 'ignore_ament_install']
[0.779s] Level 1:colcon.colcon_core.package_identification:_identify(gym_env/lib/python3.12/site-packages/pip/_vendor/distro/__pycache__) by extension 'ignore'
[0.779s] Level 1:colcon.colcon_core.package_identification:_identify(gym_env/lib/python3.12/site-packages/pip/_vendor/distro/__pycache__) by extension 'ignore_ament_install'
[0.779s] Level 1:colcon.colcon_core.package_identification:_identify(gym_env/lib/python3.12/site-packages/pip/_vendor/distro/__pycache__) by extensions ['colcon_pkg']
[0.779s] Level 1:colcon.colcon_core.package_identification:_identify(gym_env/lib/python3.12/site-packages/pip/_vendor/distro/__pycache__) by extension 'colcon_pkg'
[0.779s] Level 1:colcon.colcon_core.package_identification:_identify(gym_env/lib/python3.12/site-packages/pip/_vendor/distro/__pycache__) by extensions ['colcon_meta']
[0.779s] Level 1:colcon.colcon_core.package_identification:_identify(gym_env/lib/python3.12/site-packages/pip/_vendor/distro/__pycache__) by extension 'colcon_meta'
[0.780s] Level 1:colcon.colcon_core.package_identification:_identify(gym_env/lib/python3.12/site-packages/pip/_vendor/distro/__pycache__) by extensions ['ros']
[0.780s] Level 1:colcon.colcon_core.package_identification:_identify(gym_env/lib/python3.12/site-packages/pip/_vendor/distro/__pycache__) by extension 'ros'
[0.780s] Level 1:colcon.colcon_core.package_identification:_identify(gym_env/lib/python3.12/site-packages/pip/_vendor/distro/__pycache__) by extensions ['cmake', 'python']
[0.780s] Level 1:colcon.colcon_core.package_identification:_identify(gym_env/lib/python3.12/site-packages/pip/_vendor/distro/__pycache__) by extension 'cmake'
[0.780s] Level 1:colcon.colcon_core.package_identification:_identify(gym_env/lib/python3.12/site-packages/pip/_vendor/distro/__pycache__) by extension 'python'
[0.780s] Level 1:colcon.colcon_core.package_identification:_identify(gym_env/lib/python3.12/site-packages/pip/_vendor/distro/__pycache__) by extensions ['python_setup_py']
[0.780s] Level 1:colcon.colcon_core.package_identification:_identify(gym_env/lib/python3.12/site-packages/pip/_vendor/distro/__pycache__) by extension 'python_setup_py'
[0.781s] Level 1:colcon.colcon_core.package_identification:_identify(gym_env/lib/python3.12/site-packages/pip/_vendor/idna) by extensions ['ignore', 'ignore_ament_install']
[0.781s] Level 1:colcon.colcon_core.package_identification:_identify(gym_env/lib/python3.12/site-packages/pip/_vendor/idna) by extension 'ignore'
[0.781s] Level 1:colcon.colcon_core.package_identification:_identify(gym_env/lib/python3.12/site-packages/pip/_vendor/idna) by extension 'ignore_ament_install'
[0.781s] Level 1:colcon.colcon_core.package_identification:_identify(gym_env/lib/python3.12/site-packages/pip/_vendor/idna) by extensions ['colcon_pkg']
[0.781s] Level 1:colcon.colcon_core.package_identification:_identify(gym_env/lib/python3.12/site-packages/pip/_vendor/idna) by extension 'colcon_pkg'
[0.781s] Level 1:colcon.colcon_core.package_identification:_identify(gym_env/lib/python3.12/site-packages/pip/_vendor/idna) by extensions ['colcon_meta']
[0.781s] Level 1:colcon.colcon_core.package_identification:_identify(gym_env/lib/python3.12/site-packages/pip/_vendor/idna) by extension 'colcon_meta'
[0.782s] Level 1:colcon.colcon_core.package_identification:_identify(gym_env/lib/python3.12/site-packages/pip/_vendor/idna) by extensions ['ros']
[0.782s] Level 1:colcon.colcon_core.package_identification:_identify(gym_env/lib/python3.12/site-packages/pip/_vendor/idna) by extension 'ros'
[0.782s] Level 1:colcon.colcon_core.package_identification:_identify(gym_env/lib/python3.12/site-packages/pip/_vendor/idna) by extensions ['cmake', 'python']
[0.782s] Level 1:colcon.colcon_core.package_identification:_identify(gym_env/lib/python3.12/site-packages/pip/_vendor/idna) by extension 'cmake'
[0.782s] Level 1:colcon.colcon_core.package_identification:_identify(gym_env/lib/python3.12/site-packages/pip/_vendor/idna) by extension 'python'
[0.782s] Level 1:colcon.colcon_core.package_identification:_identify(gym_env/lib/python3.12/site-packages/pip/_vendor/idna) by extensions ['python_setup_py']
[0.782s] Level 1:colcon.colcon_core.package_identification:_identify(gym_env/lib/python3.12/site-packages/pip/_vendor/idna) by extension 'python_setup_py'
[0.782s] Level 1:colcon.colcon_core.package_identification:_identify(gym_env/lib/python3.12/site-packages/pip/_vendor/idna/__pycache__) by extensions ['ignore', 'ignore_ament_install']
[0.783s] Level 1:colcon.colcon_core.package_identification:_identify(gym_env/lib/python3.12/site-packages/pip/_vendor/idna/__pycache__) by extension 'ignore'
[0.783s] Level 1:colcon.colcon_core.package_identification:_identify(gym_env/lib/python3.12/site-packages/pip/_vendor/idna/__pycache__) by extension 'ignore_ament_install'
[0.783s] Level 1:colcon.colcon_core.package_identification:_identify(gym_env/lib/python3.12/site-packages/pip/_vendor/idna/__pycache__) by extensions ['colcon_pkg']
[0.783s] Level 1:colcon.colcon_core.package_identification:_identify(gym_env/lib/python3.12/site-packages/pip/_vendor/idna/__pycache__) by extension 'colcon_pkg'
[0.783s] Level 1:colcon.colcon_core.package_identification:_identify(gym_env/lib/python3.12/site-packages/pip/_vendor/idna/__pycache__) by extensions ['colcon_meta']
[0.783s] Level 1:colcon.colcon_core.package_identification:_identify(gym_env/lib/python3.12/site-packages/pip/_vendor/idna/__pycache__) by extension 'colcon_meta'
[0.783s] Level 1:colcon.colcon_core.package_identification:_identify(gym_env/lib/python3.12/site-packages/pip/_vendor/idna/__pycache__) by extensions ['ros']
[0.783s] Level 1:colcon.colcon_core.package_identification:_identify(gym_env/lib/python3.12/site-packages/pip/_vendor/idna/__pycache__) by extension 'ros'
[0.784s] Level 1:colcon.colcon_core.package_identification:_identify(gym_env/lib/python3.12/site-packages/pip/_vendor/idna/__pycache__) by extensions ['cmake', 'python']
[0.784s] Level 1:colcon.colcon_core.package_identification:_identify(gym_env/lib/python3.12/site-packages/pip/_vendor/idna/__pycache__) by extension 'cmake'
[0.784s] Level 1:colcon.colcon_core.package_identification:_identify(gym_env/lib/python3.12/site-packages/pip/_vendor/idna/__pycache__) by extension 'python'
[0.784s] Level 1:colcon.colcon_core.package_identification:_identify(gym_env/lib/python3.12/site-packages/pip/_vendor/idna/__pycache__) by extensions ['python_setup_py']
[0.784s] Level 1:colcon.colcon_core.package_identification:_identify(gym_env/lib/python3.12/site-packages/pip/_vendor/idna/__pycache__) by extension 'python_setup_py'
[0.784s] Level 1:colcon.colcon_core.package_identification:_identify(gym_env/lib/python3.12/site-packages/pip/_vendor/msgpack) by extensions ['ignore', 'ignore_ament_install']
[0.785s] Level 1:colcon.colcon_core.package_identification:_identify(gym_env/lib/python3.12/site-packages/pip/_vendor/msgpack) by extension 'ignore'
[0.785s] Level 1:colcon.colcon_core.package_identification:_identify(gym_env/lib/python3.12/site-packages/pip/_vendor/msgpack) by extension 'ignore_ament_install'
[0.785s] Level 1:colcon.colcon_core.package_identification:_identify(gym_env/lib/python3.12/site-packages/pip/_vendor/msgpack) by extensions ['colcon_pkg']
[0.785s] Level 1:colcon.colcon_core.package_identification:_identify(gym_env/lib/python3.12/site-packages/pip/_vendor/msgpack) by extension 'colcon_pkg'
[0.785s] Level 1:colcon.colcon_core.package_identification:_identify(gym_env/lib/python3.12/site-packages/pip/_vendor/msgpack) by extensions ['colcon_meta']
[0.785s] Level 1:colcon.colcon_core.package_identification:_identify(gym_env/lib/python3.12/site-packages/pip/_vendor/msgpack) by extension 'colcon_meta'
[0.786s] Level 1:colcon.colcon_core.package_identification:_identify(gym_env/lib/python3.12/site-packages/pip/_vendor/msgpack) by extensions ['ros']
[0.786s] Level 1:colcon.colcon_core.package_identification:_identify(gym_env/lib/python3.12/site-packages/pip/_vendor/msgpack) by extension 'ros'
[0.786s] Level 1:colcon.colcon_core.package_identification:_identify(gym_env/lib/python3.12/site-packages/pip/_vendor/msgpack) by extensions ['cmake', 'python']
[0.786s] Level 1:colcon.colcon_core.package_identification:_identify(gym_env/lib/python3.12/site-packages/pip/_vendor/msgpack) by extension 'cmake'
[0.786s] Level 1:colcon.colcon_core.package_identification:_identify(gym_env/lib/python3.12/site-packages/pip/_vendor/msgpack) by extension 'python'
[0.786s] Level 1:colcon.colcon_core.package_identification:_identify(gym_env/lib/python3.12/site-packages/pip/_vendor/msgpack) by extensions ['python_setup_py']
[0.786s] Level 1:colcon.colcon_core.package_identification:_identify(gym_env/lib/python3.12/site-packages/pip/_vendor/msgpack) by extension 'python_setup_py'
[0.787s] Level 1:colcon.colcon_core.package_identification:_identify(gym_env/lib/python3.12/site-packages/pip/_vendor/msgpack/__pycache__) by extensions ['ignore', 'ignore_ament_install']
[0.787s] Level 1:colcon.colcon_core.package_identification:_identify(gym_env/lib/python3.12/site-packages/pip/_vendor/msgpack/__pycache__) by extension 'ignore'
[0.787s] Level 1:colcon.colcon_core.package_identification:_identify(gym_env/lib/python3.12/site-packages/pip/_vendor/msgpack/__pycache__) by extension 'ignore_ament_install'
[0.788s] Level 1:colcon.colcon_core.package_identification:_identify(gym_env/lib/python3.12/site-packages/pip/_vendor/msgpack/__pycache__) by extensions ['colcon_pkg']
[0.788s] Level 1:colcon.colcon_core.package_identification:_identify(gym_env/lib/python3.12/site-packages/pip/_vendor/msgpack/__pycache__) by extension 'colcon_pkg'
[0.788s] Level 1:colcon.colcon_core.package_identification:_identify(gym_env/lib/python3.12/site-packages/pip/_vendor/msgpack/__pycache__) by extensions ['colcon_meta']
[0.788s] Level 1:colcon.colcon_core.package_identification:_identify(gym_env/lib/python3.12/site-packages/pip/_vendor/msgpack/__pycache__) by extension 'colcon_meta'
[0.788s] Level 1:colcon.colcon_core.package_identification:_identify(gym_env/lib/python3.12/site-packages/pip/_vendor/msgpack/__pycache__) by extensions ['ros']
[0.788s] Level 1:colcon.colcon_core.package_identification:_identify(gym_env/lib/python3.12/site-packages/pip/_vendor/msgpack/__pycache__) by extension 'ros'
[0.788s] Level 1:colcon.colcon_core.package_identification:_identify(gym_env/lib/python3.12/site-packages/pip/_vendor/msgpack/__pycache__) by extensions ['cmake', 'python']
[0.788s] Level 1:colcon.colcon_core.package_identification:_identify(gym_env/lib/python3.12/site-packages/pip/_vendor/msgpack/__pycache__) by extension 'cmake'
[0.789s] Level 1:colcon.colcon_core.package_identification:_identify(gym_env/lib/python3.12/site-packages/pip/_vendor/msgpack/__pycache__) by extension 'python'
[0.789s] Level 1:colcon.colcon_core.package_identification:_identify(gym_env/lib/python3.12/site-packages/pip/_vendor/msgpack/__pycache__) by extensions ['python_setup_py']
[0.789s] Level 1:colcon.colcon_core.package_identification:_identify(gym_env/lib/python3.12/site-packages/pip/_vendor/msgpack/__pycache__) by extension 'python_setup_py'
[0.789s] Level 1:colcon.colcon_core.package_identification:_identify(gym_env/lib/python3.12/site-packages/pip/_vendor/packaging) by extensions ['ignore', 'ignore_ament_install']
[0.789s] Level 1:colcon.colcon_core.package_identification:_identify(gym_env/lib/python3.12/site-packages/pip/_vendor/packaging) by extension 'ignore'
[0.789s] Level 1:colcon.colcon_core.package_identification:_identify(gym_env/lib/python3.12/site-packages/pip/_vendor/packaging) by extension 'ignore_ament_install'
[0.789s] Level 1:colcon.colcon_core.package_identification:_identify(gym_env/lib/python3.12/site-packages/pip/_vendor/packaging) by extensions ['colcon_pkg']
[0.790s] Level 1:colcon.colcon_core.package_identification:_identify(gym_env/lib/python3.12/site-packages/pip/_vendor/packaging) by extension 'colcon_pkg'
[0.790s] Level 1:colcon.colcon_core.package_identification:_identify(gym_env/lib/python3.12/site-packages/pip/_vendor/packaging) by extensions ['colcon_meta']
[0.790s] Level 1:colcon.colcon_core.package_identification:_identify(gym_env/lib/python3.12/site-packages/pip/_vendor/packaging) by extension 'colcon_meta'
[0.790s] Level 1:colcon.colcon_core.package_identification:_identify(gym_env/lib/python3.12/site-packages/pip/_vendor/packaging) by extensions ['ros']
[0.790s] Level 1:colcon.colcon_core.package_identification:_identify(gym_env/lib/python3.12/site-packages/pip/_vendor/packaging) by extension 'ros'
[0.790s] Level 1:colcon.colcon_core.package_identification:_identify(gym_env/lib/python3.12/site-packages/pip/_vendor/packaging) by extensions ['cmake', 'python']
[0.790s] Level 1:colcon.colcon_core.package_identification:_identify(gym_env/lib/python3.12/site-packages/pip/_vendor/packaging) by extension 'cmake'
[0.790s] Level 1:colcon.colcon_core.package_identification:_identify(gym_env/lib/python3.12/site-packages/pip/_vendor/packaging) by extension 'python'
[0.790s] Level 1:colcon.colcon_core.package_identification:_identify(gym_env/lib/python3.12/site-packages/pip/_vendor/packaging) by extensions ['python_setup_py']
[0.791s] Level 1:colcon.colcon_core.package_identification:_identify(gym_env/lib/python3.12/site-packages/pip/_vendor/packaging) by extension 'python_setup_py'
[0.791s] Level 1:colcon.colcon_core.package_identification:_identify(gym_env/lib/python3.12/site-packages/pip/_vendor/packaging/__pycache__) by extensions ['ignore', 'ignore_ament_install']
[0.791s] Level 1:colcon.colcon_core.package_identification:_identify(gym_env/lib/python3.12/site-packages/pip/_vendor/packaging/__pycache__) by extension 'ignore'
[0.791s] Level 1:colcon.colcon_core.package_identification:_identify(gym_env/lib/python3.12/site-packages/pip/_vendor/packaging/__pycache__) by extension 'ignore_ament_install'
[0.792s] Level 1:colcon.colcon_core.package_identification:_identify(gym_env/lib/python3.12/site-packages/pip/_vendor/packaging/__pycache__) by extensions ['colcon_pkg']
[0.792s] Level 1:colcon.colcon_core.package_identification:_identify(gym_env/lib/python3.12/site-packages/pip/_vendor/packaging/__pycache__) by extension 'colcon_pkg'
[0.792s] Level 1:colcon.colcon_core.package_identification:_identify(gym_env/lib/python3.12/site-packages/pip/_vendor/packaging/__pycache__) by extensions ['colcon_meta']
[0.792s] Level 1:colcon.colcon_core.package_identification:_identify(gym_env/lib/python3.12/site-packages/pip/_vendor/packaging/__pycache__) by extension 'colcon_meta'
[0.792s] Level 1:colcon.colcon_core.package_identification:_identify(gym_env/lib/python3.12/site-packages/pip/_vendor/packaging/__pycache__) by extensions ['ros']
[0.792s] Level 1:colcon.colcon_core.package_identification:_identify(gym_env/lib/python3.12/site-packages/pip/_vendor/packaging/__pycache__) by extension 'ros'
[0.793s] Level 1:colcon.colcon_core.package_identification:_identify(gym_env/lib/python3.12/site-packages/pip/_vendor/packaging/__pycache__) by extensions ['cmake', 'python']
[0.793s] Level 1:colcon.colcon_core.package_identification:_identify(gym_env/lib/python3.12/site-packages/pip/_vendor/packaging/__pycache__) by extension 'cmake'
[0.793s] Level 1:colcon.colcon_core.package_identification:_identify(gym_env/lib/python3.12/site-packages/pip/_vendor/packaging/__pycache__) by extension 'python'
[0.793s] Level 1:colcon.colcon_core.package_identification:_identify(gym_env/lib/python3.12/site-packages/pip/_vendor/packaging/__pycache__) by extensions ['python_setup_py']
[0.793s] Level 1:colcon.colcon_core.package_identification:_identify(gym_env/lib/python3.12/site-packages/pip/_vendor/packaging/__pycache__) by extension 'python_setup_py'
[0.794s] Level 1:colcon.colcon_core.package_identification:_identify(gym_env/lib/python3.12/site-packages/pip/_vendor/pkg_resources) by extensions ['ignore', 'ignore_ament_install']
[0.794s] Level 1:colcon.colcon_core.package_identification:_identify(gym_env/lib/python3.12/site-packages/pip/_vendor/pkg_resources) by extension 'ignore'
[0.794s] Level 1:colcon.colcon_core.package_identification:_identify(gym_env/lib/python3.12/site-packages/pip/_vendor/pkg_resources) by extension 'ignore_ament_install'
[0.795s] Level 1:colcon.colcon_core.package_identification:_identify(gym_env/lib/python3.12/site-packages/pip/_vendor/pkg_resources) by extensions ['colcon_pkg']
[0.795s] Level 1:colcon.colcon_core.package_identification:_identify(gym_env/lib/python3.12/site-packages/pip/_vendor/pkg_resources) by extension 'colcon_pkg'
[0.795s] Level 1:colcon.colcon_core.package_identification:_identify(gym_env/lib/python3.12/site-packages/pip/_vendor/pkg_resources) by extensions ['colcon_meta']
[0.795s] Level 1:colcon.colcon_core.package_identification:_identify(gym_env/lib/python3.12/site-packages/pip/_vendor/pkg_resources) by extension 'colcon_meta'
[0.795s] Level 1:colcon.colcon_core.package_identification:_identify(gym_env/lib/python3.12/site-packages/pip/_vendor/pkg_resources) by extensions ['ros']
[0.795s] Level 1:colcon.colcon_core.package_identification:_identify(gym_env/lib/python3.12/site-packages/pip/_vendor/pkg_resources) by extension 'ros'
[0.795s] Level 1:colcon.colcon_core.package_identification:_identify(gym_env/lib/python3.12/site-packages/pip/_vendor/pkg_resources) by extensions ['cmake', 'python']
[0.795s] Level 1:colcon.colcon_core.package_identification:_identify(gym_env/lib/python3.12/site-packages/pip/_vendor/pkg_resources) by extension 'cmake'
[0.796s] Level 1:colcon.colcon_core.package_identification:_identify(gym_env/lib/python3.12/site-packages/pip/_vendor/pkg_resources) by extension 'python'
[0.796s] Level 1:colcon.colcon_core.package_identification:_identify(gym_env/lib/python3.12/site-packages/pip/_vendor/pkg_resources) by extensions ['python_setup_py']
[0.796s] Level 1:colcon.colcon_core.package_identification:_identify(gym_env/lib/python3.12/site-packages/pip/_vendor/pkg_resources) by extension 'python_setup_py'
[0.797s] Level 1:colcon.colcon_core.package_identification:_identify(gym_env/lib/python3.12/site-packages/pip/_vendor/pkg_resources/__pycache__) by extensions ['ignore', 'ignore_ament_install']
[0.797s] Level 1:colcon.colcon_core.package_identification:_identify(gym_env/lib/python3.12/site-packages/pip/_vendor/pkg_resources/__pycache__) by extension 'ignore'
[0.797s] Level 1:colcon.colcon_core.package_identification:_identify(gym_env/lib/python3.12/site-packages/pip/_vendor/pkg_resources/__pycache__) by extension 'ignore_ament_install'
[0.797s] Level 1:colcon.colcon_core.package_identification:_identify(gym_env/lib/python3.12/site-packages/pip/_vendor/pkg_resources/__pycache__) by extensions ['colcon_pkg']
[0.797s] Level 1:colcon.colcon_core.package_identification:_identify(gym_env/lib/python3.12/site-packages/pip/_vendor/pkg_resources/__pycache__) by extension 'colcon_pkg'
[0.798s] Level 1:colcon.colcon_core.package_identification:_identify(gym_env/lib/python3.12/site-packages/pip/_vendor/pkg_resources/__pycache__) by extensions ['colcon_meta']
[0.798s] Level 1:colcon.colcon_core.package_identification:_identify(gym_env/lib/python3.12/site-packages/pip/_vendor/pkg_resources/__pycache__) by extension 'colcon_meta'
[0.798s] Level 1:colcon.colcon_core.package_identification:_identify(gym_env/lib/python3.12/site-packages/pip/_vendor/pkg_resources/__pycache__) by extensions ['ros']
[0.798s] Level 1:colcon.colcon_core.package_identification:_identify(gym_env/lib/python3.12/site-packages/pip/_vendor/pkg_resources/__pycache__) by extension 'ros'
[0.798s] Level 1:colcon.colcon_core.package_identification:_identify(gym_env/lib/python3.12/site-packages/pip/_vendor/pkg_resources/__pycache__) by extensions ['cmake', 'python']
[0.798s] Level 1:colcon.colcon_core.package_identification:_identify(gym_env/lib/python3.12/site-packages/pip/_vendor/pkg_resources/__pycache__) by extension 'cmake'
[0.799s] Level 1:colcon.colcon_core.package_identification:_identify(gym_env/lib/python3.12/site-packages/pip/_vendor/pkg_resources/__pycache__) by extension 'python'
[0.799s] Level 1:colcon.colcon_core.package_identification:_identify(gym_env/lib/python3.12/site-packages/pip/_vendor/pkg_resources/__pycache__) by extensions ['python_setup_py']
[0.799s] Level 1:colcon.colcon_core.package_identification:_identify(gym_env/lib/python3.12/site-packages/pip/_vendor/pkg_resources/__pycache__) by extension 'python_setup_py'
[0.799s] Level 1:colcon.colcon_core.package_identification:_identify(gym_env/lib/python3.12/site-packages/pip/_vendor/platformdirs) by extensions ['ignore', 'ignore_ament_install']
[0.799s] Level 1:colcon.colcon_core.package_identification:_identify(gym_env/lib/python3.12/site-packages/pip/_vendor/platformdirs) by extension 'ignore'
[0.799s] Level 1:colcon.colcon_core.package_identification:_identify(gym_env/lib/python3.12/site-packages/pip/_vendor/platformdirs) by extension 'ignore_ament_install'
[0.799s] Level 1:colcon.colcon_core.package_identification:_identify(gym_env/lib/python3.12/site-packages/pip/_vendor/platformdirs) by extensions ['colcon_pkg']
[0.800s] Level 1:colcon.colcon_core.package_identification:_identify(gym_env/lib/python3.12/site-packages/pip/_vendor/platformdirs) by extension 'colcon_pkg'
[0.800s] Level 1:colcon.colcon_core.package_identification:_identify(gym_env/lib/python3.12/site-packages/pip/_vendor/platformdirs) by extensions ['colcon_meta']
[0.800s] Level 1:colcon.colcon_core.package_identification:_identify(gym_env/lib/python3.12/site-packages/pip/_vendor/platformdirs) by extension 'colcon_meta'
[0.800s] Level 1:colcon.colcon_core.package_identification:_identify(gym_env/lib/python3.12/site-packages/pip/_vendor/platformdirs) by extensions ['ros']
[0.800s] Level 1:colcon.colcon_core.package_identification:_identify(gym_env/lib/python3.12/site-packages/pip/_vendor/platformdirs) by extension 'ros'
[0.800s] Level 1:colcon.colcon_core.package_identification:_identify(gym_env/lib/python3.12/site-packages/pip/_vendor/platformdirs) by extensions ['cmake', 'python']
[0.800s] Level 1:colcon.colcon_core.package_identification:_identify(gym_env/lib/python3.12/site-packages/pip/_vendor/platformdirs) by extension 'cmake'
[0.800s] Level 1:colcon.colcon_core.package_identification:_identify(gym_env/lib/python3.12/site-packages/pip/_vendor/platformdirs) by extension 'python'
[0.800s] Level 1:colcon.colcon_core.package_identification:_identify(gym_env/lib/python3.12/site-packages/pip/_vendor/platformdirs) by extensions ['python_setup_py']
[0.800s] Level 1:colcon.colcon_core.package_identification:_identify(gym_env/lib/python3.12/site-packages/pip/_vendor/platformdirs) by extension 'python_setup_py'
[0.801s] Level 1:colcon.colcon_core.package_identification:_identify(gym_env/lib/python3.12/site-packages/pip/_vendor/platformdirs/__pycache__) by extensions ['ignore', 'ignore_ament_install']
[0.801s] Level 1:colcon.colcon_core.package_identification:_identify(gym_env/lib/python3.12/site-packages/pip/_vendor/platformdirs/__pycache__) by extension 'ignore'
[0.801s] Level 1:colcon.colcon_core.package_identification:_identify(gym_env/lib/python3.12/site-packages/pip/_vendor/platformdirs/__pycache__) by extension 'ignore_ament_install'
[0.801s] Level 1:colcon.colcon_core.package_identification:_identify(gym_env/lib/python3.12/site-packages/pip/_vendor/platformdirs/__pycache__) by extensions ['colcon_pkg']
[0.801s] Level 1:colcon.colcon_core.package_identification:_identify(gym_env/lib/python3.12/site-packages/pip/_vendor/platformdirs/__pycache__) by extension 'colcon_pkg'
[0.801s] Level 1:colcon.colcon_core.package_identification:_identify(gym_env/lib/python3.12/site-packages/pip/_vendor/platformdirs/__pycache__) by extensions ['colcon_meta']
[0.801s] Level 1:colcon.colcon_core.package_identification:_identify(gym_env/lib/python3.12/site-packages/pip/_vendor/platformdirs/__pycache__) by extension 'colcon_meta'
[0.802s] Level 1:colcon.colcon_core.package_identification:_identify(gym_env/lib/python3.12/site-packages/pip/_vendor/platformdirs/__pycache__) by extensions ['ros']
[0.802s] Level 1:colcon.colcon_core.package_identification:_identify(gym_env/lib/python3.12/site-packages/pip/_vendor/platformdirs/__pycache__) by extension 'ros'
[0.802s] Level 1:colcon.colcon_core.package_identification:_identify(gym_env/lib/python3.12/site-packages/pip/_vendor/platformdirs/__pycache__) by extensions ['cmake', 'python']
[0.802s] Level 1:colcon.colcon_core.package_identification:_identify(gym_env/lib/python3.12/site-packages/pip/_vendor/platformdirs/__pycache__) by extension 'cmake'
[0.802s] Level 1:colcon.colcon_core.package_identification:_identify(gym_env/lib/python3.12/site-packages/pip/_vendor/platformdirs/__pycache__) by extension 'python'
[0.802s] Level 1:colcon.colcon_core.package_identification:_identify(gym_env/lib/python3.12/site-packages/pip/_vendor/platformdirs/__pycache__) by extensions ['python_setup_py']
[0.802s] Level 1:colcon.colcon_core.package_identification:_identify(gym_env/lib/python3.12/site-packages/pip/_vendor/platformdirs/__pycache__) by extension 'python_setup_py'
[0.802s] Level 1:colcon.colcon_core.package_identification:_identify(gym_env/lib/python3.12/site-packages/pip/_vendor/pygments) by extensions ['ignore', 'ignore_ament_install']
[0.803s] Level 1:colcon.colcon_core.package_identification:_identify(gym_env/lib/python3.12/site-packages/pip/_vendor/pygments) by extension 'ignore'
[0.803s] Level 1:colcon.colcon_core.package_identification:_identify(gym_env/lib/python3.12/site-packages/pip/_vendor/pygments) by extension 'ignore_ament_install'
[0.803s] Level 1:colcon.colcon_core.package_identification:_identify(gym_env/lib/python3.12/site-packages/pip/_vendor/pygments) by extensions ['colcon_pkg']
[0.803s] Level 1:colcon.colcon_core.package_identification:_identify(gym_env/lib/python3.12/site-packages/pip/_vendor/pygments) by extension 'colcon_pkg'
[0.803s] Level 1:colcon.colcon_core.package_identification:_identify(gym_env/lib/python3.12/site-packages/pip/_vendor/pygments) by extensions ['colcon_meta']
[0.803s] Level 1:colcon.colcon_core.package_identification:_identify(gym_env/lib/python3.12/site-packages/pip/_vendor/pygments) by extension 'colcon_meta'
[0.803s] Level 1:colcon.colcon_core.package_identification:_identify(gym_env/lib/python3.12/site-packages/pip/_vendor/pygments) by extensions ['ros']
[0.803s] Level 1:colcon.colcon_core.package_identification:_identify(gym_env/lib/python3.12/site-packages/pip/_vendor/pygments) by extension 'ros'
[0.804s] Level 1:colcon.colcon_core.package_identification:_identify(gym_env/lib/python3.12/site-packages/pip/_vendor/pygments) by extensions ['cmake', 'python']
[0.804s] Level 1:colcon.colcon_core.package_identification:_identify(gym_env/lib/python3.12/site-packages/pip/_vendor/pygments) by extension 'cmake'
[0.804s] Level 1:colcon.colcon_core.package_identification:_identify(gym_env/lib/python3.12/site-packages/pip/_vendor/pygments) by extension 'python'
[0.804s] Level 1:colcon.colcon_core.package_identification:_identify(gym_env/lib/python3.12/site-packages/pip/_vendor/pygments) by extensions ['python_setup_py']
[0.804s] Level 1:colcon.colcon_core.package_identification:_identify(gym_env/lib/python3.12/site-packages/pip/_vendor/pygments) by extension 'python_setup_py'
[0.804s] Level 1:colcon.colcon_core.package_identification:_identify(gym_env/lib/python3.12/site-packages/pip/_vendor/pygments/__pycache__) by extensions ['ignore', 'ignore_ament_install']
[0.804s] Level 1:colcon.colcon_core.package_identification:_identify(gym_env/lib/python3.12/site-packages/pip/_vendor/pygments/__pycache__) by extension 'ignore'
[0.805s] Level 1:colcon.colcon_core.package_identification:_identify(gym_env/lib/python3.12/site-packages/pip/_vendor/pygments/__pycache__) by extension 'ignore_ament_install'
[0.805s] Level 1:colcon.colcon_core.package_identification:_identify(gym_env/lib/python3.12/site-packages/pip/_vendor/pygments/__pycache__) by extensions ['colcon_pkg']
[0.805s] Level 1:colcon.colcon_core.package_identification:_identify(gym_env/lib/python3.12/site-packages/pip/_vendor/pygments/__pycache__) by extension 'colcon_pkg'
[0.805s] Level 1:colcon.colcon_core.package_identification:_identify(gym_env/lib/python3.12/site-packages/pip/_vendor/pygments/__pycache__) by extensions ['colcon_meta']
[0.805s] Level 1:colcon.colcon_core.package_identification:_identify(gym_env/lib/python3.12/site-packages/pip/_vendor/pygments/__pycache__) by extension 'colcon_meta'
[0.805s] Level 1:colcon.colcon_core.package_identification:_identify(gym_env/lib/python3.12/site-packages/pip/_vendor/pygments/__pycache__) by extensions ['ros']
[0.805s] Level 1:colcon.colcon_core.package_identification:_identify(gym_env/lib/python3.12/site-packages/pip/_vendor/pygments/__pycache__) by extension 'ros'
[0.805s] Level 1:colcon.colcon_core.package_identification:_identify(gym_env/lib/python3.12/site-packages/pip/_vendor/pygments/__pycache__) by extensions ['cmake', 'python']
[0.805s] Level 1:colcon.colcon_core.package_identification:_identify(gym_env/lib/python3.12/site-packages/pip/_vendor/pygments/__pycache__) by extension 'cmake'
[0.805s] Level 1:colcon.colcon_core.package_identification:_identify(gym_env/lib/python3.12/site-packages/pip/_vendor/pygments/__pycache__) by extension 'python'
[0.806s] Level 1:colcon.colcon_core.package_identification:_identify(gym_env/lib/python3.12/site-packages/pip/_vendor/pygments/__pycache__) by extensions ['python_setup_py']
[0.806s] Level 1:colcon.colcon_core.package_identification:_identify(gym_env/lib/python3.12/site-packages/pip/_vendor/pygments/__pycache__) by extension 'python_setup_py'
[0.806s] Level 1:colcon.colcon_core.package_identification:_identify(gym_env/lib/python3.12/site-packages/pip/_vendor/pygments/filters) by extensions ['ignore', 'ignore_ament_install']
[0.806s] Level 1:colcon.colcon_core.package_identification:_identify(gym_env/lib/python3.12/site-packages/pip/_vendor/pygments/filters) by extension 'ignore'
[0.806s] Level 1:colcon.colcon_core.package_identification:_identify(gym_env/lib/python3.12/site-packages/pip/_vendor/pygments/filters) by extension 'ignore_ament_install'
[0.806s] Level 1:colcon.colcon_core.package_identification:_identify(gym_env/lib/python3.12/site-packages/pip/_vendor/pygments/filters) by extensions ['colcon_pkg']
[0.806s] Level 1:colcon.colcon_core.package_identification:_identify(gym_env/lib/python3.12/site-packages/pip/_vendor/pygments/filters) by extension 'colcon_pkg'
[0.807s] Level 1:colcon.colcon_core.package_identification:_identify(gym_env/lib/python3.12/site-packages/pip/_vendor/pygments/filters) by extensions ['colcon_meta']
[0.807s] Level 1:colcon.colcon_core.package_identification:_identify(gym_env/lib/python3.12/site-packages/pip/_vendor/pygments/filters) by extension 'colcon_meta'
[0.807s] Level 1:colcon.colcon_core.package_identification:_identify(gym_env/lib/python3.12/site-packages/pip/_vendor/pygments/filters) by extensions ['ros']
[0.807s] Level 1:colcon.colcon_core.package_identification:_identify(gym_env/lib/python3.12/site-packages/pip/_vendor/pygments/filters) by extension 'ros'
[0.807s] Level 1:colcon.colcon_core.package_identification:_identify(gym_env/lib/python3.12/site-packages/pip/_vendor/pygments/filters) by extensions ['cmake', 'python']
[0.807s] Level 1:colcon.colcon_core.package_identification:_identify(gym_env/lib/python3.12/site-packages/pip/_vendor/pygments/filters) by extension 'cmake'
[0.807s] Level 1:colcon.colcon_core.package_identification:_identify(gym_env/lib/python3.12/site-packages/pip/_vendor/pygments/filters) by extension 'python'
[0.807s] Level 1:colcon.colcon_core.package_identification:_identify(gym_env/lib/python3.12/site-packages/pip/_vendor/pygments/filters) by extensions ['python_setup_py']
[0.807s] Level 1:colcon.colcon_core.package_identification:_identify(gym_env/lib/python3.12/site-packages/pip/_vendor/pygments/filters) by extension 'python_setup_py'
[0.808s] Level 1:colcon.colcon_core.package_identification:_identify(gym_env/lib/python3.12/site-packages/pip/_vendor/pygments/filters/__pycache__) by extensions ['ignore', 'ignore_ament_install']
[0.808s] Level 1:colcon.colcon_core.package_identification:_identify(gym_env/lib/python3.12/site-packages/pip/_vendor/pygments/filters/__pycache__) by extension 'ignore'
[0.808s] Level 1:colcon.colcon_core.package_identification:_identify(gym_env/lib/python3.12/site-packages/pip/_vendor/pygments/filters/__pycache__) by extension 'ignore_ament_install'
[0.808s] Level 1:colcon.colcon_core.package_identification:_identify(gym_env/lib/python3.12/site-packages/pip/_vendor/pygments/filters/__pycache__) by extensions ['colcon_pkg']
[0.809s] Level 1:colcon.colcon_core.package_identification:_identify(gym_env/lib/python3.12/site-packages/pip/_vendor/pygments/filters/__pycache__) by extension 'colcon_pkg'
[0.809s] Level 1:colcon.colcon_core.package_identification:_identify(gym_env/lib/python3.12/site-packages/pip/_vendor/pygments/filters/__pycache__) by extensions ['colcon_meta']
[0.809s] Level 1:colcon.colcon_core.package_identification:_identify(gym_env/lib/python3.12/site-packages/pip/_vendor/pygments/filters/__pycache__) by extension 'colcon_meta'
[0.809s] Level 1:colcon.colcon_core.package_identification:_identify(gym_env/lib/python3.12/site-packages/pip/_vendor/pygments/filters/__pycache__) by extensions ['ros']
[0.809s] Level 1:colcon.colcon_core.package_identification:_identify(gym_env/lib/python3.12/site-packages/pip/_vendor/pygments/filters/__pycache__) by extension 'ros'
[0.810s] Level 1:colcon.colcon_core.package_identification:_identify(gym_env/lib/python3.12/site-packages/pip/_vendor/pygments/filters/__pycache__) by extensions ['cmake', 'python']
[0.810s] Level 1:colcon.colcon_core.package_identification:_identify(gym_env/lib/python3.12/site-packages/pip/_vendor/pygments/filters/__pycache__) by extension 'cmake'
[0.810s] Level 1:colcon.colcon_core.package_identification:_identify(gym_env/lib/python3.12/site-packages/pip/_vendor/pygments/filters/__pycache__) by extension 'python'
[0.810s] Level 1:colcon.colcon_core.package_identification:_identify(gym_env/lib/python3.12/site-packages/pip/_vendor/pygments/filters/__pycache__) by extensions ['python_setup_py']
[0.810s] Level 1:colcon.colcon_core.package_identification:_identify(gym_env/lib/python3.12/site-packages/pip/_vendor/pygments/filters/__pycache__) by extension 'python_setup_py'
[0.811s] Level 1:colcon.colcon_core.package_identification:_identify(gym_env/lib/python3.12/site-packages/pip/_vendor/pygments/formatters) by extensions ['ignore', 'ignore_ament_install']
[0.811s] Level 1:colcon.colcon_core.package_identification:_identify(gym_env/lib/python3.12/site-packages/pip/_vendor/pygments/formatters) by extension 'ignore'
[0.811s] Level 1:colcon.colcon_core.package_identification:_identify(gym_env/lib/python3.12/site-packages/pip/_vendor/pygments/formatters) by extension 'ignore_ament_install'
[0.811s] Level 1:colcon.colcon_core.package_identification:_identify(gym_env/lib/python3.12/site-packages/pip/_vendor/pygments/formatters) by extensions ['colcon_pkg']
[0.812s] Level 1:colcon.colcon_core.package_identification:_identify(gym_env/lib/python3.12/site-packages/pip/_vendor/pygments/formatters) by extension 'colcon_pkg'
[0.812s] Level 1:colcon.colcon_core.package_identification:_identify(gym_env/lib/python3.12/site-packages/pip/_vendor/pygments/formatters) by extensions ['colcon_meta']
[0.812s] Level 1:colcon.colcon_core.package_identification:_identify(gym_env/lib/python3.12/site-packages/pip/_vendor/pygments/formatters) by extension 'colcon_meta'
[0.812s] Level 1:colcon.colcon_core.package_identification:_identify(gym_env/lib/python3.12/site-packages/pip/_vendor/pygments/formatters) by extensions ['ros']
[0.812s] Level 1:colcon.colcon_core.package_identification:_identify(gym_env/lib/python3.12/site-packages/pip/_vendor/pygments/formatters) by extension 'ros'
[0.812s] Level 1:colcon.colcon_core.package_identification:_identify(gym_env/lib/python3.12/site-packages/pip/_vendor/pygments/formatters) by extensions ['cmake', 'python']
[0.812s] Level 1:colcon.colcon_core.package_identification:_identify(gym_env/lib/python3.12/site-packages/pip/_vendor/pygments/formatters) by extension 'cmake'
[0.813s] Level 1:colcon.colcon_core.package_identification:_identify(gym_env/lib/python3.12/site-packages/pip/_vendor/pygments/formatters) by extension 'python'
[0.813s] Level 1:colcon.colcon_core.package_identification:_identify(gym_env/lib/python3.12/site-packages/pip/_vendor/pygments/formatters) by extensions ['python_setup_py']
[0.813s] Level 1:colcon.colcon_core.package_identification:_identify(gym_env/lib/python3.12/site-packages/pip/_vendor/pygments/formatters) by extension 'python_setup_py'
[0.813s] Level 1:colcon.colcon_core.package_identification:_identify(gym_env/lib/python3.12/site-packages/pip/_vendor/pygments/formatters/__pycache__) by extensions ['ignore', 'ignore_ament_install']
[0.813s] Level 1:colcon.colcon_core.package_identification:_identify(gym_env/lib/python3.12/site-packages/pip/_vendor/pygments/formatters/__pycache__) by extension 'ignore'
[0.814s] Level 1:colcon.colcon_core.package_identification:_identify(gym_env/lib/python3.12/site-packages/pip/_vendor/pygments/formatters/__pycache__) by extension 'ignore_ament_install'
[0.814s] Level 1:colcon.colcon_core.package_identification:_identify(gym_env/lib/python3.12/site-packages/pip/_vendor/pygments/formatters/__pycache__) by extensions ['colcon_pkg']
[0.814s] Level 1:colcon.colcon_core.package_identification:_identify(gym_env/lib/python3.12/site-packages/pip/_vendor/pygments/formatters/__pycache__) by extension 'colcon_pkg'
[0.814s] Level 1:colcon.colcon_core.package_identification:_identify(gym_env/lib/python3.12/site-packages/pip/_vendor/pygments/formatters/__pycache__) by extensions ['colcon_meta']
[0.814s] Level 1:colcon.colcon_core.package_identification:_identify(gym_env/lib/python3.12/site-packages/pip/_vendor/pygments/formatters/__pycache__) by extension 'colcon_meta'
[0.814s] Level 1:colcon.colcon_core.package_identification:_identify(gym_env/lib/python3.12/site-packages/pip/_vendor/pygments/formatters/__pycache__) by extensions ['ros']
[0.814s] Level 1:colcon.colcon_core.package_identification:_identify(gym_env/lib/python3.12/site-packages/pip/_vendor/pygments/formatters/__pycache__) by extension 'ros'
[0.815s] Level 1:colcon.colcon_core.package_identification:_identify(gym_env/lib/python3.12/site-packages/pip/_vendor/pygments/formatters/__pycache__) by extensions ['cmake', 'python']
[0.815s] Level 1:colcon.colcon_core.package_identification:_identify(gym_env/lib/python3.12/site-packages/pip/_vendor/pygments/formatters/__pycache__) by extension 'cmake'
[0.815s] Level 1:colcon.colcon_core.package_identification:_identify(gym_env/lib/python3.12/site-packages/pip/_vendor/pygments/formatters/__pycache__) by extension 'python'
[0.815s] Level 1:colcon.colcon_core.package_identification:_identify(gym_env/lib/python3.12/site-packages/pip/_vendor/pygments/formatters/__pycache__) by extensions ['python_setup_py']
[0.815s] Level 1:colcon.colcon_core.package_identification:_identify(gym_env/lib/python3.12/site-packages/pip/_vendor/pygments/formatters/__pycache__) by extension 'python_setup_py'
[0.815s] Level 1:colcon.colcon_core.package_identification:_identify(gym_env/lib/python3.12/site-packages/pip/_vendor/pygments/lexers) by extensions ['ignore', 'ignore_ament_install']
[0.815s] Level 1:colcon.colcon_core.package_identification:_identify(gym_env/lib/python3.12/site-packages/pip/_vendor/pygments/lexers) by extension 'ignore'
[0.816s] Level 1:colcon.colcon_core.package_identification:_identify(gym_env/lib/python3.12/site-packages/pip/_vendor/pygments/lexers) by extension 'ignore_ament_install'
[0.816s] Level 1:colcon.colcon_core.package_identification:_identify(gym_env/lib/python3.12/site-packages/pip/_vendor/pygments/lexers) by extensions ['colcon_pkg']
[0.816s] Level 1:colcon.colcon_core.package_identification:_identify(gym_env/lib/python3.12/site-packages/pip/_vendor/pygments/lexers) by extension 'colcon_pkg'
[0.816s] Level 1:colcon.colcon_core.package_identification:_identify(gym_env/lib/python3.12/site-packages/pip/_vendor/pygments/lexers) by extensions ['colcon_meta']
[0.816s] Level 1:colcon.colcon_core.package_identification:_identify(gym_env/lib/python3.12/site-packages/pip/_vendor/pygments/lexers) by extension 'colcon_meta'
[0.816s] Level 1:colcon.colcon_core.package_identification:_identify(gym_env/lib/python3.12/site-packages/pip/_vendor/pygments/lexers) by extensions ['ros']
[0.816s] Level 1:colcon.colcon_core.package_identification:_identify(gym_env/lib/python3.12/site-packages/pip/_vendor/pygments/lexers) by extension 'ros'
[0.816s] Level 1:colcon.colcon_core.package_identification:_identify(gym_env/lib/python3.12/site-packages/pip/_vendor/pygments/lexers) by extensions ['cmake', 'python']
[0.816s] Level 1:colcon.colcon_core.package_identification:_identify(gym_env/lib/python3.12/site-packages/pip/_vendor/pygments/lexers) by extension 'cmake'
[0.817s] Level 1:colcon.colcon_core.package_identification:_identify(gym_env/lib/python3.12/site-packages/pip/_vendor/pygments/lexers) by extension 'python'
[0.817s] Level 1:colcon.colcon_core.package_identification:_identify(gym_env/lib/python3.12/site-packages/pip/_vendor/pygments/lexers) by extensions ['python_setup_py']
[0.817s] Level 1:colcon.colcon_core.package_identification:_identify(gym_env/lib/python3.12/site-packages/pip/_vendor/pygments/lexers) by extension 'python_setup_py'
[0.817s] Level 1:colcon.colcon_core.package_identification:_identify(gym_env/lib/python3.12/site-packages/pip/_vendor/pygments/lexers/__pycache__) by extensions ['ignore', 'ignore_ament_install']
[0.817s] Level 1:colcon.colcon_core.package_identification:_identify(gym_env/lib/python3.12/site-packages/pip/_vendor/pygments/lexers/__pycache__) by extension 'ignore'
[0.817s] Level 1:colcon.colcon_core.package_identification:_identify(gym_env/lib/python3.12/site-packages/pip/_vendor/pygments/lexers/__pycache__) by extension 'ignore_ament_install'
[0.818s] Level 1:colcon.colcon_core.package_identification:_identify(gym_env/lib/python3.12/site-packages/pip/_vendor/pygments/lexers/__pycache__) by extensions ['colcon_pkg']
[0.818s] Level 1:colcon.colcon_core.package_identification:_identify(gym_env/lib/python3.12/site-packages/pip/_vendor/pygments/lexers/__pycache__) by extension 'colcon_pkg'
[0.818s] Level 1:colcon.colcon_core.package_identification:_identify(gym_env/lib/python3.12/site-packages/pip/_vendor/pygments/lexers/__pycache__) by extensions ['colcon_meta']
[0.818s] Level 1:colcon.colcon_core.package_identification:_identify(gym_env/lib/python3.12/site-packages/pip/_vendor/pygments/lexers/__pycache__) by extension 'colcon_meta'
[0.818s] Level 1:colcon.colcon_core.package_identification:_identify(gym_env/lib/python3.12/site-packages/pip/_vendor/pygments/lexers/__pycache__) by extensions ['ros']
[0.818s] Level 1:colcon.colcon_core.package_identification:_identify(gym_env/lib/python3.12/site-packages/pip/_vendor/pygments/lexers/__pycache__) by extension 'ros'
[0.818s] Level 1:colcon.colcon_core.package_identification:_identify(gym_env/lib/python3.12/site-packages/pip/_vendor/pygments/lexers/__pycache__) by extensions ['cmake', 'python']
[0.818s] Level 1:colcon.colcon_core.package_identification:_identify(gym_env/lib/python3.12/site-packages/pip/_vendor/pygments/lexers/__pycache__) by extension 'cmake'
[0.818s] Level 1:colcon.colcon_core.package_identification:_identify(gym_env/lib/python3.12/site-packages/pip/_vendor/pygments/lexers/__pycache__) by extension 'python'
[0.818s] Level 1:colcon.colcon_core.package_identification:_identify(gym_env/lib/python3.12/site-packages/pip/_vendor/pygments/lexers/__pycache__) by extensions ['python_setup_py']
[0.819s] Level 1:colcon.colcon_core.package_identification:_identify(gym_env/lib/python3.12/site-packages/pip/_vendor/pygments/lexers/__pycache__) by extension 'python_setup_py'
[0.819s] Level 1:colcon.colcon_core.package_identification:_identify(gym_env/lib/python3.12/site-packages/pip/_vendor/pygments/styles) by extensions ['ignore', 'ignore_ament_install']
[0.819s] Level 1:colcon.colcon_core.package_identification:_identify(gym_env/lib/python3.12/site-packages/pip/_vendor/pygments/styles) by extension 'ignore'
[0.819s] Level 1:colcon.colcon_core.package_identification:_identify(gym_env/lib/python3.12/site-packages/pip/_vendor/pygments/styles) by extension 'ignore_ament_install'
[0.819s] Level 1:colcon.colcon_core.package_identification:_identify(gym_env/lib/python3.12/site-packages/pip/_vendor/pygments/styles) by extensions ['colcon_pkg']
[0.819s] Level 1:colcon.colcon_core.package_identification:_identify(gym_env/lib/python3.12/site-packages/pip/_vendor/pygments/styles) by extension 'colcon_pkg'
[0.819s] Level 1:colcon.colcon_core.package_identification:_identify(gym_env/lib/python3.12/site-packages/pip/_vendor/pygments/styles) by extensions ['colcon_meta']
[0.819s] Level 1:colcon.colcon_core.package_identification:_identify(gym_env/lib/python3.12/site-packages/pip/_vendor/pygments/styles) by extension 'colcon_meta'
[0.820s] Level 1:colcon.colcon_core.package_identification:_identify(gym_env/lib/python3.12/site-packages/pip/_vendor/pygments/styles) by extensions ['ros']
[0.820s] Level 1:colcon.colcon_core.package_identification:_identify(gym_env/lib/python3.12/site-packages/pip/_vendor/pygments/styles) by extension 'ros'
[0.820s] Level 1:colcon.colcon_core.package_identification:_identify(gym_env/lib/python3.12/site-packages/pip/_vendor/pygments/styles) by extensions ['cmake', 'python']
[0.820s] Level 1:colcon.colcon_core.package_identification:_identify(gym_env/lib/python3.12/site-packages/pip/_vendor/pygments/styles) by extension 'cmake'
[0.820s] Level 1:colcon.colcon_core.package_identification:_identify(gym_env/lib/python3.12/site-packages/pip/_vendor/pygments/styles) by extension 'python'
[0.820s] Level 1:colcon.colcon_core.package_identification:_identify(gym_env/lib/python3.12/site-packages/pip/_vendor/pygments/styles) by extensions ['python_setup_py']
[0.820s] Level 1:colcon.colcon_core.package_identification:_identify(gym_env/lib/python3.12/site-packages/pip/_vendor/pygments/styles) by extension 'python_setup_py'
[0.820s] Level 1:colcon.colcon_core.package_identification:_identify(gym_env/lib/python3.12/site-packages/pip/_vendor/pygments/styles/__pycache__) by extensions ['ignore', 'ignore_ament_install']
[0.821s] Level 1:colcon.colcon_core.package_identification:_identify(gym_env/lib/python3.12/site-packages/pip/_vendor/pygments/styles/__pycache__) by extension 'ignore'
[0.821s] Level 1:colcon.colcon_core.package_identification:_identify(gym_env/lib/python3.12/site-packages/pip/_vendor/pygments/styles/__pycache__) by extension 'ignore_ament_install'
[0.821s] Level 1:colcon.colcon_core.package_identification:_identify(gym_env/lib/python3.12/site-packages/pip/_vendor/pygments/styles/__pycache__) by extensions ['colcon_pkg']
[0.821s] Level 1:colcon.colcon_core.package_identification:_identify(gym_env/lib/python3.12/site-packages/pip/_vendor/pygments/styles/__pycache__) by extension 'colcon_pkg'
[0.821s] Level 1:colcon.colcon_core.package_identification:_identify(gym_env/lib/python3.12/site-packages/pip/_vendor/pygments/styles/__pycache__) by extensions ['colcon_meta']
[0.821s] Level 1:colcon.colcon_core.package_identification:_identify(gym_env/lib/python3.12/site-packages/pip/_vendor/pygments/styles/__pycache__) by extension 'colcon_meta'
[0.821s] Level 1:colcon.colcon_core.package_identification:_identify(gym_env/lib/python3.12/site-packages/pip/_vendor/pygments/styles/__pycache__) by extensions ['ros']
[0.821s] Level 1:colcon.colcon_core.package_identification:_identify(gym_env/lib/python3.12/site-packages/pip/_vendor/pygments/styles/__pycache__) by extension 'ros'
[0.822s] Level 1:colcon.colcon_core.package_identification:_identify(gym_env/lib/python3.12/site-packages/pip/_vendor/pygments/styles/__pycache__) by extensions ['cmake', 'python']
[0.822s] Level 1:colcon.colcon_core.package_identification:_identify(gym_env/lib/python3.12/site-packages/pip/_vendor/pygments/styles/__pycache__) by extension 'cmake'
[0.822s] Level 1:colcon.colcon_core.package_identification:_identify(gym_env/lib/python3.12/site-packages/pip/_vendor/pygments/styles/__pycache__) by extension 'python'
[0.822s] Level 1:colcon.colcon_core.package_identification:_identify(gym_env/lib/python3.12/site-packages/pip/_vendor/pygments/styles/__pycache__) by extensions ['python_setup_py']
[0.822s] Level 1:colcon.colcon_core.package_identification:_identify(gym_env/lib/python3.12/site-packages/pip/_vendor/pygments/styles/__pycache__) by extension 'python_setup_py'
[0.822s] Level 1:colcon.colcon_core.package_identification:_identify(gym_env/lib/python3.12/site-packages/pip/_vendor/pyparsing) by extensions ['ignore', 'ignore_ament_install']
[0.822s] Level 1:colcon.colcon_core.package_identification:_identify(gym_env/lib/python3.12/site-packages/pip/_vendor/pyparsing) by extension 'ignore'
[0.823s] Level 1:colcon.colcon_core.package_identification:_identify(gym_env/lib/python3.12/site-packages/pip/_vendor/pyparsing) by extension 'ignore_ament_install'
[0.823s] Level 1:colcon.colcon_core.package_identification:_identify(gym_env/lib/python3.12/site-packages/pip/_vendor/pyparsing) by extensions ['colcon_pkg']
[0.823s] Level 1:colcon.colcon_core.package_identification:_identify(gym_env/lib/python3.12/site-packages/pip/_vendor/pyparsing) by extension 'colcon_pkg'
[0.823s] Level 1:colcon.colcon_core.package_identification:_identify(gym_env/lib/python3.12/site-packages/pip/_vendor/pyparsing) by extensions ['colcon_meta']
[0.823s] Level 1:colcon.colcon_core.package_identification:_identify(gym_env/lib/python3.12/site-packages/pip/_vendor/pyparsing) by extension 'colcon_meta'
[0.823s] Level 1:colcon.colcon_core.package_identification:_identify(gym_env/lib/python3.12/site-packages/pip/_vendor/pyparsing) by extensions ['ros']
[0.823s] Level 1:colcon.colcon_core.package_identification:_identify(gym_env/lib/python3.12/site-packages/pip/_vendor/pyparsing) by extension 'ros'
[0.823s] Level 1:colcon.colcon_core.package_identification:_identify(gym_env/lib/python3.12/site-packages/pip/_vendor/pyparsing) by extensions ['cmake', 'python']
[0.823s] Level 1:colcon.colcon_core.package_identification:_identify(gym_env/lib/python3.12/site-packages/pip/_vendor/pyparsing) by extension 'cmake'
[0.823s] Level 1:colcon.colcon_core.package_identification:_identify(gym_env/lib/python3.12/site-packages/pip/_vendor/pyparsing) by extension 'python'
[0.824s] Level 1:colcon.colcon_core.package_identification:_identify(gym_env/lib/python3.12/site-packages/pip/_vendor/pyparsing) by extensions ['python_setup_py']
[0.824s] Level 1:colcon.colcon_core.package_identification:_identify(gym_env/lib/python3.12/site-packages/pip/_vendor/pyparsing) by extension 'python_setup_py'
[0.824s] Level 1:colcon.colcon_core.package_identification:_identify(gym_env/lib/python3.12/site-packages/pip/_vendor/pyparsing/__pycache__) by extensions ['ignore', 'ignore_ament_install']
[0.824s] Level 1:colcon.colcon_core.package_identification:_identify(gym_env/lib/python3.12/site-packages/pip/_vendor/pyparsing/__pycache__) by extension 'ignore'
[0.824s] Level 1:colcon.colcon_core.package_identification:_identify(gym_env/lib/python3.12/site-packages/pip/_vendor/pyparsing/__pycache__) by extension 'ignore_ament_install'
[0.824s] Level 1:colcon.colcon_core.package_identification:_identify(gym_env/lib/python3.12/site-packages/pip/_vendor/pyparsing/__pycache__) by extensions ['colcon_pkg']
[0.825s] Level 1:colcon.colcon_core.package_identification:_identify(gym_env/lib/python3.12/site-packages/pip/_vendor/pyparsing/__pycache__) by extension 'colcon_pkg'
[0.825s] Level 1:colcon.colcon_core.package_identification:_identify(gym_env/lib/python3.12/site-packages/pip/_vendor/pyparsing/__pycache__) by extensions ['colcon_meta']
[0.825s] Level 1:colcon.colcon_core.package_identification:_identify(gym_env/lib/python3.12/site-packages/pip/_vendor/pyparsing/__pycache__) by extension 'colcon_meta'
[0.825s] Level 1:colcon.colcon_core.package_identification:_identify(gym_env/lib/python3.12/site-packages/pip/_vendor/pyparsing/__pycache__) by extensions ['ros']
[0.825s] Level 1:colcon.colcon_core.package_identification:_identify(gym_env/lib/python3.12/site-packages/pip/_vendor/pyparsing/__pycache__) by extension 'ros'
[0.825s] Level 1:colcon.colcon_core.package_identification:_identify(gym_env/lib/python3.12/site-packages/pip/_vendor/pyparsing/__pycache__) by extensions ['cmake', 'python']
[0.826s] Level 1:colcon.colcon_core.package_identification:_identify(gym_env/lib/python3.12/site-packages/pip/_vendor/pyparsing/__pycache__) by extension 'cmake'
[0.826s] Level 1:colcon.colcon_core.package_identification:_identify(gym_env/lib/python3.12/site-packages/pip/_vendor/pyparsing/__pycache__) by extension 'python'
[0.826s] Level 1:colcon.colcon_core.package_identification:_identify(gym_env/lib/python3.12/site-packages/pip/_vendor/pyparsing/__pycache__) by extensions ['python_setup_py']
[0.826s] Level 1:colcon.colcon_core.package_identification:_identify(gym_env/lib/python3.12/site-packages/pip/_vendor/pyparsing/__pycache__) by extension 'python_setup_py'
[0.826s] Level 1:colcon.colcon_core.package_identification:_identify(gym_env/lib/python3.12/site-packages/pip/_vendor/pyparsing/diagram) by extensions ['ignore', 'ignore_ament_install']
[0.827s] Level 1:colcon.colcon_core.package_identification:_identify(gym_env/lib/python3.12/site-packages/pip/_vendor/pyparsing/diagram) by extension 'ignore'
[0.827s] Level 1:colcon.colcon_core.package_identification:_identify(gym_env/lib/python3.12/site-packages/pip/_vendor/pyparsing/diagram) by extension 'ignore_ament_install'
[0.827s] Level 1:colcon.colcon_core.package_identification:_identify(gym_env/lib/python3.12/site-packages/pip/_vendor/pyparsing/diagram) by extensions ['colcon_pkg']
[0.827s] Level 1:colcon.colcon_core.package_identification:_identify(gym_env/lib/python3.12/site-packages/pip/_vendor/pyparsing/diagram) by extension 'colcon_pkg'
[0.828s] Level 1:colcon.colcon_core.package_identification:_identify(gym_env/lib/python3.12/site-packages/pip/_vendor/pyparsing/diagram) by extensions ['colcon_meta']
[0.828s] Level 1:colcon.colcon_core.package_identification:_identify(gym_env/lib/python3.12/site-packages/pip/_vendor/pyparsing/diagram) by extension 'colcon_meta'
[0.828s] Level 1:colcon.colcon_core.package_identification:_identify(gym_env/lib/python3.12/site-packages/pip/_vendor/pyparsing/diagram) by extensions ['ros']
[0.828s] Level 1:colcon.colcon_core.package_identification:_identify(gym_env/lib/python3.12/site-packages/pip/_vendor/pyparsing/diagram) by extension 'ros'
[0.828s] Level 1:colcon.colcon_core.package_identification:_identify(gym_env/lib/python3.12/site-packages/pip/_vendor/pyparsing/diagram) by extensions ['cmake', 'python']
[0.829s] Level 1:colcon.colcon_core.package_identification:_identify(gym_env/lib/python3.12/site-packages/pip/_vendor/pyparsing/diagram) by extension 'cmake'
[0.829s] Level 1:colcon.colcon_core.package_identification:_identify(gym_env/lib/python3.12/site-packages/pip/_vendor/pyparsing/diagram) by extension 'python'
[0.829s] Level 1:colcon.colcon_core.package_identification:_identify(gym_env/lib/python3.12/site-packages/pip/_vendor/pyparsing/diagram) by extensions ['python_setup_py']
[0.829s] Level 1:colcon.colcon_core.package_identification:_identify(gym_env/lib/python3.12/site-packages/pip/_vendor/pyparsing/diagram) by extension 'python_setup_py'
[0.829s] Level 1:colcon.colcon_core.package_identification:_identify(gym_env/lib/python3.12/site-packages/pip/_vendor/pyparsing/diagram/__pycache__) by extensions ['ignore', 'ignore_ament_install']
[0.829s] Level 1:colcon.colcon_core.package_identification:_identify(gym_env/lib/python3.12/site-packages/pip/_vendor/pyparsing/diagram/__pycache__) by extension 'ignore'
[0.830s] Level 1:colcon.colcon_core.package_identification:_identify(gym_env/lib/python3.12/site-packages/pip/_vendor/pyparsing/diagram/__pycache__) by extension 'ignore_ament_install'
[0.830s] Level 1:colcon.colcon_core.package_identification:_identify(gym_env/lib/python3.12/site-packages/pip/_vendor/pyparsing/diagram/__pycache__) by extensions ['colcon_pkg']
[0.830s] Level 1:colcon.colcon_core.package_identification:_identify(gym_env/lib/python3.12/site-packages/pip/_vendor/pyparsing/diagram/__pycache__) by extension 'colcon_pkg'
[0.830s] Level 1:colcon.colcon_core.package_identification:_identify(gym_env/lib/python3.12/site-packages/pip/_vendor/pyparsing/diagram/__pycache__) by extensions ['colcon_meta']
[0.830s] Level 1:colcon.colcon_core.package_identification:_identify(gym_env/lib/python3.12/site-packages/pip/_vendor/pyparsing/diagram/__pycache__) by extension 'colcon_meta'
[0.831s] Level 1:colcon.colcon_core.package_identification:_identify(gym_env/lib/python3.12/site-packages/pip/_vendor/pyparsing/diagram/__pycache__) by extensions ['ros']
[0.831s] Level 1:colcon.colcon_core.package_identification:_identify(gym_env/lib/python3.12/site-packages/pip/_vendor/pyparsing/diagram/__pycache__) by extension 'ros'
[0.831s] Level 1:colcon.colcon_core.package_identification:_identify(gym_env/lib/python3.12/site-packages/pip/_vendor/pyparsing/diagram/__pycache__) by extensions ['cmake', 'python']
[0.831s] Level 1:colcon.colcon_core.package_identification:_identify(gym_env/lib/python3.12/site-packages/pip/_vendor/pyparsing/diagram/__pycache__) by extension 'cmake'
[0.831s] Level 1:colcon.colcon_core.package_identification:_identify(gym_env/lib/python3.12/site-packages/pip/_vendor/pyparsing/diagram/__pycache__) by extension 'python'
[0.832s] Level 1:colcon.colcon_core.package_identification:_identify(gym_env/lib/python3.12/site-packages/pip/_vendor/pyparsing/diagram/__pycache__) by extensions ['python_setup_py']
[0.832s] Level 1:colcon.colcon_core.package_identification:_identify(gym_env/lib/python3.12/site-packages/pip/_vendor/pyparsing/diagram/__pycache__) by extension 'python_setup_py'
[0.832s] Level 1:colcon.colcon_core.package_identification:_identify(gym_env/lib/python3.12/site-packages/pip/_vendor/pyproject_hooks) by extensions ['ignore', 'ignore_ament_install']
[0.832s] Level 1:colcon.colcon_core.package_identification:_identify(gym_env/lib/python3.12/site-packages/pip/_vendor/pyproject_hooks) by extension 'ignore'
[0.832s] Level 1:colcon.colcon_core.package_identification:_identify(gym_env/lib/python3.12/site-packages/pip/_vendor/pyproject_hooks) by extension 'ignore_ament_install'
[0.832s] Level 1:colcon.colcon_core.package_identification:_identify(gym_env/lib/python3.12/site-packages/pip/_vendor/pyproject_hooks) by extensions ['colcon_pkg']
[0.832s] Level 1:colcon.colcon_core.package_identification:_identify(gym_env/lib/python3.12/site-packages/pip/_vendor/pyproject_hooks) by extension 'colcon_pkg'
[0.833s] Level 1:colcon.colcon_core.package_identification:_identify(gym_env/lib/python3.12/site-packages/pip/_vendor/pyproject_hooks) by extensions ['colcon_meta']
[0.833s] Level 1:colcon.colcon_core.package_identification:_identify(gym_env/lib/python3.12/site-packages/pip/_vendor/pyproject_hooks) by extension 'colcon_meta'
[0.833s] Level 1:colcon.colcon_core.package_identification:_identify(gym_env/lib/python3.12/site-packages/pip/_vendor/pyproject_hooks) by extensions ['ros']
[0.833s] Level 1:colcon.colcon_core.package_identification:_identify(gym_env/lib/python3.12/site-packages/pip/_vendor/pyproject_hooks) by extension 'ros'
[0.833s] Level 1:colcon.colcon_core.package_identification:_identify(gym_env/lib/python3.12/site-packages/pip/_vendor/pyproject_hooks) by extensions ['cmake', 'python']
[0.833s] Level 1:colcon.colcon_core.package_identification:_identify(gym_env/lib/python3.12/site-packages/pip/_vendor/pyproject_hooks) by extension 'cmake'
[0.833s] Level 1:colcon.colcon_core.package_identification:_identify(gym_env/lib/python3.12/site-packages/pip/_vendor/pyproject_hooks) by extension 'python'
[0.833s] Level 1:colcon.colcon_core.package_identification:_identify(gym_env/lib/python3.12/site-packages/pip/_vendor/pyproject_hooks) by extensions ['python_setup_py']
[0.833s] Level 1:colcon.colcon_core.package_identification:_identify(gym_env/lib/python3.12/site-packages/pip/_vendor/pyproject_hooks) by extension 'python_setup_py'
[0.834s] Level 1:colcon.colcon_core.package_identification:_identify(gym_env/lib/python3.12/site-packages/pip/_vendor/pyproject_hooks/__pycache__) by extensions ['ignore', 'ignore_ament_install']
[0.834s] Level 1:colcon.colcon_core.package_identification:_identify(gym_env/lib/python3.12/site-packages/pip/_vendor/pyproject_hooks/__pycache__) by extension 'ignore'
[0.834s] Level 1:colcon.colcon_core.package_identification:_identify(gym_env/lib/python3.12/site-packages/pip/_vendor/pyproject_hooks/__pycache__) by extension 'ignore_ament_install'
[0.834s] Level 1:colcon.colcon_core.package_identification:_identify(gym_env/lib/python3.12/site-packages/pip/_vendor/pyproject_hooks/__pycache__) by extensions ['colcon_pkg']
[0.834s] Level 1:colcon.colcon_core.package_identification:_identify(gym_env/lib/python3.12/site-packages/pip/_vendor/pyproject_hooks/__pycache__) by extension 'colcon_pkg'
[0.834s] Level 1:colcon.colcon_core.package_identification:_identify(gym_env/lib/python3.12/site-packages/pip/_vendor/pyproject_hooks/__pycache__) by extensions ['colcon_meta']
[0.834s] Level 1:colcon.colcon_core.package_identification:_identify(gym_env/lib/python3.12/site-packages/pip/_vendor/pyproject_hooks/__pycache__) by extension 'colcon_meta'
[0.835s] Level 1:colcon.colcon_core.package_identification:_identify(gym_env/lib/python3.12/site-packages/pip/_vendor/pyproject_hooks/__pycache__) by extensions ['ros']
[0.835s] Level 1:colcon.colcon_core.package_identification:_identify(gym_env/lib/python3.12/site-packages/pip/_vendor/pyproject_hooks/__pycache__) by extension 'ros'
[0.835s] Level 1:colcon.colcon_core.package_identification:_identify(gym_env/lib/python3.12/site-packages/pip/_vendor/pyproject_hooks/__pycache__) by extensions ['cmake', 'python']
[0.835s] Level 1:colcon.colcon_core.package_identification:_identify(gym_env/lib/python3.12/site-packages/pip/_vendor/pyproject_hooks/__pycache__) by extension 'cmake'
[0.835s] Level 1:colcon.colcon_core.package_identification:_identify(gym_env/lib/python3.12/site-packages/pip/_vendor/pyproject_hooks/__pycache__) by extension 'python'
[0.835s] Level 1:colcon.colcon_core.package_identification:_identify(gym_env/lib/python3.12/site-packages/pip/_vendor/pyproject_hooks/__pycache__) by extensions ['python_setup_py']
[0.835s] Level 1:colcon.colcon_core.package_identification:_identify(gym_env/lib/python3.12/site-packages/pip/_vendor/pyproject_hooks/__pycache__) by extension 'python_setup_py'
[0.835s] Level 1:colcon.colcon_core.package_identification:_identify(gym_env/lib/python3.12/site-packages/pip/_vendor/pyproject_hooks/_in_process) by extensions ['ignore', 'ignore_ament_install']
[0.836s] Level 1:colcon.colcon_core.package_identification:_identify(gym_env/lib/python3.12/site-packages/pip/_vendor/pyproject_hooks/_in_process) by extension 'ignore'
[0.836s] Level 1:colcon.colcon_core.package_identification:_identify(gym_env/lib/python3.12/site-packages/pip/_vendor/pyproject_hooks/_in_process) by extension 'ignore_ament_install'
[0.836s] Level 1:colcon.colcon_core.package_identification:_identify(gym_env/lib/python3.12/site-packages/pip/_vendor/pyproject_hooks/_in_process) by extensions ['colcon_pkg']
[0.836s] Level 1:colcon.colcon_core.package_identification:_identify(gym_env/lib/python3.12/site-packages/pip/_vendor/pyproject_hooks/_in_process) by extension 'colcon_pkg'
[0.836s] Level 1:colcon.colcon_core.package_identification:_identify(gym_env/lib/python3.12/site-packages/pip/_vendor/pyproject_hooks/_in_process) by extensions ['colcon_meta']
[0.836s] Level 1:colcon.colcon_core.package_identification:_identify(gym_env/lib/python3.12/site-packages/pip/_vendor/pyproject_hooks/_in_process) by extension 'colcon_meta'
[0.836s] Level 1:colcon.colcon_core.package_identification:_identify(gym_env/lib/python3.12/site-packages/pip/_vendor/pyproject_hooks/_in_process) by extensions ['ros']
[0.836s] Level 1:colcon.colcon_core.package_identification:_identify(gym_env/lib/python3.12/site-packages/pip/_vendor/pyproject_hooks/_in_process) by extension 'ros'
[0.837s] Level 1:colcon.colcon_core.package_identification:_identify(gym_env/lib/python3.12/site-packages/pip/_vendor/pyproject_hooks/_in_process) by extensions ['cmake', 'python']
[0.837s] Level 1:colcon.colcon_core.package_identification:_identify(gym_env/lib/python3.12/site-packages/pip/_vendor/pyproject_hooks/_in_process) by extension 'cmake'
[0.837s] Level 1:colcon.colcon_core.package_identification:_identify(gym_env/lib/python3.12/site-packages/pip/_vendor/pyproject_hooks/_in_process) by extension 'python'
[0.837s] Level 1:colcon.colcon_core.package_identification:_identify(gym_env/lib/python3.12/site-packages/pip/_vendor/pyproject_hooks/_in_process) by extensions ['python_setup_py']
[0.837s] Level 1:colcon.colcon_core.package_identification:_identify(gym_env/lib/python3.12/site-packages/pip/_vendor/pyproject_hooks/_in_process) by extension 'python_setup_py'
[0.837s] Level 1:colcon.colcon_core.package_identification:_identify(gym_env/lib/python3.12/site-packages/pip/_vendor/pyproject_hooks/_in_process/__pycache__) by extensions ['ignore', 'ignore_ament_install']
[0.837s] Level 1:colcon.colcon_core.package_identification:_identify(gym_env/lib/python3.12/site-packages/pip/_vendor/pyproject_hooks/_in_process/__pycache__) by extension 'ignore'
[0.837s] Level 1:colcon.colcon_core.package_identification:_identify(gym_env/lib/python3.12/site-packages/pip/_vendor/pyproject_hooks/_in_process/__pycache__) by extension 'ignore_ament_install'
[0.838s] Level 1:colcon.colcon_core.package_identification:_identify(gym_env/lib/python3.12/site-packages/pip/_vendor/pyproject_hooks/_in_process/__pycache__) by extensions ['colcon_pkg']
[0.838s] Level 1:colcon.colcon_core.package_identification:_identify(gym_env/lib/python3.12/site-packages/pip/_vendor/pyproject_hooks/_in_process/__pycache__) by extension 'colcon_pkg'
[0.838s] Level 1:colcon.colcon_core.package_identification:_identify(gym_env/lib/python3.12/site-packages/pip/_vendor/pyproject_hooks/_in_process/__pycache__) by extensions ['colcon_meta']
[0.838s] Level 1:colcon.colcon_core.package_identification:_identify(gym_env/lib/python3.12/site-packages/pip/_vendor/pyproject_hooks/_in_process/__pycache__) by extension 'colcon_meta'
[0.838s] Level 1:colcon.colcon_core.package_identification:_identify(gym_env/lib/python3.12/site-packages/pip/_vendor/pyproject_hooks/_in_process/__pycache__) by extensions ['ros']
[0.838s] Level 1:colcon.colcon_core.package_identification:_identify(gym_env/lib/python3.12/site-packages/pip/_vendor/pyproject_hooks/_in_process/__pycache__) by extension 'ros'
[0.838s] Level 1:colcon.colcon_core.package_identification:_identify(gym_env/lib/python3.12/site-packages/pip/_vendor/pyproject_hooks/_in_process/__pycache__) by extensions ['cmake', 'python']
[0.838s] Level 1:colcon.colcon_core.package_identification:_identify(gym_env/lib/python3.12/site-packages/pip/_vendor/pyproject_hooks/_in_process/__pycache__) by extension 'cmake'
[0.839s] Level 1:colcon.colcon_core.package_identification:_identify(gym_env/lib/python3.12/site-packages/pip/_vendor/pyproject_hooks/_in_process/__pycache__) by extension 'python'
[0.839s] Level 1:colcon.colcon_core.package_identification:_identify(gym_env/lib/python3.12/site-packages/pip/_vendor/pyproject_hooks/_in_process/__pycache__) by extensions ['python_setup_py']
[0.839s] Level 1:colcon.colcon_core.package_identification:_identify(gym_env/lib/python3.12/site-packages/pip/_vendor/pyproject_hooks/_in_process/__pycache__) by extension 'python_setup_py'
[0.839s] Level 1:colcon.colcon_core.package_identification:_identify(gym_env/lib/python3.12/site-packages/pip/_vendor/requests) by extensions ['ignore', 'ignore_ament_install']
[0.839s] Level 1:colcon.colcon_core.package_identification:_identify(gym_env/lib/python3.12/site-packages/pip/_vendor/requests) by extension 'ignore'
[0.839s] Level 1:colcon.colcon_core.package_identification:_identify(gym_env/lib/python3.12/site-packages/pip/_vendor/requests) by extension 'ignore_ament_install'
[0.839s] Level 1:colcon.colcon_core.package_identification:_identify(gym_env/lib/python3.12/site-packages/pip/_vendor/requests) by extensions ['colcon_pkg']
[0.840s] Level 1:colcon.colcon_core.package_identification:_identify(gym_env/lib/python3.12/site-packages/pip/_vendor/requests) by extension 'colcon_pkg'
[0.840s] Level 1:colcon.colcon_core.package_identification:_identify(gym_env/lib/python3.12/site-packages/pip/_vendor/requests) by extensions ['colcon_meta']
[0.840s] Level 1:colcon.colcon_core.package_identification:_identify(gym_env/lib/python3.12/site-packages/pip/_vendor/requests) by extension 'colcon_meta'
[0.840s] Level 1:colcon.colcon_core.package_identification:_identify(gym_env/lib/python3.12/site-packages/pip/_vendor/requests) by extensions ['ros']
[0.840s] Level 1:colcon.colcon_core.package_identification:_identify(gym_env/lib/python3.12/site-packages/pip/_vendor/requests) by extension 'ros'
[0.840s] Level 1:colcon.colcon_core.package_identification:_identify(gym_env/lib/python3.12/site-packages/pip/_vendor/requests) by extensions ['cmake', 'python']
[0.840s] Level 1:colcon.colcon_core.package_identification:_identify(gym_env/lib/python3.12/site-packages/pip/_vendor/requests) by extension 'cmake'
[0.840s] Level 1:colcon.colcon_core.package_identification:_identify(gym_env/lib/python3.12/site-packages/pip/_vendor/requests) by extension 'python'
[0.840s] Level 1:colcon.colcon_core.package_identification:_identify(gym_env/lib/python3.12/site-packages/pip/_vendor/requests) by extensions ['python_setup_py']
[0.840s] Level 1:colcon.colcon_core.package_identification:_identify(gym_env/lib/python3.12/site-packages/pip/_vendor/requests) by extension 'python_setup_py'
[0.841s] Level 1:colcon.colcon_core.package_identification:_identify(gym_env/lib/python3.12/site-packages/pip/_vendor/requests/__pycache__) by extensions ['ignore', 'ignore_ament_install']
[0.841s] Level 1:colcon.colcon_core.package_identification:_identify(gym_env/lib/python3.12/site-packages/pip/_vendor/requests/__pycache__) by extension 'ignore'
[0.841s] Level 1:colcon.colcon_core.package_identification:_identify(gym_env/lib/python3.12/site-packages/pip/_vendor/requests/__pycache__) by extension 'ignore_ament_install'
[0.842s] Level 1:colcon.colcon_core.package_identification:_identify(gym_env/lib/python3.12/site-packages/pip/_vendor/requests/__pycache__) by extensions ['colcon_pkg']
[0.842s] Level 1:colcon.colcon_core.package_identification:_identify(gym_env/lib/python3.12/site-packages/pip/_vendor/requests/__pycache__) by extension 'colcon_pkg'
[0.842s] Level 1:colcon.colcon_core.package_identification:_identify(gym_env/lib/python3.12/site-packages/pip/_vendor/requests/__pycache__) by extensions ['colcon_meta']
[0.842s] Level 1:colcon.colcon_core.package_identification:_identify(gym_env/lib/python3.12/site-packages/pip/_vendor/requests/__pycache__) by extension 'colcon_meta'
[0.842s] Level 1:colcon.colcon_core.package_identification:_identify(gym_env/lib/python3.12/site-packages/pip/_vendor/requests/__pycache__) by extensions ['ros']
[0.842s] Level 1:colcon.colcon_core.package_identification:_identify(gym_env/lib/python3.12/site-packages/pip/_vendor/requests/__pycache__) by extension 'ros'
[0.843s] Level 1:colcon.colcon_core.package_identification:_identify(gym_env/lib/python3.12/site-packages/pip/_vendor/requests/__pycache__) by extensions ['cmake', 'python']
[0.843s] Level 1:colcon.colcon_core.package_identification:_identify(gym_env/lib/python3.12/site-packages/pip/_vendor/requests/__pycache__) by extension 'cmake'
[0.843s] Level 1:colcon.colcon_core.package_identification:_identify(gym_env/lib/python3.12/site-packages/pip/_vendor/requests/__pycache__) by extension 'python'
[0.843s] Level 1:colcon.colcon_core.package_identification:_identify(gym_env/lib/python3.12/site-packages/pip/_vendor/requests/__pycache__) by extensions ['python_setup_py']
[0.843s] Level 1:colcon.colcon_core.package_identification:_identify(gym_env/lib/python3.12/site-packages/pip/_vendor/requests/__pycache__) by extension 'python_setup_py'
[0.844s] Level 1:colcon.colcon_core.package_identification:_identify(gym_env/lib/python3.12/site-packages/pip/_vendor/resolvelib) by extensions ['ignore', 'ignore_ament_install']
[0.844s] Level 1:colcon.colcon_core.package_identification:_identify(gym_env/lib/python3.12/site-packages/pip/_vendor/resolvelib) by extension 'ignore'
[0.844s] Level 1:colcon.colcon_core.package_identification:_identify(gym_env/lib/python3.12/site-packages/pip/_vendor/resolvelib) by extension 'ignore_ament_install'
[0.844s] Level 1:colcon.colcon_core.package_identification:_identify(gym_env/lib/python3.12/site-packages/pip/_vendor/resolvelib) by extensions ['colcon_pkg']
[0.845s] Level 1:colcon.colcon_core.package_identification:_identify(gym_env/lib/python3.12/site-packages/pip/_vendor/resolvelib) by extension 'colcon_pkg'
[0.845s] Level 1:colcon.colcon_core.package_identification:_identify(gym_env/lib/python3.12/site-packages/pip/_vendor/resolvelib) by extensions ['colcon_meta']
[0.845s] Level 1:colcon.colcon_core.package_identification:_identify(gym_env/lib/python3.12/site-packages/pip/_vendor/resolvelib) by extension 'colcon_meta'
[0.845s] Level 1:colcon.colcon_core.package_identification:_identify(gym_env/lib/python3.12/site-packages/pip/_vendor/resolvelib) by extensions ['ros']
[0.845s] Level 1:colcon.colcon_core.package_identification:_identify(gym_env/lib/python3.12/site-packages/pip/_vendor/resolvelib) by extension 'ros'
[0.846s] Level 1:colcon.colcon_core.package_identification:_identify(gym_env/lib/python3.12/site-packages/pip/_vendor/resolvelib) by extensions ['cmake', 'python']
[0.846s] Level 1:colcon.colcon_core.package_identification:_identify(gym_env/lib/python3.12/site-packages/pip/_vendor/resolvelib) by extension 'cmake'
[0.846s] Level 1:colcon.colcon_core.package_identification:_identify(gym_env/lib/python3.12/site-packages/pip/_vendor/resolvelib) by extension 'python'
[0.846s] Level 1:colcon.colcon_core.package_identification:_identify(gym_env/lib/python3.12/site-packages/pip/_vendor/resolvelib) by extensions ['python_setup_py']
[0.846s] Level 1:colcon.colcon_core.package_identification:_identify(gym_env/lib/python3.12/site-packages/pip/_vendor/resolvelib) by extension 'python_setup_py'
[0.847s] Level 1:colcon.colcon_core.package_identification:_identify(gym_env/lib/python3.12/site-packages/pip/_vendor/resolvelib/__pycache__) by extensions ['ignore', 'ignore_ament_install']
[0.847s] Level 1:colcon.colcon_core.package_identification:_identify(gym_env/lib/python3.12/site-packages/pip/_vendor/resolvelib/__pycache__) by extension 'ignore'
[0.847s] Level 1:colcon.colcon_core.package_identification:_identify(gym_env/lib/python3.12/site-packages/pip/_vendor/resolvelib/__pycache__) by extension 'ignore_ament_install'
[0.847s] Level 1:colcon.colcon_core.package_identification:_identify(gym_env/lib/python3.12/site-packages/pip/_vendor/resolvelib/__pycache__) by extensions ['colcon_pkg']
[0.847s] Level 1:colcon.colcon_core.package_identification:_identify(gym_env/lib/python3.12/site-packages/pip/_vendor/resolvelib/__pycache__) by extension 'colcon_pkg'
[0.848s] Level 1:colcon.colcon_core.package_identification:_identify(gym_env/lib/python3.12/site-packages/pip/_vendor/resolvelib/__pycache__) by extensions ['colcon_meta']
[0.848s] Level 1:colcon.colcon_core.package_identification:_identify(gym_env/lib/python3.12/site-packages/pip/_vendor/resolvelib/__pycache__) by extension 'colcon_meta'
[0.848s] Level 1:colcon.colcon_core.package_identification:_identify(gym_env/lib/python3.12/site-packages/pip/_vendor/resolvelib/__pycache__) by extensions ['ros']
[0.848s] Level 1:colcon.colcon_core.package_identification:_identify(gym_env/lib/python3.12/site-packages/pip/_vendor/resolvelib/__pycache__) by extension 'ros'
[0.848s] Level 1:colcon.colcon_core.package_identification:_identify(gym_env/lib/python3.12/site-packages/pip/_vendor/resolvelib/__pycache__) by extensions ['cmake', 'python']
[0.848s] Level 1:colcon.colcon_core.package_identification:_identify(gym_env/lib/python3.12/site-packages/pip/_vendor/resolvelib/__pycache__) by extension 'cmake'
[0.848s] Level 1:colcon.colcon_core.package_identification:_identify(gym_env/lib/python3.12/site-packages/pip/_vendor/resolvelib/__pycache__) by extension 'python'
[0.848s] Level 1:colcon.colcon_core.package_identification:_identify(gym_env/lib/python3.12/site-packages/pip/_vendor/resolvelib/__pycache__) by extensions ['python_setup_py']
[0.848s] Level 1:colcon.colcon_core.package_identification:_identify(gym_env/lib/python3.12/site-packages/pip/_vendor/resolvelib/__pycache__) by extension 'python_setup_py'
[0.849s] Level 1:colcon.colcon_core.package_identification:_identify(gym_env/lib/python3.12/site-packages/pip/_vendor/resolvelib/compat) by extensions ['ignore', 'ignore_ament_install']
[0.849s] Level 1:colcon.colcon_core.package_identification:_identify(gym_env/lib/python3.12/site-packages/pip/_vendor/resolvelib/compat) by extension 'ignore'
[0.849s] Level 1:colcon.colcon_core.package_identification:_identify(gym_env/lib/python3.12/site-packages/pip/_vendor/resolvelib/compat) by extension 'ignore_ament_install'
[0.849s] Level 1:colcon.colcon_core.package_identification:_identify(gym_env/lib/python3.12/site-packages/pip/_vendor/resolvelib/compat) by extensions ['colcon_pkg']
[0.849s] Level 1:colcon.colcon_core.package_identification:_identify(gym_env/lib/python3.12/site-packages/pip/_vendor/resolvelib/compat) by extension 'colcon_pkg'
[0.849s] Level 1:colcon.colcon_core.package_identification:_identify(gym_env/lib/python3.12/site-packages/pip/_vendor/resolvelib/compat) by extensions ['colcon_meta']
[0.849s] Level 1:colcon.colcon_core.package_identification:_identify(gym_env/lib/python3.12/site-packages/pip/_vendor/resolvelib/compat) by extension 'colcon_meta'
[0.849s] Level 1:colcon.colcon_core.package_identification:_identify(gym_env/lib/python3.12/site-packages/pip/_vendor/resolvelib/compat) by extensions ['ros']
[0.850s] Level 1:colcon.colcon_core.package_identification:_identify(gym_env/lib/python3.12/site-packages/pip/_vendor/resolvelib/compat) by extension 'ros'
[0.850s] Level 1:colcon.colcon_core.package_identification:_identify(gym_env/lib/python3.12/site-packages/pip/_vendor/resolvelib/compat) by extensions ['cmake', 'python']
[0.850s] Level 1:colcon.colcon_core.package_identification:_identify(gym_env/lib/python3.12/site-packages/pip/_vendor/resolvelib/compat) by extension 'cmake'
[0.850s] Level 1:colcon.colcon_core.package_identification:_identify(gym_env/lib/python3.12/site-packages/pip/_vendor/resolvelib/compat) by extension 'python'
[0.850s] Level 1:colcon.colcon_core.package_identification:_identify(gym_env/lib/python3.12/site-packages/pip/_vendor/resolvelib/compat) by extensions ['python_setup_py']
[0.850s] Level 1:colcon.colcon_core.package_identification:_identify(gym_env/lib/python3.12/site-packages/pip/_vendor/resolvelib/compat) by extension 'python_setup_py'
[0.850s] Level 1:colcon.colcon_core.package_identification:_identify(gym_env/lib/python3.12/site-packages/pip/_vendor/resolvelib/compat/__pycache__) by extensions ['ignore', 'ignore_ament_install']
[0.851s] Level 1:colcon.colcon_core.package_identification:_identify(gym_env/lib/python3.12/site-packages/pip/_vendor/resolvelib/compat/__pycache__) by extension 'ignore'
[0.851s] Level 1:colcon.colcon_core.package_identification:_identify(gym_env/lib/python3.12/site-packages/pip/_vendor/resolvelib/compat/__pycache__) by extension 'ignore_ament_install'
[0.851s] Level 1:colcon.colcon_core.package_identification:_identify(gym_env/lib/python3.12/site-packages/pip/_vendor/resolvelib/compat/__pycache__) by extensions ['colcon_pkg']
[0.851s] Level 1:colcon.colcon_core.package_identification:_identify(gym_env/lib/python3.12/site-packages/pip/_vendor/resolvelib/compat/__pycache__) by extension 'colcon_pkg'
[0.851s] Level 1:colcon.colcon_core.package_identification:_identify(gym_env/lib/python3.12/site-packages/pip/_vendor/resolvelib/compat/__pycache__) by extensions ['colcon_meta']
[0.851s] Level 1:colcon.colcon_core.package_identification:_identify(gym_env/lib/python3.12/site-packages/pip/_vendor/resolvelib/compat/__pycache__) by extension 'colcon_meta'
[0.851s] Level 1:colcon.colcon_core.package_identification:_identify(gym_env/lib/python3.12/site-packages/pip/_vendor/resolvelib/compat/__pycache__) by extensions ['ros']
[0.851s] Level 1:colcon.colcon_core.package_identification:_identify(gym_env/lib/python3.12/site-packages/pip/_vendor/resolvelib/compat/__pycache__) by extension 'ros'
[0.852s] Level 1:colcon.colcon_core.package_identification:_identify(gym_env/lib/python3.12/site-packages/pip/_vendor/resolvelib/compat/__pycache__) by extensions ['cmake', 'python']
[0.852s] Level 1:colcon.colcon_core.package_identification:_identify(gym_env/lib/python3.12/site-packages/pip/_vendor/resolvelib/compat/__pycache__) by extension 'cmake'
[0.852s] Level 1:colcon.colcon_core.package_identification:_identify(gym_env/lib/python3.12/site-packages/pip/_vendor/resolvelib/compat/__pycache__) by extension 'python'
[0.852s] Level 1:colcon.colcon_core.package_identification:_identify(gym_env/lib/python3.12/site-packages/pip/_vendor/resolvelib/compat/__pycache__) by extensions ['python_setup_py']
[0.852s] Level 1:colcon.colcon_core.package_identification:_identify(gym_env/lib/python3.12/site-packages/pip/_vendor/resolvelib/compat/__pycache__) by extension 'python_setup_py'
[0.852s] Level 1:colcon.colcon_core.package_identification:_identify(gym_env/lib/python3.12/site-packages/pip/_vendor/rich) by extensions ['ignore', 'ignore_ament_install']
[0.852s] Level 1:colcon.colcon_core.package_identification:_identify(gym_env/lib/python3.12/site-packages/pip/_vendor/rich) by extension 'ignore'
[0.853s] Level 1:colcon.colcon_core.package_identification:_identify(gym_env/lib/python3.12/site-packages/pip/_vendor/rich) by extension 'ignore_ament_install'
[0.853s] Level 1:colcon.colcon_core.package_identification:_identify(gym_env/lib/python3.12/site-packages/pip/_vendor/rich) by extensions ['colcon_pkg']
[0.853s] Level 1:colcon.colcon_core.package_identification:_identify(gym_env/lib/python3.12/site-packages/pip/_vendor/rich) by extension 'colcon_pkg'
[0.853s] Level 1:colcon.colcon_core.package_identification:_identify(gym_env/lib/python3.12/site-packages/pip/_vendor/rich) by extensions ['colcon_meta']
[0.853s] Level 1:colcon.colcon_core.package_identification:_identify(gym_env/lib/python3.12/site-packages/pip/_vendor/rich) by extension 'colcon_meta'
[0.853s] Level 1:colcon.colcon_core.package_identification:_identify(gym_env/lib/python3.12/site-packages/pip/_vendor/rich) by extensions ['ros']
[0.853s] Level 1:colcon.colcon_core.package_identification:_identify(gym_env/lib/python3.12/site-packages/pip/_vendor/rich) by extension 'ros'
[0.853s] Level 1:colcon.colcon_core.package_identification:_identify(gym_env/lib/python3.12/site-packages/pip/_vendor/rich) by extensions ['cmake', 'python']
[0.853s] Level 1:colcon.colcon_core.package_identification:_identify(gym_env/lib/python3.12/site-packages/pip/_vendor/rich) by extension 'cmake'
[0.853s] Level 1:colcon.colcon_core.package_identification:_identify(gym_env/lib/python3.12/site-packages/pip/_vendor/rich) by extension 'python'
[0.854s] Level 1:colcon.colcon_core.package_identification:_identify(gym_env/lib/python3.12/site-packages/pip/_vendor/rich) by extensions ['python_setup_py']
[0.854s] Level 1:colcon.colcon_core.package_identification:_identify(gym_env/lib/python3.12/site-packages/pip/_vendor/rich) by extension 'python_setup_py'
[0.854s] Level 1:colcon.colcon_core.package_identification:_identify(gym_env/lib/python3.12/site-packages/pip/_vendor/rich/__pycache__) by extensions ['ignore', 'ignore_ament_install']
[0.854s] Level 1:colcon.colcon_core.package_identification:_identify(gym_env/lib/python3.12/site-packages/pip/_vendor/rich/__pycache__) by extension 'ignore'
[0.854s] Level 1:colcon.colcon_core.package_identification:_identify(gym_env/lib/python3.12/site-packages/pip/_vendor/rich/__pycache__) by extension 'ignore_ament_install'
[0.854s] Level 1:colcon.colcon_core.package_identification:_identify(gym_env/lib/python3.12/site-packages/pip/_vendor/rich/__pycache__) by extensions ['colcon_pkg']
[0.855s] Level 1:colcon.colcon_core.package_identification:_identify(gym_env/lib/python3.12/site-packages/pip/_vendor/rich/__pycache__) by extension 'colcon_pkg'
[0.855s] Level 1:colcon.colcon_core.package_identification:_identify(gym_env/lib/python3.12/site-packages/pip/_vendor/rich/__pycache__) by extensions ['colcon_meta']
[0.855s] Level 1:colcon.colcon_core.package_identification:_identify(gym_env/lib/python3.12/site-packages/pip/_vendor/rich/__pycache__) by extension 'colcon_meta'
[0.855s] Level 1:colcon.colcon_core.package_identification:_identify(gym_env/lib/python3.12/site-packages/pip/_vendor/rich/__pycache__) by extensions ['ros']
[0.855s] Level 1:colcon.colcon_core.package_identification:_identify(gym_env/lib/python3.12/site-packages/pip/_vendor/rich/__pycache__) by extension 'ros'
[0.855s] Level 1:colcon.colcon_core.package_identification:_identify(gym_env/lib/python3.12/site-packages/pip/_vendor/rich/__pycache__) by extensions ['cmake', 'python']
[0.855s] Level 1:colcon.colcon_core.package_identification:_identify(gym_env/lib/python3.12/site-packages/pip/_vendor/rich/__pycache__) by extension 'cmake'
[0.855s] Level 1:colcon.colcon_core.package_identification:_identify(gym_env/lib/python3.12/site-packages/pip/_vendor/rich/__pycache__) by extension 'python'
[0.855s] Level 1:colcon.colcon_core.package_identification:_identify(gym_env/lib/python3.12/site-packages/pip/_vendor/rich/__pycache__) by extensions ['python_setup_py']
[0.855s] Level 1:colcon.colcon_core.package_identification:_identify(gym_env/lib/python3.12/site-packages/pip/_vendor/rich/__pycache__) by extension 'python_setup_py'
[0.856s] Level 1:colcon.colcon_core.package_identification:_identify(gym_env/lib/python3.12/site-packages/pip/_vendor/tenacity) by extensions ['ignore', 'ignore_ament_install']
[0.856s] Level 1:colcon.colcon_core.package_identification:_identify(gym_env/lib/python3.12/site-packages/pip/_vendor/tenacity) by extension 'ignore'
[0.856s] Level 1:colcon.colcon_core.package_identification:_identify(gym_env/lib/python3.12/site-packages/pip/_vendor/tenacity) by extension 'ignore_ament_install'
[0.856s] Level 1:colcon.colcon_core.package_identification:_identify(gym_env/lib/python3.12/site-packages/pip/_vendor/tenacity) by extensions ['colcon_pkg']
[0.856s] Level 1:colcon.colcon_core.package_identification:_identify(gym_env/lib/python3.12/site-packages/pip/_vendor/tenacity) by extension 'colcon_pkg'
[0.856s] Level 1:colcon.colcon_core.package_identification:_identify(gym_env/lib/python3.12/site-packages/pip/_vendor/tenacity) by extensions ['colcon_meta']
[0.856s] Level 1:colcon.colcon_core.package_identification:_identify(gym_env/lib/python3.12/site-packages/pip/_vendor/tenacity) by extension 'colcon_meta'
[0.856s] Level 1:colcon.colcon_core.package_identification:_identify(gym_env/lib/python3.12/site-packages/pip/_vendor/tenacity) by extensions ['ros']
[0.856s] Level 1:colcon.colcon_core.package_identification:_identify(gym_env/lib/python3.12/site-packages/pip/_vendor/tenacity) by extension 'ros'
[0.857s] Level 1:colcon.colcon_core.package_identification:_identify(gym_env/lib/python3.12/site-packages/pip/_vendor/tenacity) by extensions ['cmake', 'python']
[0.857s] Level 1:colcon.colcon_core.package_identification:_identify(gym_env/lib/python3.12/site-packages/pip/_vendor/tenacity) by extension 'cmake'
[0.857s] Level 1:colcon.colcon_core.package_identification:_identify(gym_env/lib/python3.12/site-packages/pip/_vendor/tenacity) by extension 'python'
[0.857s] Level 1:colcon.colcon_core.package_identification:_identify(gym_env/lib/python3.12/site-packages/pip/_vendor/tenacity) by extensions ['python_setup_py']
[0.857s] Level 1:colcon.colcon_core.package_identification:_identify(gym_env/lib/python3.12/site-packages/pip/_vendor/tenacity) by extension 'python_setup_py'
[0.857s] Level 1:colcon.colcon_core.package_identification:_identify(gym_env/lib/python3.12/site-packages/pip/_vendor/tenacity/__pycache__) by extensions ['ignore', 'ignore_ament_install']
[0.857s] Level 1:colcon.colcon_core.package_identification:_identify(gym_env/lib/python3.12/site-packages/pip/_vendor/tenacity/__pycache__) by extension 'ignore'
[0.858s] Level 1:colcon.colcon_core.package_identification:_identify(gym_env/lib/python3.12/site-packages/pip/_vendor/tenacity/__pycache__) by extension 'ignore_ament_install'
[0.858s] Level 1:colcon.colcon_core.package_identification:_identify(gym_env/lib/python3.12/site-packages/pip/_vendor/tenacity/__pycache__) by extensions ['colcon_pkg']
[0.858s] Level 1:colcon.colcon_core.package_identification:_identify(gym_env/lib/python3.12/site-packages/pip/_vendor/tenacity/__pycache__) by extension 'colcon_pkg'
[0.858s] Level 1:colcon.colcon_core.package_identification:_identify(gym_env/lib/python3.12/site-packages/pip/_vendor/tenacity/__pycache__) by extensions ['colcon_meta']
[0.858s] Level 1:colcon.colcon_core.package_identification:_identify(gym_env/lib/python3.12/site-packages/pip/_vendor/tenacity/__pycache__) by extension 'colcon_meta'
[0.858s] Level 1:colcon.colcon_core.package_identification:_identify(gym_env/lib/python3.12/site-packages/pip/_vendor/tenacity/__pycache__) by extensions ['ros']
[0.858s] Level 1:colcon.colcon_core.package_identification:_identify(gym_env/lib/python3.12/site-packages/pip/_vendor/tenacity/__pycache__) by extension 'ros'
[0.859s] Level 1:colcon.colcon_core.package_identification:_identify(gym_env/lib/python3.12/site-packages/pip/_vendor/tenacity/__pycache__) by extensions ['cmake', 'python']
[0.859s] Level 1:colcon.colcon_core.package_identification:_identify(gym_env/lib/python3.12/site-packages/pip/_vendor/tenacity/__pycache__) by extension 'cmake'
[0.859s] Level 1:colcon.colcon_core.package_identification:_identify(gym_env/lib/python3.12/site-packages/pip/_vendor/tenacity/__pycache__) by extension 'python'
[0.859s] Level 1:colcon.colcon_core.package_identification:_identify(gym_env/lib/python3.12/site-packages/pip/_vendor/tenacity/__pycache__) by extensions ['python_setup_py']
[0.859s] Level 1:colcon.colcon_core.package_identification:_identify(gym_env/lib/python3.12/site-packages/pip/_vendor/tenacity/__pycache__) by extension 'python_setup_py'
[0.860s] Level 1:colcon.colcon_core.package_identification:_identify(gym_env/lib/python3.12/site-packages/pip/_vendor/tomli) by extensions ['ignore', 'ignore_ament_install']
[0.860s] Level 1:colcon.colcon_core.package_identification:_identify(gym_env/lib/python3.12/site-packages/pip/_vendor/tomli) by extension 'ignore'
[0.860s] Level 1:colcon.colcon_core.package_identification:_identify(gym_env/lib/python3.12/site-packages/pip/_vendor/tomli) by extension 'ignore_ament_install'
[0.860s] Level 1:colcon.colcon_core.package_identification:_identify(gym_env/lib/python3.12/site-packages/pip/_vendor/tomli) by extensions ['colcon_pkg']
[0.860s] Level 1:colcon.colcon_core.package_identification:_identify(gym_env/lib/python3.12/site-packages/pip/_vendor/tomli) by extension 'colcon_pkg'
[0.861s] Level 1:colcon.colcon_core.package_identification:_identify(gym_env/lib/python3.12/site-packages/pip/_vendor/tomli) by extensions ['colcon_meta']
[0.861s] Level 1:colcon.colcon_core.package_identification:_identify(gym_env/lib/python3.12/site-packages/pip/_vendor/tomli) by extension 'colcon_meta'
[0.861s] Level 1:colcon.colcon_core.package_identification:_identify(gym_env/lib/python3.12/site-packages/pip/_vendor/tomli) by extensions ['ros']
[0.861s] Level 1:colcon.colcon_core.package_identification:_identify(gym_env/lib/python3.12/site-packages/pip/_vendor/tomli) by extension 'ros'
[0.862s] Level 1:colcon.colcon_core.package_identification:_identify(gym_env/lib/python3.12/site-packages/pip/_vendor/tomli) by extensions ['cmake', 'python']
[0.862s] Level 1:colcon.colcon_core.package_identification:_identify(gym_env/lib/python3.12/site-packages/pip/_vendor/tomli) by extension 'cmake'
[0.862s] Level 1:colcon.colcon_core.package_identification:_identify(gym_env/lib/python3.12/site-packages/pip/_vendor/tomli) by extension 'python'
[0.862s] Level 1:colcon.colcon_core.package_identification:_identify(gym_env/lib/python3.12/site-packages/pip/_vendor/tomli) by extensions ['python_setup_py']
[0.862s] Level 1:colcon.colcon_core.package_identification:_identify(gym_env/lib/python3.12/site-packages/pip/_vendor/tomli) by extension 'python_setup_py'
[0.863s] Level 1:colcon.colcon_core.package_identification:_identify(gym_env/lib/python3.12/site-packages/pip/_vendor/tomli/__pycache__) by extensions ['ignore', 'ignore_ament_install']
[0.863s] Level 1:colcon.colcon_core.package_identification:_identify(gym_env/lib/python3.12/site-packages/pip/_vendor/tomli/__pycache__) by extension 'ignore'
[0.863s] Level 1:colcon.colcon_core.package_identification:_identify(gym_env/lib/python3.12/site-packages/pip/_vendor/tomli/__pycache__) by extension 'ignore_ament_install'
[0.863s] Level 1:colcon.colcon_core.package_identification:_identify(gym_env/lib/python3.12/site-packages/pip/_vendor/tomli/__pycache__) by extensions ['colcon_pkg']
[0.863s] Level 1:colcon.colcon_core.package_identification:_identify(gym_env/lib/python3.12/site-packages/pip/_vendor/tomli/__pycache__) by extension 'colcon_pkg'
[0.863s] Level 1:colcon.colcon_core.package_identification:_identify(gym_env/lib/python3.12/site-packages/pip/_vendor/tomli/__pycache__) by extensions ['colcon_meta']
[0.864s] Level 1:colcon.colcon_core.package_identification:_identify(gym_env/lib/python3.12/site-packages/pip/_vendor/tomli/__pycache__) by extension 'colcon_meta'
[0.864s] Level 1:colcon.colcon_core.package_identification:_identify(gym_env/lib/python3.12/site-packages/pip/_vendor/tomli/__pycache__) by extensions ['ros']
[0.864s] Level 1:colcon.colcon_core.package_identification:_identify(gym_env/lib/python3.12/site-packages/pip/_vendor/tomli/__pycache__) by extension 'ros'
[0.864s] Level 1:colcon.colcon_core.package_identification:_identify(gym_env/lib/python3.12/site-packages/pip/_vendor/tomli/__pycache__) by extensions ['cmake', 'python']
[0.864s] Level 1:colcon.colcon_core.package_identification:_identify(gym_env/lib/python3.12/site-packages/pip/_vendor/tomli/__pycache__) by extension 'cmake'
[0.864s] Level 1:colcon.colcon_core.package_identification:_identify(gym_env/lib/python3.12/site-packages/pip/_vendor/tomli/__pycache__) by extension 'python'
[0.864s] Level 1:colcon.colcon_core.package_identification:_identify(gym_env/lib/python3.12/site-packages/pip/_vendor/tomli/__pycache__) by extensions ['python_setup_py']
[0.865s] Level 1:colcon.colcon_core.package_identification:_identify(gym_env/lib/python3.12/site-packages/pip/_vendor/tomli/__pycache__) by extension 'python_setup_py'
[0.865s] Level 1:colcon.colcon_core.package_identification:_identify(gym_env/lib/python3.12/site-packages/pip/_vendor/truststore) by extensions ['ignore', 'ignore_ament_install']
[0.865s] Level 1:colcon.colcon_core.package_identification:_identify(gym_env/lib/python3.12/site-packages/pip/_vendor/truststore) by extension 'ignore'
[0.865s] Level 1:colcon.colcon_core.package_identification:_identify(gym_env/lib/python3.12/site-packages/pip/_vendor/truststore) by extension 'ignore_ament_install'
[0.865s] Level 1:colcon.colcon_core.package_identification:_identify(gym_env/lib/python3.12/site-packages/pip/_vendor/truststore) by extensions ['colcon_pkg']
[0.865s] Level 1:colcon.colcon_core.package_identification:_identify(gym_env/lib/python3.12/site-packages/pip/_vendor/truststore) by extension 'colcon_pkg'
[0.865s] Level 1:colcon.colcon_core.package_identification:_identify(gym_env/lib/python3.12/site-packages/pip/_vendor/truststore) by extensions ['colcon_meta']
[0.866s] Level 1:colcon.colcon_core.package_identification:_identify(gym_env/lib/python3.12/site-packages/pip/_vendor/truststore) by extension 'colcon_meta'
[0.866s] Level 1:colcon.colcon_core.package_identification:_identify(gym_env/lib/python3.12/site-packages/pip/_vendor/truststore) by extensions ['ros']
[0.866s] Level 1:colcon.colcon_core.package_identification:_identify(gym_env/lib/python3.12/site-packages/pip/_vendor/truststore) by extension 'ros'
[0.866s] Level 1:colcon.colcon_core.package_identification:_identify(gym_env/lib/python3.12/site-packages/pip/_vendor/truststore) by extensions ['cmake', 'python']
[0.866s] Level 1:colcon.colcon_core.package_identification:_identify(gym_env/lib/python3.12/site-packages/pip/_vendor/truststore) by extension 'cmake'
[0.866s] Level 1:colcon.colcon_core.package_identification:_identify(gym_env/lib/python3.12/site-packages/pip/_vendor/truststore) by extension 'python'
[0.866s] Level 1:colcon.colcon_core.package_identification:_identify(gym_env/lib/python3.12/site-packages/pip/_vendor/truststore) by extensions ['python_setup_py']
[0.866s] Level 1:colcon.colcon_core.package_identification:_identify(gym_env/lib/python3.12/site-packages/pip/_vendor/truststore) by extension 'python_setup_py'
[0.867s] Level 1:colcon.colcon_core.package_identification:_identify(gym_env/lib/python3.12/site-packages/pip/_vendor/truststore/__pycache__) by extensions ['ignore', 'ignore_ament_install']
[0.867s] Level 1:colcon.colcon_core.package_identification:_identify(gym_env/lib/python3.12/site-packages/pip/_vendor/truststore/__pycache__) by extension 'ignore'
[0.867s] Level 1:colcon.colcon_core.package_identification:_identify(gym_env/lib/python3.12/site-packages/pip/_vendor/truststore/__pycache__) by extension 'ignore_ament_install'
[0.867s] Level 1:colcon.colcon_core.package_identification:_identify(gym_env/lib/python3.12/site-packages/pip/_vendor/truststore/__pycache__) by extensions ['colcon_pkg']
[0.867s] Level 1:colcon.colcon_core.package_identification:_identify(gym_env/lib/python3.12/site-packages/pip/_vendor/truststore/__pycache__) by extension 'colcon_pkg'
[0.867s] Level 1:colcon.colcon_core.package_identification:_identify(gym_env/lib/python3.12/site-packages/pip/_vendor/truststore/__pycache__) by extensions ['colcon_meta']
[0.867s] Level 1:colcon.colcon_core.package_identification:_identify(gym_env/lib/python3.12/site-packages/pip/_vendor/truststore/__pycache__) by extension 'colcon_meta'
[0.867s] Level 1:colcon.colcon_core.package_identification:_identify(gym_env/lib/python3.12/site-packages/pip/_vendor/truststore/__pycache__) by extensions ['ros']
[0.867s] Level 1:colcon.colcon_core.package_identification:_identify(gym_env/lib/python3.12/site-packages/pip/_vendor/truststore/__pycache__) by extension 'ros'
[0.868s] Level 1:colcon.colcon_core.package_identification:_identify(gym_env/lib/python3.12/site-packages/pip/_vendor/truststore/__pycache__) by extensions ['cmake', 'python']
[0.868s] Level 1:colcon.colcon_core.package_identification:_identify(gym_env/lib/python3.12/site-packages/pip/_vendor/truststore/__pycache__) by extension 'cmake'
[0.868s] Level 1:colcon.colcon_core.package_identification:_identify(gym_env/lib/python3.12/site-packages/pip/_vendor/truststore/__pycache__) by extension 'python'
[0.868s] Level 1:colcon.colcon_core.package_identification:_identify(gym_env/lib/python3.12/site-packages/pip/_vendor/truststore/__pycache__) by extensions ['python_setup_py']
[0.868s] Level 1:colcon.colcon_core.package_identification:_identify(gym_env/lib/python3.12/site-packages/pip/_vendor/truststore/__pycache__) by extension 'python_setup_py'
[0.868s] Level 1:colcon.colcon_core.package_identification:_identify(gym_env/lib/python3.12/site-packages/pip/_vendor/urllib3) by extensions ['ignore', 'ignore_ament_install']
[0.868s] Level 1:colcon.colcon_core.package_identification:_identify(gym_env/lib/python3.12/site-packages/pip/_vendor/urllib3) by extension 'ignore'
[0.869s] Level 1:colcon.colcon_core.package_identification:_identify(gym_env/lib/python3.12/site-packages/pip/_vendor/urllib3) by extension 'ignore_ament_install'
[0.869s] Level 1:colcon.colcon_core.package_identification:_identify(gym_env/lib/python3.12/site-packages/pip/_vendor/urllib3) by extensions ['colcon_pkg']
[0.869s] Level 1:colcon.colcon_core.package_identification:_identify(gym_env/lib/python3.12/site-packages/pip/_vendor/urllib3) by extension 'colcon_pkg'
[0.869s] Level 1:colcon.colcon_core.package_identification:_identify(gym_env/lib/python3.12/site-packages/pip/_vendor/urllib3) by extensions ['colcon_meta']
[0.869s] Level 1:colcon.colcon_core.package_identification:_identify(gym_env/lib/python3.12/site-packages/pip/_vendor/urllib3) by extension 'colcon_meta'
[0.869s] Level 1:colcon.colcon_core.package_identification:_identify(gym_env/lib/python3.12/site-packages/pip/_vendor/urllib3) by extensions ['ros']
[0.869s] Level 1:colcon.colcon_core.package_identification:_identify(gym_env/lib/python3.12/site-packages/pip/_vendor/urllib3) by extension 'ros'
[0.869s] Level 1:colcon.colcon_core.package_identification:_identify(gym_env/lib/python3.12/site-packages/pip/_vendor/urllib3) by extensions ['cmake', 'python']
[0.869s] Level 1:colcon.colcon_core.package_identification:_identify(gym_env/lib/python3.12/site-packages/pip/_vendor/urllib3) by extension 'cmake'
[0.870s] Level 1:colcon.colcon_core.package_identification:_identify(gym_env/lib/python3.12/site-packages/pip/_vendor/urllib3) by extension 'python'
[0.870s] Level 1:colcon.colcon_core.package_identification:_identify(gym_env/lib/python3.12/site-packages/pip/_vendor/urllib3) by extensions ['python_setup_py']
[0.870s] Level 1:colcon.colcon_core.package_identification:_identify(gym_env/lib/python3.12/site-packages/pip/_vendor/urllib3) by extension 'python_setup_py'
[0.870s] Level 1:colcon.colcon_core.package_identification:_identify(gym_env/lib/python3.12/site-packages/pip/_vendor/urllib3/__pycache__) by extensions ['ignore', 'ignore_ament_install']
[0.870s] Level 1:colcon.colcon_core.package_identification:_identify(gym_env/lib/python3.12/site-packages/pip/_vendor/urllib3/__pycache__) by extension 'ignore'
[0.870s] Level 1:colcon.colcon_core.package_identification:_identify(gym_env/lib/python3.12/site-packages/pip/_vendor/urllib3/__pycache__) by extension 'ignore_ament_install'
[0.870s] Level 1:colcon.colcon_core.package_identification:_identify(gym_env/lib/python3.12/site-packages/pip/_vendor/urllib3/__pycache__) by extensions ['colcon_pkg']
[0.871s] Level 1:colcon.colcon_core.package_identification:_identify(gym_env/lib/python3.12/site-packages/pip/_vendor/urllib3/__pycache__) by extension 'colcon_pkg'
[0.871s] Level 1:colcon.colcon_core.package_identification:_identify(gym_env/lib/python3.12/site-packages/pip/_vendor/urllib3/__pycache__) by extensions ['colcon_meta']
[0.871s] Level 1:colcon.colcon_core.package_identification:_identify(gym_env/lib/python3.12/site-packages/pip/_vendor/urllib3/__pycache__) by extension 'colcon_meta'
[0.871s] Level 1:colcon.colcon_core.package_identification:_identify(gym_env/lib/python3.12/site-packages/pip/_vendor/urllib3/__pycache__) by extensions ['ros']
[0.871s] Level 1:colcon.colcon_core.package_identification:_identify(gym_env/lib/python3.12/site-packages/pip/_vendor/urllib3/__pycache__) by extension 'ros'
[0.871s] Level 1:colcon.colcon_core.package_identification:_identify(gym_env/lib/python3.12/site-packages/pip/_vendor/urllib3/__pycache__) by extensions ['cmake', 'python']
[0.871s] Level 1:colcon.colcon_core.package_identification:_identify(gym_env/lib/python3.12/site-packages/pip/_vendor/urllib3/__pycache__) by extension 'cmake'
[0.871s] Level 1:colcon.colcon_core.package_identification:_identify(gym_env/lib/python3.12/site-packages/pip/_vendor/urllib3/__pycache__) by extension 'python'
[0.871s] Level 1:colcon.colcon_core.package_identification:_identify(gym_env/lib/python3.12/site-packages/pip/_vendor/urllib3/__pycache__) by extensions ['python_setup_py']
[0.871s] Level 1:colcon.colcon_core.package_identification:_identify(gym_env/lib/python3.12/site-packages/pip/_vendor/urllib3/__pycache__) by extension 'python_setup_py'
[0.872s] Level 1:colcon.colcon_core.package_identification:_identify(gym_env/lib/python3.12/site-packages/pip/_vendor/urllib3/contrib) by extensions ['ignore', 'ignore_ament_install']
[0.872s] Level 1:colcon.colcon_core.package_identification:_identify(gym_env/lib/python3.12/site-packages/pip/_vendor/urllib3/contrib) by extension 'ignore'
[0.872s] Level 1:colcon.colcon_core.package_identification:_identify(gym_env/lib/python3.12/site-packages/pip/_vendor/urllib3/contrib) by extension 'ignore_ament_install'
[0.872s] Level 1:colcon.colcon_core.package_identification:_identify(gym_env/lib/python3.12/site-packages/pip/_vendor/urllib3/contrib) by extensions ['colcon_pkg']
[0.872s] Level 1:colcon.colcon_core.package_identification:_identify(gym_env/lib/python3.12/site-packages/pip/_vendor/urllib3/contrib) by extension 'colcon_pkg'
[0.872s] Level 1:colcon.colcon_core.package_identification:_identify(gym_env/lib/python3.12/site-packages/pip/_vendor/urllib3/contrib) by extensions ['colcon_meta']
[0.872s] Level 1:colcon.colcon_core.package_identification:_identify(gym_env/lib/python3.12/site-packages/pip/_vendor/urllib3/contrib) by extension 'colcon_meta'
[0.873s] Level 1:colcon.colcon_core.package_identification:_identify(gym_env/lib/python3.12/site-packages/pip/_vendor/urllib3/contrib) by extensions ['ros']
[0.873s] Level 1:colcon.colcon_core.package_identification:_identify(gym_env/lib/python3.12/site-packages/pip/_vendor/urllib3/contrib) by extension 'ros'
[0.873s] Level 1:colcon.colcon_core.package_identification:_identify(gym_env/lib/python3.12/site-packages/pip/_vendor/urllib3/contrib) by extensions ['cmake', 'python']
[0.873s] Level 1:colcon.colcon_core.package_identification:_identify(gym_env/lib/python3.12/site-packages/pip/_vendor/urllib3/contrib) by extension 'cmake'
[0.873s] Level 1:colcon.colcon_core.package_identification:_identify(gym_env/lib/python3.12/site-packages/pip/_vendor/urllib3/contrib) by extension 'python'
[0.873s] Level 1:colcon.colcon_core.package_identification:_identify(gym_env/lib/python3.12/site-packages/pip/_vendor/urllib3/contrib) by extensions ['python_setup_py']
[0.873s] Level 1:colcon.colcon_core.package_identification:_identify(gym_env/lib/python3.12/site-packages/pip/_vendor/urllib3/contrib) by extension 'python_setup_py'
[0.873s] Level 1:colcon.colcon_core.package_identification:_identify(gym_env/lib/python3.12/site-packages/pip/_vendor/urllib3/contrib/__pycache__) by extensions ['ignore', 'ignore_ament_install']
[0.874s] Level 1:colcon.colcon_core.package_identification:_identify(gym_env/lib/python3.12/site-packages/pip/_vendor/urllib3/contrib/__pycache__) by extension 'ignore'
[0.874s] Level 1:colcon.colcon_core.package_identification:_identify(gym_env/lib/python3.12/site-packages/pip/_vendor/urllib3/contrib/__pycache__) by extension 'ignore_ament_install'
[0.874s] Level 1:colcon.colcon_core.package_identification:_identify(gym_env/lib/python3.12/site-packages/pip/_vendor/urllib3/contrib/__pycache__) by extensions ['colcon_pkg']
[0.874s] Level 1:colcon.colcon_core.package_identification:_identify(gym_env/lib/python3.12/site-packages/pip/_vendor/urllib3/contrib/__pycache__) by extension 'colcon_pkg'
[0.874s] Level 1:colcon.colcon_core.package_identification:_identify(gym_env/lib/python3.12/site-packages/pip/_vendor/urllib3/contrib/__pycache__) by extensions ['colcon_meta']
[0.874s] Level 1:colcon.colcon_core.package_identification:_identify(gym_env/lib/python3.12/site-packages/pip/_vendor/urllib3/contrib/__pycache__) by extension 'colcon_meta'
[0.874s] Level 1:colcon.colcon_core.package_identification:_identify(gym_env/lib/python3.12/site-packages/pip/_vendor/urllib3/contrib/__pycache__) by extensions ['ros']
[0.874s] Level 1:colcon.colcon_core.package_identification:_identify(gym_env/lib/python3.12/site-packages/pip/_vendor/urllib3/contrib/__pycache__) by extension 'ros'
[0.875s] Level 1:colcon.colcon_core.package_identification:_identify(gym_env/lib/python3.12/site-packages/pip/_vendor/urllib3/contrib/__pycache__) by extensions ['cmake', 'python']
[0.875s] Level 1:colcon.colcon_core.package_identification:_identify(gym_env/lib/python3.12/site-packages/pip/_vendor/urllib3/contrib/__pycache__) by extension 'cmake'
[0.875s] Level 1:colcon.colcon_core.package_identification:_identify(gym_env/lib/python3.12/site-packages/pip/_vendor/urllib3/contrib/__pycache__) by extension 'python'
[0.875s] Level 1:colcon.colcon_core.package_identification:_identify(gym_env/lib/python3.12/site-packages/pip/_vendor/urllib3/contrib/__pycache__) by extensions ['python_setup_py']
[0.875s] Level 1:colcon.colcon_core.package_identification:_identify(gym_env/lib/python3.12/site-packages/pip/_vendor/urllib3/contrib/__pycache__) by extension 'python_setup_py'
[0.876s] Level 1:colcon.colcon_core.package_identification:_identify(gym_env/lib/python3.12/site-packages/pip/_vendor/urllib3/contrib/_securetransport) by extensions ['ignore', 'ignore_ament_install']
[0.876s] Level 1:colcon.colcon_core.package_identification:_identify(gym_env/lib/python3.12/site-packages/pip/_vendor/urllib3/contrib/_securetransport) by extension 'ignore'
[0.876s] Level 1:colcon.colcon_core.package_identification:_identify(gym_env/lib/python3.12/site-packages/pip/_vendor/urllib3/contrib/_securetransport) by extension 'ignore_ament_install'
[0.876s] Level 1:colcon.colcon_core.package_identification:_identify(gym_env/lib/python3.12/site-packages/pip/_vendor/urllib3/contrib/_securetransport) by extensions ['colcon_pkg']
[0.877s] Level 1:colcon.colcon_core.package_identification:_identify(gym_env/lib/python3.12/site-packages/pip/_vendor/urllib3/contrib/_securetransport) by extension 'colcon_pkg'
[0.877s] Level 1:colcon.colcon_core.package_identification:_identify(gym_env/lib/python3.12/site-packages/pip/_vendor/urllib3/contrib/_securetransport) by extensions ['colcon_meta']
[0.877s] Level 1:colcon.colcon_core.package_identification:_identify(gym_env/lib/python3.12/site-packages/pip/_vendor/urllib3/contrib/_securetransport) by extension 'colcon_meta'
[0.877s] Level 1:colcon.colcon_core.package_identification:_identify(gym_env/lib/python3.12/site-packages/pip/_vendor/urllib3/contrib/_securetransport) by extensions ['ros']
[0.877s] Level 1:colcon.colcon_core.package_identification:_identify(gym_env/lib/python3.12/site-packages/pip/_vendor/urllib3/contrib/_securetransport) by extension 'ros'
[0.878s] Level 1:colcon.colcon_core.package_identification:_identify(gym_env/lib/python3.12/site-packages/pip/_vendor/urllib3/contrib/_securetransport) by extensions ['cmake', 'python']
[0.878s] Level 1:colcon.colcon_core.package_identification:_identify(gym_env/lib/python3.12/site-packages/pip/_vendor/urllib3/contrib/_securetransport) by extension 'cmake'
[0.878s] Level 1:colcon.colcon_core.package_identification:_identify(gym_env/lib/python3.12/site-packages/pip/_vendor/urllib3/contrib/_securetransport) by extension 'python'
[0.878s] Level 1:colcon.colcon_core.package_identification:_identify(gym_env/lib/python3.12/site-packages/pip/_vendor/urllib3/contrib/_securetransport) by extensions ['python_setup_py']
[0.878s] Level 1:colcon.colcon_core.package_identification:_identify(gym_env/lib/python3.12/site-packages/pip/_vendor/urllib3/contrib/_securetransport) by extension 'python_setup_py'
[0.879s] Level 1:colcon.colcon_core.package_identification:_identify(gym_env/lib/python3.12/site-packages/pip/_vendor/urllib3/contrib/_securetransport/__pycache__) by extensions ['ignore', 'ignore_ament_install']
[0.879s] Level 1:colcon.colcon_core.package_identification:_identify(gym_env/lib/python3.12/site-packages/pip/_vendor/urllib3/contrib/_securetransport/__pycache__) by extension 'ignore'
[0.879s] Level 1:colcon.colcon_core.package_identification:_identify(gym_env/lib/python3.12/site-packages/pip/_vendor/urllib3/contrib/_securetransport/__pycache__) by extension 'ignore_ament_install'
[0.880s] Level 1:colcon.colcon_core.package_identification:_identify(gym_env/lib/python3.12/site-packages/pip/_vendor/urllib3/contrib/_securetransport/__pycache__) by extensions ['colcon_pkg']
[0.880s] Level 1:colcon.colcon_core.package_identification:_identify(gym_env/lib/python3.12/site-packages/pip/_vendor/urllib3/contrib/_securetransport/__pycache__) by extension 'colcon_pkg'
[0.880s] Level 1:colcon.colcon_core.package_identification:_identify(gym_env/lib/python3.12/site-packages/pip/_vendor/urllib3/contrib/_securetransport/__pycache__) by extensions ['colcon_meta']
[0.880s] Level 1:colcon.colcon_core.package_identification:_identify(gym_env/lib/python3.12/site-packages/pip/_vendor/urllib3/contrib/_securetransport/__pycache__) by extension 'colcon_meta'
[0.880s] Level 1:colcon.colcon_core.package_identification:_identify(gym_env/lib/python3.12/site-packages/pip/_vendor/urllib3/contrib/_securetransport/__pycache__) by extensions ['ros']
[0.880s] Level 1:colcon.colcon_core.package_identification:_identify(gym_env/lib/python3.12/site-packages/pip/_vendor/urllib3/contrib/_securetransport/__pycache__) by extension 'ros'
[0.881s] Level 1:colcon.colcon_core.package_identification:_identify(gym_env/lib/python3.12/site-packages/pip/_vendor/urllib3/contrib/_securetransport/__pycache__) by extensions ['cmake', 'python']
[0.881s] Level 1:colcon.colcon_core.package_identification:_identify(gym_env/lib/python3.12/site-packages/pip/_vendor/urllib3/contrib/_securetransport/__pycache__) by extension 'cmake'
[0.881s] Level 1:colcon.colcon_core.package_identification:_identify(gym_env/lib/python3.12/site-packages/pip/_vendor/urllib3/contrib/_securetransport/__pycache__) by extension 'python'
[0.881s] Level 1:colcon.colcon_core.package_identification:_identify(gym_env/lib/python3.12/site-packages/pip/_vendor/urllib3/contrib/_securetransport/__pycache__) by extensions ['python_setup_py']
[0.881s] Level 1:colcon.colcon_core.package_identification:_identify(gym_env/lib/python3.12/site-packages/pip/_vendor/urllib3/contrib/_securetransport/__pycache__) by extension 'python_setup_py'
[0.882s] Level 1:colcon.colcon_core.package_identification:_identify(gym_env/lib/python3.12/site-packages/pip/_vendor/urllib3/packages) by extensions ['ignore', 'ignore_ament_install']
[0.882s] Level 1:colcon.colcon_core.package_identification:_identify(gym_env/lib/python3.12/site-packages/pip/_vendor/urllib3/packages) by extension 'ignore'
[0.882s] Level 1:colcon.colcon_core.package_identification:_identify(gym_env/lib/python3.12/site-packages/pip/_vendor/urllib3/packages) by extension 'ignore_ament_install'
[0.882s] Level 1:colcon.colcon_core.package_identification:_identify(gym_env/lib/python3.12/site-packages/pip/_vendor/urllib3/packages) by extensions ['colcon_pkg']
[0.882s] Level 1:colcon.colcon_core.package_identification:_identify(gym_env/lib/python3.12/site-packages/pip/_vendor/urllib3/packages) by extension 'colcon_pkg'
[0.882s] Level 1:colcon.colcon_core.package_identification:_identify(gym_env/lib/python3.12/site-packages/pip/_vendor/urllib3/packages) by extensions ['colcon_meta']
[0.882s] Level 1:colcon.colcon_core.package_identification:_identify(gym_env/lib/python3.12/site-packages/pip/_vendor/urllib3/packages) by extension 'colcon_meta'
[0.882s] Level 1:colcon.colcon_core.package_identification:_identify(gym_env/lib/python3.12/site-packages/pip/_vendor/urllib3/packages) by extensions ['ros']
[0.882s] Level 1:colcon.colcon_core.package_identification:_identify(gym_env/lib/python3.12/site-packages/pip/_vendor/urllib3/packages) by extension 'ros'
[0.883s] Level 1:colcon.colcon_core.package_identification:_identify(gym_env/lib/python3.12/site-packages/pip/_vendor/urllib3/packages) by extensions ['cmake', 'python']
[0.883s] Level 1:colcon.colcon_core.package_identification:_identify(gym_env/lib/python3.12/site-packages/pip/_vendor/urllib3/packages) by extension 'cmake'
[0.883s] Level 1:colcon.colcon_core.package_identification:_identify(gym_env/lib/python3.12/site-packages/pip/_vendor/urllib3/packages) by extension 'python'
[0.883s] Level 1:colcon.colcon_core.package_identification:_identify(gym_env/lib/python3.12/site-packages/pip/_vendor/urllib3/packages) by extensions ['python_setup_py']
[0.883s] Level 1:colcon.colcon_core.package_identification:_identify(gym_env/lib/python3.12/site-packages/pip/_vendor/urllib3/packages) by extension 'python_setup_py'
[0.883s] Level 1:colcon.colcon_core.package_identification:_identify(gym_env/lib/python3.12/site-packages/pip/_vendor/urllib3/packages/__pycache__) by extensions ['ignore', 'ignore_ament_install']
[0.883s] Level 1:colcon.colcon_core.package_identification:_identify(gym_env/lib/python3.12/site-packages/pip/_vendor/urllib3/packages/__pycache__) by extension 'ignore'
[0.884s] Level 1:colcon.colcon_core.package_identification:_identify(gym_env/lib/python3.12/site-packages/pip/_vendor/urllib3/packages/__pycache__) by extension 'ignore_ament_install'
[0.884s] Level 1:colcon.colcon_core.package_identification:_identify(gym_env/lib/python3.12/site-packages/pip/_vendor/urllib3/packages/__pycache__) by extensions ['colcon_pkg']
[0.884s] Level 1:colcon.colcon_core.package_identification:_identify(gym_env/lib/python3.12/site-packages/pip/_vendor/urllib3/packages/__pycache__) by extension 'colcon_pkg'
[0.884s] Level 1:colcon.colcon_core.package_identification:_identify(gym_env/lib/python3.12/site-packages/pip/_vendor/urllib3/packages/__pycache__) by extensions ['colcon_meta']
[0.884s] Level 1:colcon.colcon_core.package_identification:_identify(gym_env/lib/python3.12/site-packages/pip/_vendor/urllib3/packages/__pycache__) by extension 'colcon_meta'
[0.884s] Level 1:colcon.colcon_core.package_identification:_identify(gym_env/lib/python3.12/site-packages/pip/_vendor/urllib3/packages/__pycache__) by extensions ['ros']
[0.884s] Level 1:colcon.colcon_core.package_identification:_identify(gym_env/lib/python3.12/site-packages/pip/_vendor/urllib3/packages/__pycache__) by extension 'ros'
[0.885s] Level 1:colcon.colcon_core.package_identification:_identify(gym_env/lib/python3.12/site-packages/pip/_vendor/urllib3/packages/__pycache__) by extensions ['cmake', 'python']
[0.885s] Level 1:colcon.colcon_core.package_identification:_identify(gym_env/lib/python3.12/site-packages/pip/_vendor/urllib3/packages/__pycache__) by extension 'cmake'
[0.885s] Level 1:colcon.colcon_core.package_identification:_identify(gym_env/lib/python3.12/site-packages/pip/_vendor/urllib3/packages/__pycache__) by extension 'python'
[0.885s] Level 1:colcon.colcon_core.package_identification:_identify(gym_env/lib/python3.12/site-packages/pip/_vendor/urllib3/packages/__pycache__) by extensions ['python_setup_py']
[0.885s] Level 1:colcon.colcon_core.package_identification:_identify(gym_env/lib/python3.12/site-packages/pip/_vendor/urllib3/packages/__pycache__) by extension 'python_setup_py'
[0.885s] Level 1:colcon.colcon_core.package_identification:_identify(gym_env/lib/python3.12/site-packages/pip/_vendor/urllib3/packages/backports) by extensions ['ignore', 'ignore_ament_install']
[0.885s] Level 1:colcon.colcon_core.package_identification:_identify(gym_env/lib/python3.12/site-packages/pip/_vendor/urllib3/packages/backports) by extension 'ignore'
[0.886s] Level 1:colcon.colcon_core.package_identification:_identify(gym_env/lib/python3.12/site-packages/pip/_vendor/urllib3/packages/backports) by extension 'ignore_ament_install'
[0.886s] Level 1:colcon.colcon_core.package_identification:_identify(gym_env/lib/python3.12/site-packages/pip/_vendor/urllib3/packages/backports) by extensions ['colcon_pkg']
[0.886s] Level 1:colcon.colcon_core.package_identification:_identify(gym_env/lib/python3.12/site-packages/pip/_vendor/urllib3/packages/backports) by extension 'colcon_pkg'
[0.886s] Level 1:colcon.colcon_core.package_identification:_identify(gym_env/lib/python3.12/site-packages/pip/_vendor/urllib3/packages/backports) by extensions ['colcon_meta']
[0.886s] Level 1:colcon.colcon_core.package_identification:_identify(gym_env/lib/python3.12/site-packages/pip/_vendor/urllib3/packages/backports) by extension 'colcon_meta'
[0.886s] Level 1:colcon.colcon_core.package_identification:_identify(gym_env/lib/python3.12/site-packages/pip/_vendor/urllib3/packages/backports) by extensions ['ros']
[0.886s] Level 1:colcon.colcon_core.package_identification:_identify(gym_env/lib/python3.12/site-packages/pip/_vendor/urllib3/packages/backports) by extension 'ros'
[0.886s] Level 1:colcon.colcon_core.package_identification:_identify(gym_env/lib/python3.12/site-packages/pip/_vendor/urllib3/packages/backports) by extensions ['cmake', 'python']
[0.886s] Level 1:colcon.colcon_core.package_identification:_identify(gym_env/lib/python3.12/site-packages/pip/_vendor/urllib3/packages/backports) by extension 'cmake'
[0.887s] Level 1:colcon.colcon_core.package_identification:_identify(gym_env/lib/python3.12/site-packages/pip/_vendor/urllib3/packages/backports) by extension 'python'
[0.887s] Level 1:colcon.colcon_core.package_identification:_identify(gym_env/lib/python3.12/site-packages/pip/_vendor/urllib3/packages/backports) by extensions ['python_setup_py']
[0.887s] Level 1:colcon.colcon_core.package_identification:_identify(gym_env/lib/python3.12/site-packages/pip/_vendor/urllib3/packages/backports) by extension 'python_setup_py'
[0.887s] Level 1:colcon.colcon_core.package_identification:_identify(gym_env/lib/python3.12/site-packages/pip/_vendor/urllib3/packages/backports/__pycache__) by extensions ['ignore', 'ignore_ament_install']
[0.887s] Level 1:colcon.colcon_core.package_identification:_identify(gym_env/lib/python3.12/site-packages/pip/_vendor/urllib3/packages/backports/__pycache__) by extension 'ignore'
[0.887s] Level 1:colcon.colcon_core.package_identification:_identify(gym_env/lib/python3.12/site-packages/pip/_vendor/urllib3/packages/backports/__pycache__) by extension 'ignore_ament_install'
[0.887s] Level 1:colcon.colcon_core.package_identification:_identify(gym_env/lib/python3.12/site-packages/pip/_vendor/urllib3/packages/backports/__pycache__) by extensions ['colcon_pkg']
[0.888s] Level 1:colcon.colcon_core.package_identification:_identify(gym_env/lib/python3.12/site-packages/pip/_vendor/urllib3/packages/backports/__pycache__) by extension 'colcon_pkg'
[0.888s] Level 1:colcon.colcon_core.package_identification:_identify(gym_env/lib/python3.12/site-packages/pip/_vendor/urllib3/packages/backports/__pycache__) by extensions ['colcon_meta']
[0.888s] Level 1:colcon.colcon_core.package_identification:_identify(gym_env/lib/python3.12/site-packages/pip/_vendor/urllib3/packages/backports/__pycache__) by extension 'colcon_meta'
[0.888s] Level 1:colcon.colcon_core.package_identification:_identify(gym_env/lib/python3.12/site-packages/pip/_vendor/urllib3/packages/backports/__pycache__) by extensions ['ros']
[0.888s] Level 1:colcon.colcon_core.package_identification:_identify(gym_env/lib/python3.12/site-packages/pip/_vendor/urllib3/packages/backports/__pycache__) by extension 'ros'
[0.888s] Level 1:colcon.colcon_core.package_identification:_identify(gym_env/lib/python3.12/site-packages/pip/_vendor/urllib3/packages/backports/__pycache__) by extensions ['cmake', 'python']
[0.888s] Level 1:colcon.colcon_core.package_identification:_identify(gym_env/lib/python3.12/site-packages/pip/_vendor/urllib3/packages/backports/__pycache__) by extension 'cmake'
[0.888s] Level 1:colcon.colcon_core.package_identification:_identify(gym_env/lib/python3.12/site-packages/pip/_vendor/urllib3/packages/backports/__pycache__) by extension 'python'
[0.888s] Level 1:colcon.colcon_core.package_identification:_identify(gym_env/lib/python3.12/site-packages/pip/_vendor/urllib3/packages/backports/__pycache__) by extensions ['python_setup_py']
[0.889s] Level 1:colcon.colcon_core.package_identification:_identify(gym_env/lib/python3.12/site-packages/pip/_vendor/urllib3/packages/backports/__pycache__) by extension 'python_setup_py'
[0.889s] Level 1:colcon.colcon_core.package_identification:_identify(gym_env/lib/python3.12/site-packages/pip/_vendor/urllib3/util) by extensions ['ignore', 'ignore_ament_install']
[0.889s] Level 1:colcon.colcon_core.package_identification:_identify(gym_env/lib/python3.12/site-packages/pip/_vendor/urllib3/util) by extension 'ignore'
[0.889s] Level 1:colcon.colcon_core.package_identification:_identify(gym_env/lib/python3.12/site-packages/pip/_vendor/urllib3/util) by extension 'ignore_ament_install'
[0.889s] Level 1:colcon.colcon_core.package_identification:_identify(gym_env/lib/python3.12/site-packages/pip/_vendor/urllib3/util) by extensions ['colcon_pkg']
[0.890s] Level 1:colcon.colcon_core.package_identification:_identify(gym_env/lib/python3.12/site-packages/pip/_vendor/urllib3/util) by extension 'colcon_pkg'
[0.890s] Level 1:colcon.colcon_core.package_identification:_identify(gym_env/lib/python3.12/site-packages/pip/_vendor/urllib3/util) by extensions ['colcon_meta']
[0.890s] Level 1:colcon.colcon_core.package_identification:_identify(gym_env/lib/python3.12/site-packages/pip/_vendor/urllib3/util) by extension 'colcon_meta'
[0.890s] Level 1:colcon.colcon_core.package_identification:_identify(gym_env/lib/python3.12/site-packages/pip/_vendor/urllib3/util) by extensions ['ros']
[0.890s] Level 1:colcon.colcon_core.package_identification:_identify(gym_env/lib/python3.12/site-packages/pip/_vendor/urllib3/util) by extension 'ros'
[0.890s] Level 1:colcon.colcon_core.package_identification:_identify(gym_env/lib/python3.12/site-packages/pip/_vendor/urllib3/util) by extensions ['cmake', 'python']
[0.891s] Level 1:colcon.colcon_core.package_identification:_identify(gym_env/lib/python3.12/site-packages/pip/_vendor/urllib3/util) by extension 'cmake'
[0.891s] Level 1:colcon.colcon_core.package_identification:_identify(gym_env/lib/python3.12/site-packages/pip/_vendor/urllib3/util) by extension 'python'
[0.891s] Level 1:colcon.colcon_core.package_identification:_identify(gym_env/lib/python3.12/site-packages/pip/_vendor/urllib3/util) by extensions ['python_setup_py']
[0.891s] Level 1:colcon.colcon_core.package_identification:_identify(gym_env/lib/python3.12/site-packages/pip/_vendor/urllib3/util) by extension 'python_setup_py'
[0.892s] Level 1:colcon.colcon_core.package_identification:_identify(gym_env/lib/python3.12/site-packages/pip/_vendor/urllib3/util/__pycache__) by extensions ['ignore', 'ignore_ament_install']
[0.892s] Level 1:colcon.colcon_core.package_identification:_identify(gym_env/lib/python3.12/site-packages/pip/_vendor/urllib3/util/__pycache__) by extension 'ignore'
[0.892s] Level 1:colcon.colcon_core.package_identification:_identify(gym_env/lib/python3.12/site-packages/pip/_vendor/urllib3/util/__pycache__) by extension 'ignore_ament_install'
[0.892s] Level 1:colcon.colcon_core.package_identification:_identify(gym_env/lib/python3.12/site-packages/pip/_vendor/urllib3/util/__pycache__) by extensions ['colcon_pkg']
[0.892s] Level 1:colcon.colcon_core.package_identification:_identify(gym_env/lib/python3.12/site-packages/pip/_vendor/urllib3/util/__pycache__) by extension 'colcon_pkg'
[0.893s] Level 1:colcon.colcon_core.package_identification:_identify(gym_env/lib/python3.12/site-packages/pip/_vendor/urllib3/util/__pycache__) by extensions ['colcon_meta']
[0.893s] Level 1:colcon.colcon_core.package_identification:_identify(gym_env/lib/python3.12/site-packages/pip/_vendor/urllib3/util/__pycache__) by extension 'colcon_meta'
[0.893s] Level 1:colcon.colcon_core.package_identification:_identify(gym_env/lib/python3.12/site-packages/pip/_vendor/urllib3/util/__pycache__) by extensions ['ros']
[0.893s] Level 1:colcon.colcon_core.package_identification:_identify(gym_env/lib/python3.12/site-packages/pip/_vendor/urllib3/util/__pycache__) by extension 'ros'
[0.893s] Level 1:colcon.colcon_core.package_identification:_identify(gym_env/lib/python3.12/site-packages/pip/_vendor/urllib3/util/__pycache__) by extensions ['cmake', 'python']
[0.893s] Level 1:colcon.colcon_core.package_identification:_identify(gym_env/lib/python3.12/site-packages/pip/_vendor/urllib3/util/__pycache__) by extension 'cmake'
[0.893s] Level 1:colcon.colcon_core.package_identification:_identify(gym_env/lib/python3.12/site-packages/pip/_vendor/urllib3/util/__pycache__) by extension 'python'
[0.893s] Level 1:colcon.colcon_core.package_identification:_identify(gym_env/lib/python3.12/site-packages/pip/_vendor/urllib3/util/__pycache__) by extensions ['python_setup_py']
[0.894s] Level 1:colcon.colcon_core.package_identification:_identify(gym_env/lib/python3.12/site-packages/pip/_vendor/urllib3/util/__pycache__) by extension 'python_setup_py'
[0.894s] Level 1:colcon.colcon_core.package_identification:_identify(gym_env/lib/python3.12/site-packages/pip/_vendor/webencodings) by extensions ['ignore', 'ignore_ament_install']
[0.894s] Level 1:colcon.colcon_core.package_identification:_identify(gym_env/lib/python3.12/site-packages/pip/_vendor/webencodings) by extension 'ignore'
[0.894s] Level 1:colcon.colcon_core.package_identification:_identify(gym_env/lib/python3.12/site-packages/pip/_vendor/webencodings) by extension 'ignore_ament_install'
[0.895s] Level 1:colcon.colcon_core.package_identification:_identify(gym_env/lib/python3.12/site-packages/pip/_vendor/webencodings) by extensions ['colcon_pkg']
[0.895s] Level 1:colcon.colcon_core.package_identification:_identify(gym_env/lib/python3.12/site-packages/pip/_vendor/webencodings) by extension 'colcon_pkg'
[0.895s] Level 1:colcon.colcon_core.package_identification:_identify(gym_env/lib/python3.12/site-packages/pip/_vendor/webencodings) by extensions ['colcon_meta']
[0.895s] Level 1:colcon.colcon_core.package_identification:_identify(gym_env/lib/python3.12/site-packages/pip/_vendor/webencodings) by extension 'colcon_meta'
[0.895s] Level 1:colcon.colcon_core.package_identification:_identify(gym_env/lib/python3.12/site-packages/pip/_vendor/webencodings) by extensions ['ros']
[0.895s] Level 1:colcon.colcon_core.package_identification:_identify(gym_env/lib/python3.12/site-packages/pip/_vendor/webencodings) by extension 'ros'
[0.896s] Level 1:colcon.colcon_core.package_identification:_identify(gym_env/lib/python3.12/site-packages/pip/_vendor/webencodings) by extensions ['cmake', 'python']
[0.896s] Level 1:colcon.colcon_core.package_identification:_identify(gym_env/lib/python3.12/site-packages/pip/_vendor/webencodings) by extension 'cmake'
[0.896s] Level 1:colcon.colcon_core.package_identification:_identify(gym_env/lib/python3.12/site-packages/pip/_vendor/webencodings) by extension 'python'
[0.896s] Level 1:colcon.colcon_core.package_identification:_identify(gym_env/lib/python3.12/site-packages/pip/_vendor/webencodings) by extensions ['python_setup_py']
[0.896s] Level 1:colcon.colcon_core.package_identification:_identify(gym_env/lib/python3.12/site-packages/pip/_vendor/webencodings) by extension 'python_setup_py'
[0.897s] Level 1:colcon.colcon_core.package_identification:_identify(gym_env/lib/python3.12/site-packages/pip/_vendor/webencodings/__pycache__) by extensions ['ignore', 'ignore_ament_install']
[0.897s] Level 1:colcon.colcon_core.package_identification:_identify(gym_env/lib/python3.12/site-packages/pip/_vendor/webencodings/__pycache__) by extension 'ignore'
[0.897s] Level 1:colcon.colcon_core.package_identification:_identify(gym_env/lib/python3.12/site-packages/pip/_vendor/webencodings/__pycache__) by extension 'ignore_ament_install'
[0.897s] Level 1:colcon.colcon_core.package_identification:_identify(gym_env/lib/python3.12/site-packages/pip/_vendor/webencodings/__pycache__) by extensions ['colcon_pkg']
[0.897s] Level 1:colcon.colcon_core.package_identification:_identify(gym_env/lib/python3.12/site-packages/pip/_vendor/webencodings/__pycache__) by extension 'colcon_pkg'
[0.897s] Level 1:colcon.colcon_core.package_identification:_identify(gym_env/lib/python3.12/site-packages/pip/_vendor/webencodings/__pycache__) by extensions ['colcon_meta']
[0.898s] Level 1:colcon.colcon_core.package_identification:_identify(gym_env/lib/python3.12/site-packages/pip/_vendor/webencodings/__pycache__) by extension 'colcon_meta'
[0.898s] Level 1:colcon.colcon_core.package_identification:_identify(gym_env/lib/python3.12/site-packages/pip/_vendor/webencodings/__pycache__) by extensions ['ros']
[0.898s] Level 1:colcon.colcon_core.package_identification:_identify(gym_env/lib/python3.12/site-packages/pip/_vendor/webencodings/__pycache__) by extension 'ros'
[0.899s] Level 1:colcon.colcon_core.package_identification:_identify(gym_env/lib/python3.12/site-packages/pip/_vendor/webencodings/__pycache__) by extensions ['cmake', 'python']
[0.899s] Level 1:colcon.colcon_core.package_identification:_identify(gym_env/lib/python3.12/site-packages/pip/_vendor/webencodings/__pycache__) by extension 'cmake'
[0.899s] Level 1:colcon.colcon_core.package_identification:_identify(gym_env/lib/python3.12/site-packages/pip/_vendor/webencodings/__pycache__) by extension 'python'
[0.899s] Level 1:colcon.colcon_core.package_identification:_identify(gym_env/lib/python3.12/site-packages/pip/_vendor/webencodings/__pycache__) by extensions ['python_setup_py']
[0.899s] Level 1:colcon.colcon_core.package_identification:_identify(gym_env/lib/python3.12/site-packages/pip/_vendor/webencodings/__pycache__) by extension 'python_setup_py'
[0.900s] Level 1:colcon.colcon_core.package_identification:_identify(gym_env/lib/python3.12/site-packages/pip-24.0.dist-info) by extensions ['ignore', 'ignore_ament_install']
[0.900s] Level 1:colcon.colcon_core.package_identification:_identify(gym_env/lib/python3.12/site-packages/pip-24.0.dist-info) by extension 'ignore'
[0.900s] Level 1:colcon.colcon_core.package_identification:_identify(gym_env/lib/python3.12/site-packages/pip-24.0.dist-info) by extension 'ignore_ament_install'
[0.900s] Level 1:colcon.colcon_core.package_identification:_identify(gym_env/lib/python3.12/site-packages/pip-24.0.dist-info) by extensions ['colcon_pkg']
[0.901s] Level 1:colcon.colcon_core.package_identification:_identify(gym_env/lib/python3.12/site-packages/pip-24.0.dist-info) by extension 'colcon_pkg'
[0.901s] Level 1:colcon.colcon_core.package_identification:_identify(gym_env/lib/python3.12/site-packages/pip-24.0.dist-info) by extensions ['colcon_meta']
[0.901s] Level 1:colcon.colcon_core.package_identification:_identify(gym_env/lib/python3.12/site-packages/pip-24.0.dist-info) by extension 'colcon_meta'
[0.901s] Level 1:colcon.colcon_core.package_identification:_identify(gym_env/lib/python3.12/site-packages/pip-24.0.dist-info) by extensions ['ros']
[0.901s] Level 1:colcon.colcon_core.package_identification:_identify(gym_env/lib/python3.12/site-packages/pip-24.0.dist-info) by extension 'ros'
[0.902s] Level 1:colcon.colcon_core.package_identification:_identify(gym_env/lib/python3.12/site-packages/pip-24.0.dist-info) by extensions ['cmake', 'python']
[0.902s] Level 1:colcon.colcon_core.package_identification:_identify(gym_env/lib/python3.12/site-packages/pip-24.0.dist-info) by extension 'cmake'
[0.902s] Level 1:colcon.colcon_core.package_identification:_identify(gym_env/lib/python3.12/site-packages/pip-24.0.dist-info) by extension 'python'
[0.902s] Level 1:colcon.colcon_core.package_identification:_identify(gym_env/lib/python3.12/site-packages/pip-24.0.dist-info) by extensions ['python_setup_py']
[0.902s] Level 1:colcon.colcon_core.package_identification:_identify(gym_env/lib/python3.12/site-packages/pip-24.0.dist-info) by extension 'python_setup_py'
[0.903s] Level 1:colcon.colcon_core.package_identification:_identify(gym_env/lib/python3.12/site-packages/pygame) by extensions ['ignore', 'ignore_ament_install']
[0.903s] Level 1:colcon.colcon_core.package_identification:_identify(gym_env/lib/python3.12/site-packages/pygame) by extension 'ignore'
[0.903s] Level 1:colcon.colcon_core.package_identification:_identify(gym_env/lib/python3.12/site-packages/pygame) by extension 'ignore_ament_install'
[0.904s] Level 1:colcon.colcon_core.package_identification:_identify(gym_env/lib/python3.12/site-packages/pygame) by extensions ['colcon_pkg']
[0.904s] Level 1:colcon.colcon_core.package_identification:_identify(gym_env/lib/python3.12/site-packages/pygame) by extension 'colcon_pkg'
[0.904s] Level 1:colcon.colcon_core.package_identification:_identify(gym_env/lib/python3.12/site-packages/pygame) by extensions ['colcon_meta']
[0.904s] Level 1:colcon.colcon_core.package_identification:_identify(gym_env/lib/python3.12/site-packages/pygame) by extension 'colcon_meta'
[0.904s] Level 1:colcon.colcon_core.package_identification:_identify(gym_env/lib/python3.12/site-packages/pygame) by extensions ['ros']
[0.904s] Level 1:colcon.colcon_core.package_identification:_identify(gym_env/lib/python3.12/site-packages/pygame) by extension 'ros'
[0.905s] Level 1:colcon.colcon_core.package_identification:_identify(gym_env/lib/python3.12/site-packages/pygame) by extensions ['cmake', 'python']
[0.905s] Level 1:colcon.colcon_core.package_identification:_identify(gym_env/lib/python3.12/site-packages/pygame) by extension 'cmake'
[0.905s] Level 1:colcon.colcon_core.package_identification:_identify(gym_env/lib/python3.12/site-packages/pygame) by extension 'python'
[0.905s] Level 1:colcon.colcon_core.package_identification:_identify(gym_env/lib/python3.12/site-packages/pygame) by extensions ['python_setup_py']
[0.905s] Level 1:colcon.colcon_core.package_identification:_identify(gym_env/lib/python3.12/site-packages/pygame) by extension 'python_setup_py'
[0.905s] Level 1:colcon.colcon_core.package_identification:_identify(gym_env/lib/python3.12/site-packages/pygame/__pycache__) by extensions ['ignore', 'ignore_ament_install']
[0.905s] Level 1:colcon.colcon_core.package_identification:_identify(gym_env/lib/python3.12/site-packages/pygame/__pycache__) by extension 'ignore'
[0.906s] Level 1:colcon.colcon_core.package_identification:_identify(gym_env/lib/python3.12/site-packages/pygame/__pycache__) by extension 'ignore_ament_install'
[0.906s] Level 1:colcon.colcon_core.package_identification:_identify(gym_env/lib/python3.12/site-packages/pygame/__pycache__) by extensions ['colcon_pkg']
[0.906s] Level 1:colcon.colcon_core.package_identification:_identify(gym_env/lib/python3.12/site-packages/pygame/__pycache__) by extension 'colcon_pkg'
[0.906s] Level 1:colcon.colcon_core.package_identification:_identify(gym_env/lib/python3.12/site-packages/pygame/__pycache__) by extensions ['colcon_meta']
[0.906s] Level 1:colcon.colcon_core.package_identification:_identify(gym_env/lib/python3.12/site-packages/pygame/__pycache__) by extension 'colcon_meta'
[0.906s] Level 1:colcon.colcon_core.package_identification:_identify(gym_env/lib/python3.12/site-packages/pygame/__pycache__) by extensions ['ros']
[0.906s] Level 1:colcon.colcon_core.package_identification:_identify(gym_env/lib/python3.12/site-packages/pygame/__pycache__) by extension 'ros'
[0.906s] Level 1:colcon.colcon_core.package_identification:_identify(gym_env/lib/python3.12/site-packages/pygame/__pycache__) by extensions ['cmake', 'python']
[0.906s] Level 1:colcon.colcon_core.package_identification:_identify(gym_env/lib/python3.12/site-packages/pygame/__pycache__) by extension 'cmake'
[0.906s] Level 1:colcon.colcon_core.package_identification:_identify(gym_env/lib/python3.12/site-packages/pygame/__pycache__) by extension 'python'
[0.906s] Level 1:colcon.colcon_core.package_identification:_identify(gym_env/lib/python3.12/site-packages/pygame/__pycache__) by extensions ['python_setup_py']
[0.907s] Level 1:colcon.colcon_core.package_identification:_identify(gym_env/lib/python3.12/site-packages/pygame/__pycache__) by extension 'python_setup_py'
[0.907s] Level 1:colcon.colcon_core.package_identification:_identify(gym_env/lib/python3.12/site-packages/pygame/__pyinstaller) by extensions ['ignore', 'ignore_ament_install']
[0.907s] Level 1:colcon.colcon_core.package_identification:_identify(gym_env/lib/python3.12/site-packages/pygame/__pyinstaller) by extension 'ignore'
[0.907s] Level 1:colcon.colcon_core.package_identification:_identify(gym_env/lib/python3.12/site-packages/pygame/__pyinstaller) by extension 'ignore_ament_install'
[0.907s] Level 1:colcon.colcon_core.package_identification:_identify(gym_env/lib/python3.12/site-packages/pygame/__pyinstaller) by extensions ['colcon_pkg']
[0.907s] Level 1:colcon.colcon_core.package_identification:_identify(gym_env/lib/python3.12/site-packages/pygame/__pyinstaller) by extension 'colcon_pkg'
[0.908s] Level 1:colcon.colcon_core.package_identification:_identify(gym_env/lib/python3.12/site-packages/pygame/__pyinstaller) by extensions ['colcon_meta']
[0.908s] Level 1:colcon.colcon_core.package_identification:_identify(gym_env/lib/python3.12/site-packages/pygame/__pyinstaller) by extension 'colcon_meta'
[0.908s] Level 1:colcon.colcon_core.package_identification:_identify(gym_env/lib/python3.12/site-packages/pygame/__pyinstaller) by extensions ['ros']
[0.908s] Level 1:colcon.colcon_core.package_identification:_identify(gym_env/lib/python3.12/site-packages/pygame/__pyinstaller) by extension 'ros'
[0.908s] Level 1:colcon.colcon_core.package_identification:_identify(gym_env/lib/python3.12/site-packages/pygame/__pyinstaller) by extensions ['cmake', 'python']
[0.908s] Level 1:colcon.colcon_core.package_identification:_identify(gym_env/lib/python3.12/site-packages/pygame/__pyinstaller) by extension 'cmake'
[0.908s] Level 1:colcon.colcon_core.package_identification:_identify(gym_env/lib/python3.12/site-packages/pygame/__pyinstaller) by extension 'python'
[0.908s] Level 1:colcon.colcon_core.package_identification:_identify(gym_env/lib/python3.12/site-packages/pygame/__pyinstaller) by extensions ['python_setup_py']
[0.908s] Level 1:colcon.colcon_core.package_identification:_identify(gym_env/lib/python3.12/site-packages/pygame/__pyinstaller) by extension 'python_setup_py'
[0.909s] Level 1:colcon.colcon_core.package_identification:_identify(gym_env/lib/python3.12/site-packages/pygame/__pyinstaller/__pycache__) by extensions ['ignore', 'ignore_ament_install']
[0.909s] Level 1:colcon.colcon_core.package_identification:_identify(gym_env/lib/python3.12/site-packages/pygame/__pyinstaller/__pycache__) by extension 'ignore'
[0.909s] Level 1:colcon.colcon_core.package_identification:_identify(gym_env/lib/python3.12/site-packages/pygame/__pyinstaller/__pycache__) by extension 'ignore_ament_install'
[0.910s] Level 1:colcon.colcon_core.package_identification:_identify(gym_env/lib/python3.12/site-packages/pygame/__pyinstaller/__pycache__) by extensions ['colcon_pkg']
[0.910s] Level 1:colcon.colcon_core.package_identification:_identify(gym_env/lib/python3.12/site-packages/pygame/__pyinstaller/__pycache__) by extension 'colcon_pkg'
[0.910s] Level 1:colcon.colcon_core.package_identification:_identify(gym_env/lib/python3.12/site-packages/pygame/__pyinstaller/__pycache__) by extensions ['colcon_meta']
[0.910s] Level 1:colcon.colcon_core.package_identification:_identify(gym_env/lib/python3.12/site-packages/pygame/__pyinstaller/__pycache__) by extension 'colcon_meta'
[0.910s] Level 1:colcon.colcon_core.package_identification:_identify(gym_env/lib/python3.12/site-packages/pygame/__pyinstaller/__pycache__) by extensions ['ros']
[0.910s] Level 1:colcon.colcon_core.package_identification:_identify(gym_env/lib/python3.12/site-packages/pygame/__pyinstaller/__pycache__) by extension 'ros'
[0.911s] Level 1:colcon.colcon_core.package_identification:_identify(gym_env/lib/python3.12/site-packages/pygame/__pyinstaller/__pycache__) by extensions ['cmake', 'python']
[0.911s] Level 1:colcon.colcon_core.package_identification:_identify(gym_env/lib/python3.12/site-packages/pygame/__pyinstaller/__pycache__) by extension 'cmake'
[0.911s] Level 1:colcon.colcon_core.package_identification:_identify(gym_env/lib/python3.12/site-packages/pygame/__pyinstaller/__pycache__) by extension 'python'
[0.911s] Level 1:colcon.colcon_core.package_identification:_identify(gym_env/lib/python3.12/site-packages/pygame/__pyinstaller/__pycache__) by extensions ['python_setup_py']
[0.911s] Level 1:colcon.colcon_core.package_identification:_identify(gym_env/lib/python3.12/site-packages/pygame/__pyinstaller/__pycache__) by extension 'python_setup_py'
[0.912s] Level 1:colcon.colcon_core.package_identification:_identify(gym_env/lib/python3.12/site-packages/pygame/_sdl2) by extensions ['ignore', 'ignore_ament_install']
[0.912s] Level 1:colcon.colcon_core.package_identification:_identify(gym_env/lib/python3.12/site-packages/pygame/_sdl2) by extension 'ignore'
[0.912s] Level 1:colcon.colcon_core.package_identification:_identify(gym_env/lib/python3.12/site-packages/pygame/_sdl2) by extension 'ignore_ament_install'
[0.912s] Level 1:colcon.colcon_core.package_identification:_identify(gym_env/lib/python3.12/site-packages/pygame/_sdl2) by extensions ['colcon_pkg']
[0.912s] Level 1:colcon.colcon_core.package_identification:_identify(gym_env/lib/python3.12/site-packages/pygame/_sdl2) by extension 'colcon_pkg'
[0.912s] Level 1:colcon.colcon_core.package_identification:_identify(gym_env/lib/python3.12/site-packages/pygame/_sdl2) by extensions ['colcon_meta']
[0.913s] Level 1:colcon.colcon_core.package_identification:_identify(gym_env/lib/python3.12/site-packages/pygame/_sdl2) by extension 'colcon_meta'
[0.913s] Level 1:colcon.colcon_core.package_identification:_identify(gym_env/lib/python3.12/site-packages/pygame/_sdl2) by extensions ['ros']
[0.913s] Level 1:colcon.colcon_core.package_identification:_identify(gym_env/lib/python3.12/site-packages/pygame/_sdl2) by extension 'ros'
[0.913s] Level 1:colcon.colcon_core.package_identification:_identify(gym_env/lib/python3.12/site-packages/pygame/_sdl2) by extensions ['cmake', 'python']
[0.913s] Level 1:colcon.colcon_core.package_identification:_identify(gym_env/lib/python3.12/site-packages/pygame/_sdl2) by extension 'cmake'
[0.913s] Level 1:colcon.colcon_core.package_identification:_identify(gym_env/lib/python3.12/site-packages/pygame/_sdl2) by extension 'python'
[0.913s] Level 1:colcon.colcon_core.package_identification:_identify(gym_env/lib/python3.12/site-packages/pygame/_sdl2) by extensions ['python_setup_py']
[0.913s] Level 1:colcon.colcon_core.package_identification:_identify(gym_env/lib/python3.12/site-packages/pygame/_sdl2) by extension 'python_setup_py'
[0.914s] Level 1:colcon.colcon_core.package_identification:_identify(gym_env/lib/python3.12/site-packages/pygame/_sdl2/__pycache__) by extensions ['ignore', 'ignore_ament_install']
[0.914s] Level 1:colcon.colcon_core.package_identification:_identify(gym_env/lib/python3.12/site-packages/pygame/_sdl2/__pycache__) by extension 'ignore'
[0.914s] Level 1:colcon.colcon_core.package_identification:_identify(gym_env/lib/python3.12/site-packages/pygame/_sdl2/__pycache__) by extension 'ignore_ament_install'
[0.914s] Level 1:colcon.colcon_core.package_identification:_identify(gym_env/lib/python3.12/site-packages/pygame/_sdl2/__pycache__) by extensions ['colcon_pkg']
[0.914s] Level 1:colcon.colcon_core.package_identification:_identify(gym_env/lib/python3.12/site-packages/pygame/_sdl2/__pycache__) by extension 'colcon_pkg'
[0.914s] Level 1:colcon.colcon_core.package_identification:_identify(gym_env/lib/python3.12/site-packages/pygame/_sdl2/__pycache__) by extensions ['colcon_meta']
[0.914s] Level 1:colcon.colcon_core.package_identification:_identify(gym_env/lib/python3.12/site-packages/pygame/_sdl2/__pycache__) by extension 'colcon_meta'
[0.915s] Level 1:colcon.colcon_core.package_identification:_identify(gym_env/lib/python3.12/site-packages/pygame/_sdl2/__pycache__) by extensions ['ros']
[0.915s] Level 1:colcon.colcon_core.package_identification:_identify(gym_env/lib/python3.12/site-packages/pygame/_sdl2/__pycache__) by extension 'ros'
[0.915s] Level 1:colcon.colcon_core.package_identification:_identify(gym_env/lib/python3.12/site-packages/pygame/_sdl2/__pycache__) by extensions ['cmake', 'python']
[0.915s] Level 1:colcon.colcon_core.package_identification:_identify(gym_env/lib/python3.12/site-packages/pygame/_sdl2/__pycache__) by extension 'cmake'
[0.915s] Level 1:colcon.colcon_core.package_identification:_identify(gym_env/lib/python3.12/site-packages/pygame/_sdl2/__pycache__) by extension 'python'
[0.915s] Level 1:colcon.colcon_core.package_identification:_identify(gym_env/lib/python3.12/site-packages/pygame/_sdl2/__pycache__) by extensions ['python_setup_py']
[0.915s] Level 1:colcon.colcon_core.package_identification:_identify(gym_env/lib/python3.12/site-packages/pygame/_sdl2/__pycache__) by extension 'python_setup_py'
[0.915s] Level 1:colcon.colcon_core.package_identification:_identify(gym_env/lib/python3.12/site-packages/pygame/docs) by extensions ['ignore', 'ignore_ament_install']
[0.915s] Level 1:colcon.colcon_core.package_identification:_identify(gym_env/lib/python3.12/site-packages/pygame/docs) by extension 'ignore'
[0.916s] Level 1:colcon.colcon_core.package_identification:_identify(gym_env/lib/python3.12/site-packages/pygame/docs) by extension 'ignore_ament_install'
[0.916s] Level 1:colcon.colcon_core.package_identification:_identify(gym_env/lib/python3.12/site-packages/pygame/docs) by extensions ['colcon_pkg']
[0.916s] Level 1:colcon.colcon_core.package_identification:_identify(gym_env/lib/python3.12/site-packages/pygame/docs) by extension 'colcon_pkg'
[0.916s] Level 1:colcon.colcon_core.package_identification:_identify(gym_env/lib/python3.12/site-packages/pygame/docs) by extensions ['colcon_meta']
[0.916s] Level 1:colcon.colcon_core.package_identification:_identify(gym_env/lib/python3.12/site-packages/pygame/docs) by extension 'colcon_meta'
[0.916s] Level 1:colcon.colcon_core.package_identification:_identify(gym_env/lib/python3.12/site-packages/pygame/docs) by extensions ['ros']
[0.916s] Level 1:colcon.colcon_core.package_identification:_identify(gym_env/lib/python3.12/site-packages/pygame/docs) by extension 'ros'
[0.916s] Level 1:colcon.colcon_core.package_identification:_identify(gym_env/lib/python3.12/site-packages/pygame/docs) by extensions ['cmake', 'python']
[0.916s] Level 1:colcon.colcon_core.package_identification:_identify(gym_env/lib/python3.12/site-packages/pygame/docs) by extension 'cmake'
[0.917s] Level 1:colcon.colcon_core.package_identification:_identify(gym_env/lib/python3.12/site-packages/pygame/docs) by extension 'python'
[0.917s] Level 1:colcon.colcon_core.package_identification:_identify(gym_env/lib/python3.12/site-packages/pygame/docs) by extensions ['python_setup_py']
[0.917s] Level 1:colcon.colcon_core.package_identification:_identify(gym_env/lib/python3.12/site-packages/pygame/docs) by extension 'python_setup_py'
[0.917s] Level 1:colcon.colcon_core.package_identification:_identify(gym_env/lib/python3.12/site-packages/pygame/docs/__pycache__) by extensions ['ignore', 'ignore_ament_install']
[0.917s] Level 1:colcon.colcon_core.package_identification:_identify(gym_env/lib/python3.12/site-packages/pygame/docs/__pycache__) by extension 'ignore'
[0.917s] Level 1:colcon.colcon_core.package_identification:_identify(gym_env/lib/python3.12/site-packages/pygame/docs/__pycache__) by extension 'ignore_ament_install'
[0.917s] Level 1:colcon.colcon_core.package_identification:_identify(gym_env/lib/python3.12/site-packages/pygame/docs/__pycache__) by extensions ['colcon_pkg']
[0.917s] Level 1:colcon.colcon_core.package_identification:_identify(gym_env/lib/python3.12/site-packages/pygame/docs/__pycache__) by extension 'colcon_pkg'
[0.918s] Level 1:colcon.colcon_core.package_identification:_identify(gym_env/lib/python3.12/site-packages/pygame/docs/__pycache__) by extensions ['colcon_meta']
[0.918s] Level 1:colcon.colcon_core.package_identification:_identify(gym_env/lib/python3.12/site-packages/pygame/docs/__pycache__) by extension 'colcon_meta'
[0.918s] Level 1:colcon.colcon_core.package_identification:_identify(gym_env/lib/python3.12/site-packages/pygame/docs/__pycache__) by extensions ['ros']
[0.918s] Level 1:colcon.colcon_core.package_identification:_identify(gym_env/lib/python3.12/site-packages/pygame/docs/__pycache__) by extension 'ros'
[0.918s] Level 1:colcon.colcon_core.package_identification:_identify(gym_env/lib/python3.12/site-packages/pygame/docs/__pycache__) by extensions ['cmake', 'python']
[0.918s] Level 1:colcon.colcon_core.package_identification:_identify(gym_env/lib/python3.12/site-packages/pygame/docs/__pycache__) by extension 'cmake'
[0.918s] Level 1:colcon.colcon_core.package_identification:_identify(gym_env/lib/python3.12/site-packages/pygame/docs/__pycache__) by extension 'python'
[0.918s] Level 1:colcon.colcon_core.package_identification:_identify(gym_env/lib/python3.12/site-packages/pygame/docs/__pycache__) by extensions ['python_setup_py']
[0.918s] Level 1:colcon.colcon_core.package_identification:_identify(gym_env/lib/python3.12/site-packages/pygame/docs/__pycache__) by extension 'python_setup_py'
[0.919s] Level 1:colcon.colcon_core.package_identification:_identify(gym_env/lib/python3.12/site-packages/pygame/docs/generated) by extensions ['ignore', 'ignore_ament_install']
[0.919s] Level 1:colcon.colcon_core.package_identification:_identify(gym_env/lib/python3.12/site-packages/pygame/docs/generated) by extension 'ignore'
[0.919s] Level 1:colcon.colcon_core.package_identification:_identify(gym_env/lib/python3.12/site-packages/pygame/docs/generated) by extension 'ignore_ament_install'
[0.919s] Level 1:colcon.colcon_core.package_identification:_identify(gym_env/lib/python3.12/site-packages/pygame/docs/generated) by extensions ['colcon_pkg']
[0.919s] Level 1:colcon.colcon_core.package_identification:_identify(gym_env/lib/python3.12/site-packages/pygame/docs/generated) by extension 'colcon_pkg'
[0.919s] Level 1:colcon.colcon_core.package_identification:_identify(gym_env/lib/python3.12/site-packages/pygame/docs/generated) by extensions ['colcon_meta']
[0.919s] Level 1:colcon.colcon_core.package_identification:_identify(gym_env/lib/python3.12/site-packages/pygame/docs/generated) by extension 'colcon_meta'
[0.919s] Level 1:colcon.colcon_core.package_identification:_identify(gym_env/lib/python3.12/site-packages/pygame/docs/generated) by extensions ['ros']
[0.919s] Level 1:colcon.colcon_core.package_identification:_identify(gym_env/lib/python3.12/site-packages/pygame/docs/generated) by extension 'ros'
[0.920s] Level 1:colcon.colcon_core.package_identification:_identify(gym_env/lib/python3.12/site-packages/pygame/docs/generated) by extensions ['cmake', 'python']
[0.920s] Level 1:colcon.colcon_core.package_identification:_identify(gym_env/lib/python3.12/site-packages/pygame/docs/generated) by extension 'cmake'
[0.920s] Level 1:colcon.colcon_core.package_identification:_identify(gym_env/lib/python3.12/site-packages/pygame/docs/generated) by extension 'python'
[0.920s] Level 1:colcon.colcon_core.package_identification:_identify(gym_env/lib/python3.12/site-packages/pygame/docs/generated) by extensions ['python_setup_py']
[0.920s] Level 1:colcon.colcon_core.package_identification:_identify(gym_env/lib/python3.12/site-packages/pygame/docs/generated) by extension 'python_setup_py'
[0.920s] Level 1:colcon.colcon_core.package_identification:_identify(gym_env/lib/python3.12/site-packages/pygame/docs/generated/_images) by extensions ['ignore', 'ignore_ament_install']
[0.921s] Level 1:colcon.colcon_core.package_identification:_identify(gym_env/lib/python3.12/site-packages/pygame/docs/generated/_images) by extension 'ignore'
[0.921s] Level 1:colcon.colcon_core.package_identification:_identify(gym_env/lib/python3.12/site-packages/pygame/docs/generated/_images) by extension 'ignore_ament_install'
[0.921s] Level 1:colcon.colcon_core.package_identification:_identify(gym_env/lib/python3.12/site-packages/pygame/docs/generated/_images) by extensions ['colcon_pkg']
[0.921s] Level 1:colcon.colcon_core.package_identification:_identify(gym_env/lib/python3.12/site-packages/pygame/docs/generated/_images) by extension 'colcon_pkg'
[0.921s] Level 1:colcon.colcon_core.package_identification:_identify(gym_env/lib/python3.12/site-packages/pygame/docs/generated/_images) by extensions ['colcon_meta']
[0.921s] Level 1:colcon.colcon_core.package_identification:_identify(gym_env/lib/python3.12/site-packages/pygame/docs/generated/_images) by extension 'colcon_meta'
[0.921s] Level 1:colcon.colcon_core.package_identification:_identify(gym_env/lib/python3.12/site-packages/pygame/docs/generated/_images) by extensions ['ros']
[0.921s] Level 1:colcon.colcon_core.package_identification:_identify(gym_env/lib/python3.12/site-packages/pygame/docs/generated/_images) by extension 'ros'
[0.921s] Level 1:colcon.colcon_core.package_identification:_identify(gym_env/lib/python3.12/site-packages/pygame/docs/generated/_images) by extensions ['cmake', 'python']
[0.922s] Level 1:colcon.colcon_core.package_identification:_identify(gym_env/lib/python3.12/site-packages/pygame/docs/generated/_images) by extension 'cmake'
[0.922s] Level 1:colcon.colcon_core.package_identification:_identify(gym_env/lib/python3.12/site-packages/pygame/docs/generated/_images) by extension 'python'
[0.922s] Level 1:colcon.colcon_core.package_identification:_identify(gym_env/lib/python3.12/site-packages/pygame/docs/generated/_images) by extensions ['python_setup_py']
[0.922s] Level 1:colcon.colcon_core.package_identification:_identify(gym_env/lib/python3.12/site-packages/pygame/docs/generated/_images) by extension 'python_setup_py'
[0.922s] Level 1:colcon.colcon_core.package_identification:_identify(gym_env/lib/python3.12/site-packages/pygame/docs/generated/_sources) by extensions ['ignore', 'ignore_ament_install']
[0.922s] Level 1:colcon.colcon_core.package_identification:_identify(gym_env/lib/python3.12/site-packages/pygame/docs/generated/_sources) by extension 'ignore'
[0.922s] Level 1:colcon.colcon_core.package_identification:_identify(gym_env/lib/python3.12/site-packages/pygame/docs/generated/_sources) by extension 'ignore_ament_install'
[0.922s] Level 1:colcon.colcon_core.package_identification:_identify(gym_env/lib/python3.12/site-packages/pygame/docs/generated/_sources) by extensions ['colcon_pkg']
[0.922s] Level 1:colcon.colcon_core.package_identification:_identify(gym_env/lib/python3.12/site-packages/pygame/docs/generated/_sources) by extension 'colcon_pkg'
[0.923s] Level 1:colcon.colcon_core.package_identification:_identify(gym_env/lib/python3.12/site-packages/pygame/docs/generated/_sources) by extensions ['colcon_meta']
[0.923s] Level 1:colcon.colcon_core.package_identification:_identify(gym_env/lib/python3.12/site-packages/pygame/docs/generated/_sources) by extension 'colcon_meta'
[0.923s] Level 1:colcon.colcon_core.package_identification:_identify(gym_env/lib/python3.12/site-packages/pygame/docs/generated/_sources) by extensions ['ros']
[0.923s] Level 1:colcon.colcon_core.package_identification:_identify(gym_env/lib/python3.12/site-packages/pygame/docs/generated/_sources) by extension 'ros'
[0.923s] Level 1:colcon.colcon_core.package_identification:_identify(gym_env/lib/python3.12/site-packages/pygame/docs/generated/_sources) by extensions ['cmake', 'python']
[0.923s] Level 1:colcon.colcon_core.package_identification:_identify(gym_env/lib/python3.12/site-packages/pygame/docs/generated/_sources) by extension 'cmake'
[0.923s] Level 1:colcon.colcon_core.package_identification:_identify(gym_env/lib/python3.12/site-packages/pygame/docs/generated/_sources) by extension 'python'
[0.923s] Level 1:colcon.colcon_core.package_identification:_identify(gym_env/lib/python3.12/site-packages/pygame/docs/generated/_sources) by extensions ['python_setup_py']
[0.923s] Level 1:colcon.colcon_core.package_identification:_identify(gym_env/lib/python3.12/site-packages/pygame/docs/generated/_sources) by extension 'python_setup_py'
[0.924s] Level 1:colcon.colcon_core.package_identification:_identify(gym_env/lib/python3.12/site-packages/pygame/docs/generated/_sources/ref) by extensions ['ignore', 'ignore_ament_install']
[0.924s] Level 1:colcon.colcon_core.package_identification:_identify(gym_env/lib/python3.12/site-packages/pygame/docs/generated/_sources/ref) by extension 'ignore'
[0.924s] Level 1:colcon.colcon_core.package_identification:_identify(gym_env/lib/python3.12/site-packages/pygame/docs/generated/_sources/ref) by extension 'ignore_ament_install'
[0.924s] Level 1:colcon.colcon_core.package_identification:_identify(gym_env/lib/python3.12/site-packages/pygame/docs/generated/_sources/ref) by extensions ['colcon_pkg']
[0.924s] Level 1:colcon.colcon_core.package_identification:_identify(gym_env/lib/python3.12/site-packages/pygame/docs/generated/_sources/ref) by extension 'colcon_pkg'
[0.924s] Level 1:colcon.colcon_core.package_identification:_identify(gym_env/lib/python3.12/site-packages/pygame/docs/generated/_sources/ref) by extensions ['colcon_meta']
[0.924s] Level 1:colcon.colcon_core.package_identification:_identify(gym_env/lib/python3.12/site-packages/pygame/docs/generated/_sources/ref) by extension 'colcon_meta'
[0.925s] Level 1:colcon.colcon_core.package_identification:_identify(gym_env/lib/python3.12/site-packages/pygame/docs/generated/_sources/ref) by extensions ['ros']
[0.925s] Level 1:colcon.colcon_core.package_identification:_identify(gym_env/lib/python3.12/site-packages/pygame/docs/generated/_sources/ref) by extension 'ros'
[0.925s] Level 1:colcon.colcon_core.package_identification:_identify(gym_env/lib/python3.12/site-packages/pygame/docs/generated/_sources/ref) by extensions ['cmake', 'python']
[0.925s] Level 1:colcon.colcon_core.package_identification:_identify(gym_env/lib/python3.12/site-packages/pygame/docs/generated/_sources/ref) by extension 'cmake'
[0.925s] Level 1:colcon.colcon_core.package_identification:_identify(gym_env/lib/python3.12/site-packages/pygame/docs/generated/_sources/ref) by extension 'python'
[0.925s] Level 1:colcon.colcon_core.package_identification:_identify(gym_env/lib/python3.12/site-packages/pygame/docs/generated/_sources/ref) by extensions ['python_setup_py']
[0.925s] Level 1:colcon.colcon_core.package_identification:_identify(gym_env/lib/python3.12/site-packages/pygame/docs/generated/_sources/ref) by extension 'python_setup_py'
[0.926s] Level 1:colcon.colcon_core.package_identification:_identify(gym_env/lib/python3.12/site-packages/pygame/docs/generated/_static) by extensions ['ignore', 'ignore_ament_install']
[0.926s] Level 1:colcon.colcon_core.package_identification:_identify(gym_env/lib/python3.12/site-packages/pygame/docs/generated/_static) by extension 'ignore'
[0.926s] Level 1:colcon.colcon_core.package_identification:_identify(gym_env/lib/python3.12/site-packages/pygame/docs/generated/_static) by extension 'ignore_ament_install'
[0.927s] Level 1:colcon.colcon_core.package_identification:_identify(gym_env/lib/python3.12/site-packages/pygame/docs/generated/_static) by extensions ['colcon_pkg']
[0.927s] Level 1:colcon.colcon_core.package_identification:_identify(gym_env/lib/python3.12/site-packages/pygame/docs/generated/_static) by extension 'colcon_pkg'
[0.927s] Level 1:colcon.colcon_core.package_identification:_identify(gym_env/lib/python3.12/site-packages/pygame/docs/generated/_static) by extensions ['colcon_meta']
[0.927s] Level 1:colcon.colcon_core.package_identification:_identify(gym_env/lib/python3.12/site-packages/pygame/docs/generated/_static) by extension 'colcon_meta'
[0.927s] Level 1:colcon.colcon_core.package_identification:_identify(gym_env/lib/python3.12/site-packages/pygame/docs/generated/_static) by extensions ['ros']
[0.927s] Level 1:colcon.colcon_core.package_identification:_identify(gym_env/lib/python3.12/site-packages/pygame/docs/generated/_static) by extension 'ros'
[0.928s] Level 1:colcon.colcon_core.package_identification:_identify(gym_env/lib/python3.12/site-packages/pygame/docs/generated/_static) by extensions ['cmake', 'python']
[0.928s] Level 1:colcon.colcon_core.package_identification:_identify(gym_env/lib/python3.12/site-packages/pygame/docs/generated/_static) by extension 'cmake'
[0.928s] Level 1:colcon.colcon_core.package_identification:_identify(gym_env/lib/python3.12/site-packages/pygame/docs/generated/_static) by extension 'python'
[0.928s] Level 1:colcon.colcon_core.package_identification:_identify(gym_env/lib/python3.12/site-packages/pygame/docs/generated/_static) by extensions ['python_setup_py']
[0.928s] Level 1:colcon.colcon_core.package_identification:_identify(gym_env/lib/python3.12/site-packages/pygame/docs/generated/_static) by extension 'python_setup_py'
[0.929s] Level 1:colcon.colcon_core.package_identification:_identify(gym_env/lib/python3.12/site-packages/pygame/docs/generated/c_api) by extensions ['ignore', 'ignore_ament_install']
[0.929s] Level 1:colcon.colcon_core.package_identification:_identify(gym_env/lib/python3.12/site-packages/pygame/docs/generated/c_api) by extension 'ignore'
[0.929s] Level 1:colcon.colcon_core.package_identification:_identify(gym_env/lib/python3.12/site-packages/pygame/docs/generated/c_api) by extension 'ignore_ament_install'
[0.929s] Level 1:colcon.colcon_core.package_identification:_identify(gym_env/lib/python3.12/site-packages/pygame/docs/generated/c_api) by extensions ['colcon_pkg']
[0.929s] Level 1:colcon.colcon_core.package_identification:_identify(gym_env/lib/python3.12/site-packages/pygame/docs/generated/c_api) by extension 'colcon_pkg'
[0.930s] Level 1:colcon.colcon_core.package_identification:_identify(gym_env/lib/python3.12/site-packages/pygame/docs/generated/c_api) by extensions ['colcon_meta']
[0.930s] Level 1:colcon.colcon_core.package_identification:_identify(gym_env/lib/python3.12/site-packages/pygame/docs/generated/c_api) by extension 'colcon_meta'
[0.930s] Level 1:colcon.colcon_core.package_identification:_identify(gym_env/lib/python3.12/site-packages/pygame/docs/generated/c_api) by extensions ['ros']
[0.930s] Level 1:colcon.colcon_core.package_identification:_identify(gym_env/lib/python3.12/site-packages/pygame/docs/generated/c_api) by extension 'ros'
[0.930s] Level 1:colcon.colcon_core.package_identification:_identify(gym_env/lib/python3.12/site-packages/pygame/docs/generated/c_api) by extensions ['cmake', 'python']
[0.931s] Level 1:colcon.colcon_core.package_identification:_identify(gym_env/lib/python3.12/site-packages/pygame/docs/generated/c_api) by extension 'cmake'
[0.931s] Level 1:colcon.colcon_core.package_identification:_identify(gym_env/lib/python3.12/site-packages/pygame/docs/generated/c_api) by extension 'python'
[0.931s] Level 1:colcon.colcon_core.package_identification:_identify(gym_env/lib/python3.12/site-packages/pygame/docs/generated/c_api) by extensions ['python_setup_py']
[0.931s] Level 1:colcon.colcon_core.package_identification:_identify(gym_env/lib/python3.12/site-packages/pygame/docs/generated/c_api) by extension 'python_setup_py'
[0.931s] Level 1:colcon.colcon_core.package_identification:_identify(gym_env/lib/python3.12/site-packages/pygame/docs/generated/ref) by extensions ['ignore', 'ignore_ament_install']
[0.932s] Level 1:colcon.colcon_core.package_identification:_identify(gym_env/lib/python3.12/site-packages/pygame/docs/generated/ref) by extension 'ignore'
[0.932s] Level 1:colcon.colcon_core.package_identification:_identify(gym_env/lib/python3.12/site-packages/pygame/docs/generated/ref) by extension 'ignore_ament_install'
[0.932s] Level 1:colcon.colcon_core.package_identification:_identify(gym_env/lib/python3.12/site-packages/pygame/docs/generated/ref) by extensions ['colcon_pkg']
[0.932s] Level 1:colcon.colcon_core.package_identification:_identify(gym_env/lib/python3.12/site-packages/pygame/docs/generated/ref) by extension 'colcon_pkg'
[0.932s] Level 1:colcon.colcon_core.package_identification:_identify(gym_env/lib/python3.12/site-packages/pygame/docs/generated/ref) by extensions ['colcon_meta']
[0.932s] Level 1:colcon.colcon_core.package_identification:_identify(gym_env/lib/python3.12/site-packages/pygame/docs/generated/ref) by extension 'colcon_meta'
[0.932s] Level 1:colcon.colcon_core.package_identification:_identify(gym_env/lib/python3.12/site-packages/pygame/docs/generated/ref) by extensions ['ros']
[0.932s] Level 1:colcon.colcon_core.package_identification:_identify(gym_env/lib/python3.12/site-packages/pygame/docs/generated/ref) by extension 'ros'
[0.933s] Level 1:colcon.colcon_core.package_identification:_identify(gym_env/lib/python3.12/site-packages/pygame/docs/generated/ref) by extensions ['cmake', 'python']
[0.933s] Level 1:colcon.colcon_core.package_identification:_identify(gym_env/lib/python3.12/site-packages/pygame/docs/generated/ref) by extension 'cmake'
[0.933s] Level 1:colcon.colcon_core.package_identification:_identify(gym_env/lib/python3.12/site-packages/pygame/docs/generated/ref) by extension 'python'
[0.933s] Level 1:colcon.colcon_core.package_identification:_identify(gym_env/lib/python3.12/site-packages/pygame/docs/generated/ref) by extensions ['python_setup_py']
[0.933s] Level 1:colcon.colcon_core.package_identification:_identify(gym_env/lib/python3.12/site-packages/pygame/docs/generated/ref) by extension 'python_setup_py'
[0.933s] Level 1:colcon.colcon_core.package_identification:_identify(gym_env/lib/python3.12/site-packages/pygame/docs/generated/tut) by extensions ['ignore', 'ignore_ament_install']
[0.933s] Level 1:colcon.colcon_core.package_identification:_identify(gym_env/lib/python3.12/site-packages/pygame/docs/generated/tut) by extension 'ignore'
[0.933s] Level 1:colcon.colcon_core.package_identification:_identify(gym_env/lib/python3.12/site-packages/pygame/docs/generated/tut) by extension 'ignore_ament_install'
[0.934s] Level 1:colcon.colcon_core.package_identification:_identify(gym_env/lib/python3.12/site-packages/pygame/docs/generated/tut) by extensions ['colcon_pkg']
[0.934s] Level 1:colcon.colcon_core.package_identification:_identify(gym_env/lib/python3.12/site-packages/pygame/docs/generated/tut) by extension 'colcon_pkg'
[0.934s] Level 1:colcon.colcon_core.package_identification:_identify(gym_env/lib/python3.12/site-packages/pygame/docs/generated/tut) by extensions ['colcon_meta']
[0.934s] Level 1:colcon.colcon_core.package_identification:_identify(gym_env/lib/python3.12/site-packages/pygame/docs/generated/tut) by extension 'colcon_meta'
[0.934s] Level 1:colcon.colcon_core.package_identification:_identify(gym_env/lib/python3.12/site-packages/pygame/docs/generated/tut) by extensions ['ros']
[0.934s] Level 1:colcon.colcon_core.package_identification:_identify(gym_env/lib/python3.12/site-packages/pygame/docs/generated/tut) by extension 'ros'
[0.934s] Level 1:colcon.colcon_core.package_identification:_identify(gym_env/lib/python3.12/site-packages/pygame/docs/generated/tut) by extensions ['cmake', 'python']
[0.934s] Level 1:colcon.colcon_core.package_identification:_identify(gym_env/lib/python3.12/site-packages/pygame/docs/generated/tut) by extension 'cmake'
[0.934s] Level 1:colcon.colcon_core.package_identification:_identify(gym_env/lib/python3.12/site-packages/pygame/docs/generated/tut) by extension 'python'
[0.934s] Level 1:colcon.colcon_core.package_identification:_identify(gym_env/lib/python3.12/site-packages/pygame/docs/generated/tut) by extensions ['python_setup_py']
[0.935s] Level 1:colcon.colcon_core.package_identification:_identify(gym_env/lib/python3.12/site-packages/pygame/docs/generated/tut) by extension 'python_setup_py'
[0.935s] Level 1:colcon.colcon_core.package_identification:_identify(gym_env/lib/python3.12/site-packages/pygame/examples) by extensions ['ignore', 'ignore_ament_install']
[0.935s] Level 1:colcon.colcon_core.package_identification:_identify(gym_env/lib/python3.12/site-packages/pygame/examples) by extension 'ignore'
[0.935s] Level 1:colcon.colcon_core.package_identification:_identify(gym_env/lib/python3.12/site-packages/pygame/examples) by extension 'ignore_ament_install'
[0.935s] Level 1:colcon.colcon_core.package_identification:_identify(gym_env/lib/python3.12/site-packages/pygame/examples) by extensions ['colcon_pkg']
[0.935s] Level 1:colcon.colcon_core.package_identification:_identify(gym_env/lib/python3.12/site-packages/pygame/examples) by extension 'colcon_pkg'
[0.935s] Level 1:colcon.colcon_core.package_identification:_identify(gym_env/lib/python3.12/site-packages/pygame/examples) by extensions ['colcon_meta']
[0.935s] Level 1:colcon.colcon_core.package_identification:_identify(gym_env/lib/python3.12/site-packages/pygame/examples) by extension 'colcon_meta'
[0.936s] Level 1:colcon.colcon_core.package_identification:_identify(gym_env/lib/python3.12/site-packages/pygame/examples) by extensions ['ros']
[0.936s] Level 1:colcon.colcon_core.package_identification:_identify(gym_env/lib/python3.12/site-packages/pygame/examples) by extension 'ros'
[0.936s] Level 1:colcon.colcon_core.package_identification:_identify(gym_env/lib/python3.12/site-packages/pygame/examples) by extensions ['cmake', 'python']
[0.936s] Level 1:colcon.colcon_core.package_identification:_identify(gym_env/lib/python3.12/site-packages/pygame/examples) by extension 'cmake'
[0.936s] Level 1:colcon.colcon_core.package_identification:_identify(gym_env/lib/python3.12/site-packages/pygame/examples) by extension 'python'
[0.936s] Level 1:colcon.colcon_core.package_identification:_identify(gym_env/lib/python3.12/site-packages/pygame/examples) by extensions ['python_setup_py']
[0.936s] Level 1:colcon.colcon_core.package_identification:_identify(gym_env/lib/python3.12/site-packages/pygame/examples) by extension 'python_setup_py'
[0.936s] Level 1:colcon.colcon_core.package_identification:_identify(gym_env/lib/python3.12/site-packages/pygame/examples/__pycache__) by extensions ['ignore', 'ignore_ament_install']
[0.937s] Level 1:colcon.colcon_core.package_identification:_identify(gym_env/lib/python3.12/site-packages/pygame/examples/__pycache__) by extension 'ignore'
[0.937s] Level 1:colcon.colcon_core.package_identification:_identify(gym_env/lib/python3.12/site-packages/pygame/examples/__pycache__) by extension 'ignore_ament_install'
[0.937s] Level 1:colcon.colcon_core.package_identification:_identify(gym_env/lib/python3.12/site-packages/pygame/examples/__pycache__) by extensions ['colcon_pkg']
[0.937s] Level 1:colcon.colcon_core.package_identification:_identify(gym_env/lib/python3.12/site-packages/pygame/examples/__pycache__) by extension 'colcon_pkg'
[0.937s] Level 1:colcon.colcon_core.package_identification:_identify(gym_env/lib/python3.12/site-packages/pygame/examples/__pycache__) by extensions ['colcon_meta']
[0.937s] Level 1:colcon.colcon_core.package_identification:_identify(gym_env/lib/python3.12/site-packages/pygame/examples/__pycache__) by extension 'colcon_meta'
[0.937s] Level 1:colcon.colcon_core.package_identification:_identify(gym_env/lib/python3.12/site-packages/pygame/examples/__pycache__) by extensions ['ros']
[0.937s] Level 1:colcon.colcon_core.package_identification:_identify(gym_env/lib/python3.12/site-packages/pygame/examples/__pycache__) by extension 'ros'
[0.937s] Level 1:colcon.colcon_core.package_identification:_identify(gym_env/lib/python3.12/site-packages/pygame/examples/__pycache__) by extensions ['cmake', 'python']
[0.938s] Level 1:colcon.colcon_core.package_identification:_identify(gym_env/lib/python3.12/site-packages/pygame/examples/__pycache__) by extension 'cmake'
[0.938s] Level 1:colcon.colcon_core.package_identification:_identify(gym_env/lib/python3.12/site-packages/pygame/examples/__pycache__) by extension 'python'
[0.938s] Level 1:colcon.colcon_core.package_identification:_identify(gym_env/lib/python3.12/site-packages/pygame/examples/__pycache__) by extensions ['python_setup_py']
[0.938s] Level 1:colcon.colcon_core.package_identification:_identify(gym_env/lib/python3.12/site-packages/pygame/examples/__pycache__) by extension 'python_setup_py'
[0.938s] Level 1:colcon.colcon_core.package_identification:_identify(gym_env/lib/python3.12/site-packages/pygame/examples/data) by extensions ['ignore', 'ignore_ament_install']
[0.938s] Level 1:colcon.colcon_core.package_identification:_identify(gym_env/lib/python3.12/site-packages/pygame/examples/data) by extension 'ignore'
[0.938s] Level 1:colcon.colcon_core.package_identification:_identify(gym_env/lib/python3.12/site-packages/pygame/examples/data) by extension 'ignore_ament_install'
[0.939s] Level 1:colcon.colcon_core.package_identification:_identify(gym_env/lib/python3.12/site-packages/pygame/examples/data) by extensions ['colcon_pkg']
[0.939s] Level 1:colcon.colcon_core.package_identification:_identify(gym_env/lib/python3.12/site-packages/pygame/examples/data) by extension 'colcon_pkg'
[0.939s] Level 1:colcon.colcon_core.package_identification:_identify(gym_env/lib/python3.12/site-packages/pygame/examples/data) by extensions ['colcon_meta']
[0.939s] Level 1:colcon.colcon_core.package_identification:_identify(gym_env/lib/python3.12/site-packages/pygame/examples/data) by extension 'colcon_meta'
[0.939s] Level 1:colcon.colcon_core.package_identification:_identify(gym_env/lib/python3.12/site-packages/pygame/examples/data) by extensions ['ros']
[0.939s] Level 1:colcon.colcon_core.package_identification:_identify(gym_env/lib/python3.12/site-packages/pygame/examples/data) by extension 'ros'
[0.939s] Level 1:colcon.colcon_core.package_identification:_identify(gym_env/lib/python3.12/site-packages/pygame/examples/data) by extensions ['cmake', 'python']
[0.939s] Level 1:colcon.colcon_core.package_identification:_identify(gym_env/lib/python3.12/site-packages/pygame/examples/data) by extension 'cmake'
[0.939s] Level 1:colcon.colcon_core.package_identification:_identify(gym_env/lib/python3.12/site-packages/pygame/examples/data) by extension 'python'
[0.939s] Level 1:colcon.colcon_core.package_identification:_identify(gym_env/lib/python3.12/site-packages/pygame/examples/data) by extensions ['python_setup_py']
[0.939s] Level 1:colcon.colcon_core.package_identification:_identify(gym_env/lib/python3.12/site-packages/pygame/examples/data) by extension 'python_setup_py'
[0.940s] Level 1:colcon.colcon_core.package_identification:_identify(gym_env/lib/python3.12/site-packages/pygame/tests) by extensions ['ignore', 'ignore_ament_install']
[0.940s] Level 1:colcon.colcon_core.package_identification:_identify(gym_env/lib/python3.12/site-packages/pygame/tests) by extension 'ignore'
[0.940s] Level 1:colcon.colcon_core.package_identification:_identify(gym_env/lib/python3.12/site-packages/pygame/tests) by extension 'ignore_ament_install'
[0.940s] Level 1:colcon.colcon_core.package_identification:_identify(gym_env/lib/python3.12/site-packages/pygame/tests) by extensions ['colcon_pkg']
[0.940s] Level 1:colcon.colcon_core.package_identification:_identify(gym_env/lib/python3.12/site-packages/pygame/tests) by extension 'colcon_pkg'
[0.940s] Level 1:colcon.colcon_core.package_identification:_identify(gym_env/lib/python3.12/site-packages/pygame/tests) by extensions ['colcon_meta']
[0.940s] Level 1:colcon.colcon_core.package_identification:_identify(gym_env/lib/python3.12/site-packages/pygame/tests) by extension 'colcon_meta'
[0.940s] Level 1:colcon.colcon_core.package_identification:_identify(gym_env/lib/python3.12/site-packages/pygame/tests) by extensions ['ros']
[0.941s] Level 1:colcon.colcon_core.package_identification:_identify(gym_env/lib/python3.12/site-packages/pygame/tests) by extension 'ros'
[0.941s] Level 1:colcon.colcon_core.package_identification:_identify(gym_env/lib/python3.12/site-packages/pygame/tests) by extensions ['cmake', 'python']
[0.941s] Level 1:colcon.colcon_core.package_identification:_identify(gym_env/lib/python3.12/site-packages/pygame/tests) by extension 'cmake'
[0.941s] Level 1:colcon.colcon_core.package_identification:_identify(gym_env/lib/python3.12/site-packages/pygame/tests) by extension 'python'
[0.941s] Level 1:colcon.colcon_core.package_identification:_identify(gym_env/lib/python3.12/site-packages/pygame/tests) by extensions ['python_setup_py']
[0.941s] Level 1:colcon.colcon_core.package_identification:_identify(gym_env/lib/python3.12/site-packages/pygame/tests) by extension 'python_setup_py'
[0.942s] Level 1:colcon.colcon_core.package_identification:_identify(gym_env/lib/python3.12/site-packages/pygame/tests/__pycache__) by extensions ['ignore', 'ignore_ament_install']
[0.942s] Level 1:colcon.colcon_core.package_identification:_identify(gym_env/lib/python3.12/site-packages/pygame/tests/__pycache__) by extension 'ignore'
[0.942s] Level 1:colcon.colcon_core.package_identification:_identify(gym_env/lib/python3.12/site-packages/pygame/tests/__pycache__) by extension 'ignore_ament_install'
[0.942s] Level 1:colcon.colcon_core.package_identification:_identify(gym_env/lib/python3.12/site-packages/pygame/tests/__pycache__) by extensions ['colcon_pkg']
[0.942s] Level 1:colcon.colcon_core.package_identification:_identify(gym_env/lib/python3.12/site-packages/pygame/tests/__pycache__) by extension 'colcon_pkg'
[0.943s] Level 1:colcon.colcon_core.package_identification:_identify(gym_env/lib/python3.12/site-packages/pygame/tests/__pycache__) by extensions ['colcon_meta']
[0.943s] Level 1:colcon.colcon_core.package_identification:_identify(gym_env/lib/python3.12/site-packages/pygame/tests/__pycache__) by extension 'colcon_meta'
[0.943s] Level 1:colcon.colcon_core.package_identification:_identify(gym_env/lib/python3.12/site-packages/pygame/tests/__pycache__) by extensions ['ros']
[0.943s] Level 1:colcon.colcon_core.package_identification:_identify(gym_env/lib/python3.12/site-packages/pygame/tests/__pycache__) by extension 'ros'
[0.943s] Level 1:colcon.colcon_core.package_identification:_identify(gym_env/lib/python3.12/site-packages/pygame/tests/__pycache__) by extensions ['cmake', 'python']
[0.944s] Level 1:colcon.colcon_core.package_identification:_identify(gym_env/lib/python3.12/site-packages/pygame/tests/__pycache__) by extension 'cmake'
[0.944s] Level 1:colcon.colcon_core.package_identification:_identify(gym_env/lib/python3.12/site-packages/pygame/tests/__pycache__) by extension 'python'
[0.944s] Level 1:colcon.colcon_core.package_identification:_identify(gym_env/lib/python3.12/site-packages/pygame/tests/__pycache__) by extensions ['python_setup_py']
[0.944s] Level 1:colcon.colcon_core.package_identification:_identify(gym_env/lib/python3.12/site-packages/pygame/tests/__pycache__) by extension 'python_setup_py'
[0.944s] Level 1:colcon.colcon_core.package_identification:_identify(gym_env/lib/python3.12/site-packages/pygame/tests/fixtures) by extensions ['ignore', 'ignore_ament_install']
[0.945s] Level 1:colcon.colcon_core.package_identification:_identify(gym_env/lib/python3.12/site-packages/pygame/tests/fixtures) by extension 'ignore'
[0.945s] Level 1:colcon.colcon_core.package_identification:_identify(gym_env/lib/python3.12/site-packages/pygame/tests/fixtures) by extension 'ignore_ament_install'
[0.945s] Level 1:colcon.colcon_core.package_identification:_identify(gym_env/lib/python3.12/site-packages/pygame/tests/fixtures) by extensions ['colcon_pkg']
[0.945s] Level 1:colcon.colcon_core.package_identification:_identify(gym_env/lib/python3.12/site-packages/pygame/tests/fixtures) by extension 'colcon_pkg'
[0.945s] Level 1:colcon.colcon_core.package_identification:_identify(gym_env/lib/python3.12/site-packages/pygame/tests/fixtures) by extensions ['colcon_meta']
[0.945s] Level 1:colcon.colcon_core.package_identification:_identify(gym_env/lib/python3.12/site-packages/pygame/tests/fixtures) by extension 'colcon_meta'
[0.946s] Level 1:colcon.colcon_core.package_identification:_identify(gym_env/lib/python3.12/site-packages/pygame/tests/fixtures) by extensions ['ros']
[0.946s] Level 1:colcon.colcon_core.package_identification:_identify(gym_env/lib/python3.12/site-packages/pygame/tests/fixtures) by extension 'ros'
[0.946s] Level 1:colcon.colcon_core.package_identification:_identify(gym_env/lib/python3.12/site-packages/pygame/tests/fixtures) by extensions ['cmake', 'python']
[0.946s] Level 1:colcon.colcon_core.package_identification:_identify(gym_env/lib/python3.12/site-packages/pygame/tests/fixtures) by extension 'cmake'
[0.946s] Level 1:colcon.colcon_core.package_identification:_identify(gym_env/lib/python3.12/site-packages/pygame/tests/fixtures) by extension 'python'
[0.946s] Level 1:colcon.colcon_core.package_identification:_identify(gym_env/lib/python3.12/site-packages/pygame/tests/fixtures) by extensions ['python_setup_py']
[0.946s] Level 1:colcon.colcon_core.package_identification:_identify(gym_env/lib/python3.12/site-packages/pygame/tests/fixtures) by extension 'python_setup_py'
[0.946s] Level 1:colcon.colcon_core.package_identification:_identify(gym_env/lib/python3.12/site-packages/pygame/tests/fixtures/fonts) by extensions ['ignore', 'ignore_ament_install']
[0.947s] Level 1:colcon.colcon_core.package_identification:_identify(gym_env/lib/python3.12/site-packages/pygame/tests/fixtures/fonts) by extension 'ignore'
[0.947s] Level 1:colcon.colcon_core.package_identification:_identify(gym_env/lib/python3.12/site-packages/pygame/tests/fixtures/fonts) by extension 'ignore_ament_install'
[0.947s] Level 1:colcon.colcon_core.package_identification:_identify(gym_env/lib/python3.12/site-packages/pygame/tests/fixtures/fonts) by extensions ['colcon_pkg']
[0.947s] Level 1:colcon.colcon_core.package_identification:_identify(gym_env/lib/python3.12/site-packages/pygame/tests/fixtures/fonts) by extension 'colcon_pkg'
[0.947s] Level 1:colcon.colcon_core.package_identification:_identify(gym_env/lib/python3.12/site-packages/pygame/tests/fixtures/fonts) by extensions ['colcon_meta']
[0.947s] Level 1:colcon.colcon_core.package_identification:_identify(gym_env/lib/python3.12/site-packages/pygame/tests/fixtures/fonts) by extension 'colcon_meta'
[0.947s] Level 1:colcon.colcon_core.package_identification:_identify(gym_env/lib/python3.12/site-packages/pygame/tests/fixtures/fonts) by extensions ['ros']
[0.947s] Level 1:colcon.colcon_core.package_identification:_identify(gym_env/lib/python3.12/site-packages/pygame/tests/fixtures/fonts) by extension 'ros'
[0.948s] Level 1:colcon.colcon_core.package_identification:_identify(gym_env/lib/python3.12/site-packages/pygame/tests/fixtures/fonts) by extensions ['cmake', 'python']
[0.948s] Level 1:colcon.colcon_core.package_identification:_identify(gym_env/lib/python3.12/site-packages/pygame/tests/fixtures/fonts) by extension 'cmake'
[0.948s] Level 1:colcon.colcon_core.package_identification:_identify(gym_env/lib/python3.12/site-packages/pygame/tests/fixtures/fonts) by extension 'python'
[0.948s] Level 1:colcon.colcon_core.package_identification:_identify(gym_env/lib/python3.12/site-packages/pygame/tests/fixtures/fonts) by extensions ['python_setup_py']
[0.948s] Level 1:colcon.colcon_core.package_identification:_identify(gym_env/lib/python3.12/site-packages/pygame/tests/fixtures/fonts) by extension 'python_setup_py'
[0.948s] Level 1:colcon.colcon_core.package_identification:_identify(gym_env/lib/python3.12/site-packages/pygame/tests/fixtures/xbm_cursors) by extensions ['ignore', 'ignore_ament_install']
[0.948s] Level 1:colcon.colcon_core.package_identification:_identify(gym_env/lib/python3.12/site-packages/pygame/tests/fixtures/xbm_cursors) by extension 'ignore'
[0.949s] Level 1:colcon.colcon_core.package_identification:_identify(gym_env/lib/python3.12/site-packages/pygame/tests/fixtures/xbm_cursors) by extension 'ignore_ament_install'
[0.949s] Level 1:colcon.colcon_core.package_identification:_identify(gym_env/lib/python3.12/site-packages/pygame/tests/fixtures/xbm_cursors) by extensions ['colcon_pkg']
[0.949s] Level 1:colcon.colcon_core.package_identification:_identify(gym_env/lib/python3.12/site-packages/pygame/tests/fixtures/xbm_cursors) by extension 'colcon_pkg'
[0.949s] Level 1:colcon.colcon_core.package_identification:_identify(gym_env/lib/python3.12/site-packages/pygame/tests/fixtures/xbm_cursors) by extensions ['colcon_meta']
[0.949s] Level 1:colcon.colcon_core.package_identification:_identify(gym_env/lib/python3.12/site-packages/pygame/tests/fixtures/xbm_cursors) by extension 'colcon_meta'
[0.949s] Level 1:colcon.colcon_core.package_identification:_identify(gym_env/lib/python3.12/site-packages/pygame/tests/fixtures/xbm_cursors) by extensions ['ros']
[0.949s] Level 1:colcon.colcon_core.package_identification:_identify(gym_env/lib/python3.12/site-packages/pygame/tests/fixtures/xbm_cursors) by extension 'ros'
[0.949s] Level 1:colcon.colcon_core.package_identification:_identify(gym_env/lib/python3.12/site-packages/pygame/tests/fixtures/xbm_cursors) by extensions ['cmake', 'python']
[0.949s] Level 1:colcon.colcon_core.package_identification:_identify(gym_env/lib/python3.12/site-packages/pygame/tests/fixtures/xbm_cursors) by extension 'cmake'
[0.950s] Level 1:colcon.colcon_core.package_identification:_identify(gym_env/lib/python3.12/site-packages/pygame/tests/fixtures/xbm_cursors) by extension 'python'
[0.950s] Level 1:colcon.colcon_core.package_identification:_identify(gym_env/lib/python3.12/site-packages/pygame/tests/fixtures/xbm_cursors) by extensions ['python_setup_py']
[0.950s] Level 1:colcon.colcon_core.package_identification:_identify(gym_env/lib/python3.12/site-packages/pygame/tests/fixtures/xbm_cursors) by extension 'python_setup_py'
[0.950s] Level 1:colcon.colcon_core.package_identification:_identify(gym_env/lib/python3.12/site-packages/pygame/tests/run_tests__tests) by extensions ['ignore', 'ignore_ament_install']
[0.950s] Level 1:colcon.colcon_core.package_identification:_identify(gym_env/lib/python3.12/site-packages/pygame/tests/run_tests__tests) by extension 'ignore'
[0.950s] Level 1:colcon.colcon_core.package_identification:_identify(gym_env/lib/python3.12/site-packages/pygame/tests/run_tests__tests) by extension 'ignore_ament_install'
[0.950s] Level 1:colcon.colcon_core.package_identification:_identify(gym_env/lib/python3.12/site-packages/pygame/tests/run_tests__tests) by extensions ['colcon_pkg']
[0.950s] Level 1:colcon.colcon_core.package_identification:_identify(gym_env/lib/python3.12/site-packages/pygame/tests/run_tests__tests) by extension 'colcon_pkg'
[0.950s] Level 1:colcon.colcon_core.package_identification:_identify(gym_env/lib/python3.12/site-packages/pygame/tests/run_tests__tests) by extensions ['colcon_meta']
[0.951s] Level 1:colcon.colcon_core.package_identification:_identify(gym_env/lib/python3.12/site-packages/pygame/tests/run_tests__tests) by extension 'colcon_meta'
[0.951s] Level 1:colcon.colcon_core.package_identification:_identify(gym_env/lib/python3.12/site-packages/pygame/tests/run_tests__tests) by extensions ['ros']
[0.951s] Level 1:colcon.colcon_core.package_identification:_identify(gym_env/lib/python3.12/site-packages/pygame/tests/run_tests__tests) by extension 'ros'
[0.951s] Level 1:colcon.colcon_core.package_identification:_identify(gym_env/lib/python3.12/site-packages/pygame/tests/run_tests__tests) by extensions ['cmake', 'python']
[0.951s] Level 1:colcon.colcon_core.package_identification:_identify(gym_env/lib/python3.12/site-packages/pygame/tests/run_tests__tests) by extension 'cmake'
[0.951s] Level 1:colcon.colcon_core.package_identification:_identify(gym_env/lib/python3.12/site-packages/pygame/tests/run_tests__tests) by extension 'python'
[0.951s] Level 1:colcon.colcon_core.package_identification:_identify(gym_env/lib/python3.12/site-packages/pygame/tests/run_tests__tests) by extensions ['python_setup_py']
[0.951s] Level 1:colcon.colcon_core.package_identification:_identify(gym_env/lib/python3.12/site-packages/pygame/tests/run_tests__tests) by extension 'python_setup_py'
[0.952s] Level 1:colcon.colcon_core.package_identification:_identify(gym_env/lib/python3.12/site-packages/pygame/tests/run_tests__tests/__pycache__) by extensions ['ignore', 'ignore_ament_install']
[0.952s] Level 1:colcon.colcon_core.package_identification:_identify(gym_env/lib/python3.12/site-packages/pygame/tests/run_tests__tests/__pycache__) by extension 'ignore'
[0.952s] Level 1:colcon.colcon_core.package_identification:_identify(gym_env/lib/python3.12/site-packages/pygame/tests/run_tests__tests/__pycache__) by extension 'ignore_ament_install'
[0.952s] Level 1:colcon.colcon_core.package_identification:_identify(gym_env/lib/python3.12/site-packages/pygame/tests/run_tests__tests/__pycache__) by extensions ['colcon_pkg']
[0.952s] Level 1:colcon.colcon_core.package_identification:_identify(gym_env/lib/python3.12/site-packages/pygame/tests/run_tests__tests/__pycache__) by extension 'colcon_pkg'
[0.952s] Level 1:colcon.colcon_core.package_identification:_identify(gym_env/lib/python3.12/site-packages/pygame/tests/run_tests__tests/__pycache__) by extensions ['colcon_meta']
[0.952s] Level 1:colcon.colcon_core.package_identification:_identify(gym_env/lib/python3.12/site-packages/pygame/tests/run_tests__tests/__pycache__) by extension 'colcon_meta'
[0.952s] Level 1:colcon.colcon_core.package_identification:_identify(gym_env/lib/python3.12/site-packages/pygame/tests/run_tests__tests/__pycache__) by extensions ['ros']
[0.952s] Level 1:colcon.colcon_core.package_identification:_identify(gym_env/lib/python3.12/site-packages/pygame/tests/run_tests__tests/__pycache__) by extension 'ros'
[0.953s] Level 1:colcon.colcon_core.package_identification:_identify(gym_env/lib/python3.12/site-packages/pygame/tests/run_tests__tests/__pycache__) by extensions ['cmake', 'python']
[0.953s] Level 1:colcon.colcon_core.package_identification:_identify(gym_env/lib/python3.12/site-packages/pygame/tests/run_tests__tests/__pycache__) by extension 'cmake'
[0.953s] Level 1:colcon.colcon_core.package_identification:_identify(gym_env/lib/python3.12/site-packages/pygame/tests/run_tests__tests/__pycache__) by extension 'python'
[0.953s] Level 1:colcon.colcon_core.package_identification:_identify(gym_env/lib/python3.12/site-packages/pygame/tests/run_tests__tests/__pycache__) by extensions ['python_setup_py']
[0.953s] Level 1:colcon.colcon_core.package_identification:_identify(gym_env/lib/python3.12/site-packages/pygame/tests/run_tests__tests/__pycache__) by extension 'python_setup_py'
[0.953s] Level 1:colcon.colcon_core.package_identification:_identify(gym_env/lib/python3.12/site-packages/pygame/tests/run_tests__tests/all_ok) by extensions ['ignore', 'ignore_ament_install']
[0.953s] Level 1:colcon.colcon_core.package_identification:_identify(gym_env/lib/python3.12/site-packages/pygame/tests/run_tests__tests/all_ok) by extension 'ignore'
[0.953s] Level 1:colcon.colcon_core.package_identification:_identify(gym_env/lib/python3.12/site-packages/pygame/tests/run_tests__tests/all_ok) by extension 'ignore_ament_install'
[0.954s] Level 1:colcon.colcon_core.package_identification:_identify(gym_env/lib/python3.12/site-packages/pygame/tests/run_tests__tests/all_ok) by extensions ['colcon_pkg']
[0.954s] Level 1:colcon.colcon_core.package_identification:_identify(gym_env/lib/python3.12/site-packages/pygame/tests/run_tests__tests/all_ok) by extension 'colcon_pkg'
[0.954s] Level 1:colcon.colcon_core.package_identification:_identify(gym_env/lib/python3.12/site-packages/pygame/tests/run_tests__tests/all_ok) by extensions ['colcon_meta']
[0.954s] Level 1:colcon.colcon_core.package_identification:_identify(gym_env/lib/python3.12/site-packages/pygame/tests/run_tests__tests/all_ok) by extension 'colcon_meta'
[0.954s] Level 1:colcon.colcon_core.package_identification:_identify(gym_env/lib/python3.12/site-packages/pygame/tests/run_tests__tests/all_ok) by extensions ['ros']
[0.954s] Level 1:colcon.colcon_core.package_identification:_identify(gym_env/lib/python3.12/site-packages/pygame/tests/run_tests__tests/all_ok) by extension 'ros'
[0.954s] Level 1:colcon.colcon_core.package_identification:_identify(gym_env/lib/python3.12/site-packages/pygame/tests/run_tests__tests/all_ok) by extensions ['cmake', 'python']
[0.954s] Level 1:colcon.colcon_core.package_identification:_identify(gym_env/lib/python3.12/site-packages/pygame/tests/run_tests__tests/all_ok) by extension 'cmake'
[0.954s] Level 1:colcon.colcon_core.package_identification:_identify(gym_env/lib/python3.12/site-packages/pygame/tests/run_tests__tests/all_ok) by extension 'python'
[0.954s] Level 1:colcon.colcon_core.package_identification:_identify(gym_env/lib/python3.12/site-packages/pygame/tests/run_tests__tests/all_ok) by extensions ['python_setup_py']
[0.954s] Level 1:colcon.colcon_core.package_identification:_identify(gym_env/lib/python3.12/site-packages/pygame/tests/run_tests__tests/all_ok) by extension 'python_setup_py'
[0.955s] Level 1:colcon.colcon_core.package_identification:_identify(gym_env/lib/python3.12/site-packages/pygame/tests/run_tests__tests/all_ok/__pycache__) by extensions ['ignore', 'ignore_ament_install']
[0.955s] Level 1:colcon.colcon_core.package_identification:_identify(gym_env/lib/python3.12/site-packages/pygame/tests/run_tests__tests/all_ok/__pycache__) by extension 'ignore'
[0.955s] Level 1:colcon.colcon_core.package_identification:_identify(gym_env/lib/python3.12/site-packages/pygame/tests/run_tests__tests/all_ok/__pycache__) by extension 'ignore_ament_install'
[0.955s] Level 1:colcon.colcon_core.package_identification:_identify(gym_env/lib/python3.12/site-packages/pygame/tests/run_tests__tests/all_ok/__pycache__) by extensions ['colcon_pkg']
[0.955s] Level 1:colcon.colcon_core.package_identification:_identify(gym_env/lib/python3.12/site-packages/pygame/tests/run_tests__tests/all_ok/__pycache__) by extension 'colcon_pkg'
[0.955s] Level 1:colcon.colcon_core.package_identification:_identify(gym_env/lib/python3.12/site-packages/pygame/tests/run_tests__tests/all_ok/__pycache__) by extensions ['colcon_meta']
[0.955s] Level 1:colcon.colcon_core.package_identification:_identify(gym_env/lib/python3.12/site-packages/pygame/tests/run_tests__tests/all_ok/__pycache__) by extension 'colcon_meta'
[0.955s] Level 1:colcon.colcon_core.package_identification:_identify(gym_env/lib/python3.12/site-packages/pygame/tests/run_tests__tests/all_ok/__pycache__) by extensions ['ros']
[0.956s] Level 1:colcon.colcon_core.package_identification:_identify(gym_env/lib/python3.12/site-packages/pygame/tests/run_tests__tests/all_ok/__pycache__) by extension 'ros'
[0.956s] Level 1:colcon.colcon_core.package_identification:_identify(gym_env/lib/python3.12/site-packages/pygame/tests/run_tests__tests/all_ok/__pycache__) by extensions ['cmake', 'python']
[0.956s] Level 1:colcon.colcon_core.package_identification:_identify(gym_env/lib/python3.12/site-packages/pygame/tests/run_tests__tests/all_ok/__pycache__) by extension 'cmake'
[0.956s] Level 1:colcon.colcon_core.package_identification:_identify(gym_env/lib/python3.12/site-packages/pygame/tests/run_tests__tests/all_ok/__pycache__) by extension 'python'
[0.956s] Level 1:colcon.colcon_core.package_identification:_identify(gym_env/lib/python3.12/site-packages/pygame/tests/run_tests__tests/all_ok/__pycache__) by extensions ['python_setup_py']
[0.956s] Level 1:colcon.colcon_core.package_identification:_identify(gym_env/lib/python3.12/site-packages/pygame/tests/run_tests__tests/all_ok/__pycache__) by extension 'python_setup_py'
[0.956s] Level 1:colcon.colcon_core.package_identification:_identify(gym_env/lib/python3.12/site-packages/pygame/tests/run_tests__tests/everything) by extensions ['ignore', 'ignore_ament_install']
[0.956s] Level 1:colcon.colcon_core.package_identification:_identify(gym_env/lib/python3.12/site-packages/pygame/tests/run_tests__tests/everything) by extension 'ignore'
[0.957s] Level 1:colcon.colcon_core.package_identification:_identify(gym_env/lib/python3.12/site-packages/pygame/tests/run_tests__tests/everything) by extension 'ignore_ament_install'
[0.957s] Level 1:colcon.colcon_core.package_identification:_identify(gym_env/lib/python3.12/site-packages/pygame/tests/run_tests__tests/everything) by extensions ['colcon_pkg']
[0.957s] Level 1:colcon.colcon_core.package_identification:_identify(gym_env/lib/python3.12/site-packages/pygame/tests/run_tests__tests/everything) by extension 'colcon_pkg'
[0.957s] Level 1:colcon.colcon_core.package_identification:_identify(gym_env/lib/python3.12/site-packages/pygame/tests/run_tests__tests/everything) by extensions ['colcon_meta']
[0.957s] Level 1:colcon.colcon_core.package_identification:_identify(gym_env/lib/python3.12/site-packages/pygame/tests/run_tests__tests/everything) by extension 'colcon_meta'
[0.957s] Level 1:colcon.colcon_core.package_identification:_identify(gym_env/lib/python3.12/site-packages/pygame/tests/run_tests__tests/everything) by extensions ['ros']
[0.957s] Level 1:colcon.colcon_core.package_identification:_identify(gym_env/lib/python3.12/site-packages/pygame/tests/run_tests__tests/everything) by extension 'ros'
[0.957s] Level 1:colcon.colcon_core.package_identification:_identify(gym_env/lib/python3.12/site-packages/pygame/tests/run_tests__tests/everything) by extensions ['cmake', 'python']
[0.957s] Level 1:colcon.colcon_core.package_identification:_identify(gym_env/lib/python3.12/site-packages/pygame/tests/run_tests__tests/everything) by extension 'cmake'
[0.958s] Level 1:colcon.colcon_core.package_identification:_identify(gym_env/lib/python3.12/site-packages/pygame/tests/run_tests__tests/everything) by extension 'python'
[0.958s] Level 1:colcon.colcon_core.package_identification:_identify(gym_env/lib/python3.12/site-packages/pygame/tests/run_tests__tests/everything) by extensions ['python_setup_py']
[0.958s] Level 1:colcon.colcon_core.package_identification:_identify(gym_env/lib/python3.12/site-packages/pygame/tests/run_tests__tests/everything) by extension 'python_setup_py'
[0.958s] Level 1:colcon.colcon_core.package_identification:_identify(gym_env/lib/python3.12/site-packages/pygame/tests/run_tests__tests/everything/__pycache__) by extensions ['ignore', 'ignore_ament_install']
[0.958s] Level 1:colcon.colcon_core.package_identification:_identify(gym_env/lib/python3.12/site-packages/pygame/tests/run_tests__tests/everything/__pycache__) by extension 'ignore'
[0.958s] Level 1:colcon.colcon_core.package_identification:_identify(gym_env/lib/python3.12/site-packages/pygame/tests/run_tests__tests/everything/__pycache__) by extension 'ignore_ament_install'
[0.959s] Level 1:colcon.colcon_core.package_identification:_identify(gym_env/lib/python3.12/site-packages/pygame/tests/run_tests__tests/everything/__pycache__) by extensions ['colcon_pkg']
[0.959s] Level 1:colcon.colcon_core.package_identification:_identify(gym_env/lib/python3.12/site-packages/pygame/tests/run_tests__tests/everything/__pycache__) by extension 'colcon_pkg'
[0.959s] Level 1:colcon.colcon_core.package_identification:_identify(gym_env/lib/python3.12/site-packages/pygame/tests/run_tests__tests/everything/__pycache__) by extensions ['colcon_meta']
[0.959s] Level 1:colcon.colcon_core.package_identification:_identify(gym_env/lib/python3.12/site-packages/pygame/tests/run_tests__tests/everything/__pycache__) by extension 'colcon_meta'
[0.959s] Level 1:colcon.colcon_core.package_identification:_identify(gym_env/lib/python3.12/site-packages/pygame/tests/run_tests__tests/everything/__pycache__) by extensions ['ros']
[0.959s] Level 1:colcon.colcon_core.package_identification:_identify(gym_env/lib/python3.12/site-packages/pygame/tests/run_tests__tests/everything/__pycache__) by extension 'ros'
[0.960s] Level 1:colcon.colcon_core.package_identification:_identify(gym_env/lib/python3.12/site-packages/pygame/tests/run_tests__tests/everything/__pycache__) by extensions ['cmake', 'python']
[0.960s] Level 1:colcon.colcon_core.package_identification:_identify(gym_env/lib/python3.12/site-packages/pygame/tests/run_tests__tests/everything/__pycache__) by extension 'cmake'
[0.960s] Level 1:colcon.colcon_core.package_identification:_identify(gym_env/lib/python3.12/site-packages/pygame/tests/run_tests__tests/everything/__pycache__) by extension 'python'
[0.960s] Level 1:colcon.colcon_core.package_identification:_identify(gym_env/lib/python3.12/site-packages/pygame/tests/run_tests__tests/everything/__pycache__) by extensions ['python_setup_py']
[0.960s] Level 1:colcon.colcon_core.package_identification:_identify(gym_env/lib/python3.12/site-packages/pygame/tests/run_tests__tests/everything/__pycache__) by extension 'python_setup_py'
[0.961s] Level 1:colcon.colcon_core.package_identification:_identify(gym_env/lib/python3.12/site-packages/pygame/tests/run_tests__tests/exclude) by extensions ['ignore', 'ignore_ament_install']
[0.961s] Level 1:colcon.colcon_core.package_identification:_identify(gym_env/lib/python3.12/site-packages/pygame/tests/run_tests__tests/exclude) by extension 'ignore'
[0.961s] Level 1:colcon.colcon_core.package_identification:_identify(gym_env/lib/python3.12/site-packages/pygame/tests/run_tests__tests/exclude) by extension 'ignore_ament_install'
[0.961s] Level 1:colcon.colcon_core.package_identification:_identify(gym_env/lib/python3.12/site-packages/pygame/tests/run_tests__tests/exclude) by extensions ['colcon_pkg']
[0.961s] Level 1:colcon.colcon_core.package_identification:_identify(gym_env/lib/python3.12/site-packages/pygame/tests/run_tests__tests/exclude) by extension 'colcon_pkg'
[0.961s] Level 1:colcon.colcon_core.package_identification:_identify(gym_env/lib/python3.12/site-packages/pygame/tests/run_tests__tests/exclude) by extensions ['colcon_meta']
[0.962s] Level 1:colcon.colcon_core.package_identification:_identify(gym_env/lib/python3.12/site-packages/pygame/tests/run_tests__tests/exclude) by extension 'colcon_meta'
[0.962s] Level 1:colcon.colcon_core.package_identification:_identify(gym_env/lib/python3.12/site-packages/pygame/tests/run_tests__tests/exclude) by extensions ['ros']
[0.962s] Level 1:colcon.colcon_core.package_identification:_identify(gym_env/lib/python3.12/site-packages/pygame/tests/run_tests__tests/exclude) by extension 'ros'
[0.962s] Level 1:colcon.colcon_core.package_identification:_identify(gym_env/lib/python3.12/site-packages/pygame/tests/run_tests__tests/exclude) by extensions ['cmake', 'python']
[0.962s] Level 1:colcon.colcon_core.package_identification:_identify(gym_env/lib/python3.12/site-packages/pygame/tests/run_tests__tests/exclude) by extension 'cmake'
[0.962s] Level 1:colcon.colcon_core.package_identification:_identify(gym_env/lib/python3.12/site-packages/pygame/tests/run_tests__tests/exclude) by extension 'python'
[0.963s] Level 1:colcon.colcon_core.package_identification:_identify(gym_env/lib/python3.12/site-packages/pygame/tests/run_tests__tests/exclude) by extensions ['python_setup_py']
[0.963s] Level 1:colcon.colcon_core.package_identification:_identify(gym_env/lib/python3.12/site-packages/pygame/tests/run_tests__tests/exclude) by extension 'python_setup_py'
[0.963s] Level 1:colcon.colcon_core.package_identification:_identify(gym_env/lib/python3.12/site-packages/pygame/tests/run_tests__tests/exclude/__pycache__) by extensions ['ignore', 'ignore_ament_install']
[0.964s] Level 1:colcon.colcon_core.package_identification:_identify(gym_env/lib/python3.12/site-packages/pygame/tests/run_tests__tests/exclude/__pycache__) by extension 'ignore'
[0.964s] Level 1:colcon.colcon_core.package_identification:_identify(gym_env/lib/python3.12/site-packages/pygame/tests/run_tests__tests/exclude/__pycache__) by extension 'ignore_ament_install'
[0.964s] Level 1:colcon.colcon_core.package_identification:_identify(gym_env/lib/python3.12/site-packages/pygame/tests/run_tests__tests/exclude/__pycache__) by extensions ['colcon_pkg']
[0.964s] Level 1:colcon.colcon_core.package_identification:_identify(gym_env/lib/python3.12/site-packages/pygame/tests/run_tests__tests/exclude/__pycache__) by extension 'colcon_pkg'
[0.964s] Level 1:colcon.colcon_core.package_identification:_identify(gym_env/lib/python3.12/site-packages/pygame/tests/run_tests__tests/exclude/__pycache__) by extensions ['colcon_meta']
[0.964s] Level 1:colcon.colcon_core.package_identification:_identify(gym_env/lib/python3.12/site-packages/pygame/tests/run_tests__tests/exclude/__pycache__) by extension 'colcon_meta'
[0.964s] Level 1:colcon.colcon_core.package_identification:_identify(gym_env/lib/python3.12/site-packages/pygame/tests/run_tests__tests/exclude/__pycache__) by extensions ['ros']
[0.964s] Level 1:colcon.colcon_core.package_identification:_identify(gym_env/lib/python3.12/site-packages/pygame/tests/run_tests__tests/exclude/__pycache__) by extension 'ros'
[0.965s] Level 1:colcon.colcon_core.package_identification:_identify(gym_env/lib/python3.12/site-packages/pygame/tests/run_tests__tests/exclude/__pycache__) by extensions ['cmake', 'python']
[0.965s] Level 1:colcon.colcon_core.package_identification:_identify(gym_env/lib/python3.12/site-packages/pygame/tests/run_tests__tests/exclude/__pycache__) by extension 'cmake'
[0.965s] Level 1:colcon.colcon_core.package_identification:_identify(gym_env/lib/python3.12/site-packages/pygame/tests/run_tests__tests/exclude/__pycache__) by extension 'python'
[0.965s] Level 1:colcon.colcon_core.package_identification:_identify(gym_env/lib/python3.12/site-packages/pygame/tests/run_tests__tests/exclude/__pycache__) by extensions ['python_setup_py']
[0.965s] Level 1:colcon.colcon_core.package_identification:_identify(gym_env/lib/python3.12/site-packages/pygame/tests/run_tests__tests/exclude/__pycache__) by extension 'python_setup_py'
[0.965s] Level 1:colcon.colcon_core.package_identification:_identify(gym_env/lib/python3.12/site-packages/pygame/tests/run_tests__tests/failures1) by extensions ['ignore', 'ignore_ament_install']
[0.965s] Level 1:colcon.colcon_core.package_identification:_identify(gym_env/lib/python3.12/site-packages/pygame/tests/run_tests__tests/failures1) by extension 'ignore'
[0.966s] Level 1:colcon.colcon_core.package_identification:_identify(gym_env/lib/python3.12/site-packages/pygame/tests/run_tests__tests/failures1) by extension 'ignore_ament_install'
[0.966s] Level 1:colcon.colcon_core.package_identification:_identify(gym_env/lib/python3.12/site-packages/pygame/tests/run_tests__tests/failures1) by extensions ['colcon_pkg']
[0.966s] Level 1:colcon.colcon_core.package_identification:_identify(gym_env/lib/python3.12/site-packages/pygame/tests/run_tests__tests/failures1) by extension 'colcon_pkg'
[0.966s] Level 1:colcon.colcon_core.package_identification:_identify(gym_env/lib/python3.12/site-packages/pygame/tests/run_tests__tests/failures1) by extensions ['colcon_meta']
[0.966s] Level 1:colcon.colcon_core.package_identification:_identify(gym_env/lib/python3.12/site-packages/pygame/tests/run_tests__tests/failures1) by extension 'colcon_meta'
[0.966s] Level 1:colcon.colcon_core.package_identification:_identify(gym_env/lib/python3.12/site-packages/pygame/tests/run_tests__tests/failures1) by extensions ['ros']
[0.966s] Level 1:colcon.colcon_core.package_identification:_identify(gym_env/lib/python3.12/site-packages/pygame/tests/run_tests__tests/failures1) by extension 'ros'
[0.966s] Level 1:colcon.colcon_core.package_identification:_identify(gym_env/lib/python3.12/site-packages/pygame/tests/run_tests__tests/failures1) by extensions ['cmake', 'python']
[0.966s] Level 1:colcon.colcon_core.package_identification:_identify(gym_env/lib/python3.12/site-packages/pygame/tests/run_tests__tests/failures1) by extension 'cmake'
[0.966s] Level 1:colcon.colcon_core.package_identification:_identify(gym_env/lib/python3.12/site-packages/pygame/tests/run_tests__tests/failures1) by extension 'python'
[0.967s] Level 1:colcon.colcon_core.package_identification:_identify(gym_env/lib/python3.12/site-packages/pygame/tests/run_tests__tests/failures1) by extensions ['python_setup_py']
[0.967s] Level 1:colcon.colcon_core.package_identification:_identify(gym_env/lib/python3.12/site-packages/pygame/tests/run_tests__tests/failures1) by extension 'python_setup_py'
[0.967s] Level 1:colcon.colcon_core.package_identification:_identify(gym_env/lib/python3.12/site-packages/pygame/tests/run_tests__tests/failures1/__pycache__) by extensions ['ignore', 'ignore_ament_install']
[0.967s] Level 1:colcon.colcon_core.package_identification:_identify(gym_env/lib/python3.12/site-packages/pygame/tests/run_tests__tests/failures1/__pycache__) by extension 'ignore'
[0.967s] Level 1:colcon.colcon_core.package_identification:_identify(gym_env/lib/python3.12/site-packages/pygame/tests/run_tests__tests/failures1/__pycache__) by extension 'ignore_ament_install'
[0.967s] Level 1:colcon.colcon_core.package_identification:_identify(gym_env/lib/python3.12/site-packages/pygame/tests/run_tests__tests/failures1/__pycache__) by extensions ['colcon_pkg']
[0.967s] Level 1:colcon.colcon_core.package_identification:_identify(gym_env/lib/python3.12/site-packages/pygame/tests/run_tests__tests/failures1/__pycache__) by extension 'colcon_pkg'
[0.967s] Level 1:colcon.colcon_core.package_identification:_identify(gym_env/lib/python3.12/site-packages/pygame/tests/run_tests__tests/failures1/__pycache__) by extensions ['colcon_meta']
[0.968s] Level 1:colcon.colcon_core.package_identification:_identify(gym_env/lib/python3.12/site-packages/pygame/tests/run_tests__tests/failures1/__pycache__) by extension 'colcon_meta'
[0.968s] Level 1:colcon.colcon_core.package_identification:_identify(gym_env/lib/python3.12/site-packages/pygame/tests/run_tests__tests/failures1/__pycache__) by extensions ['ros']
[0.968s] Level 1:colcon.colcon_core.package_identification:_identify(gym_env/lib/python3.12/site-packages/pygame/tests/run_tests__tests/failures1/__pycache__) by extension 'ros'
[0.968s] Level 1:colcon.colcon_core.package_identification:_identify(gym_env/lib/python3.12/site-packages/pygame/tests/run_tests__tests/failures1/__pycache__) by extensions ['cmake', 'python']
[0.968s] Level 1:colcon.colcon_core.package_identification:_identify(gym_env/lib/python3.12/site-packages/pygame/tests/run_tests__tests/failures1/__pycache__) by extension 'cmake'
[0.968s] Level 1:colcon.colcon_core.package_identification:_identify(gym_env/lib/python3.12/site-packages/pygame/tests/run_tests__tests/failures1/__pycache__) by extension 'python'
[0.968s] Level 1:colcon.colcon_core.package_identification:_identify(gym_env/lib/python3.12/site-packages/pygame/tests/run_tests__tests/failures1/__pycache__) by extensions ['python_setup_py']
[0.968s] Level 1:colcon.colcon_core.package_identification:_identify(gym_env/lib/python3.12/site-packages/pygame/tests/run_tests__tests/failures1/__pycache__) by extension 'python_setup_py'
[0.968s] Level 1:colcon.colcon_core.package_identification:_identify(gym_env/lib/python3.12/site-packages/pygame/tests/run_tests__tests/incomplete) by extensions ['ignore', 'ignore_ament_install']
[0.969s] Level 1:colcon.colcon_core.package_identification:_identify(gym_env/lib/python3.12/site-packages/pygame/tests/run_tests__tests/incomplete) by extension 'ignore'
[0.969s] Level 1:colcon.colcon_core.package_identification:_identify(gym_env/lib/python3.12/site-packages/pygame/tests/run_tests__tests/incomplete) by extension 'ignore_ament_install'
[0.969s] Level 1:colcon.colcon_core.package_identification:_identify(gym_env/lib/python3.12/site-packages/pygame/tests/run_tests__tests/incomplete) by extensions ['colcon_pkg']
[0.969s] Level 1:colcon.colcon_core.package_identification:_identify(gym_env/lib/python3.12/site-packages/pygame/tests/run_tests__tests/incomplete) by extension 'colcon_pkg'
[0.969s] Level 1:colcon.colcon_core.package_identification:_identify(gym_env/lib/python3.12/site-packages/pygame/tests/run_tests__tests/incomplete) by extensions ['colcon_meta']
[0.969s] Level 1:colcon.colcon_core.package_identification:_identify(gym_env/lib/python3.12/site-packages/pygame/tests/run_tests__tests/incomplete) by extension 'colcon_meta'
[0.969s] Level 1:colcon.colcon_core.package_identification:_identify(gym_env/lib/python3.12/site-packages/pygame/tests/run_tests__tests/incomplete) by extensions ['ros']
[0.969s] Level 1:colcon.colcon_core.package_identification:_identify(gym_env/lib/python3.12/site-packages/pygame/tests/run_tests__tests/incomplete) by extension 'ros'
[0.970s] Level 1:colcon.colcon_core.package_identification:_identify(gym_env/lib/python3.12/site-packages/pygame/tests/run_tests__tests/incomplete) by extensions ['cmake', 'python']
[0.970s] Level 1:colcon.colcon_core.package_identification:_identify(gym_env/lib/python3.12/site-packages/pygame/tests/run_tests__tests/incomplete) by extension 'cmake'
[0.970s] Level 1:colcon.colcon_core.package_identification:_identify(gym_env/lib/python3.12/site-packages/pygame/tests/run_tests__tests/incomplete) by extension 'python'
[0.970s] Level 1:colcon.colcon_core.package_identification:_identify(gym_env/lib/python3.12/site-packages/pygame/tests/run_tests__tests/incomplete) by extensions ['python_setup_py']
[0.970s] Level 1:colcon.colcon_core.package_identification:_identify(gym_env/lib/python3.12/site-packages/pygame/tests/run_tests__tests/incomplete) by extension 'python_setup_py'
[0.970s] Level 1:colcon.colcon_core.package_identification:_identify(gym_env/lib/python3.12/site-packages/pygame/tests/run_tests__tests/incomplete/__pycache__) by extensions ['ignore', 'ignore_ament_install']
[0.970s] Level 1:colcon.colcon_core.package_identification:_identify(gym_env/lib/python3.12/site-packages/pygame/tests/run_tests__tests/incomplete/__pycache__) by extension 'ignore'
[0.970s] Level 1:colcon.colcon_core.package_identification:_identify(gym_env/lib/python3.12/site-packages/pygame/tests/run_tests__tests/incomplete/__pycache__) by extension 'ignore_ament_install'
[0.971s] Level 1:colcon.colcon_core.package_identification:_identify(gym_env/lib/python3.12/site-packages/pygame/tests/run_tests__tests/incomplete/__pycache__) by extensions ['colcon_pkg']
[0.971s] Level 1:colcon.colcon_core.package_identification:_identify(gym_env/lib/python3.12/site-packages/pygame/tests/run_tests__tests/incomplete/__pycache__) by extension 'colcon_pkg'
[0.971s] Level 1:colcon.colcon_core.package_identification:_identify(gym_env/lib/python3.12/site-packages/pygame/tests/run_tests__tests/incomplete/__pycache__) by extensions ['colcon_meta']
[0.971s] Level 1:colcon.colcon_core.package_identification:_identify(gym_env/lib/python3.12/site-packages/pygame/tests/run_tests__tests/incomplete/__pycache__) by extension 'colcon_meta'
[0.971s] Level 1:colcon.colcon_core.package_identification:_identify(gym_env/lib/python3.12/site-packages/pygame/tests/run_tests__tests/incomplete/__pycache__) by extensions ['ros']
[0.971s] Level 1:colcon.colcon_core.package_identification:_identify(gym_env/lib/python3.12/site-packages/pygame/tests/run_tests__tests/incomplete/__pycache__) by extension 'ros'
[0.971s] Level 1:colcon.colcon_core.package_identification:_identify(gym_env/lib/python3.12/site-packages/pygame/tests/run_tests__tests/incomplete/__pycache__) by extensions ['cmake', 'python']
[0.971s] Level 1:colcon.colcon_core.package_identification:_identify(gym_env/lib/python3.12/site-packages/pygame/tests/run_tests__tests/incomplete/__pycache__) by extension 'cmake'
[0.971s] Level 1:colcon.colcon_core.package_identification:_identify(gym_env/lib/python3.12/site-packages/pygame/tests/run_tests__tests/incomplete/__pycache__) by extension 'python'
[0.971s] Level 1:colcon.colcon_core.package_identification:_identify(gym_env/lib/python3.12/site-packages/pygame/tests/run_tests__tests/incomplete/__pycache__) by extensions ['python_setup_py']
[0.971s] Level 1:colcon.colcon_core.package_identification:_identify(gym_env/lib/python3.12/site-packages/pygame/tests/run_tests__tests/incomplete/__pycache__) by extension 'python_setup_py'
[0.972s] Level 1:colcon.colcon_core.package_identification:_identify(gym_env/lib/python3.12/site-packages/pygame/tests/run_tests__tests/incomplete_todo) by extensions ['ignore', 'ignore_ament_install']
[0.972s] Level 1:colcon.colcon_core.package_identification:_identify(gym_env/lib/python3.12/site-packages/pygame/tests/run_tests__tests/incomplete_todo) by extension 'ignore'
[0.972s] Level 1:colcon.colcon_core.package_identification:_identify(gym_env/lib/python3.12/site-packages/pygame/tests/run_tests__tests/incomplete_todo) by extension 'ignore_ament_install'
[0.972s] Level 1:colcon.colcon_core.package_identification:_identify(gym_env/lib/python3.12/site-packages/pygame/tests/run_tests__tests/incomplete_todo) by extensions ['colcon_pkg']
[0.972s] Level 1:colcon.colcon_core.package_identification:_identify(gym_env/lib/python3.12/site-packages/pygame/tests/run_tests__tests/incomplete_todo) by extension 'colcon_pkg'
[0.972s] Level 1:colcon.colcon_core.package_identification:_identify(gym_env/lib/python3.12/site-packages/pygame/tests/run_tests__tests/incomplete_todo) by extensions ['colcon_meta']
[0.972s] Level 1:colcon.colcon_core.package_identification:_identify(gym_env/lib/python3.12/site-packages/pygame/tests/run_tests__tests/incomplete_todo) by extension 'colcon_meta'
[0.972s] Level 1:colcon.colcon_core.package_identification:_identify(gym_env/lib/python3.12/site-packages/pygame/tests/run_tests__tests/incomplete_todo) by extensions ['ros']
[0.972s] Level 1:colcon.colcon_core.package_identification:_identify(gym_env/lib/python3.12/site-packages/pygame/tests/run_tests__tests/incomplete_todo) by extension 'ros'
[0.973s] Level 1:colcon.colcon_core.package_identification:_identify(gym_env/lib/python3.12/site-packages/pygame/tests/run_tests__tests/incomplete_todo) by extensions ['cmake', 'python']
[0.973s] Level 1:colcon.colcon_core.package_identification:_identify(gym_env/lib/python3.12/site-packages/pygame/tests/run_tests__tests/incomplete_todo) by extension 'cmake'
[0.973s] Level 1:colcon.colcon_core.package_identification:_identify(gym_env/lib/python3.12/site-packages/pygame/tests/run_tests__tests/incomplete_todo) by extension 'python'
[0.973s] Level 1:colcon.colcon_core.package_identification:_identify(gym_env/lib/python3.12/site-packages/pygame/tests/run_tests__tests/incomplete_todo) by extensions ['python_setup_py']
[0.973s] Level 1:colcon.colcon_core.package_identification:_identify(gym_env/lib/python3.12/site-packages/pygame/tests/run_tests__tests/incomplete_todo) by extension 'python_setup_py'
[0.973s] Level 1:colcon.colcon_core.package_identification:_identify(gym_env/lib/python3.12/site-packages/pygame/tests/run_tests__tests/incomplete_todo/__pycache__) by extensions ['ignore', 'ignore_ament_install']
[0.973s] Level 1:colcon.colcon_core.package_identification:_identify(gym_env/lib/python3.12/site-packages/pygame/tests/run_tests__tests/incomplete_todo/__pycache__) by extension 'ignore'
[0.973s] Level 1:colcon.colcon_core.package_identification:_identify(gym_env/lib/python3.12/site-packages/pygame/tests/run_tests__tests/incomplete_todo/__pycache__) by extension 'ignore_ament_install'
[0.974s] Level 1:colcon.colcon_core.package_identification:_identify(gym_env/lib/python3.12/site-packages/pygame/tests/run_tests__tests/incomplete_todo/__pycache__) by extensions ['colcon_pkg']
[0.974s] Level 1:colcon.colcon_core.package_identification:_identify(gym_env/lib/python3.12/site-packages/pygame/tests/run_tests__tests/incomplete_todo/__pycache__) by extension 'colcon_pkg'
[0.974s] Level 1:colcon.colcon_core.package_identification:_identify(gym_env/lib/python3.12/site-packages/pygame/tests/run_tests__tests/incomplete_todo/__pycache__) by extensions ['colcon_meta']
[0.974s] Level 1:colcon.colcon_core.package_identification:_identify(gym_env/lib/python3.12/site-packages/pygame/tests/run_tests__tests/incomplete_todo/__pycache__) by extension 'colcon_meta'
[0.974s] Level 1:colcon.colcon_core.package_identification:_identify(gym_env/lib/python3.12/site-packages/pygame/tests/run_tests__tests/incomplete_todo/__pycache__) by extensions ['ros']
[0.974s] Level 1:colcon.colcon_core.package_identification:_identify(gym_env/lib/python3.12/site-packages/pygame/tests/run_tests__tests/incomplete_todo/__pycache__) by extension 'ros'
[0.974s] Level 1:colcon.colcon_core.package_identification:_identify(gym_env/lib/python3.12/site-packages/pygame/tests/run_tests__tests/incomplete_todo/__pycache__) by extensions ['cmake', 'python']
[0.974s] Level 1:colcon.colcon_core.package_identification:_identify(gym_env/lib/python3.12/site-packages/pygame/tests/run_tests__tests/incomplete_todo/__pycache__) by extension 'cmake'
[0.974s] Level 1:colcon.colcon_core.package_identification:_identify(gym_env/lib/python3.12/site-packages/pygame/tests/run_tests__tests/incomplete_todo/__pycache__) by extension 'python'
[0.975s] Level 1:colcon.colcon_core.package_identification:_identify(gym_env/lib/python3.12/site-packages/pygame/tests/run_tests__tests/incomplete_todo/__pycache__) by extensions ['python_setup_py']
[0.975s] Level 1:colcon.colcon_core.package_identification:_identify(gym_env/lib/python3.12/site-packages/pygame/tests/run_tests__tests/incomplete_todo/__pycache__) by extension 'python_setup_py'
[0.975s] Level 1:colcon.colcon_core.package_identification:_identify(gym_env/lib/python3.12/site-packages/pygame/tests/run_tests__tests/infinite_loop) by extensions ['ignore', 'ignore_ament_install']
[0.975s] Level 1:colcon.colcon_core.package_identification:_identify(gym_env/lib/python3.12/site-packages/pygame/tests/run_tests__tests/infinite_loop) by extension 'ignore'
[0.975s] Level 1:colcon.colcon_core.package_identification:_identify(gym_env/lib/python3.12/site-packages/pygame/tests/run_tests__tests/infinite_loop) by extension 'ignore_ament_install'
[0.976s] Level 1:colcon.colcon_core.package_identification:_identify(gym_env/lib/python3.12/site-packages/pygame/tests/run_tests__tests/infinite_loop) by extensions ['colcon_pkg']
[0.976s] Level 1:colcon.colcon_core.package_identification:_identify(gym_env/lib/python3.12/site-packages/pygame/tests/run_tests__tests/infinite_loop) by extension 'colcon_pkg'
[0.976s] Level 1:colcon.colcon_core.package_identification:_identify(gym_env/lib/python3.12/site-packages/pygame/tests/run_tests__tests/infinite_loop) by extensions ['colcon_meta']
[0.976s] Level 1:colcon.colcon_core.package_identification:_identify(gym_env/lib/python3.12/site-packages/pygame/tests/run_tests__tests/infinite_loop) by extension 'colcon_meta'
[0.976s] Level 1:colcon.colcon_core.package_identification:_identify(gym_env/lib/python3.12/site-packages/pygame/tests/run_tests__tests/infinite_loop) by extensions ['ros']
[0.976s] Level 1:colcon.colcon_core.package_identification:_identify(gym_env/lib/python3.12/site-packages/pygame/tests/run_tests__tests/infinite_loop) by extension 'ros'
[0.977s] Level 1:colcon.colcon_core.package_identification:_identify(gym_env/lib/python3.12/site-packages/pygame/tests/run_tests__tests/infinite_loop) by extensions ['cmake', 'python']
[0.977s] Level 1:colcon.colcon_core.package_identification:_identify(gym_env/lib/python3.12/site-packages/pygame/tests/run_tests__tests/infinite_loop) by extension 'cmake'
[0.977s] Level 1:colcon.colcon_core.package_identification:_identify(gym_env/lib/python3.12/site-packages/pygame/tests/run_tests__tests/infinite_loop) by extension 'python'
[0.977s] Level 1:colcon.colcon_core.package_identification:_identify(gym_env/lib/python3.12/site-packages/pygame/tests/run_tests__tests/infinite_loop) by extensions ['python_setup_py']
[0.977s] Level 1:colcon.colcon_core.package_identification:_identify(gym_env/lib/python3.12/site-packages/pygame/tests/run_tests__tests/infinite_loop) by extension 'python_setup_py'
[0.978s] Level 1:colcon.colcon_core.package_identification:_identify(gym_env/lib/python3.12/site-packages/pygame/tests/run_tests__tests/infinite_loop/__pycache__) by extensions ['ignore', 'ignore_ament_install']
[0.978s] Level 1:colcon.colcon_core.package_identification:_identify(gym_env/lib/python3.12/site-packages/pygame/tests/run_tests__tests/infinite_loop/__pycache__) by extension 'ignore'
[0.978s] Level 1:colcon.colcon_core.package_identification:_identify(gym_env/lib/python3.12/site-packages/pygame/tests/run_tests__tests/infinite_loop/__pycache__) by extension 'ignore_ament_install'
[0.979s] Level 1:colcon.colcon_core.package_identification:_identify(gym_env/lib/python3.12/site-packages/pygame/tests/run_tests__tests/infinite_loop/__pycache__) by extensions ['colcon_pkg']
[0.979s] Level 1:colcon.colcon_core.package_identification:_identify(gym_env/lib/python3.12/site-packages/pygame/tests/run_tests__tests/infinite_loop/__pycache__) by extension 'colcon_pkg'
[0.979s] Level 1:colcon.colcon_core.package_identification:_identify(gym_env/lib/python3.12/site-packages/pygame/tests/run_tests__tests/infinite_loop/__pycache__) by extensions ['colcon_meta']
[0.979s] Level 1:colcon.colcon_core.package_identification:_identify(gym_env/lib/python3.12/site-packages/pygame/tests/run_tests__tests/infinite_loop/__pycache__) by extension 'colcon_meta'
[0.979s] Level 1:colcon.colcon_core.package_identification:_identify(gym_env/lib/python3.12/site-packages/pygame/tests/run_tests__tests/infinite_loop/__pycache__) by extensions ['ros']
[0.979s] Level 1:colcon.colcon_core.package_identification:_identify(gym_env/lib/python3.12/site-packages/pygame/tests/run_tests__tests/infinite_loop/__pycache__) by extension 'ros'
[0.980s] Level 1:colcon.colcon_core.package_identification:_identify(gym_env/lib/python3.12/site-packages/pygame/tests/run_tests__tests/infinite_loop/__pycache__) by extensions ['cmake', 'python']
[0.980s] Level 1:colcon.colcon_core.package_identification:_identify(gym_env/lib/python3.12/site-packages/pygame/tests/run_tests__tests/infinite_loop/__pycache__) by extension 'cmake'
[0.980s] Level 1:colcon.colcon_core.package_identification:_identify(gym_env/lib/python3.12/site-packages/pygame/tests/run_tests__tests/infinite_loop/__pycache__) by extension 'python'
[0.980s] Level 1:colcon.colcon_core.package_identification:_identify(gym_env/lib/python3.12/site-packages/pygame/tests/run_tests__tests/infinite_loop/__pycache__) by extensions ['python_setup_py']
[0.980s] Level 1:colcon.colcon_core.package_identification:_identify(gym_env/lib/python3.12/site-packages/pygame/tests/run_tests__tests/infinite_loop/__pycache__) by extension 'python_setup_py'
[0.981s] Level 1:colcon.colcon_core.package_identification:_identify(gym_env/lib/python3.12/site-packages/pygame/tests/run_tests__tests/print_stderr) by extensions ['ignore', 'ignore_ament_install']
[0.981s] Level 1:colcon.colcon_core.package_identification:_identify(gym_env/lib/python3.12/site-packages/pygame/tests/run_tests__tests/print_stderr) by extension 'ignore'
[0.981s] Level 1:colcon.colcon_core.package_identification:_identify(gym_env/lib/python3.12/site-packages/pygame/tests/run_tests__tests/print_stderr) by extension 'ignore_ament_install'
[0.981s] Level 1:colcon.colcon_core.package_identification:_identify(gym_env/lib/python3.12/site-packages/pygame/tests/run_tests__tests/print_stderr) by extensions ['colcon_pkg']
[0.981s] Level 1:colcon.colcon_core.package_identification:_identify(gym_env/lib/python3.12/site-packages/pygame/tests/run_tests__tests/print_stderr) by extension 'colcon_pkg'
[0.981s] Level 1:colcon.colcon_core.package_identification:_identify(gym_env/lib/python3.12/site-packages/pygame/tests/run_tests__tests/print_stderr) by extensions ['colcon_meta']
[0.981s] Level 1:colcon.colcon_core.package_identification:_identify(gym_env/lib/python3.12/site-packages/pygame/tests/run_tests__tests/print_stderr) by extension 'colcon_meta'
[0.981s] Level 1:colcon.colcon_core.package_identification:_identify(gym_env/lib/python3.12/site-packages/pygame/tests/run_tests__tests/print_stderr) by extensions ['ros']
[0.982s] Level 1:colcon.colcon_core.package_identification:_identify(gym_env/lib/python3.12/site-packages/pygame/tests/run_tests__tests/print_stderr) by extension 'ros'
[0.982s] Level 1:colcon.colcon_core.package_identification:_identify(gym_env/lib/python3.12/site-packages/pygame/tests/run_tests__tests/print_stderr) by extensions ['cmake', 'python']
[0.982s] Level 1:colcon.colcon_core.package_identification:_identify(gym_env/lib/python3.12/site-packages/pygame/tests/run_tests__tests/print_stderr) by extension 'cmake'
[0.982s] Level 1:colcon.colcon_core.package_identification:_identify(gym_env/lib/python3.12/site-packages/pygame/tests/run_tests__tests/print_stderr) by extension 'python'
[0.982s] Level 1:colcon.colcon_core.package_identification:_identify(gym_env/lib/python3.12/site-packages/pygame/tests/run_tests__tests/print_stderr) by extensions ['python_setup_py']
[0.982s] Level 1:colcon.colcon_core.package_identification:_identify(gym_env/lib/python3.12/site-packages/pygame/tests/run_tests__tests/print_stderr) by extension 'python_setup_py'
[0.982s] Level 1:colcon.colcon_core.package_identification:_identify(gym_env/lib/python3.12/site-packages/pygame/tests/run_tests__tests/print_stderr/__pycache__) by extensions ['ignore', 'ignore_ament_install']
[0.982s] Level 1:colcon.colcon_core.package_identification:_identify(gym_env/lib/python3.12/site-packages/pygame/tests/run_tests__tests/print_stderr/__pycache__) by extension 'ignore'
[0.983s] Level 1:colcon.colcon_core.package_identification:_identify(gym_env/lib/python3.12/site-packages/pygame/tests/run_tests__tests/print_stderr/__pycache__) by extension 'ignore_ament_install'
[0.983s] Level 1:colcon.colcon_core.package_identification:_identify(gym_env/lib/python3.12/site-packages/pygame/tests/run_tests__tests/print_stderr/__pycache__) by extensions ['colcon_pkg']
[0.983s] Level 1:colcon.colcon_core.package_identification:_identify(gym_env/lib/python3.12/site-packages/pygame/tests/run_tests__tests/print_stderr/__pycache__) by extension 'colcon_pkg'
[0.983s] Level 1:colcon.colcon_core.package_identification:_identify(gym_env/lib/python3.12/site-packages/pygame/tests/run_tests__tests/print_stderr/__pycache__) by extensions ['colcon_meta']
[0.983s] Level 1:colcon.colcon_core.package_identification:_identify(gym_env/lib/python3.12/site-packages/pygame/tests/run_tests__tests/print_stderr/__pycache__) by extension 'colcon_meta'
[0.983s] Level 1:colcon.colcon_core.package_identification:_identify(gym_env/lib/python3.12/site-packages/pygame/tests/run_tests__tests/print_stderr/__pycache__) by extensions ['ros']
[0.983s] Level 1:colcon.colcon_core.package_identification:_identify(gym_env/lib/python3.12/site-packages/pygame/tests/run_tests__tests/print_stderr/__pycache__) by extension 'ros'
[0.983s] Level 1:colcon.colcon_core.package_identification:_identify(gym_env/lib/python3.12/site-packages/pygame/tests/run_tests__tests/print_stderr/__pycache__) by extensions ['cmake', 'python']
[0.983s] Level 1:colcon.colcon_core.package_identification:_identify(gym_env/lib/python3.12/site-packages/pygame/tests/run_tests__tests/print_stderr/__pycache__) by extension 'cmake'
[0.984s] Level 1:colcon.colcon_core.package_identification:_identify(gym_env/lib/python3.12/site-packages/pygame/tests/run_tests__tests/print_stderr/__pycache__) by extension 'python'
[0.984s] Level 1:colcon.colcon_core.package_identification:_identify(gym_env/lib/python3.12/site-packages/pygame/tests/run_tests__tests/print_stderr/__pycache__) by extensions ['python_setup_py']
[0.984s] Level 1:colcon.colcon_core.package_identification:_identify(gym_env/lib/python3.12/site-packages/pygame/tests/run_tests__tests/print_stderr/__pycache__) by extension 'python_setup_py'
[0.984s] Level 1:colcon.colcon_core.package_identification:_identify(gym_env/lib/python3.12/site-packages/pygame/tests/run_tests__tests/print_stdout) by extensions ['ignore', 'ignore_ament_install']
[0.984s] Level 1:colcon.colcon_core.package_identification:_identify(gym_env/lib/python3.12/site-packages/pygame/tests/run_tests__tests/print_stdout) by extension 'ignore'
[0.984s] Level 1:colcon.colcon_core.package_identification:_identify(gym_env/lib/python3.12/site-packages/pygame/tests/run_tests__tests/print_stdout) by extension 'ignore_ament_install'
[0.984s] Level 1:colcon.colcon_core.package_identification:_identify(gym_env/lib/python3.12/site-packages/pygame/tests/run_tests__tests/print_stdout) by extensions ['colcon_pkg']
[0.985s] Level 1:colcon.colcon_core.package_identification:_identify(gym_env/lib/python3.12/site-packages/pygame/tests/run_tests__tests/print_stdout) by extension 'colcon_pkg'
[0.985s] Level 1:colcon.colcon_core.package_identification:_identify(gym_env/lib/python3.12/site-packages/pygame/tests/run_tests__tests/print_stdout) by extensions ['colcon_meta']
[0.985s] Level 1:colcon.colcon_core.package_identification:_identify(gym_env/lib/python3.12/site-packages/pygame/tests/run_tests__tests/print_stdout) by extension 'colcon_meta'
[0.985s] Level 1:colcon.colcon_core.package_identification:_identify(gym_env/lib/python3.12/site-packages/pygame/tests/run_tests__tests/print_stdout) by extensions ['ros']
[0.985s] Level 1:colcon.colcon_core.package_identification:_identify(gym_env/lib/python3.12/site-packages/pygame/tests/run_tests__tests/print_stdout) by extension 'ros'
[0.985s] Level 1:colcon.colcon_core.package_identification:_identify(gym_env/lib/python3.12/site-packages/pygame/tests/run_tests__tests/print_stdout) by extensions ['cmake', 'python']
[0.985s] Level 1:colcon.colcon_core.package_identification:_identify(gym_env/lib/python3.12/site-packages/pygame/tests/run_tests__tests/print_stdout) by extension 'cmake'
[0.985s] Level 1:colcon.colcon_core.package_identification:_identify(gym_env/lib/python3.12/site-packages/pygame/tests/run_tests__tests/print_stdout) by extension 'python'
[0.985s] Level 1:colcon.colcon_core.package_identification:_identify(gym_env/lib/python3.12/site-packages/pygame/tests/run_tests__tests/print_stdout) by extensions ['python_setup_py']
[0.985s] Level 1:colcon.colcon_core.package_identification:_identify(gym_env/lib/python3.12/site-packages/pygame/tests/run_tests__tests/print_stdout) by extension 'python_setup_py'
[0.986s] Level 1:colcon.colcon_core.package_identification:_identify(gym_env/lib/python3.12/site-packages/pygame/tests/run_tests__tests/print_stdout/__pycache__) by extensions ['ignore', 'ignore_ament_install']
[0.986s] Level 1:colcon.colcon_core.package_identification:_identify(gym_env/lib/python3.12/site-packages/pygame/tests/run_tests__tests/print_stdout/__pycache__) by extension 'ignore'
[0.986s] Level 1:colcon.colcon_core.package_identification:_identify(gym_env/lib/python3.12/site-packages/pygame/tests/run_tests__tests/print_stdout/__pycache__) by extension 'ignore_ament_install'
[0.986s] Level 1:colcon.colcon_core.package_identification:_identify(gym_env/lib/python3.12/site-packages/pygame/tests/run_tests__tests/print_stdout/__pycache__) by extensions ['colcon_pkg']
[0.986s] Level 1:colcon.colcon_core.package_identification:_identify(gym_env/lib/python3.12/site-packages/pygame/tests/run_tests__tests/print_stdout/__pycache__) by extension 'colcon_pkg'
[0.986s] Level 1:colcon.colcon_core.package_identification:_identify(gym_env/lib/python3.12/site-packages/pygame/tests/run_tests__tests/print_stdout/__pycache__) by extensions ['colcon_meta']
[0.986s] Level 1:colcon.colcon_core.package_identification:_identify(gym_env/lib/python3.12/site-packages/pygame/tests/run_tests__tests/print_stdout/__pycache__) by extension 'colcon_meta'
[0.986s] Level 1:colcon.colcon_core.package_identification:_identify(gym_env/lib/python3.12/site-packages/pygame/tests/run_tests__tests/print_stdout/__pycache__) by extensions ['ros']
[0.987s] Level 1:colcon.colcon_core.package_identification:_identify(gym_env/lib/python3.12/site-packages/pygame/tests/run_tests__tests/print_stdout/__pycache__) by extension 'ros'
[0.987s] Level 1:colcon.colcon_core.package_identification:_identify(gym_env/lib/python3.12/site-packages/pygame/tests/run_tests__tests/print_stdout/__pycache__) by extensions ['cmake', 'python']
[0.987s] Level 1:colcon.colcon_core.package_identification:_identify(gym_env/lib/python3.12/site-packages/pygame/tests/run_tests__tests/print_stdout/__pycache__) by extension 'cmake'
[0.987s] Level 1:colcon.colcon_core.package_identification:_identify(gym_env/lib/python3.12/site-packages/pygame/tests/run_tests__tests/print_stdout/__pycache__) by extension 'python'
[0.987s] Level 1:colcon.colcon_core.package_identification:_identify(gym_env/lib/python3.12/site-packages/pygame/tests/run_tests__tests/print_stdout/__pycache__) by extensions ['python_setup_py']
[0.987s] Level 1:colcon.colcon_core.package_identification:_identify(gym_env/lib/python3.12/site-packages/pygame/tests/run_tests__tests/print_stdout/__pycache__) by extension 'python_setup_py'
[0.987s] Level 1:colcon.colcon_core.package_identification:_identify(gym_env/lib/python3.12/site-packages/pygame/tests/run_tests__tests/timeout) by extensions ['ignore', 'ignore_ament_install']
[0.987s] Level 1:colcon.colcon_core.package_identification:_identify(gym_env/lib/python3.12/site-packages/pygame/tests/run_tests__tests/timeout) by extension 'ignore'
[0.988s] Level 1:colcon.colcon_core.package_identification:_identify(gym_env/lib/python3.12/site-packages/pygame/tests/run_tests__tests/timeout) by extension 'ignore_ament_install'
[0.988s] Level 1:colcon.colcon_core.package_identification:_identify(gym_env/lib/python3.12/site-packages/pygame/tests/run_tests__tests/timeout) by extensions ['colcon_pkg']
[0.988s] Level 1:colcon.colcon_core.package_identification:_identify(gym_env/lib/python3.12/site-packages/pygame/tests/run_tests__tests/timeout) by extension 'colcon_pkg'
[0.988s] Level 1:colcon.colcon_core.package_identification:_identify(gym_env/lib/python3.12/site-packages/pygame/tests/run_tests__tests/timeout) by extensions ['colcon_meta']
[0.988s] Level 1:colcon.colcon_core.package_identification:_identify(gym_env/lib/python3.12/site-packages/pygame/tests/run_tests__tests/timeout) by extension 'colcon_meta'
[0.988s] Level 1:colcon.colcon_core.package_identification:_identify(gym_env/lib/python3.12/site-packages/pygame/tests/run_tests__tests/timeout) by extensions ['ros']
[0.988s] Level 1:colcon.colcon_core.package_identification:_identify(gym_env/lib/python3.12/site-packages/pygame/tests/run_tests__tests/timeout) by extension 'ros'
[0.988s] Level 1:colcon.colcon_core.package_identification:_identify(gym_env/lib/python3.12/site-packages/pygame/tests/run_tests__tests/timeout) by extensions ['cmake', 'python']
[0.988s] Level 1:colcon.colcon_core.package_identification:_identify(gym_env/lib/python3.12/site-packages/pygame/tests/run_tests__tests/timeout) by extension 'cmake'
[0.988s] Level 1:colcon.colcon_core.package_identification:_identify(gym_env/lib/python3.12/site-packages/pygame/tests/run_tests__tests/timeout) by extension 'python'
[0.988s] Level 1:colcon.colcon_core.package_identification:_identify(gym_env/lib/python3.12/site-packages/pygame/tests/run_tests__tests/timeout) by extensions ['python_setup_py']
[0.989s] Level 1:colcon.colcon_core.package_identification:_identify(gym_env/lib/python3.12/site-packages/pygame/tests/run_tests__tests/timeout) by extension 'python_setup_py'
[0.989s] Level 1:colcon.colcon_core.package_identification:_identify(gym_env/lib/python3.12/site-packages/pygame/tests/run_tests__tests/timeout/__pycache__) by extensions ['ignore', 'ignore_ament_install']
[0.989s] Level 1:colcon.colcon_core.package_identification:_identify(gym_env/lib/python3.12/site-packages/pygame/tests/run_tests__tests/timeout/__pycache__) by extension 'ignore'
[0.989s] Level 1:colcon.colcon_core.package_identification:_identify(gym_env/lib/python3.12/site-packages/pygame/tests/run_tests__tests/timeout/__pycache__) by extension 'ignore_ament_install'
[0.989s] Level 1:colcon.colcon_core.package_identification:_identify(gym_env/lib/python3.12/site-packages/pygame/tests/run_tests__tests/timeout/__pycache__) by extensions ['colcon_pkg']
[0.989s] Level 1:colcon.colcon_core.package_identification:_identify(gym_env/lib/python3.12/site-packages/pygame/tests/run_tests__tests/timeout/__pycache__) by extension 'colcon_pkg'
[0.989s] Level 1:colcon.colcon_core.package_identification:_identify(gym_env/lib/python3.12/site-packages/pygame/tests/run_tests__tests/timeout/__pycache__) by extensions ['colcon_meta']
[0.989s] Level 1:colcon.colcon_core.package_identification:_identify(gym_env/lib/python3.12/site-packages/pygame/tests/run_tests__tests/timeout/__pycache__) by extension 'colcon_meta'
[0.990s] Level 1:colcon.colcon_core.package_identification:_identify(gym_env/lib/python3.12/site-packages/pygame/tests/run_tests__tests/timeout/__pycache__) by extensions ['ros']
[0.990s] Level 1:colcon.colcon_core.package_identification:_identify(gym_env/lib/python3.12/site-packages/pygame/tests/run_tests__tests/timeout/__pycache__) by extension 'ros'
[0.990s] Level 1:colcon.colcon_core.package_identification:_identify(gym_env/lib/python3.12/site-packages/pygame/tests/run_tests__tests/timeout/__pycache__) by extensions ['cmake', 'python']
[0.990s] Level 1:colcon.colcon_core.package_identification:_identify(gym_env/lib/python3.12/site-packages/pygame/tests/run_tests__tests/timeout/__pycache__) by extension 'cmake'
[0.990s] Level 1:colcon.colcon_core.package_identification:_identify(gym_env/lib/python3.12/site-packages/pygame/tests/run_tests__tests/timeout/__pycache__) by extension 'python'
[0.990s] Level 1:colcon.colcon_core.package_identification:_identify(gym_env/lib/python3.12/site-packages/pygame/tests/run_tests__tests/timeout/__pycache__) by extensions ['python_setup_py']
[0.990s] Level 1:colcon.colcon_core.package_identification:_identify(gym_env/lib/python3.12/site-packages/pygame/tests/run_tests__tests/timeout/__pycache__) by extension 'python_setup_py'
[0.990s] Level 1:colcon.colcon_core.package_identification:_identify(gym_env/lib/python3.12/site-packages/pygame/tests/test_utils) by extensions ['ignore', 'ignore_ament_install']
[0.991s] Level 1:colcon.colcon_core.package_identification:_identify(gym_env/lib/python3.12/site-packages/pygame/tests/test_utils) by extension 'ignore'
[0.991s] Level 1:colcon.colcon_core.package_identification:_identify(gym_env/lib/python3.12/site-packages/pygame/tests/test_utils) by extension 'ignore_ament_install'
[0.991s] Level 1:colcon.colcon_core.package_identification:_identify(gym_env/lib/python3.12/site-packages/pygame/tests/test_utils) by extensions ['colcon_pkg']
[0.991s] Level 1:colcon.colcon_core.package_identification:_identify(gym_env/lib/python3.12/site-packages/pygame/tests/test_utils) by extension 'colcon_pkg'
[0.991s] Level 1:colcon.colcon_core.package_identification:_identify(gym_env/lib/python3.12/site-packages/pygame/tests/test_utils) by extensions ['colcon_meta']
[0.991s] Level 1:colcon.colcon_core.package_identification:_identify(gym_env/lib/python3.12/site-packages/pygame/tests/test_utils) by extension 'colcon_meta'
[0.991s] Level 1:colcon.colcon_core.package_identification:_identify(gym_env/lib/python3.12/site-packages/pygame/tests/test_utils) by extensions ['ros']
[0.991s] Level 1:colcon.colcon_core.package_identification:_identify(gym_env/lib/python3.12/site-packages/pygame/tests/test_utils) by extension 'ros'
[0.992s] Level 1:colcon.colcon_core.package_identification:_identify(gym_env/lib/python3.12/site-packages/pygame/tests/test_utils) by extensions ['cmake', 'python']
[0.992s] Level 1:colcon.colcon_core.package_identification:_identify(gym_env/lib/python3.12/site-packages/pygame/tests/test_utils) by extension 'cmake'
[0.992s] Level 1:colcon.colcon_core.package_identification:_identify(gym_env/lib/python3.12/site-packages/pygame/tests/test_utils) by extension 'python'
[0.992s] Level 1:colcon.colcon_core.package_identification:_identify(gym_env/lib/python3.12/site-packages/pygame/tests/test_utils) by extensions ['python_setup_py']
[0.992s] Level 1:colcon.colcon_core.package_identification:_identify(gym_env/lib/python3.12/site-packages/pygame/tests/test_utils) by extension 'python_setup_py'
[0.993s] Level 1:colcon.colcon_core.package_identification:_identify(gym_env/lib/python3.12/site-packages/pygame/tests/test_utils/__pycache__) by extensions ['ignore', 'ignore_ament_install']
[0.993s] Level 1:colcon.colcon_core.package_identification:_identify(gym_env/lib/python3.12/site-packages/pygame/tests/test_utils/__pycache__) by extension 'ignore'
[0.993s] Level 1:colcon.colcon_core.package_identification:_identify(gym_env/lib/python3.12/site-packages/pygame/tests/test_utils/__pycache__) by extension 'ignore_ament_install'
[0.993s] Level 1:colcon.colcon_core.package_identification:_identify(gym_env/lib/python3.12/site-packages/pygame/tests/test_utils/__pycache__) by extensions ['colcon_pkg']
[0.994s] Level 1:colcon.colcon_core.package_identification:_identify(gym_env/lib/python3.12/site-packages/pygame/tests/test_utils/__pycache__) by extension 'colcon_pkg'
[0.994s] Level 1:colcon.colcon_core.package_identification:_identify(gym_env/lib/python3.12/site-packages/pygame/tests/test_utils/__pycache__) by extensions ['colcon_meta']
[0.994s] Level 1:colcon.colcon_core.package_identification:_identify(gym_env/lib/python3.12/site-packages/pygame/tests/test_utils/__pycache__) by extension 'colcon_meta'
[0.994s] Level 1:colcon.colcon_core.package_identification:_identify(gym_env/lib/python3.12/site-packages/pygame/tests/test_utils/__pycache__) by extensions ['ros']
[0.994s] Level 1:colcon.colcon_core.package_identification:_identify(gym_env/lib/python3.12/site-packages/pygame/tests/test_utils/__pycache__) by extension 'ros'
[0.995s] Level 1:colcon.colcon_core.package_identification:_identify(gym_env/lib/python3.12/site-packages/pygame/tests/test_utils/__pycache__) by extensions ['cmake', 'python']
[0.995s] Level 1:colcon.colcon_core.package_identification:_identify(gym_env/lib/python3.12/site-packages/pygame/tests/test_utils/__pycache__) by extension 'cmake'
[0.995s] Level 1:colcon.colcon_core.package_identification:_identify(gym_env/lib/python3.12/site-packages/pygame/tests/test_utils/__pycache__) by extension 'python'
[0.995s] Level 1:colcon.colcon_core.package_identification:_identify(gym_env/lib/python3.12/site-packages/pygame/tests/test_utils/__pycache__) by extensions ['python_setup_py']
[0.995s] Level 1:colcon.colcon_core.package_identification:_identify(gym_env/lib/python3.12/site-packages/pygame/tests/test_utils/__pycache__) by extension 'python_setup_py'
[0.995s] Level 1:colcon.colcon_core.package_identification:_identify(gym_env/lib/python3.12/site-packages/pygame/threads) by extensions ['ignore', 'ignore_ament_install']
[0.996s] Level 1:colcon.colcon_core.package_identification:_identify(gym_env/lib/python3.12/site-packages/pygame/threads) by extension 'ignore'
[0.996s] Level 1:colcon.colcon_core.package_identification:_identify(gym_env/lib/python3.12/site-packages/pygame/threads) by extension 'ignore_ament_install'
[0.996s] Level 1:colcon.colcon_core.package_identification:_identify(gym_env/lib/python3.12/site-packages/pygame/threads) by extensions ['colcon_pkg']
[0.996s] Level 1:colcon.colcon_core.package_identification:_identify(gym_env/lib/python3.12/site-packages/pygame/threads) by extension 'colcon_pkg'
[0.996s] Level 1:colcon.colcon_core.package_identification:_identify(gym_env/lib/python3.12/site-packages/pygame/threads) by extensions ['colcon_meta']
[0.996s] Level 1:colcon.colcon_core.package_identification:_identify(gym_env/lib/python3.12/site-packages/pygame/threads) by extension 'colcon_meta'
[0.997s] Level 1:colcon.colcon_core.package_identification:_identify(gym_env/lib/python3.12/site-packages/pygame/threads) by extensions ['ros']
[0.997s] Level 1:colcon.colcon_core.package_identification:_identify(gym_env/lib/python3.12/site-packages/pygame/threads) by extension 'ros'
[0.997s] Level 1:colcon.colcon_core.package_identification:_identify(gym_env/lib/python3.12/site-packages/pygame/threads) by extensions ['cmake', 'python']
[0.997s] Level 1:colcon.colcon_core.package_identification:_identify(gym_env/lib/python3.12/site-packages/pygame/threads) by extension 'cmake'
[0.998s] Level 1:colcon.colcon_core.package_identification:_identify(gym_env/lib/python3.12/site-packages/pygame/threads) by extension 'python'
[0.998s] Level 1:colcon.colcon_core.package_identification:_identify(gym_env/lib/python3.12/site-packages/pygame/threads) by extensions ['python_setup_py']
[0.998s] Level 1:colcon.colcon_core.package_identification:_identify(gym_env/lib/python3.12/site-packages/pygame/threads) by extension 'python_setup_py'
[0.998s] Level 1:colcon.colcon_core.package_identification:_identify(gym_env/lib/python3.12/site-packages/pygame/threads/__pycache__) by extensions ['ignore', 'ignore_ament_install']
[0.999s] Level 1:colcon.colcon_core.package_identification:_identify(gym_env/lib/python3.12/site-packages/pygame/threads/__pycache__) by extension 'ignore'
[0.999s] Level 1:colcon.colcon_core.package_identification:_identify(gym_env/lib/python3.12/site-packages/pygame/threads/__pycache__) by extension 'ignore_ament_install'
[0.999s] Level 1:colcon.colcon_core.package_identification:_identify(gym_env/lib/python3.12/site-packages/pygame/threads/__pycache__) by extensions ['colcon_pkg']
[0.999s] Level 1:colcon.colcon_core.package_identification:_identify(gym_env/lib/python3.12/site-packages/pygame/threads/__pycache__) by extension 'colcon_pkg'
[0.999s] Level 1:colcon.colcon_core.package_identification:_identify(gym_env/lib/python3.12/site-packages/pygame/threads/__pycache__) by extensions ['colcon_meta']
[0.999s] Level 1:colcon.colcon_core.package_identification:_identify(gym_env/lib/python3.12/site-packages/pygame/threads/__pycache__) by extension 'colcon_meta'
[1.000s] Level 1:colcon.colcon_core.package_identification:_identify(gym_env/lib/python3.12/site-packages/pygame/threads/__pycache__) by extensions ['ros']
[1.000s] Level 1:colcon.colcon_core.package_identification:_identify(gym_env/lib/python3.12/site-packages/pygame/threads/__pycache__) by extension 'ros'
[1.000s] Level 1:colcon.colcon_core.package_identification:_identify(gym_env/lib/python3.12/site-packages/pygame/threads/__pycache__) by extensions ['cmake', 'python']
[1.000s] Level 1:colcon.colcon_core.package_identification:_identify(gym_env/lib/python3.12/site-packages/pygame/threads/__pycache__) by extension 'cmake'
[1.000s] Level 1:colcon.colcon_core.package_identification:_identify(gym_env/lib/python3.12/site-packages/pygame/threads/__pycache__) by extension 'python'
[1.000s] Level 1:colcon.colcon_core.package_identification:_identify(gym_env/lib/python3.12/site-packages/pygame/threads/__pycache__) by extensions ['python_setup_py']
[1.000s] Level 1:colcon.colcon_core.package_identification:_identify(gym_env/lib/python3.12/site-packages/pygame/threads/__pycache__) by extension 'python_setup_py'
[1.001s] Level 1:colcon.colcon_core.package_identification:_identify(gym_env/lib/python3.12/site-packages/pygame-2.6.1.dist-info) by extensions ['ignore', 'ignore_ament_install']
[1.001s] Level 1:colcon.colcon_core.package_identification:_identify(gym_env/lib/python3.12/site-packages/pygame-2.6.1.dist-info) by extension 'ignore'
[1.001s] Level 1:colcon.colcon_core.package_identification:_identify(gym_env/lib/python3.12/site-packages/pygame-2.6.1.dist-info) by extension 'ignore_ament_install'
[1.001s] Level 1:colcon.colcon_core.package_identification:_identify(gym_env/lib/python3.12/site-packages/pygame-2.6.1.dist-info) by extensions ['colcon_pkg']
[1.001s] Level 1:colcon.colcon_core.package_identification:_identify(gym_env/lib/python3.12/site-packages/pygame-2.6.1.dist-info) by extension 'colcon_pkg'
[1.001s] Level 1:colcon.colcon_core.package_identification:_identify(gym_env/lib/python3.12/site-packages/pygame-2.6.1.dist-info) by extensions ['colcon_meta']
[1.001s] Level 1:colcon.colcon_core.package_identification:_identify(gym_env/lib/python3.12/site-packages/pygame-2.6.1.dist-info) by extension 'colcon_meta'
[1.001s] Level 1:colcon.colcon_core.package_identification:_identify(gym_env/lib/python3.12/site-packages/pygame-2.6.1.dist-info) by extensions ['ros']
[1.001s] Level 1:colcon.colcon_core.package_identification:_identify(gym_env/lib/python3.12/site-packages/pygame-2.6.1.dist-info) by extension 'ros'
[1.002s] Level 1:colcon.colcon_core.package_identification:_identify(gym_env/lib/python3.12/site-packages/pygame-2.6.1.dist-info) by extensions ['cmake', 'python']
[1.002s] Level 1:colcon.colcon_core.package_identification:_identify(gym_env/lib/python3.12/site-packages/pygame-2.6.1.dist-info) by extension 'cmake'
[1.002s] Level 1:colcon.colcon_core.package_identification:_identify(gym_env/lib/python3.12/site-packages/pygame-2.6.1.dist-info) by extension 'python'
[1.002s] Level 1:colcon.colcon_core.package_identification:_identify(gym_env/lib/python3.12/site-packages/pygame-2.6.1.dist-info) by extensions ['python_setup_py']
[1.002s] Level 1:colcon.colcon_core.package_identification:_identify(gym_env/lib/python3.12/site-packages/pygame-2.6.1.dist-info) by extension 'python_setup_py'
[1.002s] Level 1:colcon.colcon_core.package_identification:_identify(gym_env/lib/python3.12/site-packages/pygame.libs) by extensions ['ignore', 'ignore_ament_install']
[1.002s] Level 1:colcon.colcon_core.package_identification:_identify(gym_env/lib/python3.12/site-packages/pygame.libs) by extension 'ignore'
[1.002s] Level 1:colcon.colcon_core.package_identification:_identify(gym_env/lib/python3.12/site-packages/pygame.libs) by extension 'ignore_ament_install'
[1.003s] Level 1:colcon.colcon_core.package_identification:_identify(gym_env/lib/python3.12/site-packages/pygame.libs) by extensions ['colcon_pkg']
[1.003s] Level 1:colcon.colcon_core.package_identification:_identify(gym_env/lib/python3.12/site-packages/pygame.libs) by extension 'colcon_pkg'
[1.003s] Level 1:colcon.colcon_core.package_identification:_identify(gym_env/lib/python3.12/site-packages/pygame.libs) by extensions ['colcon_meta']
[1.003s] Level 1:colcon.colcon_core.package_identification:_identify(gym_env/lib/python3.12/site-packages/pygame.libs) by extension 'colcon_meta'
[1.003s] Level 1:colcon.colcon_core.package_identification:_identify(gym_env/lib/python3.12/site-packages/pygame.libs) by extensions ['ros']
[1.003s] Level 1:colcon.colcon_core.package_identification:_identify(gym_env/lib/python3.12/site-packages/pygame.libs) by extension 'ros'
[1.003s] Level 1:colcon.colcon_core.package_identification:_identify(gym_env/lib/python3.12/site-packages/pygame.libs) by extensions ['cmake', 'python']
[1.003s] Level 1:colcon.colcon_core.package_identification:_identify(gym_env/lib/python3.12/site-packages/pygame.libs) by extension 'cmake'
[1.003s] Level 1:colcon.colcon_core.package_identification:_identify(gym_env/lib/python3.12/site-packages/pygame.libs) by extension 'python'
[1.003s] Level 1:colcon.colcon_core.package_identification:_identify(gym_env/lib/python3.12/site-packages/pygame.libs) by extensions ['python_setup_py']
[1.003s] Level 1:colcon.colcon_core.package_identification:_identify(gym_env/lib/python3.12/site-packages/pygame.libs) by extension 'python_setup_py'
[1.004s] Level 1:colcon.colcon_core.package_identification:_identify(gym_env/lib/python3.12/site-packages/requests) by extensions ['ignore', 'ignore_ament_install']
[1.004s] Level 1:colcon.colcon_core.package_identification:_identify(gym_env/lib/python3.12/site-packages/requests) by extension 'ignore'
[1.004s] Level 1:colcon.colcon_core.package_identification:_identify(gym_env/lib/python3.12/site-packages/requests) by extension 'ignore_ament_install'
[1.004s] Level 1:colcon.colcon_core.package_identification:_identify(gym_env/lib/python3.12/site-packages/requests) by extensions ['colcon_pkg']
[1.004s] Level 1:colcon.colcon_core.package_identification:_identify(gym_env/lib/python3.12/site-packages/requests) by extension 'colcon_pkg'
[1.004s] Level 1:colcon.colcon_core.package_identification:_identify(gym_env/lib/python3.12/site-packages/requests) by extensions ['colcon_meta']
[1.004s] Level 1:colcon.colcon_core.package_identification:_identify(gym_env/lib/python3.12/site-packages/requests) by extension 'colcon_meta'
[1.004s] Level 1:colcon.colcon_core.package_identification:_identify(gym_env/lib/python3.12/site-packages/requests) by extensions ['ros']
[1.005s] Level 1:colcon.colcon_core.package_identification:_identify(gym_env/lib/python3.12/site-packages/requests) by extension 'ros'
[1.005s] Level 1:colcon.colcon_core.package_identification:_identify(gym_env/lib/python3.12/site-packages/requests) by extensions ['cmake', 'python']
[1.005s] Level 1:colcon.colcon_core.package_identification:_identify(gym_env/lib/python3.12/site-packages/requests) by extension 'cmake'
[1.005s] Level 1:colcon.colcon_core.package_identification:_identify(gym_env/lib/python3.12/site-packages/requests) by extension 'python'
[1.005s] Level 1:colcon.colcon_core.package_identification:_identify(gym_env/lib/python3.12/site-packages/requests) by extensions ['python_setup_py']
[1.005s] Level 1:colcon.colcon_core.package_identification:_identify(gym_env/lib/python3.12/site-packages/requests) by extension 'python_setup_py'
[1.005s] Level 1:colcon.colcon_core.package_identification:_identify(gym_env/lib/python3.12/site-packages/requests/__pycache__) by extensions ['ignore', 'ignore_ament_install']
[1.005s] Level 1:colcon.colcon_core.package_identification:_identify(gym_env/lib/python3.12/site-packages/requests/__pycache__) by extension 'ignore'
[1.006s] Level 1:colcon.colcon_core.package_identification:_identify(gym_env/lib/python3.12/site-packages/requests/__pycache__) by extension 'ignore_ament_install'
[1.006s] Level 1:colcon.colcon_core.package_identification:_identify(gym_env/lib/python3.12/site-packages/requests/__pycache__) by extensions ['colcon_pkg']
[1.006s] Level 1:colcon.colcon_core.package_identification:_identify(gym_env/lib/python3.12/site-packages/requests/__pycache__) by extension 'colcon_pkg'
[1.006s] Level 1:colcon.colcon_core.package_identification:_identify(gym_env/lib/python3.12/site-packages/requests/__pycache__) by extensions ['colcon_meta']
[1.006s] Level 1:colcon.colcon_core.package_identification:_identify(gym_env/lib/python3.12/site-packages/requests/__pycache__) by extension 'colcon_meta'
[1.006s] Level 1:colcon.colcon_core.package_identification:_identify(gym_env/lib/python3.12/site-packages/requests/__pycache__) by extensions ['ros']
[1.006s] Level 1:colcon.colcon_core.package_identification:_identify(gym_env/lib/python3.12/site-packages/requests/__pycache__) by extension 'ros'
[1.006s] Level 1:colcon.colcon_core.package_identification:_identify(gym_env/lib/python3.12/site-packages/requests/__pycache__) by extensions ['cmake', 'python']
[1.006s] Level 1:colcon.colcon_core.package_identification:_identify(gym_env/lib/python3.12/site-packages/requests/__pycache__) by extension 'cmake'
[1.006s] Level 1:colcon.colcon_core.package_identification:_identify(gym_env/lib/python3.12/site-packages/requests/__pycache__) by extension 'python'
[1.006s] Level 1:colcon.colcon_core.package_identification:_identify(gym_env/lib/python3.12/site-packages/requests/__pycache__) by extensions ['python_setup_py']
[1.006s] Level 1:colcon.colcon_core.package_identification:_identify(gym_env/lib/python3.12/site-packages/requests/__pycache__) by extension 'python_setup_py'
[1.007s] Level 1:colcon.colcon_core.package_identification:_identify(gym_env/lib/python3.12/site-packages/requests-2.33.1.dist-info) by extensions ['ignore', 'ignore_ament_install']
[1.007s] Level 1:colcon.colcon_core.package_identification:_identify(gym_env/lib/python3.12/site-packages/requests-2.33.1.dist-info) by extension 'ignore'
[1.007s] Level 1:colcon.colcon_core.package_identification:_identify(gym_env/lib/python3.12/site-packages/requests-2.33.1.dist-info) by extension 'ignore_ament_install'
[1.007s] Level 1:colcon.colcon_core.package_identification:_identify(gym_env/lib/python3.12/site-packages/requests-2.33.1.dist-info) by extensions ['colcon_pkg']
[1.007s] Level 1:colcon.colcon_core.package_identification:_identify(gym_env/lib/python3.12/site-packages/requests-2.33.1.dist-info) by extension 'colcon_pkg'
[1.007s] Level 1:colcon.colcon_core.package_identification:_identify(gym_env/lib/python3.12/site-packages/requests-2.33.1.dist-info) by extensions ['colcon_meta']
[1.007s] Level 1:colcon.colcon_core.package_identification:_identify(gym_env/lib/python3.12/site-packages/requests-2.33.1.dist-info) by extension 'colcon_meta'
[1.007s] Level 1:colcon.colcon_core.package_identification:_identify(gym_env/lib/python3.12/site-packages/requests-2.33.1.dist-info) by extensions ['ros']
[1.008s] Level 1:colcon.colcon_core.package_identification:_identify(gym_env/lib/python3.12/site-packages/requests-2.33.1.dist-info) by extension 'ros'
[1.008s] Level 1:colcon.colcon_core.package_identification:_identify(gym_env/lib/python3.12/site-packages/requests-2.33.1.dist-info) by extensions ['cmake', 'python']
[1.008s] Level 1:colcon.colcon_core.package_identification:_identify(gym_env/lib/python3.12/site-packages/requests-2.33.1.dist-info) by extension 'cmake'
[1.008s] Level 1:colcon.colcon_core.package_identification:_identify(gym_env/lib/python3.12/site-packages/requests-2.33.1.dist-info) by extension 'python'
[1.008s] Level 1:colcon.colcon_core.package_identification:_identify(gym_env/lib/python3.12/site-packages/requests-2.33.1.dist-info) by extensions ['python_setup_py']
[1.008s] Level 1:colcon.colcon_core.package_identification:_identify(gym_env/lib/python3.12/site-packages/requests-2.33.1.dist-info) by extension 'python_setup_py'
[1.008s] Level 1:colcon.colcon_core.package_identification:_identify(gym_env/lib/python3.12/site-packages/requests-2.33.1.dist-info/licenses) by extensions ['ignore', 'ignore_ament_install']
[1.009s] Level 1:colcon.colcon_core.package_identification:_identify(gym_env/lib/python3.12/site-packages/requests-2.33.1.dist-info/licenses) by extension 'ignore'
[1.009s] Level 1:colcon.colcon_core.package_identification:_identify(gym_env/lib/python3.12/site-packages/requests-2.33.1.dist-info/licenses) by extension 'ignore_ament_install'
[1.009s] Level 1:colcon.colcon_core.package_identification:_identify(gym_env/lib/python3.12/site-packages/requests-2.33.1.dist-info/licenses) by extensions ['colcon_pkg']
[1.009s] Level 1:colcon.colcon_core.package_identification:_identify(gym_env/lib/python3.12/site-packages/requests-2.33.1.dist-info/licenses) by extension 'colcon_pkg'
[1.009s] Level 1:colcon.colcon_core.package_identification:_identify(gym_env/lib/python3.12/site-packages/requests-2.33.1.dist-info/licenses) by extensions ['colcon_meta']
[1.009s] Level 1:colcon.colcon_core.package_identification:_identify(gym_env/lib/python3.12/site-packages/requests-2.33.1.dist-info/licenses) by extension 'colcon_meta'
[1.010s] Level 1:colcon.colcon_core.package_identification:_identify(gym_env/lib/python3.12/site-packages/requests-2.33.1.dist-info/licenses) by extensions ['ros']
[1.010s] Level 1:colcon.colcon_core.package_identification:_identify(gym_env/lib/python3.12/site-packages/requests-2.33.1.dist-info/licenses) by extension 'ros'
[1.010s] Level 1:colcon.colcon_core.package_identification:_identify(gym_env/lib/python3.12/site-packages/requests-2.33.1.dist-info/licenses) by extensions ['cmake', 'python']
[1.010s] Level 1:colcon.colcon_core.package_identification:_identify(gym_env/lib/python3.12/site-packages/requests-2.33.1.dist-info/licenses) by extension 'cmake'
[1.010s] Level 1:colcon.colcon_core.package_identification:_identify(gym_env/lib/python3.12/site-packages/requests-2.33.1.dist-info/licenses) by extension 'python'
[1.010s] Level 1:colcon.colcon_core.package_identification:_identify(gym_env/lib/python3.12/site-packages/requests-2.33.1.dist-info/licenses) by extensions ['python_setup_py']
[1.011s] Level 1:colcon.colcon_core.package_identification:_identify(gym_env/lib/python3.12/site-packages/requests-2.33.1.dist-info/licenses) by extension 'python_setup_py'
[1.011s] Level 1:colcon.colcon_core.package_identification:_identify(gym_env/lib/python3.12/site-packages/urllib3) by extensions ['ignore', 'ignore_ament_install']
[1.011s] Level 1:colcon.colcon_core.package_identification:_identify(gym_env/lib/python3.12/site-packages/urllib3) by extension 'ignore'
[1.011s] Level 1:colcon.colcon_core.package_identification:_identify(gym_env/lib/python3.12/site-packages/urllib3) by extension 'ignore_ament_install'
[1.012s] Level 1:colcon.colcon_core.package_identification:_identify(gym_env/lib/python3.12/site-packages/urllib3) by extensions ['colcon_pkg']
[1.012s] Level 1:colcon.colcon_core.package_identification:_identify(gym_env/lib/python3.12/site-packages/urllib3) by extension 'colcon_pkg'
[1.012s] Level 1:colcon.colcon_core.package_identification:_identify(gym_env/lib/python3.12/site-packages/urllib3) by extensions ['colcon_meta']
[1.012s] Level 1:colcon.colcon_core.package_identification:_identify(gym_env/lib/python3.12/site-packages/urllib3) by extension 'colcon_meta'
[1.012s] Level 1:colcon.colcon_core.package_identification:_identify(gym_env/lib/python3.12/site-packages/urllib3) by extensions ['ros']
[1.012s] Level 1:colcon.colcon_core.package_identification:_identify(gym_env/lib/python3.12/site-packages/urllib3) by extension 'ros'
[1.012s] Level 1:colcon.colcon_core.package_identification:_identify(gym_env/lib/python3.12/site-packages/urllib3) by extensions ['cmake', 'python']
[1.013s] Level 1:colcon.colcon_core.package_identification:_identify(gym_env/lib/python3.12/site-packages/urllib3) by extension 'cmake'
[1.013s] Level 1:colcon.colcon_core.package_identification:_identify(gym_env/lib/python3.12/site-packages/urllib3) by extension 'python'
[1.013s] Level 1:colcon.colcon_core.package_identification:_identify(gym_env/lib/python3.12/site-packages/urllib3) by extensions ['python_setup_py']
[1.013s] Level 1:colcon.colcon_core.package_identification:_identify(gym_env/lib/python3.12/site-packages/urllib3) by extension 'python_setup_py'
[1.013s] Level 1:colcon.colcon_core.package_identification:_identify(gym_env/lib/python3.12/site-packages/urllib3/__pycache__) by extensions ['ignore', 'ignore_ament_install']
[1.014s] Level 1:colcon.colcon_core.package_identification:_identify(gym_env/lib/python3.12/site-packages/urllib3/__pycache__) by extension 'ignore'
[1.014s] Level 1:colcon.colcon_core.package_identification:_identify(gym_env/lib/python3.12/site-packages/urllib3/__pycache__) by extension 'ignore_ament_install'
[1.014s] Level 1:colcon.colcon_core.package_identification:_identify(gym_env/lib/python3.12/site-packages/urllib3/__pycache__) by extensions ['colcon_pkg']
[1.014s] Level 1:colcon.colcon_core.package_identification:_identify(gym_env/lib/python3.12/site-packages/urllib3/__pycache__) by extension 'colcon_pkg'
[1.014s] Level 1:colcon.colcon_core.package_identification:_identify(gym_env/lib/python3.12/site-packages/urllib3/__pycache__) by extensions ['colcon_meta']
[1.014s] Level 1:colcon.colcon_core.package_identification:_identify(gym_env/lib/python3.12/site-packages/urllib3/__pycache__) by extension 'colcon_meta'
[1.014s] Level 1:colcon.colcon_core.package_identification:_identify(gym_env/lib/python3.12/site-packages/urllib3/__pycache__) by extensions ['ros']
[1.014s] Level 1:colcon.colcon_core.package_identification:_identify(gym_env/lib/python3.12/site-packages/urllib3/__pycache__) by extension 'ros'
[1.015s] Level 1:colcon.colcon_core.package_identification:_identify(gym_env/lib/python3.12/site-packages/urllib3/__pycache__) by extensions ['cmake', 'python']
[1.015s] Level 1:colcon.colcon_core.package_identification:_identify(gym_env/lib/python3.12/site-packages/urllib3/__pycache__) by extension 'cmake'
[1.015s] Level 1:colcon.colcon_core.package_identification:_identify(gym_env/lib/python3.12/site-packages/urllib3/__pycache__) by extension 'python'
[1.015s] Level 1:colcon.colcon_core.package_identification:_identify(gym_env/lib/python3.12/site-packages/urllib3/__pycache__) by extensions ['python_setup_py']
[1.015s] Level 1:colcon.colcon_core.package_identification:_identify(gym_env/lib/python3.12/site-packages/urllib3/__pycache__) by extension 'python_setup_py'
[1.015s] Level 1:colcon.colcon_core.package_identification:_identify(gym_env/lib/python3.12/site-packages/urllib3/contrib) by extensions ['ignore', 'ignore_ament_install']
[1.015s] Level 1:colcon.colcon_core.package_identification:_identify(gym_env/lib/python3.12/site-packages/urllib3/contrib) by extension 'ignore'
[1.015s] Level 1:colcon.colcon_core.package_identification:_identify(gym_env/lib/python3.12/site-packages/urllib3/contrib) by extension 'ignore_ament_install'
[1.016s] Level 1:colcon.colcon_core.package_identification:_identify(gym_env/lib/python3.12/site-packages/urllib3/contrib) by extensions ['colcon_pkg']
[1.016s] Level 1:colcon.colcon_core.package_identification:_identify(gym_env/lib/python3.12/site-packages/urllib3/contrib) by extension 'colcon_pkg'
[1.016s] Level 1:colcon.colcon_core.package_identification:_identify(gym_env/lib/python3.12/site-packages/urllib3/contrib) by extensions ['colcon_meta']
[1.016s] Level 1:colcon.colcon_core.package_identification:_identify(gym_env/lib/python3.12/site-packages/urllib3/contrib) by extension 'colcon_meta'
[1.016s] Level 1:colcon.colcon_core.package_identification:_identify(gym_env/lib/python3.12/site-packages/urllib3/contrib) by extensions ['ros']
[1.016s] Level 1:colcon.colcon_core.package_identification:_identify(gym_env/lib/python3.12/site-packages/urllib3/contrib) by extension 'ros'
[1.016s] Level 1:colcon.colcon_core.package_identification:_identify(gym_env/lib/python3.12/site-packages/urllib3/contrib) by extensions ['cmake', 'python']
[1.016s] Level 1:colcon.colcon_core.package_identification:_identify(gym_env/lib/python3.12/site-packages/urllib3/contrib) by extension 'cmake'
[1.016s] Level 1:colcon.colcon_core.package_identification:_identify(gym_env/lib/python3.12/site-packages/urllib3/contrib) by extension 'python'
[1.016s] Level 1:colcon.colcon_core.package_identification:_identify(gym_env/lib/python3.12/site-packages/urllib3/contrib) by extensions ['python_setup_py']
[1.017s] Level 1:colcon.colcon_core.package_identification:_identify(gym_env/lib/python3.12/site-packages/urllib3/contrib) by extension 'python_setup_py'
[1.017s] Level 1:colcon.colcon_core.package_identification:_identify(gym_env/lib/python3.12/site-packages/urllib3/contrib/__pycache__) by extensions ['ignore', 'ignore_ament_install']
[1.017s] Level 1:colcon.colcon_core.package_identification:_identify(gym_env/lib/python3.12/site-packages/urllib3/contrib/__pycache__) by extension 'ignore'
[1.017s] Level 1:colcon.colcon_core.package_identification:_identify(gym_env/lib/python3.12/site-packages/urllib3/contrib/__pycache__) by extension 'ignore_ament_install'
[1.017s] Level 1:colcon.colcon_core.package_identification:_identify(gym_env/lib/python3.12/site-packages/urllib3/contrib/__pycache__) by extensions ['colcon_pkg']
[1.017s] Level 1:colcon.colcon_core.package_identification:_identify(gym_env/lib/python3.12/site-packages/urllib3/contrib/__pycache__) by extension 'colcon_pkg'
[1.018s] Level 1:colcon.colcon_core.package_identification:_identify(gym_env/lib/python3.12/site-packages/urllib3/contrib/__pycache__) by extensions ['colcon_meta']
[1.018s] Level 1:colcon.colcon_core.package_identification:_identify(gym_env/lib/python3.12/site-packages/urllib3/contrib/__pycache__) by extension 'colcon_meta'
[1.018s] Level 1:colcon.colcon_core.package_identification:_identify(gym_env/lib/python3.12/site-packages/urllib3/contrib/__pycache__) by extensions ['ros']
[1.018s] Level 1:colcon.colcon_core.package_identification:_identify(gym_env/lib/python3.12/site-packages/urllib3/contrib/__pycache__) by extension 'ros'
[1.018s] Level 1:colcon.colcon_core.package_identification:_identify(gym_env/lib/python3.12/site-packages/urllib3/contrib/__pycache__) by extensions ['cmake', 'python']
[1.018s] Level 1:colcon.colcon_core.package_identification:_identify(gym_env/lib/python3.12/site-packages/urllib3/contrib/__pycache__) by extension 'cmake'
[1.018s] Level 1:colcon.colcon_core.package_identification:_identify(gym_env/lib/python3.12/site-packages/urllib3/contrib/__pycache__) by extension 'python'
[1.018s] Level 1:colcon.colcon_core.package_identification:_identify(gym_env/lib/python3.12/site-packages/urllib3/contrib/__pycache__) by extensions ['python_setup_py']
[1.018s] Level 1:colcon.colcon_core.package_identification:_identify(gym_env/lib/python3.12/site-packages/urllib3/contrib/__pycache__) by extension 'python_setup_py'
[1.018s] Level 1:colcon.colcon_core.package_identification:_identify(gym_env/lib/python3.12/site-packages/urllib3/contrib/emscripten) by extensions ['ignore', 'ignore_ament_install']
[1.019s] Level 1:colcon.colcon_core.package_identification:_identify(gym_env/lib/python3.12/site-packages/urllib3/contrib/emscripten) by extension 'ignore'
[1.019s] Level 1:colcon.colcon_core.package_identification:_identify(gym_env/lib/python3.12/site-packages/urllib3/contrib/emscripten) by extension 'ignore_ament_install'
[1.019s] Level 1:colcon.colcon_core.package_identification:_identify(gym_env/lib/python3.12/site-packages/urllib3/contrib/emscripten) by extensions ['colcon_pkg']
[1.019s] Level 1:colcon.colcon_core.package_identification:_identify(gym_env/lib/python3.12/site-packages/urllib3/contrib/emscripten) by extension 'colcon_pkg'
[1.019s] Level 1:colcon.colcon_core.package_identification:_identify(gym_env/lib/python3.12/site-packages/urllib3/contrib/emscripten) by extensions ['colcon_meta']
[1.019s] Level 1:colcon.colcon_core.package_identification:_identify(gym_env/lib/python3.12/site-packages/urllib3/contrib/emscripten) by extension 'colcon_meta'
[1.019s] Level 1:colcon.colcon_core.package_identification:_identify(gym_env/lib/python3.12/site-packages/urllib3/contrib/emscripten) by extensions ['ros']
[1.019s] Level 1:colcon.colcon_core.package_identification:_identify(gym_env/lib/python3.12/site-packages/urllib3/contrib/emscripten) by extension 'ros'
[1.020s] Level 1:colcon.colcon_core.package_identification:_identify(gym_env/lib/python3.12/site-packages/urllib3/contrib/emscripten) by extensions ['cmake', 'python']
[1.020s] Level 1:colcon.colcon_core.package_identification:_identify(gym_env/lib/python3.12/site-packages/urllib3/contrib/emscripten) by extension 'cmake'
[1.020s] Level 1:colcon.colcon_core.package_identification:_identify(gym_env/lib/python3.12/site-packages/urllib3/contrib/emscripten) by extension 'python'
[1.020s] Level 1:colcon.colcon_core.package_identification:_identify(gym_env/lib/python3.12/site-packages/urllib3/contrib/emscripten) by extensions ['python_setup_py']
[1.020s] Level 1:colcon.colcon_core.package_identification:_identify(gym_env/lib/python3.12/site-packages/urllib3/contrib/emscripten) by extension 'python_setup_py'
[1.020s] Level 1:colcon.colcon_core.package_identification:_identify(gym_env/lib/python3.12/site-packages/urllib3/contrib/emscripten/__pycache__) by extensions ['ignore', 'ignore_ament_install']
[1.020s] Level 1:colcon.colcon_core.package_identification:_identify(gym_env/lib/python3.12/site-packages/urllib3/contrib/emscripten/__pycache__) by extension 'ignore'
[1.020s] Level 1:colcon.colcon_core.package_identification:_identify(gym_env/lib/python3.12/site-packages/urllib3/contrib/emscripten/__pycache__) by extension 'ignore_ament_install'
[1.021s] Level 1:colcon.colcon_core.package_identification:_identify(gym_env/lib/python3.12/site-packages/urllib3/contrib/emscripten/__pycache__) by extensions ['colcon_pkg']
[1.021s] Level 1:colcon.colcon_core.package_identification:_identify(gym_env/lib/python3.12/site-packages/urllib3/contrib/emscripten/__pycache__) by extension 'colcon_pkg'
[1.021s] Level 1:colcon.colcon_core.package_identification:_identify(gym_env/lib/python3.12/site-packages/urllib3/contrib/emscripten/__pycache__) by extensions ['colcon_meta']
[1.021s] Level 1:colcon.colcon_core.package_identification:_identify(gym_env/lib/python3.12/site-packages/urllib3/contrib/emscripten/__pycache__) by extension 'colcon_meta'
[1.021s] Level 1:colcon.colcon_core.package_identification:_identify(gym_env/lib/python3.12/site-packages/urllib3/contrib/emscripten/__pycache__) by extensions ['ros']
[1.021s] Level 1:colcon.colcon_core.package_identification:_identify(gym_env/lib/python3.12/site-packages/urllib3/contrib/emscripten/__pycache__) by extension 'ros'
[1.021s] Level 1:colcon.colcon_core.package_identification:_identify(gym_env/lib/python3.12/site-packages/urllib3/contrib/emscripten/__pycache__) by extensions ['cmake', 'python']
[1.021s] Level 1:colcon.colcon_core.package_identification:_identify(gym_env/lib/python3.12/site-packages/urllib3/contrib/emscripten/__pycache__) by extension 'cmake'
[1.021s] Level 1:colcon.colcon_core.package_identification:_identify(gym_env/lib/python3.12/site-packages/urllib3/contrib/emscripten/__pycache__) by extension 'python'
[1.021s] Level 1:colcon.colcon_core.package_identification:_identify(gym_env/lib/python3.12/site-packages/urllib3/contrib/emscripten/__pycache__) by extensions ['python_setup_py']
[1.021s] Level 1:colcon.colcon_core.package_identification:_identify(gym_env/lib/python3.12/site-packages/urllib3/contrib/emscripten/__pycache__) by extension 'python_setup_py'
[1.022s] Level 1:colcon.colcon_core.package_identification:_identify(gym_env/lib/python3.12/site-packages/urllib3/http2) by extensions ['ignore', 'ignore_ament_install']
[1.022s] Level 1:colcon.colcon_core.package_identification:_identify(gym_env/lib/python3.12/site-packages/urllib3/http2) by extension 'ignore'
[1.022s] Level 1:colcon.colcon_core.package_identification:_identify(gym_env/lib/python3.12/site-packages/urllib3/http2) by extension 'ignore_ament_install'
[1.022s] Level 1:colcon.colcon_core.package_identification:_identify(gym_env/lib/python3.12/site-packages/urllib3/http2) by extensions ['colcon_pkg']
[1.022s] Level 1:colcon.colcon_core.package_identification:_identify(gym_env/lib/python3.12/site-packages/urllib3/http2) by extension 'colcon_pkg'
[1.022s] Level 1:colcon.colcon_core.package_identification:_identify(gym_env/lib/python3.12/site-packages/urllib3/http2) by extensions ['colcon_meta']
[1.022s] Level 1:colcon.colcon_core.package_identification:_identify(gym_env/lib/python3.12/site-packages/urllib3/http2) by extension 'colcon_meta'
[1.022s] Level 1:colcon.colcon_core.package_identification:_identify(gym_env/lib/python3.12/site-packages/urllib3/http2) by extensions ['ros']
[1.022s] Level 1:colcon.colcon_core.package_identification:_identify(gym_env/lib/python3.12/site-packages/urllib3/http2) by extension 'ros'
[1.023s] Level 1:colcon.colcon_core.package_identification:_identify(gym_env/lib/python3.12/site-packages/urllib3/http2) by extensions ['cmake', 'python']
[1.023s] Level 1:colcon.colcon_core.package_identification:_identify(gym_env/lib/python3.12/site-packages/urllib3/http2) by extension 'cmake'
[1.023s] Level 1:colcon.colcon_core.package_identification:_identify(gym_env/lib/python3.12/site-packages/urllib3/http2) by extension 'python'
[1.023s] Level 1:colcon.colcon_core.package_identification:_identify(gym_env/lib/python3.12/site-packages/urllib3/http2) by extensions ['python_setup_py']
[1.023s] Level 1:colcon.colcon_core.package_identification:_identify(gym_env/lib/python3.12/site-packages/urllib3/http2) by extension 'python_setup_py'
[1.023s] Level 1:colcon.colcon_core.package_identification:_identify(gym_env/lib/python3.12/site-packages/urllib3/http2/__pycache__) by extensions ['ignore', 'ignore_ament_install']
[1.023s] Level 1:colcon.colcon_core.package_identification:_identify(gym_env/lib/python3.12/site-packages/urllib3/http2/__pycache__) by extension 'ignore'
[1.023s] Level 1:colcon.colcon_core.package_identification:_identify(gym_env/lib/python3.12/site-packages/urllib3/http2/__pycache__) by extension 'ignore_ament_install'
[1.024s] Level 1:colcon.colcon_core.package_identification:_identify(gym_env/lib/python3.12/site-packages/urllib3/http2/__pycache__) by extensions ['colcon_pkg']
[1.024s] Level 1:colcon.colcon_core.package_identification:_identify(gym_env/lib/python3.12/site-packages/urllib3/http2/__pycache__) by extension 'colcon_pkg'
[1.024s] Level 1:colcon.colcon_core.package_identification:_identify(gym_env/lib/python3.12/site-packages/urllib3/http2/__pycache__) by extensions ['colcon_meta']
[1.024s] Level 1:colcon.colcon_core.package_identification:_identify(gym_env/lib/python3.12/site-packages/urllib3/http2/__pycache__) by extension 'colcon_meta'
[1.024s] Level 1:colcon.colcon_core.package_identification:_identify(gym_env/lib/python3.12/site-packages/urllib3/http2/__pycache__) by extensions ['ros']
[1.024s] Level 1:colcon.colcon_core.package_identification:_identify(gym_env/lib/python3.12/site-packages/urllib3/http2/__pycache__) by extension 'ros'
[1.024s] Level 1:colcon.colcon_core.package_identification:_identify(gym_env/lib/python3.12/site-packages/urllib3/http2/__pycache__) by extensions ['cmake', 'python']
[1.024s] Level 1:colcon.colcon_core.package_identification:_identify(gym_env/lib/python3.12/site-packages/urllib3/http2/__pycache__) by extension 'cmake'
[1.024s] Level 1:colcon.colcon_core.package_identification:_identify(gym_env/lib/python3.12/site-packages/urllib3/http2/__pycache__) by extension 'python'
[1.024s] Level 1:colcon.colcon_core.package_identification:_identify(gym_env/lib/python3.12/site-packages/urllib3/http2/__pycache__) by extensions ['python_setup_py']
[1.025s] Level 1:colcon.colcon_core.package_identification:_identify(gym_env/lib/python3.12/site-packages/urllib3/http2/__pycache__) by extension 'python_setup_py'
[1.025s] Level 1:colcon.colcon_core.package_identification:_identify(gym_env/lib/python3.12/site-packages/urllib3/util) by extensions ['ignore', 'ignore_ament_install']
[1.025s] Level 1:colcon.colcon_core.package_identification:_identify(gym_env/lib/python3.12/site-packages/urllib3/util) by extension 'ignore'
[1.025s] Level 1:colcon.colcon_core.package_identification:_identify(gym_env/lib/python3.12/site-packages/urllib3/util) by extension 'ignore_ament_install'
[1.025s] Level 1:colcon.colcon_core.package_identification:_identify(gym_env/lib/python3.12/site-packages/urllib3/util) by extensions ['colcon_pkg']
[1.026s] Level 1:colcon.colcon_core.package_identification:_identify(gym_env/lib/python3.12/site-packages/urllib3/util) by extension 'colcon_pkg'
[1.026s] Level 1:colcon.colcon_core.package_identification:_identify(gym_env/lib/python3.12/site-packages/urllib3/util) by extensions ['colcon_meta']
[1.026s] Level 1:colcon.colcon_core.package_identification:_identify(gym_env/lib/python3.12/site-packages/urllib3/util) by extension 'colcon_meta'
[1.026s] Level 1:colcon.colcon_core.package_identification:_identify(gym_env/lib/python3.12/site-packages/urllib3/util) by extensions ['ros']
[1.026s] Level 1:colcon.colcon_core.package_identification:_identify(gym_env/lib/python3.12/site-packages/urllib3/util) by extension 'ros'
[1.026s] Level 1:colcon.colcon_core.package_identification:_identify(gym_env/lib/python3.12/site-packages/urllib3/util) by extensions ['cmake', 'python']
[1.027s] Level 1:colcon.colcon_core.package_identification:_identify(gym_env/lib/python3.12/site-packages/urllib3/util) by extension 'cmake'
[1.027s] Level 1:colcon.colcon_core.package_identification:_identify(gym_env/lib/python3.12/site-packages/urllib3/util) by extension 'python'
[1.027s] Level 1:colcon.colcon_core.package_identification:_identify(gym_env/lib/python3.12/site-packages/urllib3/util) by extensions ['python_setup_py']
[1.027s] Level 1:colcon.colcon_core.package_identification:_identify(gym_env/lib/python3.12/site-packages/urllib3/util) by extension 'python_setup_py'
[1.027s] Level 1:colcon.colcon_core.package_identification:_identify(gym_env/lib/python3.12/site-packages/urllib3/util/__pycache__) by extensions ['ignore', 'ignore_ament_install']
[1.028s] Level 1:colcon.colcon_core.package_identification:_identify(gym_env/lib/python3.12/site-packages/urllib3/util/__pycache__) by extension 'ignore'
[1.028s] Level 1:colcon.colcon_core.package_identification:_identify(gym_env/lib/python3.12/site-packages/urllib3/util/__pycache__) by extension 'ignore_ament_install'
[1.028s] Level 1:colcon.colcon_core.package_identification:_identify(gym_env/lib/python3.12/site-packages/urllib3/util/__pycache__) by extensions ['colcon_pkg']
[1.028s] Level 1:colcon.colcon_core.package_identification:_identify(gym_env/lib/python3.12/site-packages/urllib3/util/__pycache__) by extension 'colcon_pkg'
[1.028s] Level 1:colcon.colcon_core.package_identification:_identify(gym_env/lib/python3.12/site-packages/urllib3/util/__pycache__) by extensions ['colcon_meta']
[1.029s] Level 1:colcon.colcon_core.package_identification:_identify(gym_env/lib/python3.12/site-packages/urllib3/util/__pycache__) by extension 'colcon_meta'
[1.029s] Level 1:colcon.colcon_core.package_identification:_identify(gym_env/lib/python3.12/site-packages/urllib3/util/__pycache__) by extensions ['ros']
[1.029s] Level 1:colcon.colcon_core.package_identification:_identify(gym_env/lib/python3.12/site-packages/urllib3/util/__pycache__) by extension 'ros'
[1.029s] Level 1:colcon.colcon_core.package_identification:_identify(gym_env/lib/python3.12/site-packages/urllib3/util/__pycache__) by extensions ['cmake', 'python']
[1.029s] Level 1:colcon.colcon_core.package_identification:_identify(gym_env/lib/python3.12/site-packages/urllib3/util/__pycache__) by extension 'cmake'
[1.029s] Level 1:colcon.colcon_core.package_identification:_identify(gym_env/lib/python3.12/site-packages/urllib3/util/__pycache__) by extension 'python'
[1.029s] Level 1:colcon.colcon_core.package_identification:_identify(gym_env/lib/python3.12/site-packages/urllib3/util/__pycache__) by extensions ['python_setup_py']
[1.030s] Level 1:colcon.colcon_core.package_identification:_identify(gym_env/lib/python3.12/site-packages/urllib3/util/__pycache__) by extension 'python_setup_py'
[1.030s] Level 1:colcon.colcon_core.package_identification:_identify(gym_env/lib/python3.12/site-packages/urllib3-2.6.3.dist-info) by extensions ['ignore', 'ignore_ament_install']
[1.030s] Level 1:colcon.colcon_core.package_identification:_identify(gym_env/lib/python3.12/site-packages/urllib3-2.6.3.dist-info) by extension 'ignore'
[1.030s] Level 1:colcon.colcon_core.package_identification:_identify(gym_env/lib/python3.12/site-packages/urllib3-2.6.3.dist-info) by extension 'ignore_ament_install'
[1.031s] Level 1:colcon.colcon_core.package_identification:_identify(gym_env/lib/python3.12/site-packages/urllib3-2.6.3.dist-info) by extensions ['colcon_pkg']
[1.031s] Level 1:colcon.colcon_core.package_identification:_identify(gym_env/lib/python3.12/site-packages/urllib3-2.6.3.dist-info) by extension 'colcon_pkg'
[1.031s] Level 1:colcon.colcon_core.package_identification:_identify(gym_env/lib/python3.12/site-packages/urllib3-2.6.3.dist-info) by extensions ['colcon_meta']
[1.031s] Level 1:colcon.colcon_core.package_identification:_identify(gym_env/lib/python3.12/site-packages/urllib3-2.6.3.dist-info) by extension 'colcon_meta'
[1.031s] Level 1:colcon.colcon_core.package_identification:_identify(gym_env/lib/python3.12/site-packages/urllib3-2.6.3.dist-info) by extensions ['ros']
[1.031s] Level 1:colcon.colcon_core.package_identification:_identify(gym_env/lib/python3.12/site-packages/urllib3-2.6.3.dist-info) by extension 'ros'
[1.031s] Level 1:colcon.colcon_core.package_identification:_identify(gym_env/lib/python3.12/site-packages/urllib3-2.6.3.dist-info) by extensions ['cmake', 'python']
[1.031s] Level 1:colcon.colcon_core.package_identification:_identify(gym_env/lib/python3.12/site-packages/urllib3-2.6.3.dist-info) by extension 'cmake'
[1.031s] Level 1:colcon.colcon_core.package_identification:_identify(gym_env/lib/python3.12/site-packages/urllib3-2.6.3.dist-info) by extension 'python'
[1.031s] Level 1:colcon.colcon_core.package_identification:_identify(gym_env/lib/python3.12/site-packages/urllib3-2.6.3.dist-info) by extensions ['python_setup_py']
[1.031s] Level 1:colcon.colcon_core.package_identification:_identify(gym_env/lib/python3.12/site-packages/urllib3-2.6.3.dist-info) by extension 'python_setup_py'
[1.032s] Level 1:colcon.colcon_core.package_identification:_identify(gym_env/lib/python3.12/site-packages/urllib3-2.6.3.dist-info/licenses) by extensions ['ignore', 'ignore_ament_install']
[1.032s] Level 1:colcon.colcon_core.package_identification:_identify(gym_env/lib/python3.12/site-packages/urllib3-2.6.3.dist-info/licenses) by extension 'ignore'
[1.032s] Level 1:colcon.colcon_core.package_identification:_identify(gym_env/lib/python3.12/site-packages/urllib3-2.6.3.dist-info/licenses) by extension 'ignore_ament_install'
[1.032s] Level 1:colcon.colcon_core.package_identification:_identify(gym_env/lib/python3.12/site-packages/urllib3-2.6.3.dist-info/licenses) by extensions ['colcon_pkg']
[1.032s] Level 1:colcon.colcon_core.package_identification:_identify(gym_env/lib/python3.12/site-packages/urllib3-2.6.3.dist-info/licenses) by extension 'colcon_pkg'
[1.032s] Level 1:colcon.colcon_core.package_identification:_identify(gym_env/lib/python3.12/site-packages/urllib3-2.6.3.dist-info/licenses) by extensions ['colcon_meta']
[1.032s] Level 1:colcon.colcon_core.package_identification:_identify(gym_env/lib/python3.12/site-packages/urllib3-2.6.3.dist-info/licenses) by extension 'colcon_meta'
[1.032s] Level 1:colcon.colcon_core.package_identification:_identify(gym_env/lib/python3.12/site-packages/urllib3-2.6.3.dist-info/licenses) by extensions ['ros']
[1.033s] Level 1:colcon.colcon_core.package_identification:_identify(gym_env/lib/python3.12/site-packages/urllib3-2.6.3.dist-info/licenses) by extension 'ros'
[1.033s] Level 1:colcon.colcon_core.package_identification:_identify(gym_env/lib/python3.12/site-packages/urllib3-2.6.3.dist-info/licenses) by extensions ['cmake', 'python']
[1.033s] Level 1:colcon.colcon_core.package_identification:_identify(gym_env/lib/python3.12/site-packages/urllib3-2.6.3.dist-info/licenses) by extension 'cmake'
[1.033s] Level 1:colcon.colcon_core.package_identification:_identify(gym_env/lib/python3.12/site-packages/urllib3-2.6.3.dist-info/licenses) by extension 'python'
[1.033s] Level 1:colcon.colcon_core.package_identification:_identify(gym_env/lib/python3.12/site-packages/urllib3-2.6.3.dist-info/licenses) by extensions ['python_setup_py']
[1.033s] Level 1:colcon.colcon_core.package_identification:_identify(gym_env/lib/python3.12/site-packages/urllib3-2.6.3.dist-info/licenses) by extension 'python_setup_py'
[1.033s] Level 1:colcon.colcon_core.package_identification:_identify(install) by extensions ['ignore', 'ignore_ament_install']
[1.033s] Level 1:colcon.colcon_core.package_identification:_identify(install) by extension 'ignore'
[1.034s] Level 1:colcon.colcon_core.package_identification:_identify(install) ignored
[1.034s] Level 1:colcon.colcon_core.package_identification:_identify(log) by extensions ['ignore', 'ignore_ament_install']
[1.034s] Level 1:colcon.colcon_core.package_identification:_identify(log) by extension 'ignore'
[1.034s] Level 1:colcon.colcon_core.package_identification:_identify(log) ignored
[1.034s] Level 1:colcon.colcon_core.package_identification:_identify(src) by extensions ['ignore', 'ignore_ament_install']
[1.034s] Level 1:colcon.colcon_core.package_identification:_identify(src) by extension 'ignore'
[1.034s] Level 1:colcon.colcon_core.package_identification:_identify(src) by extension 'ignore_ament_install'
[1.035s] Level 1:colcon.colcon_core.package_identification:_identify(src) by extensions ['colcon_pkg']
[1.035s] Level 1:colcon.colcon_core.package_identification:_identify(src) by extension 'colcon_pkg'
[1.035s] Level 1:colcon.colcon_core.package_identification:_identify(src) by extensions ['colcon_meta']
[1.035s] Level 1:colcon.colcon_core.package_identification:_identify(src) by extension 'colcon_meta'
[1.035s] Level 1:colcon.colcon_core.package_identification:_identify(src) by extensions ['ros']
[1.035s] Level 1:colcon.colcon_core.package_identification:_identify(src) by extension 'ros'
[1.035s] Level 1:colcon.colcon_core.package_identification:_identify(src) by extensions ['cmake', 'python']
[1.035s] Level 1:colcon.colcon_core.package_identification:_identify(src) by extension 'cmake'
[1.035s] Level 1:colcon.colcon_core.package_identification:_identify(src) by extension 'python'
[1.035s] Level 1:colcon.colcon_core.package_identification:_identify(src) by extensions ['python_setup_py']
[1.035s] Level 1:colcon.colcon_core.package_identification:_identify(src) by extension 'python_setup_py'
[1.036s] Level 1:colcon.colcon_core.package_identification:_identify(src/coach_analyzer) by extensions ['ignore', 'ignore_ament_install']
[1.036s] Level 1:colcon.colcon_core.package_identification:_identify(src/coach_analyzer) by extension 'ignore'
[1.036s] Level 1:colcon.colcon_core.package_identification:_identify(src/coach_analyzer) by extension 'ignore_ament_install'
[1.036s] Level 1:colcon.colcon_core.package_identification:_identify(src/coach_analyzer) by extensions ['colcon_pkg']
[1.036s] Level 1:colcon.colcon_core.package_identification:_identify(src/coach_analyzer) by extension 'colcon_pkg'
[1.036s] Level 1:colcon.colcon_core.package_identification:_identify(src/coach_analyzer) by extensions ['colcon_meta']
[1.036s] Level 1:colcon.colcon_core.package_identification:_identify(src/coach_analyzer) by extension 'colcon_meta'
[1.036s] Level 1:colcon.colcon_core.package_identification:_identify(src/coach_analyzer) by extensions ['ros']
[1.036s] Level 1:colcon.colcon_core.package_identification:_identify(src/coach_analyzer) by extension 'ros'
[1.043s] DEBUG:colcon.colcon_core.package_identification:Package 'src/coach_analyzer' with type 'ros.ament_python' and name 'coach_analyzer'
[1.044s] Level 1:colcon.colcon_core.package_identification:_identify(src/coach_bringup) by extensions ['ignore', 'ignore_ament_install']
[1.044s] Level 1:colcon.colcon_core.package_identification:_identify(src/coach_bringup) by extension 'ignore'
[1.044s] Level 1:colcon.colcon_core.package_identification:_identify(src/coach_bringup) by extension 'ignore_ament_install'
[1.044s] Level 1:colcon.colcon_core.package_identification:_identify(src/coach_bringup) by extensions ['colcon_pkg']
[1.044s] Level 1:colcon.colcon_core.package_identification:_identify(src/coach_bringup) by extension 'colcon_pkg'
[1.045s] Level 1:colcon.colcon_core.package_identification:_identify(src/coach_bringup) by extensions ['colcon_meta']
[1.045s] Level 1:colcon.colcon_core.package_identification:_identify(src/coach_bringup) by extension 'colcon_meta'
[1.045s] Level 1:colcon.colcon_core.package_identification:_identify(src/coach_bringup) by extensions ['ros']
[1.045s] Level 1:colcon.colcon_core.package_identification:_identify(src/coach_bringup) by extension 'ros'
[1.047s] DEBUG:colcon.colcon_core.package_identification:Package 'src/coach_bringup' with type 'ros.ament_cmake' and name 'coach_bringup'
[1.047s] Level 1:colcon.colcon_core.package_identification:_identify(src/coach_feedback) by extensions ['ignore', 'ignore_ament_install']
[1.047s] Level 1:colcon.colcon_core.package_identification:_identify(src/coach_feedback) by extension 'ignore'
[1.047s] Level 1:colcon.colcon_core.package_identification:_identify(src/coach_feedback) by extension 'ignore_ament_install'
[1.047s] Level 1:colcon.colcon_core.package_identification:_identify(src/coach_feedback) by extensions ['colcon_pkg']
[1.048s] Level 1:colcon.colcon_core.package_identification:_identify(src/coach_feedback) by extension 'colcon_pkg'
[1.048s] Level 1:colcon.colcon_core.package_identification:_identify(src/coach_feedback) by extensions ['colcon_meta']
[1.048s] Level 1:colcon.colcon_core.package_identification:_identify(src/coach_feedback) by extension 'colcon_meta'
[1.048s] Level 1:colcon.colcon_core.package_identification:_identify(src/coach_feedback) by extensions ['ros']
[1.048s] Level 1:colcon.colcon_core.package_identification:_identify(src/coach_feedback) by extension 'ros'
[1.049s] DEBUG:colcon.colcon_core.package_identification:Package 'src/coach_feedback' with type 'ros.ament_python' and name 'coach_feedback'
[1.050s] Level 1:colcon.colcon_core.package_identification:_identify(src/coach_interfaces) by extensions ['ignore', 'ignore_ament_install']
[1.050s] Level 1:colcon.colcon_core.package_identification:_identify(src/coach_interfaces) by extension 'ignore'
[1.050s] Level 1:colcon.colcon_core.package_identification:_identify(src/coach_interfaces) by extension 'ignore_ament_install'
[1.050s] Level 1:colcon.colcon_core.package_identification:_identify(src/coach_interfaces) by extensions ['colcon_pkg']
[1.050s] Level 1:colcon.colcon_core.package_identification:_identify(src/coach_interfaces) by extension 'colcon_pkg'
[1.050s] Level 1:colcon.colcon_core.package_identification:_identify(src/coach_interfaces) by extensions ['colcon_meta']
[1.050s] Level 1:colcon.colcon_core.package_identification:_identify(src/coach_interfaces) by extension 'colcon_meta'
[1.050s] Level 1:colcon.colcon_core.package_identification:_identify(src/coach_interfaces) by extensions ['ros']
[1.050s] Level 1:colcon.colcon_core.package_identification:_identify(src/coach_interfaces) by extension 'ros'
[1.052s] DEBUG:colcon.colcon_core.package_identification:Package 'src/coach_interfaces' with type 'ros.catkin' and name 'coach_interfaces'
[1.052s] Level 1:colcon.colcon_core.package_identification:_identify(src/coach_vision) by extensions ['ignore', 'ignore_ament_install']
[1.052s] Level 1:colcon.colcon_core.package_identification:_identify(src/coach_vision) by extension 'ignore'
[1.052s] Level 1:colcon.colcon_core.package_identification:_identify(src/coach_vision) by extension 'ignore_ament_install'
[1.052s] Level 1:colcon.colcon_core.package_identification:_identify(src/coach_vision) by extensions ['colcon_pkg']
[1.052s] Level 1:colcon.colcon_core.package_identification:_identify(src/coach_vision) by extension 'colcon_pkg'
[1.052s] Level 1:colcon.colcon_core.package_identification:_identify(src/coach_vision) by extensions ['colcon_meta']
[1.052s] Level 1:colcon.colcon_core.package_identification:_identify(src/coach_vision) by extension 'colcon_meta'
[1.053s] Level 1:colcon.colcon_core.package_identification:_identify(src/coach_vision) by extensions ['ros']
[1.053s] Level 1:colcon.colcon_core.package_identification:_identify(src/coach_vision) by extension 'ros'
[1.054s] DEBUG:colcon.colcon_core.package_identification:Package 'src/coach_vision' with type 'ros.ament_python' and name 'coach_vision'
[1.054s] Level 1:colcon.colcon_core.package_discovery:discover_packages(recursive) using defaults
[1.054s] Level 1:colcon.colcon_core.package_discovery:discover_packages(ignore) discover
[1.054s] Level 1:colcon.colcon_core.package_discovery:discover_packages(ignore) using defaults
[1.054s] Level 1:colcon.colcon_core.package_discovery:discover_packages(path) discover
[1.054s] Level 1:colcon.colcon_core.package_discovery:discover_packages(path) using defaults
[1.112s] INFO:colcon.colcon_core.package_selection:Skipping not selected package 'coach_analyzer' in 'src/coach_analyzer'
[1.112s] INFO:colcon.colcon_core.package_selection:Skipping not selected package 'coach_feedback' in 'src/coach_feedback'
[1.112s] INFO:colcon.colcon_core.package_selection:Skipping not selected package 'coach_interfaces' in 'src/coach_interfaces'
[1.112s] INFO:colcon.colcon_core.package_selection:Skipping not selected package 'coach_vision' in 'src/coach_vision'
[1.114s] Level 1:colcon.colcon_core.package_discovery:discover_packages(prefix_path) check parameters
[1.114s] Level 1:colcon.colcon_core.package_discovery:discover_packages(prefix_path) discover
[1.117s] WARNING:colcon.colcon_ros.prefix_path.ament:The path '/home/athmani-roumaissa/ros2_coach_ws/install/coach_vision' in the environment variable AMENT_PREFIX_PATH doesn't exist
[1.118s] WARNING:colcon.colcon_ros.prefix_path.catkin:The path '/home/athmani-roumaissa/ros2_coach_ws/install/coach_interfaces' in the environment variable CMAKE_PREFIX_PATH doesn't exist
[1.121s] DEBUG:colcon.colcon_installed_package_information.package_discovery:Found 2 installed packages in /home/athmani-roumaissa/ros2_coach_ws/install
[1.126s] DEBUG:colcon.colcon_installed_package_information.package_discovery:Found 361 installed packages in /opt/ros/jazzy
[1.132s] Level 1:colcon.colcon_core.package_discovery:discover_packages(prefix_path) using defaults
[1.358s] Level 5:colcon.colcon_core.verb:set package 'coach_bringup' build argument 'cmake_args' from command line to 'None'
[1.358s] Level 5:colcon.colcon_core.verb:set package 'coach_bringup' build argument 'cmake_target' from command line to 'None'
[1.358s] Level 5:colcon.colcon_core.verb:set package 'coach_bringup' build argument 'cmake_target_skip_unavailable' from command line to 'False'
[1.358s] Level 5:colcon.colcon_core.verb:set package 'coach_bringup' build argument 'cmake_clean_cache' from command line to 'False'
[1.358s] Level 5:colcon.colcon_core.verb:set package 'coach_bringup' build argument 'cmake_clean_first' from command line to 'False'
[1.358s] Level 5:colcon.colcon_core.verb:set package 'coach_bringup' build argument 'cmake_force_configure' from command line to 'False'
[1.358s] Level 5:colcon.colcon_core.verb:set package 'coach_bringup' build argument 'ament_cmake_args' from command line to 'None'
[1.358s] Level 5:colcon.colcon_core.verb:set package 'coach_bringup' build argument 'catkin_cmake_args' from command line to 'None'
[1.358s] Level 5:colcon.colcon_core.verb:set package 'coach_bringup' build argument 'catkin_skip_building_tests' from command line to 'False'
[1.358s] DEBUG:colcon.colcon_core.verb:Building package 'coach_bringup' with the following arguments: {'ament_cmake_args': None, 'build_base': '/home/athmani-roumaissa/ros2_coach_ws/build/coach_bringup', 'catkin_cmake_args': None, 'catkin_skip_building_tests': False, 'cmake_args': None, 'cmake_clean_cache': False, 'cmake_clean_first': False, 'cmake_force_configure': False, 'cmake_target': None, 'cmake_target_skip_unavailable': False, 'install_base': '/home/athmani-roumaissa/ros2_coach_ws/install/coach_bringup', 'merge_install': False, 'path': '/home/athmani-roumaissa/ros2_coach_ws/src/coach_bringup', 'symlink_install': False, 'test_result_base': None}
[1.359s] INFO:colcon.colcon_core.executor:Executing jobs using 'parallel' executor
[1.361s] DEBUG:colcon.colcon_parallel_executor.executor.parallel:run_until_complete
[1.361s] INFO:colcon.colcon_ros.task.ament_cmake.build:Building ROS package in '/home/athmani-roumaissa/ros2_coach_ws/src/coach_bringup' with build type 'ament_cmake'
[1.361s] INFO:colcon.colcon_cmake.task.cmake.build:Building CMake package in '/home/athmani-roumaissa/ros2_coach_ws/src/coach_bringup'
[1.371s] INFO:colcon.colcon_core.plugin_system:Skipping extension 'colcon_core.shell.bat': Not used on non-Windows systems
[1.372s] INFO:colcon.colcon_core.shell:Skip shell extension 'powershell' for command environment: Not usable outside of PowerShell
[1.372s] DEBUG:colcon.colcon_core.shell:Skip shell extension 'dsv' for command environment
[1.396s] DEBUG:colcon.colcon_core.event_handler.log_command:Invoking command in '/home/athmani-roumaissa/ros2_coach_ws/build/coach_bringup': CMAKE_PREFIX_PATH=${CMAKE_PREFIX_PATH}:/home/athmani-roumaissa/ros2_coach_ws/install/coach_vision:/home/athmani-roumaissa/ros2_coach_ws/install/coach_feedback:/home/athmani-roumaissa/ros2_coach_ws/install/coach_analyzer:/opt/ros/jazzy DEBUGINFOD_URLS=https://debuginfod.ubuntu.com PS1=(gym_env) \[\e]0;\u@\h: \w\a\]${debian_chroot:+($debian_chroot)}\[\033[01;32m\]\u@\h\[\033[00m\]:\[\033[01;34m\]\w\[\033[00m\]\$ VIRTUAL_ENV_PROMPT=(gym_env) /usr/bin/cmake /home/athmani-roumaissa/ros2_coach_ws/src/coach_bringup -DCMAKE_INSTALL_PREFIX=/home/athmani-roumaissa/ros2_coach_ws/install/coach_bringup
[2.122s] DEBUG:colcon.colcon_core.event_handler.log_command:Invoked command in '/home/athmani-roumaissa/ros2_coach_ws/build/coach_bringup' returned '1': CMAKE_PREFIX_PATH=${CMAKE_PREFIX_PATH}:/home/athmani-roumaissa/ros2_coach_ws/install/coach_vision:/home/athmani-roumaissa/ros2_coach_ws/install/coach_feedback:/home/athmani-roumaissa/ros2_coach_ws/install/coach_analyzer:/opt/ros/jazzy DEBUGINFOD_URLS=https://debuginfod.ubuntu.com PS1=(gym_env) \[\e]0;\u@\h: \w\a\]${debian_chroot:+($debian_chroot)}\[\033[01;32m\]\u@\h\[\033[00m\]:\[\033[01;34m\]\w\[\033[00m\]\$ VIRTUAL_ENV_PROMPT=(gym_env) /usr/bin/cmake /home/athmani-roumaissa/ros2_coach_ws/src/coach_bringup -DCMAKE_INSTALL_PREFIX=/home/athmani-roumaissa/ros2_coach_ws/install/coach_bringup
[2.154s] Level 1:colcon.colcon_core.environment:create_environment_scripts_only(coach_bringup)
[2.164s] Level 1:colcon.colcon_core.environment:checking '/home/athmani-roumaissa/ros2_coach_ws/install/coach_bringup' for CMake module files
[2.166s] Level 1:colcon.colcon_core.environment:checking '/home/athmani-roumaissa/ros2_coach_ws/install/coach_bringup' for CMake config files
[2.168s] Level 1:colcon.colcon_core.environment:checking '/home/athmani-roumaissa/ros2_coach_ws/install/coach_bringup/bin'
[2.168s] Level 1:colcon.colcon_core.environment:checking '/home/athmani-roumaissa/ros2_coach_ws/install/coach_bringup/lib/pkgconfig/coach_bringup.pc'
[2.169s] Level 1:colcon.colcon_core.environment:checking '/home/athmani-roumaissa/ros2_coach_ws/install/coach_bringup/lib/python3.12/site-packages'
[2.170s] Level 1:colcon.colcon_core.environment:checking '/home/athmani-roumaissa/ros2_coach_ws/install/coach_bringup/bin'
[2.170s] INFO:colcon.colcon_core.shell:Creating package script '/home/athmani-roumaissa/ros2_coach_ws/install/coach_bringup/share/coach_bringup/package.ps1'
[2.172s] INFO:colcon.colcon_core.shell:Creating package descriptor '/home/athmani-roumaissa/ros2_coach_ws/install/coach_bringup/share/coach_bringup/package.dsv'
[2.173s] INFO:colcon.colcon_core.shell:Creating package script '/home/athmani-roumaissa/ros2_coach_ws/install/coach_bringup/share/coach_bringup/package.sh'
[2.175s] INFO:colcon.colcon_core.shell:Creating package script '/home/athmani-roumaissa/ros2_coach_ws/install/coach_bringup/share/coach_bringup/package.bash'
[2.177s] INFO:colcon.colcon_core.shell:Creating package script '/home/athmani-roumaissa/ros2_coach_ws/install/coach_bringup/share/coach_bringup/package.zsh'
[2.178s] Level 1:colcon.colcon_core.environment:create_file_with_runtime_dependencies(/home/athmani-roumaissa/ros2_coach_ws/install/coach_bringup/share/colcon-core/packages/coach_bringup)
[2.189s] DEBUG:colcon.colcon_parallel_executor.executor.parallel:closing loop
[2.190s] DEBUG:colcon.colcon_parallel_executor.executor.parallel:loop closed
[2.190s] DEBUG:colcon.colcon_parallel_executor.executor.parallel:run_until_complete finished with '1'
[2.190s] DEBUG:colcon.colcon_core.event_reactor:joining thread
[2.211s] INFO:colcon.colcon_core.plugin_system:Skipping extension 'colcon_notification.desktop_notification.terminal_notifier': Not used on non-Darwin systems
[2.211s] INFO:colcon.colcon_core.plugin_system:Skipping extension 'colcon_notification.desktop_notification.win32': Not used on non-Windows systems
[2.211s] INFO:colcon.colcon_notification.desktop_notification:Sending desktop notification using 'notify2'
[2.267s] DEBUG:colcon.colcon_core.event_reactor:joined thread
[2.268s] INFO:colcon.colcon_core.shell:Creating prefix script '/home/athmani-roumaissa/ros2_coach_ws/install/local_setup.ps1'
[2.270s] INFO:colcon.colcon_core.shell:Creating prefix util module '/home/athmani-roumaissa/ros2_coach_ws/install/_local_setup_util_ps1.py'
[2.273s] INFO:colcon.colcon_core.shell:Creating prefix chain script '/home/athmani-roumaissa/ros2_coach_ws/install/setup.ps1'
[2.277s] INFO:colcon.colcon_core.shell:Creating prefix script '/home/athmani-roumaissa/ros2_coach_ws/install/local_setup.sh'
[2.278s] INFO:colcon.colcon_core.shell:Creating prefix util module '/home/athmani-roumaissa/ros2_coach_ws/install/_local_setup_util_sh.py'
[2.279s] INFO:colcon.colcon_core.shell:Creating prefix chain script '/home/athmani-roumaissa/ros2_coach_ws/install/setup.sh'
[2.282s] INFO:colcon.colcon_core.shell:Creating prefix script '/home/athmani-roumaissa/ros2_coach_ws/install/local_setup.bash'
[2.283s] INFO:colcon.colcon_core.shell:Creating prefix chain script '/home/athmani-roumaissa/ros2_coach_ws/install/setup.bash'
[2.287s] INFO:colcon.colcon_core.shell:Creating prefix script '/home/athmani-roumaissa/ros2_coach_ws/install/local_setup.zsh'
[2.289s] INFO:colcon.colcon_core.shell:Creating prefix chain script '/home/athmani-roumaissa/ros2_coach_ws/install/setup.zsh'
