[0.258s] DEBUG:colcon:Command line arguments: ['/usr/bin/colcon', 'build', '--symlink-install']
[0.258s] DEBUG:colcon:Parsed command line arguments: Namespace(log_base=None, log_level=None, verb_name='build', build_base='build', install_base='install', merge_install=False, symlink_install=True, test_result_base=None, continue_on_error=False, executor='parallel', parallel_workers=4, event_handlers=None, ignore_user_meta=False, metas=['./colcon.meta'], base_paths=['.'], packages_ignore=None, packages_ignore_regex=None, paths=None, packages_up_to=None, packages_up_to_regex=None, packages_above=None, packages_above_and_dependencies=None, packages_above_depth=None, packages_select_by_dep=None, packages_skip_by_dep=None, packages_skip_up_to=None, packages_select_build_failed=False, packages_skip_build_finished=False, packages_select_test_failures=False, packages_skip_test_passed=False, packages_select=None, packages_skip=None, packages_select_regex=None, packages_skip_regex=None, packages_start=None, packages_end=None, allow_overriding=[], cmake_args=None, cmake_target=None, cmake_target_skip_unavailable=False, cmake_clean_cache=False, cmake_clean_first=False, cmake_force_configure=False, ament_cmake_args=None, catkin_cmake_args=None, catkin_skip_building_tests=False, verb_parser=<colcon_defaults.argument_parser.defaults.DefaultArgumentsDecorator object at 0x7fcb64b6a810>, verb_extension=<colcon_core.verb.build.BuildVerb object at 0x7fcb64b148c0>, main=<bound method BuildVerb.main of <colcon_core.verb.build.BuildVerb object at 0x7fcb64b148c0>>)
[0.353s] Level 1:colcon.colcon_core.package_discovery:discover_packages(colcon_meta) check parameters
[0.353s] Level 1:colcon.colcon_core.package_discovery:discover_packages(recursive) check parameters
[0.353s] Level 1:colcon.colcon_core.package_discovery:discover_packages(ignore) check parameters
[0.354s] Level 1:colcon.colcon_core.package_discovery:discover_packages(path) check parameters
[0.354s] Level 1:colcon.colcon_core.package_discovery:discover_packages(colcon_meta) discover
[0.354s] Level 1:colcon.colcon_core.package_discovery:discover_packages(recursive) discover
[0.354s] INFO:colcon.colcon_core.package_discovery:Crawling recursively for packages in '/home/athmani-roumaissa/ros2_coach_ws'
[0.354s] Level 1:colcon.colcon_core.package_identification:_identify(.) by extensions ['ignore', 'ignore_ament_install']
[0.355s] Level 1:colcon.colcon_core.package_identification:_identify(.) by extension 'ignore'
[0.355s] Level 1:colcon.colcon_core.package_identification:_identify(.) by extension 'ignore_ament_install'
[0.355s] Level 1:colcon.colcon_core.package_identification:_identify(.) by extensions ['colcon_pkg']
[0.355s] Level 1:colcon.colcon_core.package_identification:_identify(.) by extension 'colcon_pkg'
[0.355s] Level 1:colcon.colcon_core.package_identification:_identify(.) by extensions ['colcon_meta']
[0.355s] Level 1:colcon.colcon_core.package_identification:_identify(.) by extension 'colcon_meta'
[0.355s] Level 1:colcon.colcon_core.package_identification:_identify(.) by extensions ['ros']
[0.356s] Level 1:colcon.colcon_core.package_identification:_identify(.) by extension 'ros'
[0.416s] Level 1:colcon.colcon_core.package_identification:_identify(.) by extensions ['cmake', 'python']
[0.417s] Level 1:colcon.colcon_core.package_identification:_identify(.) by extension 'cmake'
[0.417s] Level 1:colcon.colcon_core.package_identification:_identify(.) by extension 'python'
[0.417s] Level 1:colcon.colcon_core.package_identification:_identify(.) by extensions ['python_setup_py']
[0.417s] Level 1:colcon.colcon_core.package_identification:_identify(.) by extension 'python_setup_py'
[0.417s] Level 1:colcon.colcon_core.package_identification:_identify(build) by extensions ['ignore', 'ignore_ament_install']
[0.417s] Level 1:colcon.colcon_core.package_identification:_identify(build) by extension 'ignore'
[0.417s] Level 1:colcon.colcon_core.package_identification:_identify(build) ignored
[0.418s] Level 1:colcon.colcon_core.package_identification:_identify(gym_env) by extensions ['ignore', 'ignore_ament_install']
[0.418s] Level 1:colcon.colcon_core.package_identification:_identify(gym_env) by extension 'ignore'
[0.418s] Level 1:colcon.colcon_core.package_identification:_identify(gym_env) by extension 'ignore_ament_install'
[0.418s] Level 1:colcon.colcon_core.package_identification:_identify(gym_env) by extensions ['colcon_pkg']
[0.418s] Level 1:colcon.colcon_core.package_identification:_identify(gym_env) by extension 'colcon_pkg'
[0.418s] Level 1:colcon.colcon_core.package_identification:_identify(gym_env) by extensions ['colcon_meta']
[0.418s] Level 1:colcon.colcon_core.package_identification:_identify(gym_env) by extension 'colcon_meta'
[0.419s] Level 1:colcon.colcon_core.package_identification:_identify(gym_env) by extensions ['ros']
[0.419s] Level 1:colcon.colcon_core.package_identification:_identify(gym_env) by extension 'ros'
[0.419s] Level 1:colcon.colcon_core.package_identification:_identify(gym_env) by extensions ['cmake', 'python']
[0.419s] Level 1:colcon.colcon_core.package_identification:_identify(gym_env) by extension 'cmake'
[0.419s] Level 1:colcon.colcon_core.package_identification:_identify(gym_env) by extension 'python'
[0.419s] Level 1:colcon.colcon_core.package_identification:_identify(gym_env) by extensions ['python_setup_py']
[0.420s] Level 1:colcon.colcon_core.package_identification:_identify(gym_env) by extension 'python_setup_py'
[0.420s] Level 1:colcon.colcon_core.package_identification:_identify(gym_env/bin) by extensions ['ignore', 'ignore_ament_install']
[0.420s] Level 1:colcon.colcon_core.package_identification:_identify(gym_env/bin) by extension 'ignore'
[0.420s] Level 1:colcon.colcon_core.package_identification:_identify(gym_env/bin) by extension 'ignore_ament_install'
[0.421s] Level 1:colcon.colcon_core.package_identification:_identify(gym_env/bin) by extensions ['colcon_pkg']
[0.421s] Level 1:colcon.colcon_core.package_identification:_identify(gym_env/bin) by extension 'colcon_pkg'
[0.421s] Level 1:colcon.colcon_core.package_identification:_identify(gym_env/bin) by extensions ['colcon_meta']
[0.421s] Level 1:colcon.colcon_core.package_identification:_identify(gym_env/bin) by extension 'colcon_meta'
[0.421s] Level 1:colcon.colcon_core.package_identification:_identify(gym_env/bin) by extensions ['ros']
[0.421s] Level 1:colcon.colcon_core.package_identification:_identify(gym_env/bin) by extension 'ros'
[0.421s] Level 1:colcon.colcon_core.package_identification:_identify(gym_env/bin) by extensions ['cmake', 'python']
[0.421s] Level 1:colcon.colcon_core.package_identification:_identify(gym_env/bin) by extension 'cmake'
[0.421s] Level 1:colcon.colcon_core.package_identification:_identify(gym_env/bin) by extension 'python'
[0.421s] Level 1:colcon.colcon_core.package_identification:_identify(gym_env/bin) by extensions ['python_setup_py']
[0.421s] Level 1:colcon.colcon_core.package_identification:_identify(gym_env/bin) by extension 'python_setup_py'
[0.422s] Level 1:colcon.colcon_core.package_identification:_identify(gym_env/include) by extensions ['ignore', 'ignore_ament_install']
[0.422s] Level 1:colcon.colcon_core.package_identification:_identify(gym_env/include) by extension 'ignore'
[0.422s] Level 1:colcon.colcon_core.package_identification:_identify(gym_env/include) by extension 'ignore_ament_install'
[0.422s] Level 1:colcon.colcon_core.package_identification:_identify(gym_env/include) by extensions ['colcon_pkg']
[0.422s] Level 1:colcon.colcon_core.package_identification:_identify(gym_env/include) by extension 'colcon_pkg'
[0.422s] Level 1:colcon.colcon_core.package_identification:_identify(gym_env/include) by extensions ['colcon_meta']
[0.422s] Level 1:colcon.colcon_core.package_identification:_identify(gym_env/include) by extension 'colcon_meta'
[0.423s] Level 1:colcon.colcon_core.package_identification:_identify(gym_env/include) by extensions ['ros']
[0.423s] Level 1:colcon.colcon_core.package_identification:_identify(gym_env/include) by extension 'ros'
[0.423s] Level 1:colcon.colcon_core.package_identification:_identify(gym_env/include) by extensions ['cmake', 'python']
[0.423s] Level 1:colcon.colcon_core.package_identification:_identify(gym_env/include) by extension 'cmake'
[0.423s] Level 1:colcon.colcon_core.package_identification:_identify(gym_env/include) by extension 'python'
[0.423s] Level 1:colcon.colcon_core.package_identification:_identify(gym_env/include) by extensions ['python_setup_py']
[0.423s] Level 1:colcon.colcon_core.package_identification:_identify(gym_env/include) by extension 'python_setup_py'
[0.423s] Level 1:colcon.colcon_core.package_identification:_identify(gym_env/include/python3.12) by extensions ['ignore', 'ignore_ament_install']
[0.423s] Level 1:colcon.colcon_core.package_identification:_identify(gym_env/include/python3.12) by extension 'ignore'
[0.424s] Level 1:colcon.colcon_core.package_identification:_identify(gym_env/include/python3.12) by extension 'ignore_ament_install'
[0.424s] Level 1:colcon.colcon_core.package_identification:_identify(gym_env/include/python3.12) by extensions ['colcon_pkg']
[0.424s] Level 1:colcon.colcon_core.package_identification:_identify(gym_env/include/python3.12) by extension 'colcon_pkg'
[0.424s] Level 1:colcon.colcon_core.package_identification:_identify(gym_env/include/python3.12) by extensions ['colcon_meta']
[0.424s] Level 1:colcon.colcon_core.package_identification:_identify(gym_env/include/python3.12) by extension 'colcon_meta'
[0.424s] Level 1:colcon.colcon_core.package_identification:_identify(gym_env/include/python3.12) by extensions ['ros']
[0.424s] Level 1:colcon.colcon_core.package_identification:_identify(gym_env/include/python3.12) by extension 'ros'
[0.424s] Level 1:colcon.colcon_core.package_identification:_identify(gym_env/include/python3.12) by extensions ['cmake', 'python']
[0.424s] Level 1:colcon.colcon_core.package_identification:_identify(gym_env/include/python3.12) by extension 'cmake'
[0.424s] Level 1:colcon.colcon_core.package_identification:_identify(gym_env/include/python3.12) by extension 'python'
[0.425s] Level 1:colcon.colcon_core.package_identification:_identify(gym_env/include/python3.12) by extensions ['python_setup_py']
[0.425s] Level 1:colcon.colcon_core.package_identification:_identify(gym_env/include/python3.12) by extension 'python_setup_py'
[0.425s] Level 1:colcon.colcon_core.package_identification:_identify(gym_env/include/site) by extensions ['ignore', 'ignore_ament_install']
[0.425s] Level 1:colcon.colcon_core.package_identification:_identify(gym_env/include/site) by extension 'ignore'
[0.425s] Level 1:colcon.colcon_core.package_identification:_identify(gym_env/include/site) by extension 'ignore_ament_install'
[0.425s] Level 1:colcon.colcon_core.package_identification:_identify(gym_env/include/site) by extensions ['colcon_pkg']
[0.425s] Level 1:colcon.colcon_core.package_identification:_identify(gym_env/include/site) by extension 'colcon_pkg'
[0.425s] Level 1:colcon.colcon_core.package_identification:_identify(gym_env/include/site) by extensions ['colcon_meta']
[0.425s] Level 1:colcon.colcon_core.package_identification:_identify(gym_env/include/site) by extension 'colcon_meta'
[0.426s] Level 1:colcon.colcon_core.package_identification:_identify(gym_env/include/site) by extensions ['ros']
[0.426s] Level 1:colcon.colcon_core.package_identification:_identify(gym_env/include/site) by extension 'ros'
[0.426s] Level 1:colcon.colcon_core.package_identification:_identify(gym_env/include/site) by extensions ['cmake', 'python']
[0.426s] Level 1:colcon.colcon_core.package_identification:_identify(gym_env/include/site) by extension 'cmake'
[0.426s] Level 1:colcon.colcon_core.package_identification:_identify(gym_env/include/site) by extension 'python'
[0.426s] Level 1:colcon.colcon_core.package_identification:_identify(gym_env/include/site) by extensions ['python_setup_py']
[0.426s] Level 1:colcon.colcon_core.package_identification:_identify(gym_env/include/site) by extension 'python_setup_py'
[0.426s] Level 1:colcon.colcon_core.package_identification:_identify(gym_env/include/site/python3.12) by extensions ['ignore', 'ignore_ament_install']
[0.426s] Level 1:colcon.colcon_core.package_identification:_identify(gym_env/include/site/python3.12) by extension 'ignore'
[0.427s] Level 1:colcon.colcon_core.package_identification:_identify(gym_env/include/site/python3.12) by extension 'ignore_ament_install'
[0.427s] Level 1:colcon.colcon_core.package_identification:_identify(gym_env/include/site/python3.12) by extensions ['colcon_pkg']
[0.427s] Level 1:colcon.colcon_core.package_identification:_identify(gym_env/include/site/python3.12) by extension 'colcon_pkg'
[0.427s] Level 1:colcon.colcon_core.package_identification:_identify(gym_env/include/site/python3.12) by extensions ['colcon_meta']
[0.427s] Level 1:colcon.colcon_core.package_identification:_identify(gym_env/include/site/python3.12) by extension 'colcon_meta'
[0.427s] Level 1:colcon.colcon_core.package_identification:_identify(gym_env/include/site/python3.12) by extensions ['ros']
[0.427s] Level 1:colcon.colcon_core.package_identification:_identify(gym_env/include/site/python3.12) by extension 'ros'
[0.427s] Level 1:colcon.colcon_core.package_identification:_identify(gym_env/include/site/python3.12) by extensions ['cmake', 'python']
[0.427s] Level 1:colcon.colcon_core.package_identification:_identify(gym_env/include/site/python3.12) by extension 'cmake'
[0.427s] Level 1:colcon.colcon_core.package_identification:_identify(gym_env/include/site/python3.12) by extension 'python'
[0.427s] Level 1:colcon.colcon_core.package_identification:_identify(gym_env/include/site/python3.12) by extensions ['python_setup_py']
[0.428s] Level 1:colcon.colcon_core.package_identification:_identify(gym_env/include/site/python3.12) by extension 'python_setup_py'
[0.428s] Level 1:colcon.colcon_core.package_identification:_identify(gym_env/include/site/python3.12/pygame) by extensions ['ignore', 'ignore_ament_install']
[0.428s] Level 1:colcon.colcon_core.package_identification:_identify(gym_env/include/site/python3.12/pygame) by extension 'ignore'
[0.428s] Level 1:colcon.colcon_core.package_identification:_identify(gym_env/include/site/python3.12/pygame) by extension 'ignore_ament_install'
[0.428s] Level 1:colcon.colcon_core.package_identification:_identify(gym_env/include/site/python3.12/pygame) by extensions ['colcon_pkg']
[0.428s] Level 1:colcon.colcon_core.package_identification:_identify(gym_env/include/site/python3.12/pygame) by extension 'colcon_pkg'
[0.428s] Level 1:colcon.colcon_core.package_identification:_identify(gym_env/include/site/python3.12/pygame) by extensions ['colcon_meta']
[0.428s] Level 1:colcon.colcon_core.package_identification:_identify(gym_env/include/site/python3.12/pygame) by extension 'colcon_meta'
[0.429s] Level 1:colcon.colcon_core.package_identification:_identify(gym_env/include/site/python3.12/pygame) by extensions ['ros']
[0.429s] Level 1:colcon.colcon_core.package_identification:_identify(gym_env/include/site/python3.12/pygame) by extension 'ros'
[0.429s] Level 1:colcon.colcon_core.package_identification:_identify(gym_env/include/site/python3.12/pygame) by extensions ['cmake', 'python']
[0.429s] Level 1:colcon.colcon_core.package_identification:_identify(gym_env/include/site/python3.12/pygame) by extension 'cmake'
[0.429s] Level 1:colcon.colcon_core.package_identification:_identify(gym_env/include/site/python3.12/pygame) by extension 'python'
[0.429s] Level 1:colcon.colcon_core.package_identification:_identify(gym_env/include/site/python3.12/pygame) by extensions ['python_setup_py']
[0.429s] Level 1:colcon.colcon_core.package_identification:_identify(gym_env/include/site/python3.12/pygame) by extension 'python_setup_py'
[0.429s] Level 1:colcon.colcon_core.package_identification:_identify(gym_env/include/site/python3.12/pygame/include) by extensions ['ignore', 'ignore_ament_install']
[0.430s] Level 1:colcon.colcon_core.package_identification:_identify(gym_env/include/site/python3.12/pygame/include) by extension 'ignore'
[0.430s] Level 1:colcon.colcon_core.package_identification:_identify(gym_env/include/site/python3.12/pygame/include) by extension 'ignore_ament_install'
[0.430s] Level 1:colcon.colcon_core.package_identification:_identify(gym_env/include/site/python3.12/pygame/include) by extensions ['colcon_pkg']
[0.430s] Level 1:colcon.colcon_core.package_identification:_identify(gym_env/include/site/python3.12/pygame/include) by extension 'colcon_pkg'
[0.430s] Level 1:colcon.colcon_core.package_identification:_identify(gym_env/include/site/python3.12/pygame/include) by extensions ['colcon_meta']
[0.430s] Level 1:colcon.colcon_core.package_identification:_identify(gym_env/include/site/python3.12/pygame/include) by extension 'colcon_meta'
[0.430s] Level 1:colcon.colcon_core.package_identification:_identify(gym_env/include/site/python3.12/pygame/include) by extensions ['ros']
[0.430s] Level 1:colcon.colcon_core.package_identification:_identify(gym_env/include/site/python3.12/pygame/include) by extension 'ros'
[0.430s] Level 1:colcon.colcon_core.package_identification:_identify(gym_env/include/site/python3.12/pygame/include) by extensions ['cmake', 'python']
[0.430s] Level 1:colcon.colcon_core.package_identification:_identify(gym_env/include/site/python3.12/pygame/include) by extension 'cmake'
[0.431s] Level 1:colcon.colcon_core.package_identification:_identify(gym_env/include/site/python3.12/pygame/include) by extension 'python'
[0.431s] Level 1:colcon.colcon_core.package_identification:_identify(gym_env/include/site/python3.12/pygame/include) by extensions ['python_setup_py']
[0.431s] Level 1:colcon.colcon_core.package_identification:_identify(gym_env/include/site/python3.12/pygame/include) by extension 'python_setup_py'
[0.431s] Level 1:colcon.colcon_core.package_identification:_identify(gym_env/lib) by extensions ['ignore', 'ignore_ament_install']
[0.431s] Level 1:colcon.colcon_core.package_identification:_identify(gym_env/lib) by extension 'ignore'
[0.431s] Level 1:colcon.colcon_core.package_identification:_identify(gym_env/lib) by extension 'ignore_ament_install'
[0.431s] Level 1:colcon.colcon_core.package_identification:_identify(gym_env/lib) by extensions ['colcon_pkg']
[0.431s] Level 1:colcon.colcon_core.package_identification:_identify(gym_env/lib) by extension 'colcon_pkg'
[0.432s] Level 1:colcon.colcon_core.package_identification:_identify(gym_env/lib) by extensions ['colcon_meta']
[0.432s] Level 1:colcon.colcon_core.package_identification:_identify(gym_env/lib) by extension 'colcon_meta'
[0.432s] Level 1:colcon.colcon_core.package_identification:_identify(gym_env/lib) by extensions ['ros']
[0.432s] Level 1:colcon.colcon_core.package_identification:_identify(gym_env/lib) by extension 'ros'
[0.432s] Level 1:colcon.colcon_core.package_identification:_identify(gym_env/lib) by extensions ['cmake', 'python']
[0.432s] Level 1:colcon.colcon_core.package_identification:_identify(gym_env/lib) by extension 'cmake'
[0.432s] Level 1:colcon.colcon_core.package_identification:_identify(gym_env/lib) by extension 'python'
[0.432s] Level 1:colcon.colcon_core.package_identification:_identify(gym_env/lib) by extensions ['python_setup_py']
[0.432s] Level 1:colcon.colcon_core.package_identification:_identify(gym_env/lib) by extension 'python_setup_py'
[0.432s] Level 1:colcon.colcon_core.package_identification:_identify(gym_env/lib/python3.12) by extensions ['ignore', 'ignore_ament_install']
[0.432s] Level 1:colcon.colcon_core.package_identification:_identify(gym_env/lib/python3.12) by extension 'ignore'
[0.433s] Level 1:colcon.colcon_core.package_identification:_identify(gym_env/lib/python3.12) by extension 'ignore_ament_install'
[0.433s] Level 1:colcon.colcon_core.package_identification:_identify(gym_env/lib/python3.12) by extensions ['colcon_pkg']
[0.433s] Level 1:colcon.colcon_core.package_identification:_identify(gym_env/lib/python3.12) by extension 'colcon_pkg'
[0.433s] Level 1:colcon.colcon_core.package_identification:_identify(gym_env/lib/python3.12) by extensions ['colcon_meta']
[0.433s] Level 1:colcon.colcon_core.package_identification:_identify(gym_env/lib/python3.12) by extension 'colcon_meta'
[0.433s] Level 1:colcon.colcon_core.package_identification:_identify(gym_env/lib/python3.12) by extensions ['ros']
[0.433s] Level 1:colcon.colcon_core.package_identification:_identify(gym_env/lib/python3.12) by extension 'ros'
[0.433s] Level 1:colcon.colcon_core.package_identification:_identify(gym_env/lib/python3.12) by extensions ['cmake', 'python']
[0.433s] Level 1:colcon.colcon_core.package_identification:_identify(gym_env/lib/python3.12) by extension 'cmake'
[0.433s] Level 1:colcon.colcon_core.package_identification:_identify(gym_env/lib/python3.12) by extension 'python'
[0.433s] Level 1:colcon.colcon_core.package_identification:_identify(gym_env/lib/python3.12) by extensions ['python_setup_py']
[0.433s] Level 1:colcon.colcon_core.package_identification:_identify(gym_env/lib/python3.12) by extension 'python_setup_py'
[0.434s] Level 1:colcon.colcon_core.package_identification:_identify(gym_env/lib/python3.12/site-packages) by extensions ['ignore', 'ignore_ament_install']
[0.434s] Level 1:colcon.colcon_core.package_identification:_identify(gym_env/lib/python3.12/site-packages) by extension 'ignore'
[0.434s] Level 1:colcon.colcon_core.package_identification:_identify(gym_env/lib/python3.12/site-packages) by extension 'ignore_ament_install'
[0.434s] Level 1:colcon.colcon_core.package_identification:_identify(gym_env/lib/python3.12/site-packages) by extensions ['colcon_pkg']
[0.434s] Level 1:colcon.colcon_core.package_identification:_identify(gym_env/lib/python3.12/site-packages) by extension 'colcon_pkg'
[0.434s] Level 1:colcon.colcon_core.package_identification:_identify(gym_env/lib/python3.12/site-packages) by extensions ['colcon_meta']
[0.434s] Level 1:colcon.colcon_core.package_identification:_identify(gym_env/lib/python3.12/site-packages) by extension 'colcon_meta'
[0.435s] Level 1:colcon.colcon_core.package_identification:_identify(gym_env/lib/python3.12/site-packages) by extensions ['ros']
[0.435s] Level 1:colcon.colcon_core.package_identification:_identify(gym_env/lib/python3.12/site-packages) by extension 'ros'
[0.435s] Level 1:colcon.colcon_core.package_identification:_identify(gym_env/lib/python3.12/site-packages) by extensions ['cmake', 'python']
[0.435s] Level 1:colcon.colcon_core.package_identification:_identify(gym_env/lib/python3.12/site-packages) by extension 'cmake'
[0.435s] Level 1:colcon.colcon_core.package_identification:_identify(gym_env/lib/python3.12/site-packages) by extension 'python'
[0.436s] Level 1:colcon.colcon_core.package_identification:_identify(gym_env/lib/python3.12/site-packages) by extensions ['python_setup_py']
[0.436s] Level 1:colcon.colcon_core.package_identification:_identify(gym_env/lib/python3.12/site-packages) by extension 'python_setup_py'
[0.436s] Level 1:colcon.colcon_core.package_identification:_identify(gym_env/lib/python3.12/site-packages/certifi) by extensions ['ignore', 'ignore_ament_install']
[0.437s] Level 1:colcon.colcon_core.package_identification:_identify(gym_env/lib/python3.12/site-packages/certifi) by extension 'ignore'
[0.437s] Level 1:colcon.colcon_core.package_identification:_identify(gym_env/lib/python3.12/site-packages/certifi) by extension 'ignore_ament_install'
[0.437s] Level 1:colcon.colcon_core.package_identification:_identify(gym_env/lib/python3.12/site-packages/certifi) by extensions ['colcon_pkg']
[0.437s] Level 1:colcon.colcon_core.package_identification:_identify(gym_env/lib/python3.12/site-packages/certifi) by extension 'colcon_pkg'
[0.437s] Level 1:colcon.colcon_core.package_identification:_identify(gym_env/lib/python3.12/site-packages/certifi) by extensions ['colcon_meta']
[0.437s] Level 1:colcon.colcon_core.package_identification:_identify(gym_env/lib/python3.12/site-packages/certifi) by extension 'colcon_meta'
[0.438s] Level 1:colcon.colcon_core.package_identification:_identify(gym_env/lib/python3.12/site-packages/certifi) by extensions ['ros']
[0.438s] Level 1:colcon.colcon_core.package_identification:_identify(gym_env/lib/python3.12/site-packages/certifi) by extension 'ros'
[0.438s] Level 1:colcon.colcon_core.package_identification:_identify(gym_env/lib/python3.12/site-packages/certifi) by extensions ['cmake', 'python']
[0.438s] Level 1:colcon.colcon_core.package_identification:_identify(gym_env/lib/python3.12/site-packages/certifi) by extension 'cmake'
[0.438s] Level 1:colcon.colcon_core.package_identification:_identify(gym_env/lib/python3.12/site-packages/certifi) by extension 'python'
[0.438s] Level 1:colcon.colcon_core.package_identification:_identify(gym_env/lib/python3.12/site-packages/certifi) by extensions ['python_setup_py']
[0.438s] Level 1:colcon.colcon_core.package_identification:_identify(gym_env/lib/python3.12/site-packages/certifi) by extension 'python_setup_py'
[0.439s] Level 1:colcon.colcon_core.package_identification:_identify(gym_env/lib/python3.12/site-packages/certifi/__pycache__) by extensions ['ignore', 'ignore_ament_install']
[0.439s] Level 1:colcon.colcon_core.package_identification:_identify(gym_env/lib/python3.12/site-packages/certifi/__pycache__) by extension 'ignore'
[0.439s] Level 1:colcon.colcon_core.package_identification:_identify(gym_env/lib/python3.12/site-packages/certifi/__pycache__) by extension 'ignore_ament_install'
[0.439s] Level 1:colcon.colcon_core.package_identification:_identify(gym_env/lib/python3.12/site-packages/certifi/__pycache__) by extensions ['colcon_pkg']
[0.439s] Level 1:colcon.colcon_core.package_identification:_identify(gym_env/lib/python3.12/site-packages/certifi/__pycache__) by extension 'colcon_pkg'
[0.439s] Level 1:colcon.colcon_core.package_identification:_identify(gym_env/lib/python3.12/site-packages/certifi/__pycache__) by extensions ['colcon_meta']
[0.439s] Level 1:colcon.colcon_core.package_identification:_identify(gym_env/lib/python3.12/site-packages/certifi/__pycache__) by extension 'colcon_meta'
[0.440s] Level 1:colcon.colcon_core.package_identification:_identify(gym_env/lib/python3.12/site-packages/certifi/__pycache__) by extensions ['ros']
[0.440s] Level 1:colcon.colcon_core.package_identification:_identify(gym_env/lib/python3.12/site-packages/certifi/__pycache__) by extension 'ros'
[0.440s] Level 1:colcon.colcon_core.package_identification:_identify(gym_env/lib/python3.12/site-packages/certifi/__pycache__) by extensions ['cmake', 'python']
[0.440s] Level 1:colcon.colcon_core.package_identification:_identify(gym_env/lib/python3.12/site-packages/certifi/__pycache__) by extension 'cmake'
[0.440s] Level 1:colcon.colcon_core.package_identification:_identify(gym_env/lib/python3.12/site-packages/certifi/__pycache__) by extension 'python'
[0.440s] Level 1:colcon.colcon_core.package_identification:_identify(gym_env/lib/python3.12/site-packages/certifi/__pycache__) by extensions ['python_setup_py']
[0.440s] Level 1:colcon.colcon_core.package_identification:_identify(gym_env/lib/python3.12/site-packages/certifi/__pycache__) by extension 'python_setup_py'
[0.441s] Level 1:colcon.colcon_core.package_identification:_identify(gym_env/lib/python3.12/site-packages/certifi-2026.4.22.dist-info) by extensions ['ignore', 'ignore_ament_install']
[0.441s] Level 1:colcon.colcon_core.package_identification:_identify(gym_env/lib/python3.12/site-packages/certifi-2026.4.22.dist-info) by extension 'ignore'
[0.441s] Level 1:colcon.colcon_core.package_identification:_identify(gym_env/lib/python3.12/site-packages/certifi-2026.4.22.dist-info) by extension 'ignore_ament_install'
[0.441s] Level 1:colcon.colcon_core.package_identification:_identify(gym_env/lib/python3.12/site-packages/certifi-2026.4.22.dist-info) by extensions ['colcon_pkg']
[0.441s] Level 1:colcon.colcon_core.package_identification:_identify(gym_env/lib/python3.12/site-packages/certifi-2026.4.22.dist-info) by extension 'colcon_pkg'
[0.441s] Level 1:colcon.colcon_core.package_identification:_identify(gym_env/lib/python3.12/site-packages/certifi-2026.4.22.dist-info) by extensions ['colcon_meta']
[0.441s] Level 1:colcon.colcon_core.package_identification:_identify(gym_env/lib/python3.12/site-packages/certifi-2026.4.22.dist-info) by extension 'colcon_meta'
[0.441s] Level 1:colcon.colcon_core.package_identification:_identify(gym_env/lib/python3.12/site-packages/certifi-2026.4.22.dist-info) by extensions ['ros']
[0.442s] Level 1:colcon.colcon_core.package_identification:_identify(gym_env/lib/python3.12/site-packages/certifi-2026.4.22.dist-info) by extension 'ros'
[0.442s] Level 1:colcon.colcon_core.package_identification:_identify(gym_env/lib/python3.12/site-packages/certifi-2026.4.22.dist-info) by extensions ['cmake', 'python']
[0.442s] Level 1:colcon.colcon_core.package_identification:_identify(gym_env/lib/python3.12/site-packages/certifi-2026.4.22.dist-info) by extension 'cmake'
[0.442s] Level 1:colcon.colcon_core.package_identification:_identify(gym_env/lib/python3.12/site-packages/certifi-2026.4.22.dist-info) by extension 'python'
[0.442s] Level 1:colcon.colcon_core.package_identification:_identify(gym_env/lib/python3.12/site-packages/certifi-2026.4.22.dist-info) by extensions ['python_setup_py']
[0.442s] Level 1:colcon.colcon_core.package_identification:_identify(gym_env/lib/python3.12/site-packages/certifi-2026.4.22.dist-info) by extension 'python_setup_py'
[0.442s] Level 1:colcon.colcon_core.package_identification:_identify(gym_env/lib/python3.12/site-packages/certifi-2026.4.22.dist-info/licenses) by extensions ['ignore', 'ignore_ament_install']
[0.443s] Level 1:colcon.colcon_core.package_identification:_identify(gym_env/lib/python3.12/site-packages/certifi-2026.4.22.dist-info/licenses) by extension 'ignore'
[0.443s] Level 1:colcon.colcon_core.package_identification:_identify(gym_env/lib/python3.12/site-packages/certifi-2026.4.22.dist-info/licenses) by extension 'ignore_ament_install'
[0.443s] Level 1:colcon.colcon_core.package_identification:_identify(gym_env/lib/python3.12/site-packages/certifi-2026.4.22.dist-info/licenses) by extensions ['colcon_pkg']
[0.443s] Level 1:colcon.colcon_core.package_identification:_identify(gym_env/lib/python3.12/site-packages/certifi-2026.4.22.dist-info/licenses) by extension 'colcon_pkg'
[0.443s] Level 1:colcon.colcon_core.package_identification:_identify(gym_env/lib/python3.12/site-packages/certifi-2026.4.22.dist-info/licenses) by extensions ['colcon_meta']
[0.443s] Level 1:colcon.colcon_core.package_identification:_identify(gym_env/lib/python3.12/site-packages/certifi-2026.4.22.dist-info/licenses) by extension 'colcon_meta'
[0.443s] Level 1:colcon.colcon_core.package_identification:_identify(gym_env/lib/python3.12/site-packages/certifi-2026.4.22.dist-info/licenses) by extensions ['ros']
[0.443s] Level 1:colcon.colcon_core.package_identification:_identify(gym_env/lib/python3.12/site-packages/certifi-2026.4.22.dist-info/licenses) by extension 'ros'
[0.443s] Level 1:colcon.colcon_core.package_identification:_identify(gym_env/lib/python3.12/site-packages/certifi-2026.4.22.dist-info/licenses) by extensions ['cmake', 'python']
[0.443s] Level 1:colcon.colcon_core.package_identification:_identify(gym_env/lib/python3.12/site-packages/certifi-2026.4.22.dist-info/licenses) by extension 'cmake'
[0.444s] Level 1:colcon.colcon_core.package_identification:_identify(gym_env/lib/python3.12/site-packages/certifi-2026.4.22.dist-info/licenses) by extension 'python'
[0.444s] Level 1:colcon.colcon_core.package_identification:_identify(gym_env/lib/python3.12/site-packages/certifi-2026.4.22.dist-info/licenses) by extensions ['python_setup_py']
[0.444s] Level 1:colcon.colcon_core.package_identification:_identify(gym_env/lib/python3.12/site-packages/certifi-2026.4.22.dist-info/licenses) by extension 'python_setup_py'
[0.444s] Level 1:colcon.colcon_core.package_identification:_identify(gym_env/lib/python3.12/site-packages/charset_normalizer) by extensions ['ignore', 'ignore_ament_install']
[0.444s] Level 1:colcon.colcon_core.package_identification:_identify(gym_env/lib/python3.12/site-packages/charset_normalizer) by extension 'ignore'
[0.444s] Level 1:colcon.colcon_core.package_identification:_identify(gym_env/lib/python3.12/site-packages/charset_normalizer) by extension 'ignore_ament_install'
[0.444s] Level 1:colcon.colcon_core.package_identification:_identify(gym_env/lib/python3.12/site-packages/charset_normalizer) by extensions ['colcon_pkg']
[0.445s] Level 1:colcon.colcon_core.package_identification:_identify(gym_env/lib/python3.12/site-packages/charset_normalizer) by extension 'colcon_pkg'
[0.445s] Level 1:colcon.colcon_core.package_identification:_identify(gym_env/lib/python3.12/site-packages/charset_normalizer) by extensions ['colcon_meta']
[0.445s] Level 1:colcon.colcon_core.package_identification:_identify(gym_env/lib/python3.12/site-packages/charset_normalizer) by extension 'colcon_meta'
[0.445s] Level 1:colcon.colcon_core.package_identification:_identify(gym_env/lib/python3.12/site-packages/charset_normalizer) by extensions ['ros']
[0.445s] Level 1:colcon.colcon_core.package_identification:_identify(gym_env/lib/python3.12/site-packages/charset_normalizer) by extension 'ros'
[0.445s] Level 1:colcon.colcon_core.package_identification:_identify(gym_env/lib/python3.12/site-packages/charset_normalizer) by extensions ['cmake', 'python']
[0.445s] Level 1:colcon.colcon_core.package_identification:_identify(gym_env/lib/python3.12/site-packages/charset_normalizer) by extension 'cmake'
[0.445s] Level 1:colcon.colcon_core.package_identification:_identify(gym_env/lib/python3.12/site-packages/charset_normalizer) by extension 'python'
[0.445s] Level 1:colcon.colcon_core.package_identification:_identify(gym_env/lib/python3.12/site-packages/charset_normalizer) by extensions ['python_setup_py']
[0.445s] Level 1:colcon.colcon_core.package_identification:_identify(gym_env/lib/python3.12/site-packages/charset_normalizer) by extension 'python_setup_py'
[0.446s] Level 1:colcon.colcon_core.package_identification:_identify(gym_env/lib/python3.12/site-packages/charset_normalizer/__pycache__) by extensions ['ignore', 'ignore_ament_install']
[0.446s] Level 1:colcon.colcon_core.package_identification:_identify(gym_env/lib/python3.12/site-packages/charset_normalizer/__pycache__) by extension 'ignore'
[0.446s] Level 1:colcon.colcon_core.package_identification:_identify(gym_env/lib/python3.12/site-packages/charset_normalizer/__pycache__) by extension 'ignore_ament_install'
[0.446s] Level 1:colcon.colcon_core.package_identification:_identify(gym_env/lib/python3.12/site-packages/charset_normalizer/__pycache__) by extensions ['colcon_pkg']
[0.446s] Level 1:colcon.colcon_core.package_identification:_identify(gym_env/lib/python3.12/site-packages/charset_normalizer/__pycache__) by extension 'colcon_pkg'
[0.446s] Level 1:colcon.colcon_core.package_identification:_identify(gym_env/lib/python3.12/site-packages/charset_normalizer/__pycache__) by extensions ['colcon_meta']
[0.446s] Level 1:colcon.colcon_core.package_identification:_identify(gym_env/lib/python3.12/site-packages/charset_normalizer/__pycache__) by extension 'colcon_meta'
[0.447s] Level 1:colcon.colcon_core.package_identification:_identify(gym_env/lib/python3.12/site-packages/charset_normalizer/__pycache__) by extensions ['ros']
[0.447s] Level 1:colcon.colcon_core.package_identification:_identify(gym_env/lib/python3.12/site-packages/charset_normalizer/__pycache__) by extension 'ros'
[0.447s] Level 1:colcon.colcon_core.package_identification:_identify(gym_env/lib/python3.12/site-packages/charset_normalizer/__pycache__) by extensions ['cmake', 'python']
[0.447s] Level 1:colcon.colcon_core.package_identification:_identify(gym_env/lib/python3.12/site-packages/charset_normalizer/__pycache__) by extension 'cmake'
[0.447s] Level 1:colcon.colcon_core.package_identification:_identify(gym_env/lib/python3.12/site-packages/charset_normalizer/__pycache__) by extension 'python'
[0.447s] Level 1:colcon.colcon_core.package_identification:_identify(gym_env/lib/python3.12/site-packages/charset_normalizer/__pycache__) by extensions ['python_setup_py']
[0.447s] Level 1:colcon.colcon_core.package_identification:_identify(gym_env/lib/python3.12/site-packages/charset_normalizer/__pycache__) by extension 'python_setup_py'
[0.447s] Level 1:colcon.colcon_core.package_identification:_identify(gym_env/lib/python3.12/site-packages/charset_normalizer/cli) by extensions ['ignore', 'ignore_ament_install']
[0.447s] Level 1:colcon.colcon_core.package_identification:_identify(gym_env/lib/python3.12/site-packages/charset_normalizer/cli) by extension 'ignore'
[0.448s] Level 1:colcon.colcon_core.package_identification:_identify(gym_env/lib/python3.12/site-packages/charset_normalizer/cli) by extension 'ignore_ament_install'
[0.448s] Level 1:colcon.colcon_core.package_identification:_identify(gym_env/lib/python3.12/site-packages/charset_normalizer/cli) by extensions ['colcon_pkg']
[0.448s] Level 1:colcon.colcon_core.package_identification:_identify(gym_env/lib/python3.12/site-packages/charset_normalizer/cli) by extension 'colcon_pkg'
[0.448s] Level 1:colcon.colcon_core.package_identification:_identify(gym_env/lib/python3.12/site-packages/charset_normalizer/cli) by extensions ['colcon_meta']
[0.448s] Level 1:colcon.colcon_core.package_identification:_identify(gym_env/lib/python3.12/site-packages/charset_normalizer/cli) by extension 'colcon_meta'
[0.448s] Level 1:colcon.colcon_core.package_identification:_identify(gym_env/lib/python3.12/site-packages/charset_normalizer/cli) by extensions ['ros']
[0.448s] Level 1:colcon.colcon_core.package_identification:_identify(gym_env/lib/python3.12/site-packages/charset_normalizer/cli) by extension 'ros'
[0.448s] Level 1:colcon.colcon_core.package_identification:_identify(gym_env/lib/python3.12/site-packages/charset_normalizer/cli) by extensions ['cmake', 'python']
[0.448s] Level 1:colcon.colcon_core.package_identification:_identify(gym_env/lib/python3.12/site-packages/charset_normalizer/cli) by extension 'cmake'
[0.448s] Level 1:colcon.colcon_core.package_identification:_identify(gym_env/lib/python3.12/site-packages/charset_normalizer/cli) by extension 'python'
[0.448s] Level 1:colcon.colcon_core.package_identification:_identify(gym_env/lib/python3.12/site-packages/charset_normalizer/cli) by extensions ['python_setup_py']
[0.449s] Level 1:colcon.colcon_core.package_identification:_identify(gym_env/lib/python3.12/site-packages/charset_normalizer/cli) by extension 'python_setup_py'
[0.449s] Level 1:colcon.colcon_core.package_identification:_identify(gym_env/lib/python3.12/site-packages/charset_normalizer/cli/__pycache__) by extensions ['ignore', 'ignore_ament_install']
[0.449s] Level 1:colcon.colcon_core.package_identification:_identify(gym_env/lib/python3.12/site-packages/charset_normalizer/cli/__pycache__) by extension 'ignore'
[0.449s] Level 1:colcon.colcon_core.package_identification:_identify(gym_env/lib/python3.12/site-packages/charset_normalizer/cli/__pycache__) by extension 'ignore_ament_install'
[0.449s] Level 1:colcon.colcon_core.package_identification:_identify(gym_env/lib/python3.12/site-packages/charset_normalizer/cli/__pycache__) by extensions ['colcon_pkg']
[0.449s] Level 1:colcon.colcon_core.package_identification:_identify(gym_env/lib/python3.12/site-packages/charset_normalizer/cli/__pycache__) by extension 'colcon_pkg'
[0.449s] Level 1:colcon.colcon_core.package_identification:_identify(gym_env/lib/python3.12/site-packages/charset_normalizer/cli/__pycache__) by extensions ['colcon_meta']
[0.449s] Level 1:colcon.colcon_core.package_identification:_identify(gym_env/lib/python3.12/site-packages/charset_normalizer/cli/__pycache__) by extension 'colcon_meta'
[0.449s] Level 1:colcon.colcon_core.package_identification:_identify(gym_env/lib/python3.12/site-packages/charset_normalizer/cli/__pycache__) by extensions ['ros']
[0.450s] Level 1:colcon.colcon_core.package_identification:_identify(gym_env/lib/python3.12/site-packages/charset_normalizer/cli/__pycache__) by extension 'ros'
[0.450s] Level 1:colcon.colcon_core.package_identification:_identify(gym_env/lib/python3.12/site-packages/charset_normalizer/cli/__pycache__) by extensions ['cmake', 'python']
[0.450s] Level 1:colcon.colcon_core.package_identification:_identify(gym_env/lib/python3.12/site-packages/charset_normalizer/cli/__pycache__) by extension 'cmake'
[0.450s] Level 1:colcon.colcon_core.package_identification:_identify(gym_env/lib/python3.12/site-packages/charset_normalizer/cli/__pycache__) by extension 'python'
[0.450s] Level 1:colcon.colcon_core.package_identification:_identify(gym_env/lib/python3.12/site-packages/charset_normalizer/cli/__pycache__) by extensions ['python_setup_py']
[0.450s] Level 1:colcon.colcon_core.package_identification:_identify(gym_env/lib/python3.12/site-packages/charset_normalizer/cli/__pycache__) by extension 'python_setup_py'
[0.450s] Level 1:colcon.colcon_core.package_identification:_identify(gym_env/lib/python3.12/site-packages/charset_normalizer-3.4.7.dist-info) by extensions ['ignore', 'ignore_ament_install']
[0.450s] Level 1:colcon.colcon_core.package_identification:_identify(gym_env/lib/python3.12/site-packages/charset_normalizer-3.4.7.dist-info) by extension 'ignore'
[0.451s] Level 1:colcon.colcon_core.package_identification:_identify(gym_env/lib/python3.12/site-packages/charset_normalizer-3.4.7.dist-info) by extension 'ignore_ament_install'
[0.451s] Level 1:colcon.colcon_core.package_identification:_identify(gym_env/lib/python3.12/site-packages/charset_normalizer-3.4.7.dist-info) by extensions ['colcon_pkg']
[0.451s] Level 1:colcon.colcon_core.package_identification:_identify(gym_env/lib/python3.12/site-packages/charset_normalizer-3.4.7.dist-info) by extension 'colcon_pkg'
[0.451s] Level 1:colcon.colcon_core.package_identification:_identify(gym_env/lib/python3.12/site-packages/charset_normalizer-3.4.7.dist-info) by extensions ['colcon_meta']
[0.451s] Level 1:colcon.colcon_core.package_identification:_identify(gym_env/lib/python3.12/site-packages/charset_normalizer-3.4.7.dist-info) by extension 'colcon_meta'
[0.451s] Level 1:colcon.colcon_core.package_identification:_identify(gym_env/lib/python3.12/site-packages/charset_normalizer-3.4.7.dist-info) by extensions ['ros']
[0.451s] Level 1:colcon.colcon_core.package_identification:_identify(gym_env/lib/python3.12/site-packages/charset_normalizer-3.4.7.dist-info) by extension 'ros'
[0.451s] Level 1:colcon.colcon_core.package_identification:_identify(gym_env/lib/python3.12/site-packages/charset_normalizer-3.4.7.dist-info) by extensions ['cmake', 'python']
[0.451s] Level 1:colcon.colcon_core.package_identification:_identify(gym_env/lib/python3.12/site-packages/charset_normalizer-3.4.7.dist-info) by extension 'cmake'
[0.451s] Level 1:colcon.colcon_core.package_identification:_identify(gym_env/lib/python3.12/site-packages/charset_normalizer-3.4.7.dist-info) by extension 'python'
[0.451s] Level 1:colcon.colcon_core.package_identification:_identify(gym_env/lib/python3.12/site-packages/charset_normalizer-3.4.7.dist-info) by extensions ['python_setup_py']
[0.451s] Level 1:colcon.colcon_core.package_identification:_identify(gym_env/lib/python3.12/site-packages/charset_normalizer-3.4.7.dist-info) by extension 'python_setup_py'
[0.452s] Level 1:colcon.colcon_core.package_identification:_identify(gym_env/lib/python3.12/site-packages/charset_normalizer-3.4.7.dist-info/licenses) by extensions ['ignore', 'ignore_ament_install']
[0.452s] Level 1:colcon.colcon_core.package_identification:_identify(gym_env/lib/python3.12/site-packages/charset_normalizer-3.4.7.dist-info/licenses) by extension 'ignore'
[0.452s] Level 1:colcon.colcon_core.package_identification:_identify(gym_env/lib/python3.12/site-packages/charset_normalizer-3.4.7.dist-info/licenses) by extension 'ignore_ament_install'
[0.453s] Level 1:colcon.colcon_core.package_identification:_identify(gym_env/lib/python3.12/site-packages/charset_normalizer-3.4.7.dist-info/licenses) by extensions ['colcon_pkg']
[0.453s] Level 1:colcon.colcon_core.package_identification:_identify(gym_env/lib/python3.12/site-packages/charset_normalizer-3.4.7.dist-info/licenses) by extension 'colcon_pkg'
[0.453s] Level 1:colcon.colcon_core.package_identification:_identify(gym_env/lib/python3.12/site-packages/charset_normalizer-3.4.7.dist-info/licenses) by extensions ['colcon_meta']
[0.453s] Level 1:colcon.colcon_core.package_identification:_identify(gym_env/lib/python3.12/site-packages/charset_normalizer-3.4.7.dist-info/licenses) by extension 'colcon_meta'
[0.453s] Level 1:colcon.colcon_core.package_identification:_identify(gym_env/lib/python3.12/site-packages/charset_normalizer-3.4.7.dist-info/licenses) by extensions ['ros']
[0.453s] Level 1:colcon.colcon_core.package_identification:_identify(gym_env/lib/python3.12/site-packages/charset_normalizer-3.4.7.dist-info/licenses) by extension 'ros'
[0.453s] Level 1:colcon.colcon_core.package_identification:_identify(gym_env/lib/python3.12/site-packages/charset_normalizer-3.4.7.dist-info/licenses) by extensions ['cmake', 'python']
[0.454s] Level 1:colcon.colcon_core.package_identification:_identify(gym_env/lib/python3.12/site-packages/charset_normalizer-3.4.7.dist-info/licenses) by extension 'cmake'
[0.454s] Level 1:colcon.colcon_core.package_identification:_identify(gym_env/lib/python3.12/site-packages/charset_normalizer-3.4.7.dist-info/licenses) by extension 'python'
[0.454s] Level 1:colcon.colcon_core.package_identification:_identify(gym_env/lib/python3.12/site-packages/charset_normalizer-3.4.7.dist-info/licenses) by extensions ['python_setup_py']
[0.454s] Level 1:colcon.colcon_core.package_identification:_identify(gym_env/lib/python3.12/site-packages/charset_normalizer-3.4.7.dist-info/licenses) by extension 'python_setup_py'
[0.454s] Level 1:colcon.colcon_core.package_identification:_identify(gym_env/lib/python3.12/site-packages/click) by extensions ['ignore', 'ignore_ament_install']
[0.454s] Level 1:colcon.colcon_core.package_identification:_identify(gym_env/lib/python3.12/site-packages/click) by extension 'ignore'
[0.455s] Level 1:colcon.colcon_core.package_identification:_identify(gym_env/lib/python3.12/site-packages/click) by extension 'ignore_ament_install'
[0.455s] Level 1:colcon.colcon_core.package_identification:_identify(gym_env/lib/python3.12/site-packages/click) by extensions ['colcon_pkg']
[0.455s] Level 1:colcon.colcon_core.package_identification:_identify(gym_env/lib/python3.12/site-packages/click) by extension 'colcon_pkg'
[0.455s] Level 1:colcon.colcon_core.package_identification:_identify(gym_env/lib/python3.12/site-packages/click) by extensions ['colcon_meta']
[0.455s] Level 1:colcon.colcon_core.package_identification:_identify(gym_env/lib/python3.12/site-packages/click) by extension 'colcon_meta'
[0.455s] Level 1:colcon.colcon_core.package_identification:_identify(gym_env/lib/python3.12/site-packages/click) by extensions ['ros']
[0.455s] Level 1:colcon.colcon_core.package_identification:_identify(gym_env/lib/python3.12/site-packages/click) by extension 'ros'
[0.455s] Level 1:colcon.colcon_core.package_identification:_identify(gym_env/lib/python3.12/site-packages/click) by extensions ['cmake', 'python']
[0.455s] Level 1:colcon.colcon_core.package_identification:_identify(gym_env/lib/python3.12/site-packages/click) by extension 'cmake'
[0.455s] Level 1:colcon.colcon_core.package_identification:_identify(gym_env/lib/python3.12/site-packages/click) by extension 'python'
[0.456s] Level 1:colcon.colcon_core.package_identification:_identify(gym_env/lib/python3.12/site-packages/click) by extensions ['python_setup_py']
[0.456s] Level 1:colcon.colcon_core.package_identification:_identify(gym_env/lib/python3.12/site-packages/click) by extension 'python_setup_py'
[0.456s] Level 1:colcon.colcon_core.package_identification:_identify(gym_env/lib/python3.12/site-packages/click/__pycache__) by extensions ['ignore', 'ignore_ament_install']
[0.456s] Level 1:colcon.colcon_core.package_identification:_identify(gym_env/lib/python3.12/site-packages/click/__pycache__) by extension 'ignore'
[0.456s] Level 1:colcon.colcon_core.package_identification:_identify(gym_env/lib/python3.12/site-packages/click/__pycache__) by extension 'ignore_ament_install'
[0.456s] Level 1:colcon.colcon_core.package_identification:_identify(gym_env/lib/python3.12/site-packages/click/__pycache__) by extensions ['colcon_pkg']
[0.456s] Level 1:colcon.colcon_core.package_identification:_identify(gym_env/lib/python3.12/site-packages/click/__pycache__) by extension 'colcon_pkg'
[0.456s] Level 1:colcon.colcon_core.package_identification:_identify(gym_env/lib/python3.12/site-packages/click/__pycache__) by extensions ['colcon_meta']
[0.457s] Level 1:colcon.colcon_core.package_identification:_identify(gym_env/lib/python3.12/site-packages/click/__pycache__) by extension 'colcon_meta'
[0.457s] Level 1:colcon.colcon_core.package_identification:_identify(gym_env/lib/python3.12/site-packages/click/__pycache__) by extensions ['ros']
[0.457s] Level 1:colcon.colcon_core.package_identification:_identify(gym_env/lib/python3.12/site-packages/click/__pycache__) by extension 'ros'
[0.457s] Level 1:colcon.colcon_core.package_identification:_identify(gym_env/lib/python3.12/site-packages/click/__pycache__) by extensions ['cmake', 'python']
[0.457s] Level 1:colcon.colcon_core.package_identification:_identify(gym_env/lib/python3.12/site-packages/click/__pycache__) by extension 'cmake'
[0.457s] Level 1:colcon.colcon_core.package_identification:_identify(gym_env/lib/python3.12/site-packages/click/__pycache__) by extension 'python'
[0.457s] Level 1:colcon.colcon_core.package_identification:_identify(gym_env/lib/python3.12/site-packages/click/__pycache__) by extensions ['python_setup_py']
[0.457s] Level 1:colcon.colcon_core.package_identification:_identify(gym_env/lib/python3.12/site-packages/click/__pycache__) by extension 'python_setup_py'
[0.457s] Level 1:colcon.colcon_core.package_identification:_identify(gym_env/lib/python3.12/site-packages/click-8.1.8.dist-info) by extensions ['ignore', 'ignore_ament_install']
[0.458s] Level 1:colcon.colcon_core.package_identification:_identify(gym_env/lib/python3.12/site-packages/click-8.1.8.dist-info) by extension 'ignore'
[0.458s] Level 1:colcon.colcon_core.package_identification:_identify(gym_env/lib/python3.12/site-packages/click-8.1.8.dist-info) by extension 'ignore_ament_install'
[0.458s] Level 1:colcon.colcon_core.package_identification:_identify(gym_env/lib/python3.12/site-packages/click-8.1.8.dist-info) by extensions ['colcon_pkg']
[0.458s] Level 1:colcon.colcon_core.package_identification:_identify(gym_env/lib/python3.12/site-packages/click-8.1.8.dist-info) by extension 'colcon_pkg'
[0.458s] Level 1:colcon.colcon_core.package_identification:_identify(gym_env/lib/python3.12/site-packages/click-8.1.8.dist-info) by extensions ['colcon_meta']
[0.458s] Level 1:colcon.colcon_core.package_identification:_identify(gym_env/lib/python3.12/site-packages/click-8.1.8.dist-info) by extension 'colcon_meta'
[0.458s] Level 1:colcon.colcon_core.package_identification:_identify(gym_env/lib/python3.12/site-packages/click-8.1.8.dist-info) by extensions ['ros']
[0.458s] Level 1:colcon.colcon_core.package_identification:_identify(gym_env/lib/python3.12/site-packages/click-8.1.8.dist-info) by extension 'ros'
[0.458s] Level 1:colcon.colcon_core.package_identification:_identify(gym_env/lib/python3.12/site-packages/click-8.1.8.dist-info) by extensions ['cmake', 'python']
[0.458s] Level 1:colcon.colcon_core.package_identification:_identify(gym_env/lib/python3.12/site-packages/click-8.1.8.dist-info) by extension 'cmake'
[0.459s] Level 1:colcon.colcon_core.package_identification:_identify(gym_env/lib/python3.12/site-packages/click-8.1.8.dist-info) by extension 'python'
[0.459s] Level 1:colcon.colcon_core.package_identification:_identify(gym_env/lib/python3.12/site-packages/click-8.1.8.dist-info) by extensions ['python_setup_py']
[0.459s] Level 1:colcon.colcon_core.package_identification:_identify(gym_env/lib/python3.12/site-packages/click-8.1.8.dist-info) by extension 'python_setup_py'
[0.459s] Level 1:colcon.colcon_core.package_identification:_identify(gym_env/lib/python3.12/site-packages/gTTS-2.5.4.dist-info) by extensions ['ignore', 'ignore_ament_install']
[0.459s] Level 1:colcon.colcon_core.package_identification:_identify(gym_env/lib/python3.12/site-packages/gTTS-2.5.4.dist-info) by extension 'ignore'
[0.459s] Level 1:colcon.colcon_core.package_identification:_identify(gym_env/lib/python3.12/site-packages/gTTS-2.5.4.dist-info) by extension 'ignore_ament_install'
[0.459s] Level 1:colcon.colcon_core.package_identification:_identify(gym_env/lib/python3.12/site-packages/gTTS-2.5.4.dist-info) by extensions ['colcon_pkg']
[0.459s] Level 1:colcon.colcon_core.package_identification:_identify(gym_env/lib/python3.12/site-packages/gTTS-2.5.4.dist-info) by extension 'colcon_pkg'
[0.459s] Level 1:colcon.colcon_core.package_identification:_identify(gym_env/lib/python3.12/site-packages/gTTS-2.5.4.dist-info) by extensions ['colcon_meta']
[0.460s] Level 1:colcon.colcon_core.package_identification:_identify(gym_env/lib/python3.12/site-packages/gTTS-2.5.4.dist-info) by extension 'colcon_meta'
[0.460s] Level 1:colcon.colcon_core.package_identification:_identify(gym_env/lib/python3.12/site-packages/gTTS-2.5.4.dist-info) by extensions ['ros']
[0.460s] Level 1:colcon.colcon_core.package_identification:_identify(gym_env/lib/python3.12/site-packages/gTTS-2.5.4.dist-info) by extension 'ros'
[0.460s] Level 1:colcon.colcon_core.package_identification:_identify(gym_env/lib/python3.12/site-packages/gTTS-2.5.4.dist-info) by extensions ['cmake', 'python']
[0.460s] Level 1:colcon.colcon_core.package_identification:_identify(gym_env/lib/python3.12/site-packages/gTTS-2.5.4.dist-info) by extension 'cmake'
[0.460s] Level 1:colcon.colcon_core.package_identification:_identify(gym_env/lib/python3.12/site-packages/gTTS-2.5.4.dist-info) by extension 'python'
[0.460s] Level 1:colcon.colcon_core.package_identification:_identify(gym_env/lib/python3.12/site-packages/gTTS-2.5.4.dist-info) by extensions ['python_setup_py']
[0.460s] Level 1:colcon.colcon_core.package_identification:_identify(gym_env/lib/python3.12/site-packages/gTTS-2.5.4.dist-info) by extension 'python_setup_py'
[0.460s] Level 1:colcon.colcon_core.package_identification:_identify(gym_env/lib/python3.12/site-packages/gtts) by extensions ['ignore', 'ignore_ament_install']
[0.461s] Level 1:colcon.colcon_core.package_identification:_identify(gym_env/lib/python3.12/site-packages/gtts) by extension 'ignore'
[0.461s] Level 1:colcon.colcon_core.package_identification:_identify(gym_env/lib/python3.12/site-packages/gtts) by extension 'ignore_ament_install'
[0.461s] Level 1:colcon.colcon_core.package_identification:_identify(gym_env/lib/python3.12/site-packages/gtts) by extensions ['colcon_pkg']
[0.461s] Level 1:colcon.colcon_core.package_identification:_identify(gym_env/lib/python3.12/site-packages/gtts) by extension 'colcon_pkg'
[0.461s] Level 1:colcon.colcon_core.package_identification:_identify(gym_env/lib/python3.12/site-packages/gtts) by extensions ['colcon_meta']
[0.461s] Level 1:colcon.colcon_core.package_identification:_identify(gym_env/lib/python3.12/site-packages/gtts) by extension 'colcon_meta'
[0.461s] Level 1:colcon.colcon_core.package_identification:_identify(gym_env/lib/python3.12/site-packages/gtts) by extensions ['ros']
[0.461s] Level 1:colcon.colcon_core.package_identification:_identify(gym_env/lib/python3.12/site-packages/gtts) by extension 'ros'
[0.461s] Level 1:colcon.colcon_core.package_identification:_identify(gym_env/lib/python3.12/site-packages/gtts) by extensions ['cmake', 'python']
[0.461s] Level 1:colcon.colcon_core.package_identification:_identify(gym_env/lib/python3.12/site-packages/gtts) by extension 'cmake'
[0.461s] Level 1:colcon.colcon_core.package_identification:_identify(gym_env/lib/python3.12/site-packages/gtts) by extension 'python'
[0.462s] Level 1:colcon.colcon_core.package_identification:_identify(gym_env/lib/python3.12/site-packages/gtts) by extensions ['python_setup_py']
[0.462s] Level 1:colcon.colcon_core.package_identification:_identify(gym_env/lib/python3.12/site-packages/gtts) by extension 'python_setup_py'
[0.462s] Level 1:colcon.colcon_core.package_identification:_identify(gym_env/lib/python3.12/site-packages/gtts/__pycache__) by extensions ['ignore', 'ignore_ament_install']
[0.462s] Level 1:colcon.colcon_core.package_identification:_identify(gym_env/lib/python3.12/site-packages/gtts/__pycache__) by extension 'ignore'
[0.462s] Level 1:colcon.colcon_core.package_identification:_identify(gym_env/lib/python3.12/site-packages/gtts/__pycache__) by extension 'ignore_ament_install'
[0.462s] Level 1:colcon.colcon_core.package_identification:_identify(gym_env/lib/python3.12/site-packages/gtts/__pycache__) by extensions ['colcon_pkg']
[0.462s] Level 1:colcon.colcon_core.package_identification:_identify(gym_env/lib/python3.12/site-packages/gtts/__pycache__) by extension 'colcon_pkg'
[0.462s] Level 1:colcon.colcon_core.package_identification:_identify(gym_env/lib/python3.12/site-packages/gtts/__pycache__) by extensions ['colcon_meta']
[0.462s] Level 1:colcon.colcon_core.package_identification:_identify(gym_env/lib/python3.12/site-packages/gtts/__pycache__) by extension 'colcon_meta'
[0.463s] Level 1:colcon.colcon_core.package_identification:_identify(gym_env/lib/python3.12/site-packages/gtts/__pycache__) by extensions ['ros']
[0.463s] Level 1:colcon.colcon_core.package_identification:_identify(gym_env/lib/python3.12/site-packages/gtts/__pycache__) by extension 'ros'
[0.463s] Level 1:colcon.colcon_core.package_identification:_identify(gym_env/lib/python3.12/site-packages/gtts/__pycache__) by extensions ['cmake', 'python']
[0.463s] Level 1:colcon.colcon_core.package_identification:_identify(gym_env/lib/python3.12/site-packages/gtts/__pycache__) by extension 'cmake'
[0.463s] Level 1:colcon.colcon_core.package_identification:_identify(gym_env/lib/python3.12/site-packages/gtts/__pycache__) by extension 'python'
[0.463s] Level 1:colcon.colcon_core.package_identification:_identify(gym_env/lib/python3.12/site-packages/gtts/__pycache__) by extensions ['python_setup_py']
[0.463s] Level 1:colcon.colcon_core.package_identification:_identify(gym_env/lib/python3.12/site-packages/gtts/__pycache__) by extension 'python_setup_py'
[0.463s] Level 1:colcon.colcon_core.package_identification:_identify(gym_env/lib/python3.12/site-packages/gtts/tests) by extensions ['ignore', 'ignore_ament_install']
[0.464s] Level 1:colcon.colcon_core.package_identification:_identify(gym_env/lib/python3.12/site-packages/gtts/tests) by extension 'ignore'
[0.464s] Level 1:colcon.colcon_core.package_identification:_identify(gym_env/lib/python3.12/site-packages/gtts/tests) by extension 'ignore_ament_install'
[0.464s] Level 1:colcon.colcon_core.package_identification:_identify(gym_env/lib/python3.12/site-packages/gtts/tests) by extensions ['colcon_pkg']
[0.464s] Level 1:colcon.colcon_core.package_identification:_identify(gym_env/lib/python3.12/site-packages/gtts/tests) by extension 'colcon_pkg'
[0.464s] Level 1:colcon.colcon_core.package_identification:_identify(gym_env/lib/python3.12/site-packages/gtts/tests) by extensions ['colcon_meta']
[0.464s] Level 1:colcon.colcon_core.package_identification:_identify(gym_env/lib/python3.12/site-packages/gtts/tests) by extension 'colcon_meta'
[0.464s] Level 1:colcon.colcon_core.package_identification:_identify(gym_env/lib/python3.12/site-packages/gtts/tests) by extensions ['ros']
[0.464s] Level 1:colcon.colcon_core.package_identification:_identify(gym_env/lib/python3.12/site-packages/gtts/tests) by extension 'ros'
[0.464s] Level 1:colcon.colcon_core.package_identification:_identify(gym_env/lib/python3.12/site-packages/gtts/tests) by extensions ['cmake', 'python']
[0.464s] Level 1:colcon.colcon_core.package_identification:_identify(gym_env/lib/python3.12/site-packages/gtts/tests) by extension 'cmake'
[0.465s] Level 1:colcon.colcon_core.package_identification:_identify(gym_env/lib/python3.12/site-packages/gtts/tests) by extension 'python'
[0.465s] Level 1:colcon.colcon_core.package_identification:_identify(gym_env/lib/python3.12/site-packages/gtts/tests) by extensions ['python_setup_py']
[0.465s] Level 1:colcon.colcon_core.package_identification:_identify(gym_env/lib/python3.12/site-packages/gtts/tests) by extension 'python_setup_py'
[0.465s] Level 1:colcon.colcon_core.package_identification:_identify(gym_env/lib/python3.12/site-packages/gtts/tests/__pycache__) by extensions ['ignore', 'ignore_ament_install']
[0.465s] Level 1:colcon.colcon_core.package_identification:_identify(gym_env/lib/python3.12/site-packages/gtts/tests/__pycache__) by extension 'ignore'
[0.465s] Level 1:colcon.colcon_core.package_identification:_identify(gym_env/lib/python3.12/site-packages/gtts/tests/__pycache__) by extension 'ignore_ament_install'
[0.465s] Level 1:colcon.colcon_core.package_identification:_identify(gym_env/lib/python3.12/site-packages/gtts/tests/__pycache__) by extensions ['colcon_pkg']
[0.465s] Level 1:colcon.colcon_core.package_identification:_identify(gym_env/lib/python3.12/site-packages/gtts/tests/__pycache__) by extension 'colcon_pkg'
[0.465s] Level 1:colcon.colcon_core.package_identification:_identify(gym_env/lib/python3.12/site-packages/gtts/tests/__pycache__) by extensions ['colcon_meta']
[0.466s] Level 1:colcon.colcon_core.package_identification:_identify(gym_env/lib/python3.12/site-packages/gtts/tests/__pycache__) by extension 'colcon_meta'
[0.466s] Level 1:colcon.colcon_core.package_identification:_identify(gym_env/lib/python3.12/site-packages/gtts/tests/__pycache__) by extensions ['ros']
[0.466s] Level 1:colcon.colcon_core.package_identification:_identify(gym_env/lib/python3.12/site-packages/gtts/tests/__pycache__) by extension 'ros'
[0.466s] Level 1:colcon.colcon_core.package_identification:_identify(gym_env/lib/python3.12/site-packages/gtts/tests/__pycache__) by extensions ['cmake', 'python']
[0.466s] Level 1:colcon.colcon_core.package_identification:_identify(gym_env/lib/python3.12/site-packages/gtts/tests/__pycache__) by extension 'cmake'
[0.466s] Level 1:colcon.colcon_core.package_identification:_identify(gym_env/lib/python3.12/site-packages/gtts/tests/__pycache__) by extension 'python'
[0.466s] Level 1:colcon.colcon_core.package_identification:_identify(gym_env/lib/python3.12/site-packages/gtts/tests/__pycache__) by extensions ['python_setup_py']
[0.466s] Level 1:colcon.colcon_core.package_identification:_identify(gym_env/lib/python3.12/site-packages/gtts/tests/__pycache__) by extension 'python_setup_py'
[0.466s] Level 1:colcon.colcon_core.package_identification:_identify(gym_env/lib/python3.12/site-packages/gtts/tests/input_files) by extensions ['ignore', 'ignore_ament_install']
[0.467s] Level 1:colcon.colcon_core.package_identification:_identify(gym_env/lib/python3.12/site-packages/gtts/tests/input_files) by extension 'ignore'
[0.467s] Level 1:colcon.colcon_core.package_identification:_identify(gym_env/lib/python3.12/site-packages/gtts/tests/input_files) by extension 'ignore_ament_install'
[0.467s] Level 1:colcon.colcon_core.package_identification:_identify(gym_env/lib/python3.12/site-packages/gtts/tests/input_files) by extensions ['colcon_pkg']
[0.467s] Level 1:colcon.colcon_core.package_identification:_identify(gym_env/lib/python3.12/site-packages/gtts/tests/input_files) by extension 'colcon_pkg'
[0.467s] Level 1:colcon.colcon_core.package_identification:_identify(gym_env/lib/python3.12/site-packages/gtts/tests/input_files) by extensions ['colcon_meta']
[0.467s] Level 1:colcon.colcon_core.package_identification:_identify(gym_env/lib/python3.12/site-packages/gtts/tests/input_files) by extension 'colcon_meta'
[0.467s] Level 1:colcon.colcon_core.package_identification:_identify(gym_env/lib/python3.12/site-packages/gtts/tests/input_files) by extensions ['ros']
[0.467s] Level 1:colcon.colcon_core.package_identification:_identify(gym_env/lib/python3.12/site-packages/gtts/tests/input_files) by extension 'ros'
[0.467s] Level 1:colcon.colcon_core.package_identification:_identify(gym_env/lib/python3.12/site-packages/gtts/tests/input_files) by extensions ['cmake', 'python']
[0.467s] Level 1:colcon.colcon_core.package_identification:_identify(gym_env/lib/python3.12/site-packages/gtts/tests/input_files) by extension 'cmake'
[0.468s] Level 1:colcon.colcon_core.package_identification:_identify(gym_env/lib/python3.12/site-packages/gtts/tests/input_files) by extension 'python'
[0.468s] Level 1:colcon.colcon_core.package_identification:_identify(gym_env/lib/python3.12/site-packages/gtts/tests/input_files) by extensions ['python_setup_py']
[0.468s] Level 1:colcon.colcon_core.package_identification:_identify(gym_env/lib/python3.12/site-packages/gtts/tests/input_files) by extension 'python_setup_py'
[0.468s] Level 1:colcon.colcon_core.package_identification:_identify(gym_env/lib/python3.12/site-packages/gtts/tokenizer) by extensions ['ignore', 'ignore_ament_install']
[0.468s] Level 1:colcon.colcon_core.package_identification:_identify(gym_env/lib/python3.12/site-packages/gtts/tokenizer) by extension 'ignore'
[0.468s] Level 1:colcon.colcon_core.package_identification:_identify(gym_env/lib/python3.12/site-packages/gtts/tokenizer) by extension 'ignore_ament_install'
[0.468s] Level 1:colcon.colcon_core.package_identification:_identify(gym_env/lib/python3.12/site-packages/gtts/tokenizer) by extensions ['colcon_pkg']
[0.469s] Level 1:colcon.colcon_core.package_identification:_identify(gym_env/lib/python3.12/site-packages/gtts/tokenizer) by extension 'colcon_pkg'
[0.469s] Level 1:colcon.colcon_core.package_identification:_identify(gym_env/lib/python3.12/site-packages/gtts/tokenizer) by extensions ['colcon_meta']
[0.469s] Level 1:colcon.colcon_core.package_identification:_identify(gym_env/lib/python3.12/site-packages/gtts/tokenizer) by extension 'colcon_meta'
[0.469s] Level 1:colcon.colcon_core.package_identification:_identify(gym_env/lib/python3.12/site-packages/gtts/tokenizer) by extensions ['ros']
[0.469s] Level 1:colcon.colcon_core.package_identification:_identify(gym_env/lib/python3.12/site-packages/gtts/tokenizer) by extension 'ros'
[0.469s] Level 1:colcon.colcon_core.package_identification:_identify(gym_env/lib/python3.12/site-packages/gtts/tokenizer) by extensions ['cmake', 'python']
[0.470s] Level 1:colcon.colcon_core.package_identification:_identify(gym_env/lib/python3.12/site-packages/gtts/tokenizer) by extension 'cmake'
[0.470s] Level 1:colcon.colcon_core.package_identification:_identify(gym_env/lib/python3.12/site-packages/gtts/tokenizer) by extension 'python'
[0.470s] Level 1:colcon.colcon_core.package_identification:_identify(gym_env/lib/python3.12/site-packages/gtts/tokenizer) by extensions ['python_setup_py']
[0.470s] Level 1:colcon.colcon_core.package_identification:_identify(gym_env/lib/python3.12/site-packages/gtts/tokenizer) by extension 'python_setup_py'
[0.470s] Level 1:colcon.colcon_core.package_identification:_identify(gym_env/lib/python3.12/site-packages/gtts/tokenizer/__pycache__) by extensions ['ignore', 'ignore_ament_install']
[0.470s] Level 1:colcon.colcon_core.package_identification:_identify(gym_env/lib/python3.12/site-packages/gtts/tokenizer/__pycache__) by extension 'ignore'
[0.470s] Level 1:colcon.colcon_core.package_identification:_identify(gym_env/lib/python3.12/site-packages/gtts/tokenizer/__pycache__) by extension 'ignore_ament_install'
[0.471s] Level 1:colcon.colcon_core.package_identification:_identify(gym_env/lib/python3.12/site-packages/gtts/tokenizer/__pycache__) by extensions ['colcon_pkg']
[0.471s] Level 1:colcon.colcon_core.package_identification:_identify(gym_env/lib/python3.12/site-packages/gtts/tokenizer/__pycache__) by extension 'colcon_pkg'
[0.471s] Level 1:colcon.colcon_core.package_identification:_identify(gym_env/lib/python3.12/site-packages/gtts/tokenizer/__pycache__) by extensions ['colcon_meta']
[0.471s] Level 1:colcon.colcon_core.package_identification:_identify(gym_env/lib/python3.12/site-packages/gtts/tokenizer/__pycache__) by extension 'colcon_meta'
[0.471s] Level 1:colcon.colcon_core.package_identification:_identify(gym_env/lib/python3.12/site-packages/gtts/tokenizer/__pycache__) by extensions ['ros']
[0.471s] Level 1:colcon.colcon_core.package_identification:_identify(gym_env/lib/python3.12/site-packages/gtts/tokenizer/__pycache__) by extension 'ros'
[0.472s] Level 1:colcon.colcon_core.package_identification:_identify(gym_env/lib/python3.12/site-packages/gtts/tokenizer/__pycache__) by extensions ['cmake', 'python']
[0.472s] Level 1:colcon.colcon_core.package_identification:_identify(gym_env/lib/python3.12/site-packages/gtts/tokenizer/__pycache__) by extension 'cmake'
[0.472s] Level 1:colcon.colcon_core.package_identification:_identify(gym_env/lib/python3.12/site-packages/gtts/tokenizer/__pycache__) by extension 'python'
[0.472s] Level 1:colcon.colcon_core.package_identification:_identify(gym_env/lib/python3.12/site-packages/gtts/tokenizer/__pycache__) by extensions ['python_setup_py']
[0.472s] Level 1:colcon.colcon_core.package_identification:_identify(gym_env/lib/python3.12/site-packages/gtts/tokenizer/__pycache__) by extension 'python_setup_py'
[0.472s] Level 1:colcon.colcon_core.package_identification:_identify(gym_env/lib/python3.12/site-packages/gtts/tokenizer/tests) by extensions ['ignore', 'ignore_ament_install']
[0.472s] Level 1:colcon.colcon_core.package_identification:_identify(gym_env/lib/python3.12/site-packages/gtts/tokenizer/tests) by extension 'ignore'
[0.472s] Level 1:colcon.colcon_core.package_identification:_identify(gym_env/lib/python3.12/site-packages/gtts/tokenizer/tests) by extension 'ignore_ament_install'
[0.473s] Level 1:colcon.colcon_core.package_identification:_identify(gym_env/lib/python3.12/site-packages/gtts/tokenizer/tests) by extensions ['colcon_pkg']
[0.473s] Level 1:colcon.colcon_core.package_identification:_identify(gym_env/lib/python3.12/site-packages/gtts/tokenizer/tests) by extension 'colcon_pkg'
[0.473s] Level 1:colcon.colcon_core.package_identification:_identify(gym_env/lib/python3.12/site-packages/gtts/tokenizer/tests) by extensions ['colcon_meta']
[0.473s] Level 1:colcon.colcon_core.package_identification:_identify(gym_env/lib/python3.12/site-packages/gtts/tokenizer/tests) by extension 'colcon_meta'
[0.473s] Level 1:colcon.colcon_core.package_identification:_identify(gym_env/lib/python3.12/site-packages/gtts/tokenizer/tests) by extensions ['ros']
[0.473s] Level 1:colcon.colcon_core.package_identification:_identify(gym_env/lib/python3.12/site-packages/gtts/tokenizer/tests) by extension 'ros'
[0.473s] Level 1:colcon.colcon_core.package_identification:_identify(gym_env/lib/python3.12/site-packages/gtts/tokenizer/tests) by extensions ['cmake', 'python']
[0.473s] Level 1:colcon.colcon_core.package_identification:_identify(gym_env/lib/python3.12/site-packages/gtts/tokenizer/tests) by extension 'cmake'
[0.473s] Level 1:colcon.colcon_core.package_identification:_identify(gym_env/lib/python3.12/site-packages/gtts/tokenizer/tests) by extension 'python'
[0.473s] Level 1:colcon.colcon_core.package_identification:_identify(gym_env/lib/python3.12/site-packages/gtts/tokenizer/tests) by extensions ['python_setup_py']
[0.474s] Level 1:colcon.colcon_core.package_identification:_identify(gym_env/lib/python3.12/site-packages/gtts/tokenizer/tests) by extension 'python_setup_py'
[0.474s] Level 1:colcon.colcon_core.package_identification:_identify(gym_env/lib/python3.12/site-packages/gtts/tokenizer/tests/__pycache__) by extensions ['ignore', 'ignore_ament_install']
[0.474s] Level 1:colcon.colcon_core.package_identification:_identify(gym_env/lib/python3.12/site-packages/gtts/tokenizer/tests/__pycache__) by extension 'ignore'
[0.474s] Level 1:colcon.colcon_core.package_identification:_identify(gym_env/lib/python3.12/site-packages/gtts/tokenizer/tests/__pycache__) by extension 'ignore_ament_install'
[0.474s] Level 1:colcon.colcon_core.package_identification:_identify(gym_env/lib/python3.12/site-packages/gtts/tokenizer/tests/__pycache__) by extensions ['colcon_pkg']
[0.474s] Level 1:colcon.colcon_core.package_identification:_identify(gym_env/lib/python3.12/site-packages/gtts/tokenizer/tests/__pycache__) by extension 'colcon_pkg'
[0.474s] Level 1:colcon.colcon_core.package_identification:_identify(gym_env/lib/python3.12/site-packages/gtts/tokenizer/tests/__pycache__) by extensions ['colcon_meta']
[0.474s] Level 1:colcon.colcon_core.package_identification:_identify(gym_env/lib/python3.12/site-packages/gtts/tokenizer/tests/__pycache__) by extension 'colcon_meta'
[0.475s] Level 1:colcon.colcon_core.package_identification:_identify(gym_env/lib/python3.12/site-packages/gtts/tokenizer/tests/__pycache__) by extensions ['ros']
[0.475s] Level 1:colcon.colcon_core.package_identification:_identify(gym_env/lib/python3.12/site-packages/gtts/tokenizer/tests/__pycache__) by extension 'ros'
[0.475s] Level 1:colcon.colcon_core.package_identification:_identify(gym_env/lib/python3.12/site-packages/gtts/tokenizer/tests/__pycache__) by extensions ['cmake', 'python']
[0.475s] Level 1:colcon.colcon_core.package_identification:_identify(gym_env/lib/python3.12/site-packages/gtts/tokenizer/tests/__pycache__) by extension 'cmake'
[0.475s] Level 1:colcon.colcon_core.package_identification:_identify(gym_env/lib/python3.12/site-packages/gtts/tokenizer/tests/__pycache__) by extension 'python'
[0.475s] Level 1:colcon.colcon_core.package_identification:_identify(gym_env/lib/python3.12/site-packages/gtts/tokenizer/tests/__pycache__) by extensions ['python_setup_py']
[0.475s] Level 1:colcon.colcon_core.package_identification:_identify(gym_env/lib/python3.12/site-packages/gtts/tokenizer/tests/__pycache__) by extension 'python_setup_py'
[0.475s] Level 1:colcon.colcon_core.package_identification:_identify(gym_env/lib/python3.12/site-packages/idna) by extensions ['ignore', 'ignore_ament_install']
[0.475s] Level 1:colcon.colcon_core.package_identification:_identify(gym_env/lib/python3.12/site-packages/idna) by extension 'ignore'
[0.476s] Level 1:colcon.colcon_core.package_identification:_identify(gym_env/lib/python3.12/site-packages/idna) by extension 'ignore_ament_install'
[0.476s] Level 1:colcon.colcon_core.package_identification:_identify(gym_env/lib/python3.12/site-packages/idna) by extensions ['colcon_pkg']
[0.476s] Level 1:colcon.colcon_core.package_identification:_identify(gym_env/lib/python3.12/site-packages/idna) by extension 'colcon_pkg'
[0.476s] Level 1:colcon.colcon_core.package_identification:_identify(gym_env/lib/python3.12/site-packages/idna) by extensions ['colcon_meta']
[0.476s] Level 1:colcon.colcon_core.package_identification:_identify(gym_env/lib/python3.12/site-packages/idna) by extension 'colcon_meta'
[0.476s] Level 1:colcon.colcon_core.package_identification:_identify(gym_env/lib/python3.12/site-packages/idna) by extensions ['ros']
[0.476s] Level 1:colcon.colcon_core.package_identification:_identify(gym_env/lib/python3.12/site-packages/idna) by extension 'ros'
[0.476s] Level 1:colcon.colcon_core.package_identification:_identify(gym_env/lib/python3.12/site-packages/idna) by extensions ['cmake', 'python']
[0.476s] Level 1:colcon.colcon_core.package_identification:_identify(gym_env/lib/python3.12/site-packages/idna) by extension 'cmake'
[0.476s] Level 1:colcon.colcon_core.package_identification:_identify(gym_env/lib/python3.12/site-packages/idna) by extension 'python'
[0.476s] Level 1:colcon.colcon_core.package_identification:_identify(gym_env/lib/python3.12/site-packages/idna) by extensions ['python_setup_py']
[0.477s] Level 1:colcon.colcon_core.package_identification:_identify(gym_env/lib/python3.12/site-packages/idna) by extension 'python_setup_py'
[0.477s] Level 1:colcon.colcon_core.package_identification:_identify(gym_env/lib/python3.12/site-packages/idna/__pycache__) by extensions ['ignore', 'ignore_ament_install']
[0.477s] Level 1:colcon.colcon_core.package_identification:_identify(gym_env/lib/python3.12/site-packages/idna/__pycache__) by extension 'ignore'
[0.477s] Level 1:colcon.colcon_core.package_identification:_identify(gym_env/lib/python3.12/site-packages/idna/__pycache__) by extension 'ignore_ament_install'
[0.477s] Level 1:colcon.colcon_core.package_identification:_identify(gym_env/lib/python3.12/site-packages/idna/__pycache__) by extensions ['colcon_pkg']
[0.477s] Level 1:colcon.colcon_core.package_identification:_identify(gym_env/lib/python3.12/site-packages/idna/__pycache__) by extension 'colcon_pkg'
[0.477s] Level 1:colcon.colcon_core.package_identification:_identify(gym_env/lib/python3.12/site-packages/idna/__pycache__) by extensions ['colcon_meta']
[0.477s] Level 1:colcon.colcon_core.package_identification:_identify(gym_env/lib/python3.12/site-packages/idna/__pycache__) by extension 'colcon_meta'
[0.477s] Level 1:colcon.colcon_core.package_identification:_identify(gym_env/lib/python3.12/site-packages/idna/__pycache__) by extensions ['ros']
[0.478s] Level 1:colcon.colcon_core.package_identification:_identify(gym_env/lib/python3.12/site-packages/idna/__pycache__) by extension 'ros'
[0.478s] Level 1:colcon.colcon_core.package_identification:_identify(gym_env/lib/python3.12/site-packages/idna/__pycache__) by extensions ['cmake', 'python']
[0.478s] Level 1:colcon.colcon_core.package_identification:_identify(gym_env/lib/python3.12/site-packages/idna/__pycache__) by extension 'cmake'
[0.478s] Level 1:colcon.colcon_core.package_identification:_identify(gym_env/lib/python3.12/site-packages/idna/__pycache__) by extension 'python'
[0.478s] Level 1:colcon.colcon_core.package_identification:_identify(gym_env/lib/python3.12/site-packages/idna/__pycache__) by extensions ['python_setup_py']
[0.478s] Level 1:colcon.colcon_core.package_identification:_identify(gym_env/lib/python3.12/site-packages/idna/__pycache__) by extension 'python_setup_py'
[0.478s] Level 1:colcon.colcon_core.package_identification:_identify(gym_env/lib/python3.12/site-packages/idna-3.13.dist-info) by extensions ['ignore', 'ignore_ament_install']
[0.478s] Level 1:colcon.colcon_core.package_identification:_identify(gym_env/lib/python3.12/site-packages/idna-3.13.dist-info) by extension 'ignore'
[0.478s] Level 1:colcon.colcon_core.package_identification:_identify(gym_env/lib/python3.12/site-packages/idna-3.13.dist-info) by extension 'ignore_ament_install'
[0.479s] Level 1:colcon.colcon_core.package_identification:_identify(gym_env/lib/python3.12/site-packages/idna-3.13.dist-info) by extensions ['colcon_pkg']
[0.479s] Level 1:colcon.colcon_core.package_identification:_identify(gym_env/lib/python3.12/site-packages/idna-3.13.dist-info) by extension 'colcon_pkg'
[0.479s] Level 1:colcon.colcon_core.package_identification:_identify(gym_env/lib/python3.12/site-packages/idna-3.13.dist-info) by extensions ['colcon_meta']
[0.479s] Level 1:colcon.colcon_core.package_identification:_identify(gym_env/lib/python3.12/site-packages/idna-3.13.dist-info) by extension 'colcon_meta'
[0.479s] Level 1:colcon.colcon_core.package_identification:_identify(gym_env/lib/python3.12/site-packages/idna-3.13.dist-info) by extensions ['ros']
[0.479s] Level 1:colcon.colcon_core.package_identification:_identify(gym_env/lib/python3.12/site-packages/idna-3.13.dist-info) by extension 'ros'
[0.479s] Level 1:colcon.colcon_core.package_identification:_identify(gym_env/lib/python3.12/site-packages/idna-3.13.dist-info) by extensions ['cmake', 'python']
[0.479s] Level 1:colcon.colcon_core.package_identification:_identify(gym_env/lib/python3.12/site-packages/idna-3.13.dist-info) by extension 'cmake'
[0.479s] Level 1:colcon.colcon_core.package_identification:_identify(gym_env/lib/python3.12/site-packages/idna-3.13.dist-info) by extension 'python'
[0.479s] Level 1:colcon.colcon_core.package_identification:_identify(gym_env/lib/python3.12/site-packages/idna-3.13.dist-info) by extensions ['python_setup_py']
[0.479s] Level 1:colcon.colcon_core.package_identification:_identify(gym_env/lib/python3.12/site-packages/idna-3.13.dist-info) by extension 'python_setup_py'
[0.480s] Level 1:colcon.colcon_core.package_identification:_identify(gym_env/lib/python3.12/site-packages/idna-3.13.dist-info/licenses) by extensions ['ignore', 'ignore_ament_install']
[0.480s] Level 1:colcon.colcon_core.package_identification:_identify(gym_env/lib/python3.12/site-packages/idna-3.13.dist-info/licenses) by extension 'ignore'
[0.480s] Level 1:colcon.colcon_core.package_identification:_identify(gym_env/lib/python3.12/site-packages/idna-3.13.dist-info/licenses) by extension 'ignore_ament_install'
[0.480s] Level 1:colcon.colcon_core.package_identification:_identify(gym_env/lib/python3.12/site-packages/idna-3.13.dist-info/licenses) by extensions ['colcon_pkg']
[0.480s] Level 1:colcon.colcon_core.package_identification:_identify(gym_env/lib/python3.12/site-packages/idna-3.13.dist-info/licenses) by extension 'colcon_pkg'
[0.480s] Level 1:colcon.colcon_core.package_identification:_identify(gym_env/lib/python3.12/site-packages/idna-3.13.dist-info/licenses) by extensions ['colcon_meta']
[0.480s] Level 1:colcon.colcon_core.package_identification:_identify(gym_env/lib/python3.12/site-packages/idna-3.13.dist-info/licenses) by extension 'colcon_meta'
[0.480s] Level 1:colcon.colcon_core.package_identification:_identify(gym_env/lib/python3.12/site-packages/idna-3.13.dist-info/licenses) by extensions ['ros']
[0.480s] Level 1:colcon.colcon_core.package_identification:_identify(gym_env/lib/python3.12/site-packages/idna-3.13.dist-info/licenses) by extension 'ros'
[0.481s] Level 1:colcon.colcon_core.package_identification:_identify(gym_env/lib/python3.12/site-packages/idna-3.13.dist-info/licenses) by extensions ['cmake', 'python']
[0.481s] Level 1:colcon.colcon_core.package_identification:_identify(gym_env/lib/python3.12/site-packages/idna-3.13.dist-info/licenses) by extension 'cmake'
[0.481s] Level 1:colcon.colcon_core.package_identification:_identify(gym_env/lib/python3.12/site-packages/idna-3.13.dist-info/licenses) by extension 'python'
[0.481s] Level 1:colcon.colcon_core.package_identification:_identify(gym_env/lib/python3.12/site-packages/idna-3.13.dist-info/licenses) by extensions ['python_setup_py']
[0.481s] Level 1:colcon.colcon_core.package_identification:_identify(gym_env/lib/python3.12/site-packages/idna-3.13.dist-info/licenses) by extension 'python_setup_py'
[0.481s] Level 1:colcon.colcon_core.package_identification:_identify(gym_env/lib/python3.12/site-packages/pip) by extensions ['ignore', 'ignore_ament_install']
[0.481s] Level 1:colcon.colcon_core.package_identification:_identify(gym_env/lib/python3.12/site-packages/pip) by extension 'ignore'
[0.481s] Level 1:colcon.colcon_core.package_identification:_identify(gym_env/lib/python3.12/site-packages/pip) by extension 'ignore_ament_install'
[0.482s] Level 1:colcon.colcon_core.package_identification:_identify(gym_env/lib/python3.12/site-packages/pip) by extensions ['colcon_pkg']
[0.482s] Level 1:colcon.colcon_core.package_identification:_identify(gym_env/lib/python3.12/site-packages/pip) by extension 'colcon_pkg'
[0.482s] Level 1:colcon.colcon_core.package_identification:_identify(gym_env/lib/python3.12/site-packages/pip) by extensions ['colcon_meta']
[0.482s] Level 1:colcon.colcon_core.package_identification:_identify(gym_env/lib/python3.12/site-packages/pip) by extension 'colcon_meta'
[0.482s] Level 1:colcon.colcon_core.package_identification:_identify(gym_env/lib/python3.12/site-packages/pip) by extensions ['ros']
[0.482s] Level 1:colcon.colcon_core.package_identification:_identify(gym_env/lib/python3.12/site-packages/pip) by extension 'ros'
[0.482s] Level 1:colcon.colcon_core.package_identification:_identify(gym_env/lib/python3.12/site-packages/pip) by extensions ['cmake', 'python']
[0.482s] Level 1:colcon.colcon_core.package_identification:_identify(gym_env/lib/python3.12/site-packages/pip) by extension 'cmake'
[0.482s] Level 1:colcon.colcon_core.package_identification:_identify(gym_env/lib/python3.12/site-packages/pip) by extension 'python'
[0.482s] Level 1:colcon.colcon_core.package_identification:_identify(gym_env/lib/python3.12/site-packages/pip) by extensions ['python_setup_py']
[0.482s] Level 1:colcon.colcon_core.package_identification:_identify(gym_env/lib/python3.12/site-packages/pip) by extension 'python_setup_py'
[0.482s] Level 1:colcon.colcon_core.package_identification:_identify(gym_env/lib/python3.12/site-packages/pip/__pycache__) by extensions ['ignore', 'ignore_ament_install']
[0.483s] Level 1:colcon.colcon_core.package_identification:_identify(gym_env/lib/python3.12/site-packages/pip/__pycache__) by extension 'ignore'
[0.483s] Level 1:colcon.colcon_core.package_identification:_identify(gym_env/lib/python3.12/site-packages/pip/__pycache__) by extension 'ignore_ament_install'
[0.483s] Level 1:colcon.colcon_core.package_identification:_identify(gym_env/lib/python3.12/site-packages/pip/__pycache__) by extensions ['colcon_pkg']
[0.483s] Level 1:colcon.colcon_core.package_identification:_identify(gym_env/lib/python3.12/site-packages/pip/__pycache__) by extension 'colcon_pkg'
[0.483s] Level 1:colcon.colcon_core.package_identification:_identify(gym_env/lib/python3.12/site-packages/pip/__pycache__) by extensions ['colcon_meta']
[0.483s] Level 1:colcon.colcon_core.package_identification:_identify(gym_env/lib/python3.12/site-packages/pip/__pycache__) by extension 'colcon_meta'
[0.483s] Level 1:colcon.colcon_core.package_identification:_identify(gym_env/lib/python3.12/site-packages/pip/__pycache__) by extensions ['ros']
[0.483s] Level 1:colcon.colcon_core.package_identification:_identify(gym_env/lib/python3.12/site-packages/pip/__pycache__) by extension 'ros'
[0.484s] Level 1:colcon.colcon_core.package_identification:_identify(gym_env/lib/python3.12/site-packages/pip/__pycache__) by extensions ['cmake', 'python']
[0.484s] Level 1:colcon.colcon_core.package_identification:_identify(gym_env/lib/python3.12/site-packages/pip/__pycache__) by extension 'cmake'
[0.484s] Level 1:colcon.colcon_core.package_identification:_identify(gym_env/lib/python3.12/site-packages/pip/__pycache__) by extension 'python'
[0.484s] Level 1:colcon.colcon_core.package_identification:_identify(gym_env/lib/python3.12/site-packages/pip/__pycache__) by extensions ['python_setup_py']
[0.484s] Level 1:colcon.colcon_core.package_identification:_identify(gym_env/lib/python3.12/site-packages/pip/__pycache__) by extension 'python_setup_py'
[0.484s] Level 1:colcon.colcon_core.package_identification:_identify(gym_env/lib/python3.12/site-packages/pip/_internal) by extensions ['ignore', 'ignore_ament_install']
[0.485s] Level 1:colcon.colcon_core.package_identification:_identify(gym_env/lib/python3.12/site-packages/pip/_internal) by extension 'ignore'
[0.485s] Level 1:colcon.colcon_core.package_identification:_identify(gym_env/lib/python3.12/site-packages/pip/_internal) by extension 'ignore_ament_install'
[0.485s] Level 1:colcon.colcon_core.package_identification:_identify(gym_env/lib/python3.12/site-packages/pip/_internal) by extensions ['colcon_pkg']
[0.485s] Level 1:colcon.colcon_core.package_identification:_identify(gym_env/lib/python3.12/site-packages/pip/_internal) by extension 'colcon_pkg'
[0.486s] Level 1:colcon.colcon_core.package_identification:_identify(gym_env/lib/python3.12/site-packages/pip/_internal) by extensions ['colcon_meta']
[0.486s] Level 1:colcon.colcon_core.package_identification:_identify(gym_env/lib/python3.12/site-packages/pip/_internal) by extension 'colcon_meta'
[0.486s] Level 1:colcon.colcon_core.package_identification:_identify(gym_env/lib/python3.12/site-packages/pip/_internal) by extensions ['ros']
[0.486s] Level 1:colcon.colcon_core.package_identification:_identify(gym_env/lib/python3.12/site-packages/pip/_internal) by extension 'ros'
[0.486s] Level 1:colcon.colcon_core.package_identification:_identify(gym_env/lib/python3.12/site-packages/pip/_internal) by extensions ['cmake', 'python']
[0.486s] Level 1:colcon.colcon_core.package_identification:_identify(gym_env/lib/python3.12/site-packages/pip/_internal) by extension 'cmake'
[0.486s] Level 1:colcon.colcon_core.package_identification:_identify(gym_env/lib/python3.12/site-packages/pip/_internal) by extension 'python'
[0.487s] Level 1:colcon.colcon_core.package_identification:_identify(gym_env/lib/python3.12/site-packages/pip/_internal) by extensions ['python_setup_py']
[0.487s] Level 1:colcon.colcon_core.package_identification:_identify(gym_env/lib/python3.12/site-packages/pip/_internal) by extension 'python_setup_py'
[0.487s] Level 1:colcon.colcon_core.package_identification:_identify(gym_env/lib/python3.12/site-packages/pip/_internal/__pycache__) by extensions ['ignore', 'ignore_ament_install']
[0.487s] Level 1:colcon.colcon_core.package_identification:_identify(gym_env/lib/python3.12/site-packages/pip/_internal/__pycache__) by extension 'ignore'
[0.487s] Level 1:colcon.colcon_core.package_identification:_identify(gym_env/lib/python3.12/site-packages/pip/_internal/__pycache__) by extension 'ignore_ament_install'
[0.488s] Level 1:colcon.colcon_core.package_identification:_identify(gym_env/lib/python3.12/site-packages/pip/_internal/__pycache__) by extensions ['colcon_pkg']
[0.488s] Level 1:colcon.colcon_core.package_identification:_identify(gym_env/lib/python3.12/site-packages/pip/_internal/__pycache__) by extension 'colcon_pkg'
[0.488s] Level 1:colcon.colcon_core.package_identification:_identify(gym_env/lib/python3.12/site-packages/pip/_internal/__pycache__) by extensions ['colcon_meta']
[0.488s] Level 1:colcon.colcon_core.package_identification:_identify(gym_env/lib/python3.12/site-packages/pip/_internal/__pycache__) by extension 'colcon_meta'
[0.488s] Level 1:colcon.colcon_core.package_identification:_identify(gym_env/lib/python3.12/site-packages/pip/_internal/__pycache__) by extensions ['ros']
[0.488s] Level 1:colcon.colcon_core.package_identification:_identify(gym_env/lib/python3.12/site-packages/pip/_internal/__pycache__) by extension 'ros'
[0.489s] Level 1:colcon.colcon_core.package_identification:_identify(gym_env/lib/python3.12/site-packages/pip/_internal/__pycache__) by extensions ['cmake', 'python']
[0.489s] Level 1:colcon.colcon_core.package_identification:_identify(gym_env/lib/python3.12/site-packages/pip/_internal/__pycache__) by extension 'cmake'
[0.489s] Level 1:colcon.colcon_core.package_identification:_identify(gym_env/lib/python3.12/site-packages/pip/_internal/__pycache__) by extension 'python'
[0.489s] Level 1:colcon.colcon_core.package_identification:_identify(gym_env/lib/python3.12/site-packages/pip/_internal/__pycache__) by extensions ['python_setup_py']
[0.489s] Level 1:colcon.colcon_core.package_identification:_identify(gym_env/lib/python3.12/site-packages/pip/_internal/__pycache__) by extension 'python_setup_py'
[0.490s] Level 1:colcon.colcon_core.package_identification:_identify(gym_env/lib/python3.12/site-packages/pip/_internal/cli) by extensions ['ignore', 'ignore_ament_install']
[0.490s] Level 1:colcon.colcon_core.package_identification:_identify(gym_env/lib/python3.12/site-packages/pip/_internal/cli) by extension 'ignore'
[0.490s] Level 1:colcon.colcon_core.package_identification:_identify(gym_env/lib/python3.12/site-packages/pip/_internal/cli) by extension 'ignore_ament_install'
[0.490s] Level 1:colcon.colcon_core.package_identification:_identify(gym_env/lib/python3.12/site-packages/pip/_internal/cli) by extensions ['colcon_pkg']
[0.490s] Level 1:colcon.colcon_core.package_identification:_identify(gym_env/lib/python3.12/site-packages/pip/_internal/cli) by extension 'colcon_pkg'
[0.490s] Level 1:colcon.colcon_core.package_identification:_identify(gym_env/lib/python3.12/site-packages/pip/_internal/cli) by extensions ['colcon_meta']
[0.490s] Level 1:colcon.colcon_core.package_identification:_identify(gym_env/lib/python3.12/site-packages/pip/_internal/cli) by extension 'colcon_meta'
[0.490s] Level 1:colcon.colcon_core.package_identification:_identify(gym_env/lib/python3.12/site-packages/pip/_internal/cli) by extensions ['ros']
[0.490s] Level 1:colcon.colcon_core.package_identification:_identify(gym_env/lib/python3.12/site-packages/pip/_internal/cli) by extension 'ros'
[0.491s] Level 1:colcon.colcon_core.package_identification:_identify(gym_env/lib/python3.12/site-packages/pip/_internal/cli) by extensions ['cmake', 'python']
[0.491s] Level 1:colcon.colcon_core.package_identification:_identify(gym_env/lib/python3.12/site-packages/pip/_internal/cli) by extension 'cmake'
[0.491s] Level 1:colcon.colcon_core.package_identification:_identify(gym_env/lib/python3.12/site-packages/pip/_internal/cli) by extension 'python'
[0.491s] Level 1:colcon.colcon_core.package_identification:_identify(gym_env/lib/python3.12/site-packages/pip/_internal/cli) by extensions ['python_setup_py']
[0.491s] Level 1:colcon.colcon_core.package_identification:_identify(gym_env/lib/python3.12/site-packages/pip/_internal/cli) by extension 'python_setup_py'
[0.491s] Level 1:colcon.colcon_core.package_identification:_identify(gym_env/lib/python3.12/site-packages/pip/_internal/cli/__pycache__) by extensions ['ignore', 'ignore_ament_install']
[0.491s] Level 1:colcon.colcon_core.package_identification:_identify(gym_env/lib/python3.12/site-packages/pip/_internal/cli/__pycache__) by extension 'ignore'
[0.491s] Level 1:colcon.colcon_core.package_identification:_identify(gym_env/lib/python3.12/site-packages/pip/_internal/cli/__pycache__) by extension 'ignore_ament_install'
[0.492s] Level 1:colcon.colcon_core.package_identification:_identify(gym_env/lib/python3.12/site-packages/pip/_internal/cli/__pycache__) by extensions ['colcon_pkg']
[0.492s] Level 1:colcon.colcon_core.package_identification:_identify(gym_env/lib/python3.12/site-packages/pip/_internal/cli/__pycache__) by extension 'colcon_pkg'
[0.492s] Level 1:colcon.colcon_core.package_identification:_identify(gym_env/lib/python3.12/site-packages/pip/_internal/cli/__pycache__) by extensions ['colcon_meta']
[0.492s] Level 1:colcon.colcon_core.package_identification:_identify(gym_env/lib/python3.12/site-packages/pip/_internal/cli/__pycache__) by extension 'colcon_meta'
[0.492s] Level 1:colcon.colcon_core.package_identification:_identify(gym_env/lib/python3.12/site-packages/pip/_internal/cli/__pycache__) by extensions ['ros']
[0.492s] Level 1:colcon.colcon_core.package_identification:_identify(gym_env/lib/python3.12/site-packages/pip/_internal/cli/__pycache__) by extension 'ros'
[0.492s] Level 1:colcon.colcon_core.package_identification:_identify(gym_env/lib/python3.12/site-packages/pip/_internal/cli/__pycache__) by extensions ['cmake', 'python']
[0.492s] Level 1:colcon.colcon_core.package_identification:_identify(gym_env/lib/python3.12/site-packages/pip/_internal/cli/__pycache__) by extension 'cmake'
[0.492s] Level 1:colcon.colcon_core.package_identification:_identify(gym_env/lib/python3.12/site-packages/pip/_internal/cli/__pycache__) by extension 'python'
[0.492s] Level 1:colcon.colcon_core.package_identification:_identify(gym_env/lib/python3.12/site-packages/pip/_internal/cli/__pycache__) by extensions ['python_setup_py']
[0.492s] Level 1:colcon.colcon_core.package_identification:_identify(gym_env/lib/python3.12/site-packages/pip/_internal/cli/__pycache__) by extension 'python_setup_py'
[0.493s] Level 1:colcon.colcon_core.package_identification:_identify(gym_env/lib/python3.12/site-packages/pip/_internal/commands) by extensions ['ignore', 'ignore_ament_install']
[0.493s] Level 1:colcon.colcon_core.package_identification:_identify(gym_env/lib/python3.12/site-packages/pip/_internal/commands) by extension 'ignore'
[0.493s] Level 1:colcon.colcon_core.package_identification:_identify(gym_env/lib/python3.12/site-packages/pip/_internal/commands) by extension 'ignore_ament_install'
[0.493s] Level 1:colcon.colcon_core.package_identification:_identify(gym_env/lib/python3.12/site-packages/pip/_internal/commands) by extensions ['colcon_pkg']
[0.493s] Level 1:colcon.colcon_core.package_identification:_identify(gym_env/lib/python3.12/site-packages/pip/_internal/commands) by extension 'colcon_pkg'
[0.493s] Level 1:colcon.colcon_core.package_identification:_identify(gym_env/lib/python3.12/site-packages/pip/_internal/commands) by extensions ['colcon_meta']
[0.493s] Level 1:colcon.colcon_core.package_identification:_identify(gym_env/lib/python3.12/site-packages/pip/_internal/commands) by extension 'colcon_meta'
[0.493s] Level 1:colcon.colcon_core.package_identification:_identify(gym_env/lib/python3.12/site-packages/pip/_internal/commands) by extensions ['ros']
[0.494s] Level 1:colcon.colcon_core.package_identification:_identify(gym_env/lib/python3.12/site-packages/pip/_internal/commands) by extension 'ros'
[0.494s] Level 1:colcon.colcon_core.package_identification:_identify(gym_env/lib/python3.12/site-packages/pip/_internal/commands) by extensions ['cmake', 'python']
[0.494s] Level 1:colcon.colcon_core.package_identification:_identify(gym_env/lib/python3.12/site-packages/pip/_internal/commands) by extension 'cmake'
[0.494s] Level 1:colcon.colcon_core.package_identification:_identify(gym_env/lib/python3.12/site-packages/pip/_internal/commands) by extension 'python'
[0.494s] Level 1:colcon.colcon_core.package_identification:_identify(gym_env/lib/python3.12/site-packages/pip/_internal/commands) by extensions ['python_setup_py']
[0.494s] Level 1:colcon.colcon_core.package_identification:_identify(gym_env/lib/python3.12/site-packages/pip/_internal/commands) by extension 'python_setup_py'
[0.494s] Level 1:colcon.colcon_core.package_identification:_identify(gym_env/lib/python3.12/site-packages/pip/_internal/commands/__pycache__) by extensions ['ignore', 'ignore_ament_install']
[0.494s] Level 1:colcon.colcon_core.package_identification:_identify(gym_env/lib/python3.12/site-packages/pip/_internal/commands/__pycache__) by extension 'ignore'
[0.495s] Level 1:colcon.colcon_core.package_identification:_identify(gym_env/lib/python3.12/site-packages/pip/_internal/commands/__pycache__) by extension 'ignore_ament_install'
[0.495s] Level 1:colcon.colcon_core.package_identification:_identify(gym_env/lib/python3.12/site-packages/pip/_internal/commands/__pycache__) by extensions ['colcon_pkg']
[0.495s] Level 1:colcon.colcon_core.package_identification:_identify(gym_env/lib/python3.12/site-packages/pip/_internal/commands/__pycache__) by extension 'colcon_pkg'
[0.495s] Level 1:colcon.colcon_core.package_identification:_identify(gym_env/lib/python3.12/site-packages/pip/_internal/commands/__pycache__) by extensions ['colcon_meta']
[0.495s] Level 1:colcon.colcon_core.package_identification:_identify(gym_env/lib/python3.12/site-packages/pip/_internal/commands/__pycache__) by extension 'colcon_meta'
[0.495s] Level 1:colcon.colcon_core.package_identification:_identify(gym_env/lib/python3.12/site-packages/pip/_internal/commands/__pycache__) by extensions ['ros']
[0.495s] Level 1:colcon.colcon_core.package_identification:_identify(gym_env/lib/python3.12/site-packages/pip/_internal/commands/__pycache__) by extension 'ros'
[0.495s] Level 1:colcon.colcon_core.package_identification:_identify(gym_env/lib/python3.12/site-packages/pip/_internal/commands/__pycache__) by extensions ['cmake', 'python']
[0.495s] Level 1:colcon.colcon_core.package_identification:_identify(gym_env/lib/python3.12/site-packages/pip/_internal/commands/__pycache__) by extension 'cmake'
[0.495s] Level 1:colcon.colcon_core.package_identification:_identify(gym_env/lib/python3.12/site-packages/pip/_internal/commands/__pycache__) by extension 'python'
[0.495s] Level 1:colcon.colcon_core.package_identification:_identify(gym_env/lib/python3.12/site-packages/pip/_internal/commands/__pycache__) by extensions ['python_setup_py']
[0.496s] Level 1:colcon.colcon_core.package_identification:_identify(gym_env/lib/python3.12/site-packages/pip/_internal/commands/__pycache__) by extension 'python_setup_py'
[0.496s] Level 1:colcon.colcon_core.package_identification:_identify(gym_env/lib/python3.12/site-packages/pip/_internal/distributions) by extensions ['ignore', 'ignore_ament_install']
[0.496s] Level 1:colcon.colcon_core.package_identification:_identify(gym_env/lib/python3.12/site-packages/pip/_internal/distributions) by extension 'ignore'
[0.496s] Level 1:colcon.colcon_core.package_identification:_identify(gym_env/lib/python3.12/site-packages/pip/_internal/distributions) by extension 'ignore_ament_install'
[0.496s] Level 1:colcon.colcon_core.package_identification:_identify(gym_env/lib/python3.12/site-packages/pip/_internal/distributions) by extensions ['colcon_pkg']
[0.496s] Level 1:colcon.colcon_core.package_identification:_identify(gym_env/lib/python3.12/site-packages/pip/_internal/distributions) by extension 'colcon_pkg'
[0.496s] Level 1:colcon.colcon_core.package_identification:_identify(gym_env/lib/python3.12/site-packages/pip/_internal/distributions) by extensions ['colcon_meta']
[0.496s] Level 1:colcon.colcon_core.package_identification:_identify(gym_env/lib/python3.12/site-packages/pip/_internal/distributions) by extension 'colcon_meta'
[0.496s] Level 1:colcon.colcon_core.package_identification:_identify(gym_env/lib/python3.12/site-packages/pip/_internal/distributions) by extensions ['ros']
[0.497s] Level 1:colcon.colcon_core.package_identification:_identify(gym_env/lib/python3.12/site-packages/pip/_internal/distributions) by extension 'ros'
[0.497s] Level 1:colcon.colcon_core.package_identification:_identify(gym_env/lib/python3.12/site-packages/pip/_internal/distributions) by extensions ['cmake', 'python']
[0.497s] Level 1:colcon.colcon_core.package_identification:_identify(gym_env/lib/python3.12/site-packages/pip/_internal/distributions) by extension 'cmake'
[0.497s] Level 1:colcon.colcon_core.package_identification:_identify(gym_env/lib/python3.12/site-packages/pip/_internal/distributions) by extension 'python'
[0.497s] Level 1:colcon.colcon_core.package_identification:_identify(gym_env/lib/python3.12/site-packages/pip/_internal/distributions) by extensions ['python_setup_py']
[0.497s] Level 1:colcon.colcon_core.package_identification:_identify(gym_env/lib/python3.12/site-packages/pip/_internal/distributions) by extension 'python_setup_py'
[0.497s] Level 1:colcon.colcon_core.package_identification:_identify(gym_env/lib/python3.12/site-packages/pip/_internal/distributions/__pycache__) by extensions ['ignore', 'ignore_ament_install']
[0.498s] Level 1:colcon.colcon_core.package_identification:_identify(gym_env/lib/python3.12/site-packages/pip/_internal/distributions/__pycache__) by extension 'ignore'
[0.498s] Level 1:colcon.colcon_core.package_identification:_identify(gym_env/lib/python3.12/site-packages/pip/_internal/distributions/__pycache__) by extension 'ignore_ament_install'
[0.498s] Level 1:colcon.colcon_core.package_identification:_identify(gym_env/lib/python3.12/site-packages/pip/_internal/distributions/__pycache__) by extensions ['colcon_pkg']
[0.498s] Level 1:colcon.colcon_core.package_identification:_identify(gym_env/lib/python3.12/site-packages/pip/_internal/distributions/__pycache__) by extension 'colcon_pkg'
[0.498s] Level 1:colcon.colcon_core.package_identification:_identify(gym_env/lib/python3.12/site-packages/pip/_internal/distributions/__pycache__) by extensions ['colcon_meta']
[0.498s] Level 1:colcon.colcon_core.package_identification:_identify(gym_env/lib/python3.12/site-packages/pip/_internal/distributions/__pycache__) by extension 'colcon_meta'
[0.498s] Level 1:colcon.colcon_core.package_identification:_identify(gym_env/lib/python3.12/site-packages/pip/_internal/distributions/__pycache__) by extensions ['ros']
[0.498s] Level 1:colcon.colcon_core.package_identification:_identify(gym_env/lib/python3.12/site-packages/pip/_internal/distributions/__pycache__) by extension 'ros'
[0.498s] Level 1:colcon.colcon_core.package_identification:_identify(gym_env/lib/python3.12/site-packages/pip/_internal/distributions/__pycache__) by extensions ['cmake', 'python']
[0.498s] Level 1:colcon.colcon_core.package_identification:_identify(gym_env/lib/python3.12/site-packages/pip/_internal/distributions/__pycache__) by extension 'cmake'
[0.499s] Level 1:colcon.colcon_core.package_identification:_identify(gym_env/lib/python3.12/site-packages/pip/_internal/distributions/__pycache__) by extension 'python'
[0.499s] Level 1:colcon.colcon_core.package_identification:_identify(gym_env/lib/python3.12/site-packages/pip/_internal/distributions/__pycache__) by extensions ['python_setup_py']
[0.499s] Level 1:colcon.colcon_core.package_identification:_identify(gym_env/lib/python3.12/site-packages/pip/_internal/distributions/__pycache__) by extension 'python_setup_py'
[0.499s] Level 1:colcon.colcon_core.package_identification:_identify(gym_env/lib/python3.12/site-packages/pip/_internal/index) by extensions ['ignore', 'ignore_ament_install']
[0.499s] Level 1:colcon.colcon_core.package_identification:_identify(gym_env/lib/python3.12/site-packages/pip/_internal/index) by extension 'ignore'
[0.499s] Level 1:colcon.colcon_core.package_identification:_identify(gym_env/lib/python3.12/site-packages/pip/_internal/index) by extension 'ignore_ament_install'
[0.499s] Level 1:colcon.colcon_core.package_identification:_identify(gym_env/lib/python3.12/site-packages/pip/_internal/index) by extensions ['colcon_pkg']
[0.499s] Level 1:colcon.colcon_core.package_identification:_identify(gym_env/lib/python3.12/site-packages/pip/_internal/index) by extension 'colcon_pkg'
[0.499s] Level 1:colcon.colcon_core.package_identification:_identify(gym_env/lib/python3.12/site-packages/pip/_internal/index) by extensions ['colcon_meta']
[0.499s] Level 1:colcon.colcon_core.package_identification:_identify(gym_env/lib/python3.12/site-packages/pip/_internal/index) by extension 'colcon_meta'
[0.500s] Level 1:colcon.colcon_core.package_identification:_identify(gym_env/lib/python3.12/site-packages/pip/_internal/index) by extensions ['ros']
[0.500s] Level 1:colcon.colcon_core.package_identification:_identify(gym_env/lib/python3.12/site-packages/pip/_internal/index) by extension 'ros'
[0.500s] Level 1:colcon.colcon_core.package_identification:_identify(gym_env/lib/python3.12/site-packages/pip/_internal/index) by extensions ['cmake', 'python']
[0.500s] Level 1:colcon.colcon_core.package_identification:_identify(gym_env/lib/python3.12/site-packages/pip/_internal/index) by extension 'cmake'
[0.500s] Level 1:colcon.colcon_core.package_identification:_identify(gym_env/lib/python3.12/site-packages/pip/_internal/index) by extension 'python'
[0.500s] Level 1:colcon.colcon_core.package_identification:_identify(gym_env/lib/python3.12/site-packages/pip/_internal/index) by extensions ['python_setup_py']
[0.500s] Level 1:colcon.colcon_core.package_identification:_identify(gym_env/lib/python3.12/site-packages/pip/_internal/index) by extension 'python_setup_py'
[0.500s] Level 1:colcon.colcon_core.package_identification:_identify(gym_env/lib/python3.12/site-packages/pip/_internal/index/__pycache__) by extensions ['ignore', 'ignore_ament_install']
[0.500s] Level 1:colcon.colcon_core.package_identification:_identify(gym_env/lib/python3.12/site-packages/pip/_internal/index/__pycache__) by extension 'ignore'
[0.501s] Level 1:colcon.colcon_core.package_identification:_identify(gym_env/lib/python3.12/site-packages/pip/_internal/index/__pycache__) by extension 'ignore_ament_install'
[0.501s] Level 1:colcon.colcon_core.package_identification:_identify(gym_env/lib/python3.12/site-packages/pip/_internal/index/__pycache__) by extensions ['colcon_pkg']
[0.501s] Level 1:colcon.colcon_core.package_identification:_identify(gym_env/lib/python3.12/site-packages/pip/_internal/index/__pycache__) by extension 'colcon_pkg'
[0.501s] Level 1:colcon.colcon_core.package_identification:_identify(gym_env/lib/python3.12/site-packages/pip/_internal/index/__pycache__) by extensions ['colcon_meta']
[0.501s] Level 1:colcon.colcon_core.package_identification:_identify(gym_env/lib/python3.12/site-packages/pip/_internal/index/__pycache__) by extension 'colcon_meta'
[0.501s] Level 1:colcon.colcon_core.package_identification:_identify(gym_env/lib/python3.12/site-packages/pip/_internal/index/__pycache__) by extensions ['ros']
[0.501s] Level 1:colcon.colcon_core.package_identification:_identify(gym_env/lib/python3.12/site-packages/pip/_internal/index/__pycache__) by extension 'ros'
[0.501s] Level 1:colcon.colcon_core.package_identification:_identify(gym_env/lib/python3.12/site-packages/pip/_internal/index/__pycache__) by extensions ['cmake', 'python']
[0.501s] Level 1:colcon.colcon_core.package_identification:_identify(gym_env/lib/python3.12/site-packages/pip/_internal/index/__pycache__) by extension 'cmake'
[0.501s] Level 1:colcon.colcon_core.package_identification:_identify(gym_env/lib/python3.12/site-packages/pip/_internal/index/__pycache__) by extension 'python'
[0.501s] Level 1:colcon.colcon_core.package_identification:_identify(gym_env/lib/python3.12/site-packages/pip/_internal/index/__pycache__) by extensions ['python_setup_py']
[0.502s] Level 1:colcon.colcon_core.package_identification:_identify(gym_env/lib/python3.12/site-packages/pip/_internal/index/__pycache__) by extension 'python_setup_py'
[0.502s] Level 1:colcon.colcon_core.package_identification:_identify(gym_env/lib/python3.12/site-packages/pip/_internal/locations) by extensions ['ignore', 'ignore_ament_install']
[0.502s] Level 1:colcon.colcon_core.package_identification:_identify(gym_env/lib/python3.12/site-packages/pip/_internal/locations) by extension 'ignore'
[0.502s] Level 1:colcon.colcon_core.package_identification:_identify(gym_env/lib/python3.12/site-packages/pip/_internal/locations) by extension 'ignore_ament_install'
[0.502s] Level 1:colcon.colcon_core.package_identification:_identify(gym_env/lib/python3.12/site-packages/pip/_internal/locations) by extensions ['colcon_pkg']
[0.502s] Level 1:colcon.colcon_core.package_identification:_identify(gym_env/lib/python3.12/site-packages/pip/_internal/locations) by extension 'colcon_pkg'
[0.502s] Level 1:colcon.colcon_core.package_identification:_identify(gym_env/lib/python3.12/site-packages/pip/_internal/locations) by extensions ['colcon_meta']
[0.502s] Level 1:colcon.colcon_core.package_identification:_identify(gym_env/lib/python3.12/site-packages/pip/_internal/locations) by extension 'colcon_meta'
[0.502s] Level 1:colcon.colcon_core.package_identification:_identify(gym_env/lib/python3.12/site-packages/pip/_internal/locations) by extensions ['ros']
[0.503s] Level 1:colcon.colcon_core.package_identification:_identify(gym_env/lib/python3.12/site-packages/pip/_internal/locations) by extension 'ros'
[0.503s] Level 1:colcon.colcon_core.package_identification:_identify(gym_env/lib/python3.12/site-packages/pip/_internal/locations) by extensions ['cmake', 'python']
[0.503s] Level 1:colcon.colcon_core.package_identification:_identify(gym_env/lib/python3.12/site-packages/pip/_internal/locations) by extension 'cmake'
[0.503s] Level 1:colcon.colcon_core.package_identification:_identify(gym_env/lib/python3.12/site-packages/pip/_internal/locations) by extension 'python'
[0.503s] Level 1:colcon.colcon_core.package_identification:_identify(gym_env/lib/python3.12/site-packages/pip/_internal/locations) by extensions ['python_setup_py']
[0.503s] Level 1:colcon.colcon_core.package_identification:_identify(gym_env/lib/python3.12/site-packages/pip/_internal/locations) by extension 'python_setup_py'
[0.503s] Level 1:colcon.colcon_core.package_identification:_identify(gym_env/lib/python3.12/site-packages/pip/_internal/locations/__pycache__) by extensions ['ignore', 'ignore_ament_install']
[0.503s] Level 1:colcon.colcon_core.package_identification:_identify(gym_env/lib/python3.12/site-packages/pip/_internal/locations/__pycache__) by extension 'ignore'
[0.503s] Level 1:colcon.colcon_core.package_identification:_identify(gym_env/lib/python3.12/site-packages/pip/_internal/locations/__pycache__) by extension 'ignore_ament_install'
[0.504s] Level 1:colcon.colcon_core.package_identification:_identify(gym_env/lib/python3.12/site-packages/pip/_internal/locations/__pycache__) by extensions ['colcon_pkg']
[0.504s] Level 1:colcon.colcon_core.package_identification:_identify(gym_env/lib/python3.12/site-packages/pip/_internal/locations/__pycache__) by extension 'colcon_pkg'
[0.504s] Level 1:colcon.colcon_core.package_identification:_identify(gym_env/lib/python3.12/site-packages/pip/_internal/locations/__pycache__) by extensions ['colcon_meta']
[0.504s] Level 1:colcon.colcon_core.package_identification:_identify(gym_env/lib/python3.12/site-packages/pip/_internal/locations/__pycache__) by extension 'colcon_meta'
[0.504s] Level 1:colcon.colcon_core.package_identification:_identify(gym_env/lib/python3.12/site-packages/pip/_internal/locations/__pycache__) by extensions ['ros']
[0.504s] Level 1:colcon.colcon_core.package_identification:_identify(gym_env/lib/python3.12/site-packages/pip/_internal/locations/__pycache__) by extension 'ros'
[0.504s] Level 1:colcon.colcon_core.package_identification:_identify(gym_env/lib/python3.12/site-packages/pip/_internal/locations/__pycache__) by extensions ['cmake', 'python']
[0.504s] Level 1:colcon.colcon_core.package_identification:_identify(gym_env/lib/python3.12/site-packages/pip/_internal/locations/__pycache__) by extension 'cmake'
[0.504s] Level 1:colcon.colcon_core.package_identification:_identify(gym_env/lib/python3.12/site-packages/pip/_internal/locations/__pycache__) by extension 'python'
[0.504s] Level 1:colcon.colcon_core.package_identification:_identify(gym_env/lib/python3.12/site-packages/pip/_internal/locations/__pycache__) by extensions ['python_setup_py']
[0.504s] Level 1:colcon.colcon_core.package_identification:_identify(gym_env/lib/python3.12/site-packages/pip/_internal/locations/__pycache__) by extension 'python_setup_py'
[0.505s] Level 1:colcon.colcon_core.package_identification:_identify(gym_env/lib/python3.12/site-packages/pip/_internal/metadata) by extensions ['ignore', 'ignore_ament_install']
[0.505s] Level 1:colcon.colcon_core.package_identification:_identify(gym_env/lib/python3.12/site-packages/pip/_internal/metadata) by extension 'ignore'
[0.505s] Level 1:colcon.colcon_core.package_identification:_identify(gym_env/lib/python3.12/site-packages/pip/_internal/metadata) by extension 'ignore_ament_install'
[0.505s] Level 1:colcon.colcon_core.package_identification:_identify(gym_env/lib/python3.12/site-packages/pip/_internal/metadata) by extensions ['colcon_pkg']
[0.505s] Level 1:colcon.colcon_core.package_identification:_identify(gym_env/lib/python3.12/site-packages/pip/_internal/metadata) by extension 'colcon_pkg'
[0.505s] Level 1:colcon.colcon_core.package_identification:_identify(gym_env/lib/python3.12/site-packages/pip/_internal/metadata) by extensions ['colcon_meta']
[0.505s] Level 1:colcon.colcon_core.package_identification:_identify(gym_env/lib/python3.12/site-packages/pip/_internal/metadata) by extension 'colcon_meta'
[0.505s] Level 1:colcon.colcon_core.package_identification:_identify(gym_env/lib/python3.12/site-packages/pip/_internal/metadata) by extensions ['ros']
[0.505s] Level 1:colcon.colcon_core.package_identification:_identify(gym_env/lib/python3.12/site-packages/pip/_internal/metadata) by extension 'ros'
[0.506s] Level 1:colcon.colcon_core.package_identification:_identify(gym_env/lib/python3.12/site-packages/pip/_internal/metadata) by extensions ['cmake', 'python']
[0.506s] Level 1:colcon.colcon_core.package_identification:_identify(gym_env/lib/python3.12/site-packages/pip/_internal/metadata) by extension 'cmake'
[0.506s] Level 1:colcon.colcon_core.package_identification:_identify(gym_env/lib/python3.12/site-packages/pip/_internal/metadata) by extension 'python'
[0.506s] Level 1:colcon.colcon_core.package_identification:_identify(gym_env/lib/python3.12/site-packages/pip/_internal/metadata) by extensions ['python_setup_py']
[0.506s] Level 1:colcon.colcon_core.package_identification:_identify(gym_env/lib/python3.12/site-packages/pip/_internal/metadata) by extension 'python_setup_py'
[0.506s] Level 1:colcon.colcon_core.package_identification:_identify(gym_env/lib/python3.12/site-packages/pip/_internal/metadata/__pycache__) by extensions ['ignore', 'ignore_ament_install']
[0.506s] Level 1:colcon.colcon_core.package_identification:_identify(gym_env/lib/python3.12/site-packages/pip/_internal/metadata/__pycache__) by extension 'ignore'
[0.506s] Level 1:colcon.colcon_core.package_identification:_identify(gym_env/lib/python3.12/site-packages/pip/_internal/metadata/__pycache__) by extension 'ignore_ament_install'
[0.506s] Level 1:colcon.colcon_core.package_identification:_identify(gym_env/lib/python3.12/site-packages/pip/_internal/metadata/__pycache__) by extensions ['colcon_pkg']
[0.507s] Level 1:colcon.colcon_core.package_identification:_identify(gym_env/lib/python3.12/site-packages/pip/_internal/metadata/__pycache__) by extension 'colcon_pkg'
[0.507s] Level 1:colcon.colcon_core.package_identification:_identify(gym_env/lib/python3.12/site-packages/pip/_internal/metadata/__pycache__) by extensions ['colcon_meta']
[0.507s] Level 1:colcon.colcon_core.package_identification:_identify(gym_env/lib/python3.12/site-packages/pip/_internal/metadata/__pycache__) by extension 'colcon_meta'
[0.507s] Level 1:colcon.colcon_core.package_identification:_identify(gym_env/lib/python3.12/site-packages/pip/_internal/metadata/__pycache__) by extensions ['ros']
[0.507s] Level 1:colcon.colcon_core.package_identification:_identify(gym_env/lib/python3.12/site-packages/pip/_internal/metadata/__pycache__) by extension 'ros'
[0.507s] Level 1:colcon.colcon_core.package_identification:_identify(gym_env/lib/python3.12/site-packages/pip/_internal/metadata/__pycache__) by extensions ['cmake', 'python']
[0.507s] Level 1:colcon.colcon_core.package_identification:_identify(gym_env/lib/python3.12/site-packages/pip/_internal/metadata/__pycache__) by extension 'cmake'
[0.507s] Level 1:colcon.colcon_core.package_identification:_identify(gym_env/lib/python3.12/site-packages/pip/_internal/metadata/__pycache__) by extension 'python'
[0.507s] Level 1:colcon.colcon_core.package_identification:_identify(gym_env/lib/python3.12/site-packages/pip/_internal/metadata/__pycache__) by extensions ['python_setup_py']
[0.507s] Level 1:colcon.colcon_core.package_identification:_identify(gym_env/lib/python3.12/site-packages/pip/_internal/metadata/__pycache__) by extension 'python_setup_py'
[0.508s] Level 1:colcon.colcon_core.package_identification:_identify(gym_env/lib/python3.12/site-packages/pip/_internal/metadata/importlib) by extensions ['ignore', 'ignore_ament_install']
[0.508s] Level 1:colcon.colcon_core.package_identification:_identify(gym_env/lib/python3.12/site-packages/pip/_internal/metadata/importlib) by extension 'ignore'
[0.508s] Level 1:colcon.colcon_core.package_identification:_identify(gym_env/lib/python3.12/site-packages/pip/_internal/metadata/importlib) by extension 'ignore_ament_install'
[0.508s] Level 1:colcon.colcon_core.package_identification:_identify(gym_env/lib/python3.12/site-packages/pip/_internal/metadata/importlib) by extensions ['colcon_pkg']
[0.508s] Level 1:colcon.colcon_core.package_identification:_identify(gym_env/lib/python3.12/site-packages/pip/_internal/metadata/importlib) by extension 'colcon_pkg'
[0.508s] Level 1:colcon.colcon_core.package_identification:_identify(gym_env/lib/python3.12/site-packages/pip/_internal/metadata/importlib) by extensions ['colcon_meta']
[0.509s] Level 1:colcon.colcon_core.package_identification:_identify(gym_env/lib/python3.12/site-packages/pip/_internal/metadata/importlib) by extension 'colcon_meta'
[0.509s] Level 1:colcon.colcon_core.package_identification:_identify(gym_env/lib/python3.12/site-packages/pip/_internal/metadata/importlib) by extensions ['ros']
[0.509s] Level 1:colcon.colcon_core.package_identification:_identify(gym_env/lib/python3.12/site-packages/pip/_internal/metadata/importlib) by extension 'ros'
[0.509s] Level 1:colcon.colcon_core.package_identification:_identify(gym_env/lib/python3.12/site-packages/pip/_internal/metadata/importlib) by extensions ['cmake', 'python']
[0.509s] Level 1:colcon.colcon_core.package_identification:_identify(gym_env/lib/python3.12/site-packages/pip/_internal/metadata/importlib) by extension 'cmake'
[0.509s] Level 1:colcon.colcon_core.package_identification:_identify(gym_env/lib/python3.12/site-packages/pip/_internal/metadata/importlib) by extension 'python'
[0.509s] Level 1:colcon.colcon_core.package_identification:_identify(gym_env/lib/python3.12/site-packages/pip/_internal/metadata/importlib) by extensions ['python_setup_py']
[0.509s] Level 1:colcon.colcon_core.package_identification:_identify(gym_env/lib/python3.12/site-packages/pip/_internal/metadata/importlib) by extension 'python_setup_py'
[0.510s] Level 1:colcon.colcon_core.package_identification:_identify(gym_env/lib/python3.12/site-packages/pip/_internal/metadata/importlib/__pycache__) by extensions ['ignore', 'ignore_ament_install']
[0.510s] Level 1:colcon.colcon_core.package_identification:_identify(gym_env/lib/python3.12/site-packages/pip/_internal/metadata/importlib/__pycache__) by extension 'ignore'
[0.510s] Level 1:colcon.colcon_core.package_identification:_identify(gym_env/lib/python3.12/site-packages/pip/_internal/metadata/importlib/__pycache__) by extension 'ignore_ament_install'
[0.511s] Level 1:colcon.colcon_core.package_identification:_identify(gym_env/lib/python3.12/site-packages/pip/_internal/metadata/importlib/__pycache__) by extensions ['colcon_pkg']
[0.511s] Level 1:colcon.colcon_core.package_identification:_identify(gym_env/lib/python3.12/site-packages/pip/_internal/metadata/importlib/__pycache__) by extension 'colcon_pkg'
[0.511s] Level 1:colcon.colcon_core.package_identification:_identify(gym_env/lib/python3.12/site-packages/pip/_internal/metadata/importlib/__pycache__) by extensions ['colcon_meta']
[0.511s] Level 1:colcon.colcon_core.package_identification:_identify(gym_env/lib/python3.12/site-packages/pip/_internal/metadata/importlib/__pycache__) by extension 'colcon_meta'
[0.511s] Level 1:colcon.colcon_core.package_identification:_identify(gym_env/lib/python3.12/site-packages/pip/_internal/metadata/importlib/__pycache__) by extensions ['ros']
[0.511s] Level 1:colcon.colcon_core.package_identification:_identify(gym_env/lib/python3.12/site-packages/pip/_internal/metadata/importlib/__pycache__) by extension 'ros'
[0.512s] Level 1:colcon.colcon_core.package_identification:_identify(gym_env/lib/python3.12/site-packages/pip/_internal/metadata/importlib/__pycache__) by extensions ['cmake', 'python']
[0.512s] Level 1:colcon.colcon_core.package_identification:_identify(gym_env/lib/python3.12/site-packages/pip/_internal/metadata/importlib/__pycache__) by extension 'cmake'
[0.512s] Level 1:colcon.colcon_core.package_identification:_identify(gym_env/lib/python3.12/site-packages/pip/_internal/metadata/importlib/__pycache__) by extension 'python'
[0.512s] Level 1:colcon.colcon_core.package_identification:_identify(gym_env/lib/python3.12/site-packages/pip/_internal/metadata/importlib/__pycache__) by extensions ['python_setup_py']
[0.512s] Level 1:colcon.colcon_core.package_identification:_identify(gym_env/lib/python3.12/site-packages/pip/_internal/metadata/importlib/__pycache__) by extension 'python_setup_py'
[0.512s] Level 1:colcon.colcon_core.package_identification:_identify(gym_env/lib/python3.12/site-packages/pip/_internal/models) by extensions ['ignore', 'ignore_ament_install']
[0.512s] Level 1:colcon.colcon_core.package_identification:_identify(gym_env/lib/python3.12/site-packages/pip/_internal/models) by extension 'ignore'
[0.513s] Level 1:colcon.colcon_core.package_identification:_identify(gym_env/lib/python3.12/site-packages/pip/_internal/models) by extension 'ignore_ament_install'
[0.513s] Level 1:colcon.colcon_core.package_identification:_identify(gym_env/lib/python3.12/site-packages/pip/_internal/models) by extensions ['colcon_pkg']
[0.513s] Level 1:colcon.colcon_core.package_identification:_identify(gym_env/lib/python3.12/site-packages/pip/_internal/models) by extension 'colcon_pkg'
[0.513s] Level 1:colcon.colcon_core.package_identification:_identify(gym_env/lib/python3.12/site-packages/pip/_internal/models) by extensions ['colcon_meta']
[0.513s] Level 1:colcon.colcon_core.package_identification:_identify(gym_env/lib/python3.12/site-packages/pip/_internal/models) by extension 'colcon_meta'
[0.513s] Level 1:colcon.colcon_core.package_identification:_identify(gym_env/lib/python3.12/site-packages/pip/_internal/models) by extensions ['ros']
[0.513s] Level 1:colcon.colcon_core.package_identification:_identify(gym_env/lib/python3.12/site-packages/pip/_internal/models) by extension 'ros'
[0.513s] Level 1:colcon.colcon_core.package_identification:_identify(gym_env/lib/python3.12/site-packages/pip/_internal/models) by extensions ['cmake', 'python']
[0.513s] Level 1:colcon.colcon_core.package_identification:_identify(gym_env/lib/python3.12/site-packages/pip/_internal/models) by extension 'cmake'
[0.513s] Level 1:colcon.colcon_core.package_identification:_identify(gym_env/lib/python3.12/site-packages/pip/_internal/models) by extension 'python'
[0.514s] Level 1:colcon.colcon_core.package_identification:_identify(gym_env/lib/python3.12/site-packages/pip/_internal/models) by extensions ['python_setup_py']
[0.514s] Level 1:colcon.colcon_core.package_identification:_identify(gym_env/lib/python3.12/site-packages/pip/_internal/models) by extension 'python_setup_py'
[0.514s] Level 1:colcon.colcon_core.package_identification:_identify(gym_env/lib/python3.12/site-packages/pip/_internal/models/__pycache__) by extensions ['ignore', 'ignore_ament_install']
[0.514s] Level 1:colcon.colcon_core.package_identification:_identify(gym_env/lib/python3.12/site-packages/pip/_internal/models/__pycache__) by extension 'ignore'
[0.514s] Level 1:colcon.colcon_core.package_identification:_identify(gym_env/lib/python3.12/site-packages/pip/_internal/models/__pycache__) by extension 'ignore_ament_install'
[0.514s] Level 1:colcon.colcon_core.package_identification:_identify(gym_env/lib/python3.12/site-packages/pip/_internal/models/__pycache__) by extensions ['colcon_pkg']
[0.514s] Level 1:colcon.colcon_core.package_identification:_identify(gym_env/lib/python3.12/site-packages/pip/_internal/models/__pycache__) by extension 'colcon_pkg'
[0.514s] Level 1:colcon.colcon_core.package_identification:_identify(gym_env/lib/python3.12/site-packages/pip/_internal/models/__pycache__) by extensions ['colcon_meta']
[0.514s] Level 1:colcon.colcon_core.package_identification:_identify(gym_env/lib/python3.12/site-packages/pip/_internal/models/__pycache__) by extension 'colcon_meta'
[0.515s] Level 1:colcon.colcon_core.package_identification:_identify(gym_env/lib/python3.12/site-packages/pip/_internal/models/__pycache__) by extensions ['ros']
[0.515s] Level 1:colcon.colcon_core.package_identification:_identify(gym_env/lib/python3.12/site-packages/pip/_internal/models/__pycache__) by extension 'ros'
[0.515s] Level 1:colcon.colcon_core.package_identification:_identify(gym_env/lib/python3.12/site-packages/pip/_internal/models/__pycache__) by extensions ['cmake', 'python']
[0.515s] Level 1:colcon.colcon_core.package_identification:_identify(gym_env/lib/python3.12/site-packages/pip/_internal/models/__pycache__) by extension 'cmake'
[0.515s] Level 1:colcon.colcon_core.package_identification:_identify(gym_env/lib/python3.12/site-packages/pip/_internal/models/__pycache__) by extension 'python'
[0.515s] Level 1:colcon.colcon_core.package_identification:_identify(gym_env/lib/python3.12/site-packages/pip/_internal/models/__pycache__) by extensions ['python_setup_py']
[0.515s] Level 1:colcon.colcon_core.package_identification:_identify(gym_env/lib/python3.12/site-packages/pip/_internal/models/__pycache__) by extension 'python_setup_py'
[0.515s] Level 1:colcon.colcon_core.package_identification:_identify(gym_env/lib/python3.12/site-packages/pip/_internal/network) by extensions ['ignore', 'ignore_ament_install']
[0.516s] Level 1:colcon.colcon_core.package_identification:_identify(gym_env/lib/python3.12/site-packages/pip/_internal/network) by extension 'ignore'
[0.516s] Level 1:colcon.colcon_core.package_identification:_identify(gym_env/lib/python3.12/site-packages/pip/_internal/network) by extension 'ignore_ament_install'
[0.516s] Level 1:colcon.colcon_core.package_identification:_identify(gym_env/lib/python3.12/site-packages/pip/_internal/network) by extensions ['colcon_pkg']
[0.516s] Level 1:colcon.colcon_core.package_identification:_identify(gym_env/lib/python3.12/site-packages/pip/_internal/network) by extension 'colcon_pkg'
[0.516s] Level 1:colcon.colcon_core.package_identification:_identify(gym_env/lib/python3.12/site-packages/pip/_internal/network) by extensions ['colcon_meta']
[0.516s] Level 1:colcon.colcon_core.package_identification:_identify(gym_env/lib/python3.12/site-packages/pip/_internal/network) by extension 'colcon_meta'
[0.516s] Level 1:colcon.colcon_core.package_identification:_identify(gym_env/lib/python3.12/site-packages/pip/_internal/network) by extensions ['ros']
[0.516s] Level 1:colcon.colcon_core.package_identification:_identify(gym_env/lib/python3.12/site-packages/pip/_internal/network) by extension 'ros'
[0.516s] Level 1:colcon.colcon_core.package_identification:_identify(gym_env/lib/python3.12/site-packages/pip/_internal/network) by extensions ['cmake', 'python']
[0.516s] Level 1:colcon.colcon_core.package_identification:_identify(gym_env/lib/python3.12/site-packages/pip/_internal/network) by extension 'cmake'
[0.516s] Level 1:colcon.colcon_core.package_identification:_identify(gym_env/lib/python3.12/site-packages/pip/_internal/network) by extension 'python'
[0.517s] Level 1:colcon.colcon_core.package_identification:_identify(gym_env/lib/python3.12/site-packages/pip/_internal/network) by extensions ['python_setup_py']
[0.517s] Level 1:colcon.colcon_core.package_identification:_identify(gym_env/lib/python3.12/site-packages/pip/_internal/network) by extension 'python_setup_py'
[0.517s] Level 1:colcon.colcon_core.package_identification:_identify(gym_env/lib/python3.12/site-packages/pip/_internal/network/__pycache__) by extensions ['ignore', 'ignore_ament_install']
[0.517s] Level 1:colcon.colcon_core.package_identification:_identify(gym_env/lib/python3.12/site-packages/pip/_internal/network/__pycache__) by extension 'ignore'
[0.517s] Level 1:colcon.colcon_core.package_identification:_identify(gym_env/lib/python3.12/site-packages/pip/_internal/network/__pycache__) by extension 'ignore_ament_install'
[0.517s] Level 1:colcon.colcon_core.package_identification:_identify(gym_env/lib/python3.12/site-packages/pip/_internal/network/__pycache__) by extensions ['colcon_pkg']
[0.517s] Level 1:colcon.colcon_core.package_identification:_identify(gym_env/lib/python3.12/site-packages/pip/_internal/network/__pycache__) by extension 'colcon_pkg'
[0.517s] Level 1:colcon.colcon_core.package_identification:_identify(gym_env/lib/python3.12/site-packages/pip/_internal/network/__pycache__) by extensions ['colcon_meta']
[0.517s] Level 1:colcon.colcon_core.package_identification:_identify(gym_env/lib/python3.12/site-packages/pip/_internal/network/__pycache__) by extension 'colcon_meta'
[0.518s] Level 1:colcon.colcon_core.package_identification:_identify(gym_env/lib/python3.12/site-packages/pip/_internal/network/__pycache__) by extensions ['ros']
[0.518s] Level 1:colcon.colcon_core.package_identification:_identify(gym_env/lib/python3.12/site-packages/pip/_internal/network/__pycache__) by extension 'ros'
[0.518s] Level 1:colcon.colcon_core.package_identification:_identify(gym_env/lib/python3.12/site-packages/pip/_internal/network/__pycache__) by extensions ['cmake', 'python']
[0.518s] Level 1:colcon.colcon_core.package_identification:_identify(gym_env/lib/python3.12/site-packages/pip/_internal/network/__pycache__) by extension 'cmake'
[0.518s] Level 1:colcon.colcon_core.package_identification:_identify(gym_env/lib/python3.12/site-packages/pip/_internal/network/__pycache__) by extension 'python'
[0.518s] Level 1:colcon.colcon_core.package_identification:_identify(gym_env/lib/python3.12/site-packages/pip/_internal/network/__pycache__) by extensions ['python_setup_py']
[0.518s] Level 1:colcon.colcon_core.package_identification:_identify(gym_env/lib/python3.12/site-packages/pip/_internal/network/__pycache__) by extension 'python_setup_py'
[0.518s] Level 1:colcon.colcon_core.package_identification:_identify(gym_env/lib/python3.12/site-packages/pip/_internal/operations) by extensions ['ignore', 'ignore_ament_install']
[0.518s] Level 1:colcon.colcon_core.package_identification:_identify(gym_env/lib/python3.12/site-packages/pip/_internal/operations) by extension 'ignore'
[0.519s] Level 1:colcon.colcon_core.package_identification:_identify(gym_env/lib/python3.12/site-packages/pip/_internal/operations) by extension 'ignore_ament_install'
[0.519s] Level 1:colcon.colcon_core.package_identification:_identify(gym_env/lib/python3.12/site-packages/pip/_internal/operations) by extensions ['colcon_pkg']
[0.519s] Level 1:colcon.colcon_core.package_identification:_identify(gym_env/lib/python3.12/site-packages/pip/_internal/operations) by extension 'colcon_pkg'
[0.519s] Level 1:colcon.colcon_core.package_identification:_identify(gym_env/lib/python3.12/site-packages/pip/_internal/operations) by extensions ['colcon_meta']
[0.519s] Level 1:colcon.colcon_core.package_identification:_identify(gym_env/lib/python3.12/site-packages/pip/_internal/operations) by extension 'colcon_meta'
[0.519s] Level 1:colcon.colcon_core.package_identification:_identify(gym_env/lib/python3.12/site-packages/pip/_internal/operations) by extensions ['ros']
[0.519s] Level 1:colcon.colcon_core.package_identification:_identify(gym_env/lib/python3.12/site-packages/pip/_internal/operations) by extension 'ros'
[0.519s] Level 1:colcon.colcon_core.package_identification:_identify(gym_env/lib/python3.12/site-packages/pip/_internal/operations) by extensions ['cmake', 'python']
[0.519s] Level 1:colcon.colcon_core.package_identification:_identify(gym_env/lib/python3.12/site-packages/pip/_internal/operations) by extension 'cmake'
[0.520s] Level 1:colcon.colcon_core.package_identification:_identify(gym_env/lib/python3.12/site-packages/pip/_internal/operations) by extension 'python'
[0.520s] Level 1:colcon.colcon_core.package_identification:_identify(gym_env/lib/python3.12/site-packages/pip/_internal/operations) by extensions ['python_setup_py']
[0.520s] Level 1:colcon.colcon_core.package_identification:_identify(gym_env/lib/python3.12/site-packages/pip/_internal/operations) by extension 'python_setup_py'
[0.520s] Level 1:colcon.colcon_core.package_identification:_identify(gym_env/lib/python3.12/site-packages/pip/_internal/operations/__pycache__) by extensions ['ignore', 'ignore_ament_install']
[0.520s] Level 1:colcon.colcon_core.package_identification:_identify(gym_env/lib/python3.12/site-packages/pip/_internal/operations/__pycache__) by extension 'ignore'
[0.520s] Level 1:colcon.colcon_core.package_identification:_identify(gym_env/lib/python3.12/site-packages/pip/_internal/operations/__pycache__) by extension 'ignore_ament_install'
[0.520s] Level 1:colcon.colcon_core.package_identification:_identify(gym_env/lib/python3.12/site-packages/pip/_internal/operations/__pycache__) by extensions ['colcon_pkg']
[0.520s] Level 1:colcon.colcon_core.package_identification:_identify(gym_env/lib/python3.12/site-packages/pip/_internal/operations/__pycache__) by extension 'colcon_pkg'
[0.520s] Level 1:colcon.colcon_core.package_identification:_identify(gym_env/lib/python3.12/site-packages/pip/_internal/operations/__pycache__) by extensions ['colcon_meta']
[0.521s] Level 1:colcon.colcon_core.package_identification:_identify(gym_env/lib/python3.12/site-packages/pip/_internal/operations/__pycache__) by extension 'colcon_meta'
[0.521s] Level 1:colcon.colcon_core.package_identification:_identify(gym_env/lib/python3.12/site-packages/pip/_internal/operations/__pycache__) by extensions ['ros']
[0.521s] Level 1:colcon.colcon_core.package_identification:_identify(gym_env/lib/python3.12/site-packages/pip/_internal/operations/__pycache__) by extension 'ros'
[0.521s] Level 1:colcon.colcon_core.package_identification:_identify(gym_env/lib/python3.12/site-packages/pip/_internal/operations/__pycache__) by extensions ['cmake', 'python']
[0.521s] Level 1:colcon.colcon_core.package_identification:_identify(gym_env/lib/python3.12/site-packages/pip/_internal/operations/__pycache__) by extension 'cmake'
[0.521s] Level 1:colcon.colcon_core.package_identification:_identify(gym_env/lib/python3.12/site-packages/pip/_internal/operations/__pycache__) by extension 'python'
[0.521s] Level 1:colcon.colcon_core.package_identification:_identify(gym_env/lib/python3.12/site-packages/pip/_internal/operations/__pycache__) by extensions ['python_setup_py']
[0.521s] Level 1:colcon.colcon_core.package_identification:_identify(gym_env/lib/python3.12/site-packages/pip/_internal/operations/__pycache__) by extension 'python_setup_py'
[0.521s] Level 1:colcon.colcon_core.package_identification:_identify(gym_env/lib/python3.12/site-packages/pip/_internal/operations/build) by extensions ['ignore', 'ignore_ament_install']
[0.522s] Level 1:colcon.colcon_core.package_identification:_identify(gym_env/lib/python3.12/site-packages/pip/_internal/operations/build) by extension 'ignore'
[0.522s] Level 1:colcon.colcon_core.package_identification:_identify(gym_env/lib/python3.12/site-packages/pip/_internal/operations/build) by extension 'ignore_ament_install'
[0.522s] Level 1:colcon.colcon_core.package_identification:_identify(gym_env/lib/python3.12/site-packages/pip/_internal/operations/build) by extensions ['colcon_pkg']
[0.522s] Level 1:colcon.colcon_core.package_identification:_identify(gym_env/lib/python3.12/site-packages/pip/_internal/operations/build) by extension 'colcon_pkg'
[0.522s] Level 1:colcon.colcon_core.package_identification:_identify(gym_env/lib/python3.12/site-packages/pip/_internal/operations/build) by extensions ['colcon_meta']
[0.522s] Level 1:colcon.colcon_core.package_identification:_identify(gym_env/lib/python3.12/site-packages/pip/_internal/operations/build) by extension 'colcon_meta'
[0.522s] Level 1:colcon.colcon_core.package_identification:_identify(gym_env/lib/python3.12/site-packages/pip/_internal/operations/build) by extensions ['ros']
[0.522s] Level 1:colcon.colcon_core.package_identification:_identify(gym_env/lib/python3.12/site-packages/pip/_internal/operations/build) by extension 'ros'
[0.522s] Level 1:colcon.colcon_core.package_identification:_identify(gym_env/lib/python3.12/site-packages/pip/_internal/operations/build) by extensions ['cmake', 'python']
[0.522s] Level 1:colcon.colcon_core.package_identification:_identify(gym_env/lib/python3.12/site-packages/pip/_internal/operations/build) by extension 'cmake'
[0.522s] Level 1:colcon.colcon_core.package_identification:_identify(gym_env/lib/python3.12/site-packages/pip/_internal/operations/build) by extension 'python'
[0.523s] Level 1:colcon.colcon_core.package_identification:_identify(gym_env/lib/python3.12/site-packages/pip/_internal/operations/build) by extensions ['python_setup_py']
[0.523s] Level 1:colcon.colcon_core.package_identification:_identify(gym_env/lib/python3.12/site-packages/pip/_internal/operations/build) by extension 'python_setup_py'
[0.523s] Level 1:colcon.colcon_core.package_identification:_identify(gym_env/lib/python3.12/site-packages/pip/_internal/operations/build/__pycache__) by extensions ['ignore', 'ignore_ament_install']
[0.523s] Level 1:colcon.colcon_core.package_identification:_identify(gym_env/lib/python3.12/site-packages/pip/_internal/operations/build/__pycache__) by extension 'ignore'
[0.523s] Level 1:colcon.colcon_core.package_identification:_identify(gym_env/lib/python3.12/site-packages/pip/_internal/operations/build/__pycache__) by extension 'ignore_ament_install'
[0.523s] Level 1:colcon.colcon_core.package_identification:_identify(gym_env/lib/python3.12/site-packages/pip/_internal/operations/build/__pycache__) by extensions ['colcon_pkg']
[0.523s] Level 1:colcon.colcon_core.package_identification:_identify(gym_env/lib/python3.12/site-packages/pip/_internal/operations/build/__pycache__) by extension 'colcon_pkg'
[0.523s] Level 1:colcon.colcon_core.package_identification:_identify(gym_env/lib/python3.12/site-packages/pip/_internal/operations/build/__pycache__) by extensions ['colcon_meta']
[0.524s] Level 1:colcon.colcon_core.package_identification:_identify(gym_env/lib/python3.12/site-packages/pip/_internal/operations/build/__pycache__) by extension 'colcon_meta'
[0.524s] Level 1:colcon.colcon_core.package_identification:_identify(gym_env/lib/python3.12/site-packages/pip/_internal/operations/build/__pycache__) by extensions ['ros']
[0.524s] Level 1:colcon.colcon_core.package_identification:_identify(gym_env/lib/python3.12/site-packages/pip/_internal/operations/build/__pycache__) by extension 'ros'
[0.524s] Level 1:colcon.colcon_core.package_identification:_identify(gym_env/lib/python3.12/site-packages/pip/_internal/operations/build/__pycache__) by extensions ['cmake', 'python']
[0.524s] Level 1:colcon.colcon_core.package_identification:_identify(gym_env/lib/python3.12/site-packages/pip/_internal/operations/build/__pycache__) by extension 'cmake'
[0.524s] Level 1:colcon.colcon_core.package_identification:_identify(gym_env/lib/python3.12/site-packages/pip/_internal/operations/build/__pycache__) by extension 'python'
[0.524s] Level 1:colcon.colcon_core.package_identification:_identify(gym_env/lib/python3.12/site-packages/pip/_internal/operations/build/__pycache__) by extensions ['python_setup_py']
[0.524s] Level 1:colcon.colcon_core.package_identification:_identify(gym_env/lib/python3.12/site-packages/pip/_internal/operations/build/__pycache__) by extension 'python_setup_py'
[0.525s] Level 1:colcon.colcon_core.package_identification:_identify(gym_env/lib/python3.12/site-packages/pip/_internal/operations/install) by extensions ['ignore', 'ignore_ament_install']
[0.525s] Level 1:colcon.colcon_core.package_identification:_identify(gym_env/lib/python3.12/site-packages/pip/_internal/operations/install) by extension 'ignore'
[0.525s] Level 1:colcon.colcon_core.package_identification:_identify(gym_env/lib/python3.12/site-packages/pip/_internal/operations/install) by extension 'ignore_ament_install'
[0.525s] Level 1:colcon.colcon_core.package_identification:_identify(gym_env/lib/python3.12/site-packages/pip/_internal/operations/install) by extensions ['colcon_pkg']
[0.525s] Level 1:colcon.colcon_core.package_identification:_identify(gym_env/lib/python3.12/site-packages/pip/_internal/operations/install) by extension 'colcon_pkg'
[0.526s] Level 1:colcon.colcon_core.package_identification:_identify(gym_env/lib/python3.12/site-packages/pip/_internal/operations/install) by extensions ['colcon_meta']
[0.526s] Level 1:colcon.colcon_core.package_identification:_identify(gym_env/lib/python3.12/site-packages/pip/_internal/operations/install) by extension 'colcon_meta'
[0.526s] Level 1:colcon.colcon_core.package_identification:_identify(gym_env/lib/python3.12/site-packages/pip/_internal/operations/install) by extensions ['ros']
[0.526s] Level 1:colcon.colcon_core.package_identification:_identify(gym_env/lib/python3.12/site-packages/pip/_internal/operations/install) by extension 'ros'
[0.526s] Level 1:colcon.colcon_core.package_identification:_identify(gym_env/lib/python3.12/site-packages/pip/_internal/operations/install) by extensions ['cmake', 'python']
[0.526s] Level 1:colcon.colcon_core.package_identification:_identify(gym_env/lib/python3.12/site-packages/pip/_internal/operations/install) by extension 'cmake'
[0.526s] Level 1:colcon.colcon_core.package_identification:_identify(gym_env/lib/python3.12/site-packages/pip/_internal/operations/install) by extension 'python'
[0.527s] Level 1:colcon.colcon_core.package_identification:_identify(gym_env/lib/python3.12/site-packages/pip/_internal/operations/install) by extensions ['python_setup_py']
[0.527s] Level 1:colcon.colcon_core.package_identification:_identify(gym_env/lib/python3.12/site-packages/pip/_internal/operations/install) by extension 'python_setup_py'
[0.527s] Level 1:colcon.colcon_core.package_identification:_identify(gym_env/lib/python3.12/site-packages/pip/_internal/operations/install/__pycache__) by extensions ['ignore', 'ignore_ament_install']
[0.527s] Level 1:colcon.colcon_core.package_identification:_identify(gym_env/lib/python3.12/site-packages/pip/_internal/operations/install/__pycache__) by extension 'ignore'
[0.527s] Level 1:colcon.colcon_core.package_identification:_identify(gym_env/lib/python3.12/site-packages/pip/_internal/operations/install/__pycache__) by extension 'ignore_ament_install'
[0.528s] Level 1:colcon.colcon_core.package_identification:_identify(gym_env/lib/python3.12/site-packages/pip/_internal/operations/install/__pycache__) by extensions ['colcon_pkg']
[0.528s] Level 1:colcon.colcon_core.package_identification:_identify(gym_env/lib/python3.12/site-packages/pip/_internal/operations/install/__pycache__) by extension 'colcon_pkg'
[0.528s] Level 1:colcon.colcon_core.package_identification:_identify(gym_env/lib/python3.12/site-packages/pip/_internal/operations/install/__pycache__) by extensions ['colcon_meta']
[0.528s] Level 1:colcon.colcon_core.package_identification:_identify(gym_env/lib/python3.12/site-packages/pip/_internal/operations/install/__pycache__) by extension 'colcon_meta'
[0.528s] Level 1:colcon.colcon_core.package_identification:_identify(gym_env/lib/python3.12/site-packages/pip/_internal/operations/install/__pycache__) by extensions ['ros']
[0.528s] Level 1:colcon.colcon_core.package_identification:_identify(gym_env/lib/python3.12/site-packages/pip/_internal/operations/install/__pycache__) by extension 'ros'
[0.528s] Level 1:colcon.colcon_core.package_identification:_identify(gym_env/lib/python3.12/site-packages/pip/_internal/operations/install/__pycache__) by extensions ['cmake', 'python']
[0.528s] Level 1:colcon.colcon_core.package_identification:_identify(gym_env/lib/python3.12/site-packages/pip/_internal/operations/install/__pycache__) by extension 'cmake'
[0.528s] Level 1:colcon.colcon_core.package_identification:_identify(gym_env/lib/python3.12/site-packages/pip/_internal/operations/install/__pycache__) by extension 'python'
[0.529s] Level 1:colcon.colcon_core.package_identification:_identify(gym_env/lib/python3.12/site-packages/pip/_internal/operations/install/__pycache__) by extensions ['python_setup_py']
[0.529s] Level 1:colcon.colcon_core.package_identification:_identify(gym_env/lib/python3.12/site-packages/pip/_internal/operations/install/__pycache__) by extension 'python_setup_py'
[0.529s] Level 1:colcon.colcon_core.package_identification:_identify(gym_env/lib/python3.12/site-packages/pip/_internal/req) by extensions ['ignore', 'ignore_ament_install']
[0.529s] Level 1:colcon.colcon_core.package_identification:_identify(gym_env/lib/python3.12/site-packages/pip/_internal/req) by extension 'ignore'
[0.529s] Level 1:colcon.colcon_core.package_identification:_identify(gym_env/lib/python3.12/site-packages/pip/_internal/req) by extension 'ignore_ament_install'
[0.529s] Level 1:colcon.colcon_core.package_identification:_identify(gym_env/lib/python3.12/site-packages/pip/_internal/req) by extensions ['colcon_pkg']
[0.529s] Level 1:colcon.colcon_core.package_identification:_identify(gym_env/lib/python3.12/site-packages/pip/_internal/req) by extension 'colcon_pkg'
[0.529s] Level 1:colcon.colcon_core.package_identification:_identify(gym_env/lib/python3.12/site-packages/pip/_internal/req) by extensions ['colcon_meta']
[0.530s] Level 1:colcon.colcon_core.package_identification:_identify(gym_env/lib/python3.12/site-packages/pip/_internal/req) by extension 'colcon_meta'
[0.530s] Level 1:colcon.colcon_core.package_identification:_identify(gym_env/lib/python3.12/site-packages/pip/_internal/req) by extensions ['ros']
[0.530s] Level 1:colcon.colcon_core.package_identification:_identify(gym_env/lib/python3.12/site-packages/pip/_internal/req) by extension 'ros'
[0.530s] Level 1:colcon.colcon_core.package_identification:_identify(gym_env/lib/python3.12/site-packages/pip/_internal/req) by extensions ['cmake', 'python']
[0.530s] Level 1:colcon.colcon_core.package_identification:_identify(gym_env/lib/python3.12/site-packages/pip/_internal/req) by extension 'cmake'
[0.530s] Level 1:colcon.colcon_core.package_identification:_identify(gym_env/lib/python3.12/site-packages/pip/_internal/req) by extension 'python'
[0.530s] Level 1:colcon.colcon_core.package_identification:_identify(gym_env/lib/python3.12/site-packages/pip/_internal/req) by extensions ['python_setup_py']
[0.530s] Level 1:colcon.colcon_core.package_identification:_identify(gym_env/lib/python3.12/site-packages/pip/_internal/req) by extension 'python_setup_py'
[0.530s] Level 1:colcon.colcon_core.package_identification:_identify(gym_env/lib/python3.12/site-packages/pip/_internal/req/__pycache__) by extensions ['ignore', 'ignore_ament_install']
[0.531s] Level 1:colcon.colcon_core.package_identification:_identify(gym_env/lib/python3.12/site-packages/pip/_internal/req/__pycache__) by extension 'ignore'
[0.531s] Level 1:colcon.colcon_core.package_identification:_identify(gym_env/lib/python3.12/site-packages/pip/_internal/req/__pycache__) by extension 'ignore_ament_install'
[0.531s] Level 1:colcon.colcon_core.package_identification:_identify(gym_env/lib/python3.12/site-packages/pip/_internal/req/__pycache__) by extensions ['colcon_pkg']
[0.531s] Level 1:colcon.colcon_core.package_identification:_identify(gym_env/lib/python3.12/site-packages/pip/_internal/req/__pycache__) by extension 'colcon_pkg'
[0.531s] Level 1:colcon.colcon_core.package_identification:_identify(gym_env/lib/python3.12/site-packages/pip/_internal/req/__pycache__) by extensions ['colcon_meta']
[0.531s] Level 1:colcon.colcon_core.package_identification:_identify(gym_env/lib/python3.12/site-packages/pip/_internal/req/__pycache__) by extension 'colcon_meta'
[0.531s] Level 1:colcon.colcon_core.package_identification:_identify(gym_env/lib/python3.12/site-packages/pip/_internal/req/__pycache__) by extensions ['ros']
[0.531s] Level 1:colcon.colcon_core.package_identification:_identify(gym_env/lib/python3.12/site-packages/pip/_internal/req/__pycache__) by extension 'ros'
[0.531s] Level 1:colcon.colcon_core.package_identification:_identify(gym_env/lib/python3.12/site-packages/pip/_internal/req/__pycache__) by extensions ['cmake', 'python']
[0.531s] Level 1:colcon.colcon_core.package_identification:_identify(gym_env/lib/python3.12/site-packages/pip/_internal/req/__pycache__) by extension 'cmake'
[0.532s] Level 1:colcon.colcon_core.package_identification:_identify(gym_env/lib/python3.12/site-packages/pip/_internal/req/__pycache__) by extension 'python'
[0.532s] Level 1:colcon.colcon_core.package_identification:_identify(gym_env/lib/python3.12/site-packages/pip/_internal/req/__pycache__) by extensions ['python_setup_py']
[0.532s] Level 1:colcon.colcon_core.package_identification:_identify(gym_env/lib/python3.12/site-packages/pip/_internal/req/__pycache__) by extension 'python_setup_py'
[0.532s] Level 1:colcon.colcon_core.package_identification:_identify(gym_env/lib/python3.12/site-packages/pip/_internal/resolution) by extensions ['ignore', 'ignore_ament_install']
[0.532s] Level 1:colcon.colcon_core.package_identification:_identify(gym_env/lib/python3.12/site-packages/pip/_internal/resolution) by extension 'ignore'
[0.532s] Level 1:colcon.colcon_core.package_identification:_identify(gym_env/lib/python3.12/site-packages/pip/_internal/resolution) by extension 'ignore_ament_install'
[0.532s] Level 1:colcon.colcon_core.package_identification:_identify(gym_env/lib/python3.12/site-packages/pip/_internal/resolution) by extensions ['colcon_pkg']
[0.532s] Level 1:colcon.colcon_core.package_identification:_identify(gym_env/lib/python3.12/site-packages/pip/_internal/resolution) by extension 'colcon_pkg'
[0.532s] Level 1:colcon.colcon_core.package_identification:_identify(gym_env/lib/python3.12/site-packages/pip/_internal/resolution) by extensions ['colcon_meta']
[0.533s] Level 1:colcon.colcon_core.package_identification:_identify(gym_env/lib/python3.12/site-packages/pip/_internal/resolution) by extension 'colcon_meta'
[0.533s] Level 1:colcon.colcon_core.package_identification:_identify(gym_env/lib/python3.12/site-packages/pip/_internal/resolution) by extensions ['ros']
[0.533s] Level 1:colcon.colcon_core.package_identification:_identify(gym_env/lib/python3.12/site-packages/pip/_internal/resolution) by extension 'ros'
[0.533s] Level 1:colcon.colcon_core.package_identification:_identify(gym_env/lib/python3.12/site-packages/pip/_internal/resolution) by extensions ['cmake', 'python']
[0.533s] Level 1:colcon.colcon_core.package_identification:_identify(gym_env/lib/python3.12/site-packages/pip/_internal/resolution) by extension 'cmake'
[0.533s] Level 1:colcon.colcon_core.package_identification:_identify(gym_env/lib/python3.12/site-packages/pip/_internal/resolution) by extension 'python'
[0.533s] Level 1:colcon.colcon_core.package_identification:_identify(gym_env/lib/python3.12/site-packages/pip/_internal/resolution) by extensions ['python_setup_py']
[0.533s] Level 1:colcon.colcon_core.package_identification:_identify(gym_env/lib/python3.12/site-packages/pip/_internal/resolution) by extension 'python_setup_py'
[0.533s] Level 1:colcon.colcon_core.package_identification:_identify(gym_env/lib/python3.12/site-packages/pip/_internal/resolution/__pycache__) by extensions ['ignore', 'ignore_ament_install']
[0.534s] Level 1:colcon.colcon_core.package_identification:_identify(gym_env/lib/python3.12/site-packages/pip/_internal/resolution/__pycache__) by extension 'ignore'
[0.534s] Level 1:colcon.colcon_core.package_identification:_identify(gym_env/lib/python3.12/site-packages/pip/_internal/resolution/__pycache__) by extension 'ignore_ament_install'
[0.534s] Level 1:colcon.colcon_core.package_identification:_identify(gym_env/lib/python3.12/site-packages/pip/_internal/resolution/__pycache__) by extensions ['colcon_pkg']
[0.534s] Level 1:colcon.colcon_core.package_identification:_identify(gym_env/lib/python3.12/site-packages/pip/_internal/resolution/__pycache__) by extension 'colcon_pkg'
[0.534s] Level 1:colcon.colcon_core.package_identification:_identify(gym_env/lib/python3.12/site-packages/pip/_internal/resolution/__pycache__) by extensions ['colcon_meta']
[0.534s] Level 1:colcon.colcon_core.package_identification:_identify(gym_env/lib/python3.12/site-packages/pip/_internal/resolution/__pycache__) by extension 'colcon_meta'
[0.534s] Level 1:colcon.colcon_core.package_identification:_identify(gym_env/lib/python3.12/site-packages/pip/_internal/resolution/__pycache__) by extensions ['ros']
[0.534s] Level 1:colcon.colcon_core.package_identification:_identify(gym_env/lib/python3.12/site-packages/pip/_internal/resolution/__pycache__) by extension 'ros'
[0.534s] Level 1:colcon.colcon_core.package_identification:_identify(gym_env/lib/python3.12/site-packages/pip/_internal/resolution/__pycache__) by extensions ['cmake', 'python']
[0.535s] Level 1:colcon.colcon_core.package_identification:_identify(gym_env/lib/python3.12/site-packages/pip/_internal/resolution/__pycache__) by extension 'cmake'
[0.535s] Level 1:colcon.colcon_core.package_identification:_identify(gym_env/lib/python3.12/site-packages/pip/_internal/resolution/__pycache__) by extension 'python'
[0.535s] Level 1:colcon.colcon_core.package_identification:_identify(gym_env/lib/python3.12/site-packages/pip/_internal/resolution/__pycache__) by extensions ['python_setup_py']
[0.535s] Level 1:colcon.colcon_core.package_identification:_identify(gym_env/lib/python3.12/site-packages/pip/_internal/resolution/__pycache__) by extension 'python_setup_py'
[0.535s] Level 1:colcon.colcon_core.package_identification:_identify(gym_env/lib/python3.12/site-packages/pip/_internal/resolution/legacy) by extensions ['ignore', 'ignore_ament_install']
[0.535s] Level 1:colcon.colcon_core.package_identification:_identify(gym_env/lib/python3.12/site-packages/pip/_internal/resolution/legacy) by extension 'ignore'
[0.535s] Level 1:colcon.colcon_core.package_identification:_identify(gym_env/lib/python3.12/site-packages/pip/_internal/resolution/legacy) by extension 'ignore_ament_install'
[0.535s] Level 1:colcon.colcon_core.package_identification:_identify(gym_env/lib/python3.12/site-packages/pip/_internal/resolution/legacy) by extensions ['colcon_pkg']
[0.536s] Level 1:colcon.colcon_core.package_identification:_identify(gym_env/lib/python3.12/site-packages/pip/_internal/resolution/legacy) by extension 'colcon_pkg'
[0.536s] Level 1:colcon.colcon_core.package_identification:_identify(gym_env/lib/python3.12/site-packages/pip/_internal/resolution/legacy) by extensions ['colcon_meta']
[0.536s] Level 1:colcon.colcon_core.package_identification:_identify(gym_env/lib/python3.12/site-packages/pip/_internal/resolution/legacy) by extension 'colcon_meta'
[0.536s] Level 1:colcon.colcon_core.package_identification:_identify(gym_env/lib/python3.12/site-packages/pip/_internal/resolution/legacy) by extensions ['ros']
[0.536s] Level 1:colcon.colcon_core.package_identification:_identify(gym_env/lib/python3.12/site-packages/pip/_internal/resolution/legacy) by extension 'ros'
[0.536s] Level 1:colcon.colcon_core.package_identification:_identify(gym_env/lib/python3.12/site-packages/pip/_internal/resolution/legacy) by extensions ['cmake', 'python']
[0.536s] Level 1:colcon.colcon_core.package_identification:_identify(gym_env/lib/python3.12/site-packages/pip/_internal/resolution/legacy) by extension 'cmake'
[0.536s] Level 1:colcon.colcon_core.package_identification:_identify(gym_env/lib/python3.12/site-packages/pip/_internal/resolution/legacy) by extension 'python'
[0.536s] Level 1:colcon.colcon_core.package_identification:_identify(gym_env/lib/python3.12/site-packages/pip/_internal/resolution/legacy) by extensions ['python_setup_py']
[0.536s] Level 1:colcon.colcon_core.package_identification:_identify(gym_env/lib/python3.12/site-packages/pip/_internal/resolution/legacy) by extension 'python_setup_py'
[0.537s] Level 1:colcon.colcon_core.package_identification:_identify(gym_env/lib/python3.12/site-packages/pip/_internal/resolution/legacy/__pycache__) by extensions ['ignore', 'ignore_ament_install']
[0.537s] Level 1:colcon.colcon_core.package_identification:_identify(gym_env/lib/python3.12/site-packages/pip/_internal/resolution/legacy/__pycache__) by extension 'ignore'
[0.537s] Level 1:colcon.colcon_core.package_identification:_identify(gym_env/lib/python3.12/site-packages/pip/_internal/resolution/legacy/__pycache__) by extension 'ignore_ament_install'
[0.537s] Level 1:colcon.colcon_core.package_identification:_identify(gym_env/lib/python3.12/site-packages/pip/_internal/resolution/legacy/__pycache__) by extensions ['colcon_pkg']
[0.537s] Level 1:colcon.colcon_core.package_identification:_identify(gym_env/lib/python3.12/site-packages/pip/_internal/resolution/legacy/__pycache__) by extension 'colcon_pkg'
[0.537s] Level 1:colcon.colcon_core.package_identification:_identify(gym_env/lib/python3.12/site-packages/pip/_internal/resolution/legacy/__pycache__) by extensions ['colcon_meta']
[0.537s] Level 1:colcon.colcon_core.package_identification:_identify(gym_env/lib/python3.12/site-packages/pip/_internal/resolution/legacy/__pycache__) by extension 'colcon_meta'
[0.537s] Level 1:colcon.colcon_core.package_identification:_identify(gym_env/lib/python3.12/site-packages/pip/_internal/resolution/legacy/__pycache__) by extensions ['ros']
[0.537s] Level 1:colcon.colcon_core.package_identification:_identify(gym_env/lib/python3.12/site-packages/pip/_internal/resolution/legacy/__pycache__) by extension 'ros'
[0.538s] Level 1:colcon.colcon_core.package_identification:_identify(gym_env/lib/python3.12/site-packages/pip/_internal/resolution/legacy/__pycache__) by extensions ['cmake', 'python']
[0.538s] Level 1:colcon.colcon_core.package_identification:_identify(gym_env/lib/python3.12/site-packages/pip/_internal/resolution/legacy/__pycache__) by extension 'cmake'
[0.538s] Level 1:colcon.colcon_core.package_identification:_identify(gym_env/lib/python3.12/site-packages/pip/_internal/resolution/legacy/__pycache__) by extension 'python'
[0.538s] Level 1:colcon.colcon_core.package_identification:_identify(gym_env/lib/python3.12/site-packages/pip/_internal/resolution/legacy/__pycache__) by extensions ['python_setup_py']
[0.538s] Level 1:colcon.colcon_core.package_identification:_identify(gym_env/lib/python3.12/site-packages/pip/_internal/resolution/legacy/__pycache__) by extension 'python_setup_py'
[0.538s] Level 1:colcon.colcon_core.package_identification:_identify(gym_env/lib/python3.12/site-packages/pip/_internal/resolution/resolvelib) by extensions ['ignore', 'ignore_ament_install']
[0.538s] Level 1:colcon.colcon_core.package_identification:_identify(gym_env/lib/python3.12/site-packages/pip/_internal/resolution/resolvelib) by extension 'ignore'
[0.538s] Level 1:colcon.colcon_core.package_identification:_identify(gym_env/lib/python3.12/site-packages/pip/_internal/resolution/resolvelib) by extension 'ignore_ament_install'
[0.539s] Level 1:colcon.colcon_core.package_identification:_identify(gym_env/lib/python3.12/site-packages/pip/_internal/resolution/resolvelib) by extensions ['colcon_pkg']
[0.539s] Level 1:colcon.colcon_core.package_identification:_identify(gym_env/lib/python3.12/site-packages/pip/_internal/resolution/resolvelib) by extension 'colcon_pkg'
[0.539s] Level 1:colcon.colcon_core.package_identification:_identify(gym_env/lib/python3.12/site-packages/pip/_internal/resolution/resolvelib) by extensions ['colcon_meta']
[0.539s] Level 1:colcon.colcon_core.package_identification:_identify(gym_env/lib/python3.12/site-packages/pip/_internal/resolution/resolvelib) by extension 'colcon_meta'
[0.539s] Level 1:colcon.colcon_core.package_identification:_identify(gym_env/lib/python3.12/site-packages/pip/_internal/resolution/resolvelib) by extensions ['ros']
[0.539s] Level 1:colcon.colcon_core.package_identification:_identify(gym_env/lib/python3.12/site-packages/pip/_internal/resolution/resolvelib) by extension 'ros'
[0.539s] Level 1:colcon.colcon_core.package_identification:_identify(gym_env/lib/python3.12/site-packages/pip/_internal/resolution/resolvelib) by extensions ['cmake', 'python']
[0.539s] Level 1:colcon.colcon_core.package_identification:_identify(gym_env/lib/python3.12/site-packages/pip/_internal/resolution/resolvelib) by extension 'cmake'
[0.539s] Level 1:colcon.colcon_core.package_identification:_identify(gym_env/lib/python3.12/site-packages/pip/_internal/resolution/resolvelib) by extension 'python'
[0.539s] Level 1:colcon.colcon_core.package_identification:_identify(gym_env/lib/python3.12/site-packages/pip/_internal/resolution/resolvelib) by extensions ['python_setup_py']
[0.539s] Level 1:colcon.colcon_core.package_identification:_identify(gym_env/lib/python3.12/site-packages/pip/_internal/resolution/resolvelib) by extension 'python_setup_py'
[0.540s] Level 1:colcon.colcon_core.package_identification:_identify(gym_env/lib/python3.12/site-packages/pip/_internal/resolution/resolvelib/__pycache__) by extensions ['ignore', 'ignore_ament_install']
[0.540s] Level 1:colcon.colcon_core.package_identification:_identify(gym_env/lib/python3.12/site-packages/pip/_internal/resolution/resolvelib/__pycache__) by extension 'ignore'
[0.540s] Level 1:colcon.colcon_core.package_identification:_identify(gym_env/lib/python3.12/site-packages/pip/_internal/resolution/resolvelib/__pycache__) by extension 'ignore_ament_install'
[0.540s] Level 1:colcon.colcon_core.package_identification:_identify(gym_env/lib/python3.12/site-packages/pip/_internal/resolution/resolvelib/__pycache__) by extensions ['colcon_pkg']
[0.540s] Level 1:colcon.colcon_core.package_identification:_identify(gym_env/lib/python3.12/site-packages/pip/_internal/resolution/resolvelib/__pycache__) by extension 'colcon_pkg'
[0.540s] Level 1:colcon.colcon_core.package_identification:_identify(gym_env/lib/python3.12/site-packages/pip/_internal/resolution/resolvelib/__pycache__) by extensions ['colcon_meta']
[0.540s] Level 1:colcon.colcon_core.package_identification:_identify(gym_env/lib/python3.12/site-packages/pip/_internal/resolution/resolvelib/__pycache__) by extension 'colcon_meta'
[0.541s] Level 1:colcon.colcon_core.package_identification:_identify(gym_env/lib/python3.12/site-packages/pip/_internal/resolution/resolvelib/__pycache__) by extensions ['ros']
[0.541s] Level 1:colcon.colcon_core.package_identification:_identify(gym_env/lib/python3.12/site-packages/pip/_internal/resolution/resolvelib/__pycache__) by extension 'ros'
[0.541s] Level 1:colcon.colcon_core.package_identification:_identify(gym_env/lib/python3.12/site-packages/pip/_internal/resolution/resolvelib/__pycache__) by extensions ['cmake', 'python']
[0.541s] Level 1:colcon.colcon_core.package_identification:_identify(gym_env/lib/python3.12/site-packages/pip/_internal/resolution/resolvelib/__pycache__) by extension 'cmake'
[0.541s] Level 1:colcon.colcon_core.package_identification:_identify(gym_env/lib/python3.12/site-packages/pip/_internal/resolution/resolvelib/__pycache__) by extension 'python'
[0.541s] Level 1:colcon.colcon_core.package_identification:_identify(gym_env/lib/python3.12/site-packages/pip/_internal/resolution/resolvelib/__pycache__) by extensions ['python_setup_py']
[0.541s] Level 1:colcon.colcon_core.package_identification:_identify(gym_env/lib/python3.12/site-packages/pip/_internal/resolution/resolvelib/__pycache__) by extension 'python_setup_py'
[0.542s] Level 1:colcon.colcon_core.package_identification:_identify(gym_env/lib/python3.12/site-packages/pip/_internal/utils) by extensions ['ignore', 'ignore_ament_install']
[0.542s] Level 1:colcon.colcon_core.package_identification:_identify(gym_env/lib/python3.12/site-packages/pip/_internal/utils) by extension 'ignore'
[0.542s] Level 1:colcon.colcon_core.package_identification:_identify(gym_env/lib/python3.12/site-packages/pip/_internal/utils) by extension 'ignore_ament_install'
[0.542s] Level 1:colcon.colcon_core.package_identification:_identify(gym_env/lib/python3.12/site-packages/pip/_internal/utils) by extensions ['colcon_pkg']
[0.542s] Level 1:colcon.colcon_core.package_identification:_identify(gym_env/lib/python3.12/site-packages/pip/_internal/utils) by extension 'colcon_pkg'
[0.542s] Level 1:colcon.colcon_core.package_identification:_identify(gym_env/lib/python3.12/site-packages/pip/_internal/utils) by extensions ['colcon_meta']
[0.543s] Level 1:colcon.colcon_core.package_identification:_identify(gym_env/lib/python3.12/site-packages/pip/_internal/utils) by extension 'colcon_meta'
[0.543s] Level 1:colcon.colcon_core.package_identification:_identify(gym_env/lib/python3.12/site-packages/pip/_internal/utils) by extensions ['ros']
[0.543s] Level 1:colcon.colcon_core.package_identification:_identify(gym_env/lib/python3.12/site-packages/pip/_internal/utils) by extension 'ros'
[0.543s] Level 1:colcon.colcon_core.package_identification:_identify(gym_env/lib/python3.12/site-packages/pip/_internal/utils) by extensions ['cmake', 'python']
[0.543s] Level 1:colcon.colcon_core.package_identification:_identify(gym_env/lib/python3.12/site-packages/pip/_internal/utils) by extension 'cmake'
[0.543s] Level 1:colcon.colcon_core.package_identification:_identify(gym_env/lib/python3.12/site-packages/pip/_internal/utils) by extension 'python'
[0.544s] Level 1:colcon.colcon_core.package_identification:_identify(gym_env/lib/python3.12/site-packages/pip/_internal/utils) by extensions ['python_setup_py']
[0.544s] Level 1:colcon.colcon_core.package_identification:_identify(gym_env/lib/python3.12/site-packages/pip/_internal/utils) by extension 'python_setup_py'
[0.544s] Level 1:colcon.colcon_core.package_identification:_identify(gym_env/lib/python3.12/site-packages/pip/_internal/utils/__pycache__) by extensions ['ignore', 'ignore_ament_install']
[0.544s] Level 1:colcon.colcon_core.package_identification:_identify(gym_env/lib/python3.12/site-packages/pip/_internal/utils/__pycache__) by extension 'ignore'
[0.545s] Level 1:colcon.colcon_core.package_identification:_identify(gym_env/lib/python3.12/site-packages/pip/_internal/utils/__pycache__) by extension 'ignore_ament_install'
[0.545s] Level 1:colcon.colcon_core.package_identification:_identify(gym_env/lib/python3.12/site-packages/pip/_internal/utils/__pycache__) by extensions ['colcon_pkg']
[0.545s] Level 1:colcon.colcon_core.package_identification:_identify(gym_env/lib/python3.12/site-packages/pip/_internal/utils/__pycache__) by extension 'colcon_pkg'
[0.545s] Level 1:colcon.colcon_core.package_identification:_identify(gym_env/lib/python3.12/site-packages/pip/_internal/utils/__pycache__) by extensions ['colcon_meta']
[0.545s] Level 1:colcon.colcon_core.package_identification:_identify(gym_env/lib/python3.12/site-packages/pip/_internal/utils/__pycache__) by extension 'colcon_meta'
[0.545s] Level 1:colcon.colcon_core.package_identification:_identify(gym_env/lib/python3.12/site-packages/pip/_internal/utils/__pycache__) by extensions ['ros']
[0.545s] Level 1:colcon.colcon_core.package_identification:_identify(gym_env/lib/python3.12/site-packages/pip/_internal/utils/__pycache__) by extension 'ros'
[0.546s] Level 1:colcon.colcon_core.package_identification:_identify(gym_env/lib/python3.12/site-packages/pip/_internal/utils/__pycache__) by extensions ['cmake', 'python']
[0.546s] Level 1:colcon.colcon_core.package_identification:_identify(gym_env/lib/python3.12/site-packages/pip/_internal/utils/__pycache__) by extension 'cmake'
[0.546s] Level 1:colcon.colcon_core.package_identification:_identify(gym_env/lib/python3.12/site-packages/pip/_internal/utils/__pycache__) by extension 'python'
[0.546s] Level 1:colcon.colcon_core.package_identification:_identify(gym_env/lib/python3.12/site-packages/pip/_internal/utils/__pycache__) by extensions ['python_setup_py']
[0.546s] Level 1:colcon.colcon_core.package_identification:_identify(gym_env/lib/python3.12/site-packages/pip/_internal/utils/__pycache__) by extension 'python_setup_py'
[0.546s] Level 1:colcon.colcon_core.package_identification:_identify(gym_env/lib/python3.12/site-packages/pip/_internal/vcs) by extensions ['ignore', 'ignore_ament_install']
[0.546s] Level 1:colcon.colcon_core.package_identification:_identify(gym_env/lib/python3.12/site-packages/pip/_internal/vcs) by extension 'ignore'
[0.546s] Level 1:colcon.colcon_core.package_identification:_identify(gym_env/lib/python3.12/site-packages/pip/_internal/vcs) by extension 'ignore_ament_install'
[0.547s] Level 1:colcon.colcon_core.package_identification:_identify(gym_env/lib/python3.12/site-packages/pip/_internal/vcs) by extensions ['colcon_pkg']
[0.547s] Level 1:colcon.colcon_core.package_identification:_identify(gym_env/lib/python3.12/site-packages/pip/_internal/vcs) by extension 'colcon_pkg'
[0.547s] Level 1:colcon.colcon_core.package_identification:_identify(gym_env/lib/python3.12/site-packages/pip/_internal/vcs) by extensions ['colcon_meta']
[0.547s] Level 1:colcon.colcon_core.package_identification:_identify(gym_env/lib/python3.12/site-packages/pip/_internal/vcs) by extension 'colcon_meta'
[0.547s] Level 1:colcon.colcon_core.package_identification:_identify(gym_env/lib/python3.12/site-packages/pip/_internal/vcs) by extensions ['ros']
[0.547s] Level 1:colcon.colcon_core.package_identification:_identify(gym_env/lib/python3.12/site-packages/pip/_internal/vcs) by extension 'ros'
[0.547s] Level 1:colcon.colcon_core.package_identification:_identify(gym_env/lib/python3.12/site-packages/pip/_internal/vcs) by extensions ['cmake', 'python']
[0.547s] Level 1:colcon.colcon_core.package_identification:_identify(gym_env/lib/python3.12/site-packages/pip/_internal/vcs) by extension 'cmake'
[0.547s] Level 1:colcon.colcon_core.package_identification:_identify(gym_env/lib/python3.12/site-packages/pip/_internal/vcs) by extension 'python'
[0.548s] Level 1:colcon.colcon_core.package_identification:_identify(gym_env/lib/python3.12/site-packages/pip/_internal/vcs) by extensions ['python_setup_py']
[0.548s] Level 1:colcon.colcon_core.package_identification:_identify(gym_env/lib/python3.12/site-packages/pip/_internal/vcs) by extension 'python_setup_py'
[0.548s] Level 1:colcon.colcon_core.package_identification:_identify(gym_env/lib/python3.12/site-packages/pip/_internal/vcs/__pycache__) by extensions ['ignore', 'ignore_ament_install']
[0.548s] Level 1:colcon.colcon_core.package_identification:_identify(gym_env/lib/python3.12/site-packages/pip/_internal/vcs/__pycache__) by extension 'ignore'
[0.548s] Level 1:colcon.colcon_core.package_identification:_identify(gym_env/lib/python3.12/site-packages/pip/_internal/vcs/__pycache__) by extension 'ignore_ament_install'
[0.548s] Level 1:colcon.colcon_core.package_identification:_identify(gym_env/lib/python3.12/site-packages/pip/_internal/vcs/__pycache__) by extensions ['colcon_pkg']
[0.548s] Level 1:colcon.colcon_core.package_identification:_identify(gym_env/lib/python3.12/site-packages/pip/_internal/vcs/__pycache__) by extension 'colcon_pkg'
[0.548s] Level 1:colcon.colcon_core.package_identification:_identify(gym_env/lib/python3.12/site-packages/pip/_internal/vcs/__pycache__) by extensions ['colcon_meta']
[0.548s] Level 1:colcon.colcon_core.package_identification:_identify(gym_env/lib/python3.12/site-packages/pip/_internal/vcs/__pycache__) by extension 'colcon_meta'
[0.549s] Level 1:colcon.colcon_core.package_identification:_identify(gym_env/lib/python3.12/site-packages/pip/_internal/vcs/__pycache__) by extensions ['ros']
[0.549s] Level 1:colcon.colcon_core.package_identification:_identify(gym_env/lib/python3.12/site-packages/pip/_internal/vcs/__pycache__) by extension 'ros'
[0.549s] Level 1:colcon.colcon_core.package_identification:_identify(gym_env/lib/python3.12/site-packages/pip/_internal/vcs/__pycache__) by extensions ['cmake', 'python']
[0.549s] Level 1:colcon.colcon_core.package_identification:_identify(gym_env/lib/python3.12/site-packages/pip/_internal/vcs/__pycache__) by extension 'cmake'
[0.549s] Level 1:colcon.colcon_core.package_identification:_identify(gym_env/lib/python3.12/site-packages/pip/_internal/vcs/__pycache__) by extension 'python'
[0.549s] Level 1:colcon.colcon_core.package_identification:_identify(gym_env/lib/python3.12/site-packages/pip/_internal/vcs/__pycache__) by extensions ['python_setup_py']
[0.549s] Level 1:colcon.colcon_core.package_identification:_identify(gym_env/lib/python3.12/site-packages/pip/_internal/vcs/__pycache__) by extension 'python_setup_py'
[0.549s] Level 1:colcon.colcon_core.package_identification:_identify(gym_env/lib/python3.12/site-packages/pip/_vendor) by extensions ['ignore', 'ignore_ament_install']
[0.549s] Level 1:colcon.colcon_core.package_identification:_identify(gym_env/lib/python3.12/site-packages/pip/_vendor) by extension 'ignore'
[0.550s] Level 1:colcon.colcon_core.package_identification:_identify(gym_env/lib/python3.12/site-packages/pip/_vendor) by extension 'ignore_ament_install'
[0.550s] Level 1:colcon.colcon_core.package_identification:_identify(gym_env/lib/python3.12/site-packages/pip/_vendor) by extensions ['colcon_pkg']
[0.550s] Level 1:colcon.colcon_core.package_identification:_identify(gym_env/lib/python3.12/site-packages/pip/_vendor) by extension 'colcon_pkg'
[0.550s] Level 1:colcon.colcon_core.package_identification:_identify(gym_env/lib/python3.12/site-packages/pip/_vendor) by extensions ['colcon_meta']
[0.550s] Level 1:colcon.colcon_core.package_identification:_identify(gym_env/lib/python3.12/site-packages/pip/_vendor) by extension 'colcon_meta'
[0.550s] Level 1:colcon.colcon_core.package_identification:_identify(gym_env/lib/python3.12/site-packages/pip/_vendor) by extensions ['ros']
[0.550s] Level 1:colcon.colcon_core.package_identification:_identify(gym_env/lib/python3.12/site-packages/pip/_vendor) by extension 'ros'
[0.550s] Level 1:colcon.colcon_core.package_identification:_identify(gym_env/lib/python3.12/site-packages/pip/_vendor) by extensions ['cmake', 'python']
[0.550s] Level 1:colcon.colcon_core.package_identification:_identify(gym_env/lib/python3.12/site-packages/pip/_vendor) by extension 'cmake'
[0.550s] Level 1:colcon.colcon_core.package_identification:_identify(gym_env/lib/python3.12/site-packages/pip/_vendor) by extension 'python'
[0.551s] Level 1:colcon.colcon_core.package_identification:_identify(gym_env/lib/python3.12/site-packages/pip/_vendor) by extensions ['python_setup_py']
[0.551s] Level 1:colcon.colcon_core.package_identification:_identify(gym_env/lib/python3.12/site-packages/pip/_vendor) by extension 'python_setup_py'
[0.551s] Level 1:colcon.colcon_core.package_identification:_identify(gym_env/lib/python3.12/site-packages/pip/_vendor/__pycache__) by extensions ['ignore', 'ignore_ament_install']
[0.551s] Level 1:colcon.colcon_core.package_identification:_identify(gym_env/lib/python3.12/site-packages/pip/_vendor/__pycache__) by extension 'ignore'
[0.551s] Level 1:colcon.colcon_core.package_identification:_identify(gym_env/lib/python3.12/site-packages/pip/_vendor/__pycache__) by extension 'ignore_ament_install'
[0.551s] Level 1:colcon.colcon_core.package_identification:_identify(gym_env/lib/python3.12/site-packages/pip/_vendor/__pycache__) by extensions ['colcon_pkg']
[0.551s] Level 1:colcon.colcon_core.package_identification:_identify(gym_env/lib/python3.12/site-packages/pip/_vendor/__pycache__) by extension 'colcon_pkg'
[0.551s] Level 1:colcon.colcon_core.package_identification:_identify(gym_env/lib/python3.12/site-packages/pip/_vendor/__pycache__) by extensions ['colcon_meta']
[0.551s] Level 1:colcon.colcon_core.package_identification:_identify(gym_env/lib/python3.12/site-packages/pip/_vendor/__pycache__) by extension 'colcon_meta'
[0.552s] Level 1:colcon.colcon_core.package_identification:_identify(gym_env/lib/python3.12/site-packages/pip/_vendor/__pycache__) by extensions ['ros']
[0.552s] Level 1:colcon.colcon_core.package_identification:_identify(gym_env/lib/python3.12/site-packages/pip/_vendor/__pycache__) by extension 'ros'
[0.552s] Level 1:colcon.colcon_core.package_identification:_identify(gym_env/lib/python3.12/site-packages/pip/_vendor/__pycache__) by extensions ['cmake', 'python']
[0.552s] Level 1:colcon.colcon_core.package_identification:_identify(gym_env/lib/python3.12/site-packages/pip/_vendor/__pycache__) by extension 'cmake'
[0.552s] Level 1:colcon.colcon_core.package_identification:_identify(gym_env/lib/python3.12/site-packages/pip/_vendor/__pycache__) by extension 'python'
[0.552s] Level 1:colcon.colcon_core.package_identification:_identify(gym_env/lib/python3.12/site-packages/pip/_vendor/__pycache__) by extensions ['python_setup_py']
[0.552s] Level 1:colcon.colcon_core.package_identification:_identify(gym_env/lib/python3.12/site-packages/pip/_vendor/__pycache__) by extension 'python_setup_py'
[0.552s] Level 1:colcon.colcon_core.package_identification:_identify(gym_env/lib/python3.12/site-packages/pip/_vendor/cachecontrol) by extensions ['ignore', 'ignore_ament_install']
[0.552s] Level 1:colcon.colcon_core.package_identification:_identify(gym_env/lib/python3.12/site-packages/pip/_vendor/cachecontrol) by extension 'ignore'
[0.553s] Level 1:colcon.colcon_core.package_identification:_identify(gym_env/lib/python3.12/site-packages/pip/_vendor/cachecontrol) by extension 'ignore_ament_install'
[0.553s] Level 1:colcon.colcon_core.package_identification:_identify(gym_env/lib/python3.12/site-packages/pip/_vendor/cachecontrol) by extensions ['colcon_pkg']
[0.553s] Level 1:colcon.colcon_core.package_identification:_identify(gym_env/lib/python3.12/site-packages/pip/_vendor/cachecontrol) by extension 'colcon_pkg'
[0.553s] Level 1:colcon.colcon_core.package_identification:_identify(gym_env/lib/python3.12/site-packages/pip/_vendor/cachecontrol) by extensions ['colcon_meta']
[0.553s] Level 1:colcon.colcon_core.package_identification:_identify(gym_env/lib/python3.12/site-packages/pip/_vendor/cachecontrol) by extension 'colcon_meta'
[0.553s] Level 1:colcon.colcon_core.package_identification:_identify(gym_env/lib/python3.12/site-packages/pip/_vendor/cachecontrol) by extensions ['ros']
[0.553s] Level 1:colcon.colcon_core.package_identification:_identify(gym_env/lib/python3.12/site-packages/pip/_vendor/cachecontrol) by extension 'ros'
[0.553s] Level 1:colcon.colcon_core.package_identification:_identify(gym_env/lib/python3.12/site-packages/pip/_vendor/cachecontrol) by extensions ['cmake', 'python']
[0.553s] Level 1:colcon.colcon_core.package_identification:_identify(gym_env/lib/python3.12/site-packages/pip/_vendor/cachecontrol) by extension 'cmake'
[0.553s] Level 1:colcon.colcon_core.package_identification:_identify(gym_env/lib/python3.12/site-packages/pip/_vendor/cachecontrol) by extension 'python'
[0.553s] Level 1:colcon.colcon_core.package_identification:_identify(gym_env/lib/python3.12/site-packages/pip/_vendor/cachecontrol) by extensions ['python_setup_py']
[0.554s] Level 1:colcon.colcon_core.package_identification:_identify(gym_env/lib/python3.12/site-packages/pip/_vendor/cachecontrol) by extension 'python_setup_py'
[0.554s] Level 1:colcon.colcon_core.package_identification:_identify(gym_env/lib/python3.12/site-packages/pip/_vendor/cachecontrol/__pycache__) by extensions ['ignore', 'ignore_ament_install']
[0.554s] Level 1:colcon.colcon_core.package_identification:_identify(gym_env/lib/python3.12/site-packages/pip/_vendor/cachecontrol/__pycache__) by extension 'ignore'
[0.554s] Level 1:colcon.colcon_core.package_identification:_identify(gym_env/lib/python3.12/site-packages/pip/_vendor/cachecontrol/__pycache__) by extension 'ignore_ament_install'
[0.554s] Level 1:colcon.colcon_core.package_identification:_identify(gym_env/lib/python3.12/site-packages/pip/_vendor/cachecontrol/__pycache__) by extensions ['colcon_pkg']
[0.554s] Level 1:colcon.colcon_core.package_identification:_identify(gym_env/lib/python3.12/site-packages/pip/_vendor/cachecontrol/__pycache__) by extension 'colcon_pkg'
[0.554s] Level 1:colcon.colcon_core.package_identification:_identify(gym_env/lib/python3.12/site-packages/pip/_vendor/cachecontrol/__pycache__) by extensions ['colcon_meta']
[0.554s] Level 1:colcon.colcon_core.package_identification:_identify(gym_env/lib/python3.12/site-packages/pip/_vendor/cachecontrol/__pycache__) by extension 'colcon_meta'
[0.555s] Level 1:colcon.colcon_core.package_identification:_identify(gym_env/lib/python3.12/site-packages/pip/_vendor/cachecontrol/__pycache__) by extensions ['ros']
[0.555s] Level 1:colcon.colcon_core.package_identification:_identify(gym_env/lib/python3.12/site-packages/pip/_vendor/cachecontrol/__pycache__) by extension 'ros'
[0.555s] Level 1:colcon.colcon_core.package_identification:_identify(gym_env/lib/python3.12/site-packages/pip/_vendor/cachecontrol/__pycache__) by extensions ['cmake', 'python']
[0.555s] Level 1:colcon.colcon_core.package_identification:_identify(gym_env/lib/python3.12/site-packages/pip/_vendor/cachecontrol/__pycache__) by extension 'cmake'
[0.555s] Level 1:colcon.colcon_core.package_identification:_identify(gym_env/lib/python3.12/site-packages/pip/_vendor/cachecontrol/__pycache__) by extension 'python'
[0.555s] Level 1:colcon.colcon_core.package_identification:_identify(gym_env/lib/python3.12/site-packages/pip/_vendor/cachecontrol/__pycache__) by extensions ['python_setup_py']
[0.555s] Level 1:colcon.colcon_core.package_identification:_identify(gym_env/lib/python3.12/site-packages/pip/_vendor/cachecontrol/__pycache__) by extension 'python_setup_py'
[0.555s] Level 1:colcon.colcon_core.package_identification:_identify(gym_env/lib/python3.12/site-packages/pip/_vendor/cachecontrol/caches) by extensions ['ignore', 'ignore_ament_install']
[0.555s] Level 1:colcon.colcon_core.package_identification:_identify(gym_env/lib/python3.12/site-packages/pip/_vendor/cachecontrol/caches) by extension 'ignore'
[0.556s] Level 1:colcon.colcon_core.package_identification:_identify(gym_env/lib/python3.12/site-packages/pip/_vendor/cachecontrol/caches) by extension 'ignore_ament_install'
[0.556s] Level 1:colcon.colcon_core.package_identification:_identify(gym_env/lib/python3.12/site-packages/pip/_vendor/cachecontrol/caches) by extensions ['colcon_pkg']
[0.556s] Level 1:colcon.colcon_core.package_identification:_identify(gym_env/lib/python3.12/site-packages/pip/_vendor/cachecontrol/caches) by extension 'colcon_pkg'
[0.556s] Level 1:colcon.colcon_core.package_identification:_identify(gym_env/lib/python3.12/site-packages/pip/_vendor/cachecontrol/caches) by extensions ['colcon_meta']
[0.556s] Level 1:colcon.colcon_core.package_identification:_identify(gym_env/lib/python3.12/site-packages/pip/_vendor/cachecontrol/caches) by extension 'colcon_meta'
[0.556s] Level 1:colcon.colcon_core.package_identification:_identify(gym_env/lib/python3.12/site-packages/pip/_vendor/cachecontrol/caches) by extensions ['ros']
[0.556s] Level 1:colcon.colcon_core.package_identification:_identify(gym_env/lib/python3.12/site-packages/pip/_vendor/cachecontrol/caches) by extension 'ros'
[0.556s] Level 1:colcon.colcon_core.package_identification:_identify(gym_env/lib/python3.12/site-packages/pip/_vendor/cachecontrol/caches) by extensions ['cmake', 'python']
[0.556s] Level 1:colcon.colcon_core.package_identification:_identify(gym_env/lib/python3.12/site-packages/pip/_vendor/cachecontrol/caches) by extension 'cmake'
[0.556s] Level 1:colcon.colcon_core.package_identification:_identify(gym_env/lib/python3.12/site-packages/pip/_vendor/cachecontrol/caches) by extension 'python'
[0.556s] Level 1:colcon.colcon_core.package_identification:_identify(gym_env/lib/python3.12/site-packages/pip/_vendor/cachecontrol/caches) by extensions ['python_setup_py']
[0.556s] Level 1:colcon.colcon_core.package_identification:_identify(gym_env/lib/python3.12/site-packages/pip/_vendor/cachecontrol/caches) by extension 'python_setup_py'
[0.557s] Level 1:colcon.colcon_core.package_identification:_identify(gym_env/lib/python3.12/site-packages/pip/_vendor/cachecontrol/caches/__pycache__) by extensions ['ignore', 'ignore_ament_install']
[0.557s] Level 1:colcon.colcon_core.package_identification:_identify(gym_env/lib/python3.12/site-packages/pip/_vendor/cachecontrol/caches/__pycache__) by extension 'ignore'
[0.557s] Level 1:colcon.colcon_core.package_identification:_identify(gym_env/lib/python3.12/site-packages/pip/_vendor/cachecontrol/caches/__pycache__) by extension 'ignore_ament_install'
[0.557s] Level 1:colcon.colcon_core.package_identification:_identify(gym_env/lib/python3.12/site-packages/pip/_vendor/cachecontrol/caches/__pycache__) by extensions ['colcon_pkg']
[0.557s] Level 1:colcon.colcon_core.package_identification:_identify(gym_env/lib/python3.12/site-packages/pip/_vendor/cachecontrol/caches/__pycache__) by extension 'colcon_pkg'
[0.557s] Level 1:colcon.colcon_core.package_identification:_identify(gym_env/lib/python3.12/site-packages/pip/_vendor/cachecontrol/caches/__pycache__) by extensions ['colcon_meta']
[0.557s] Level 1:colcon.colcon_core.package_identification:_identify(gym_env/lib/python3.12/site-packages/pip/_vendor/cachecontrol/caches/__pycache__) by extension 'colcon_meta'
[0.557s] Level 1:colcon.colcon_core.package_identification:_identify(gym_env/lib/python3.12/site-packages/pip/_vendor/cachecontrol/caches/__pycache__) by extensions ['ros']
[0.558s] Level 1:colcon.colcon_core.package_identification:_identify(gym_env/lib/python3.12/site-packages/pip/_vendor/cachecontrol/caches/__pycache__) by extension 'ros'
[0.558s] Level 1:colcon.colcon_core.package_identification:_identify(gym_env/lib/python3.12/site-packages/pip/_vendor/cachecontrol/caches/__pycache__) by extensions ['cmake', 'python']
[0.558s] Level 1:colcon.colcon_core.package_identification:_identify(gym_env/lib/python3.12/site-packages/pip/_vendor/cachecontrol/caches/__pycache__) by extension 'cmake'
[0.558s] Level 1:colcon.colcon_core.package_identification:_identify(gym_env/lib/python3.12/site-packages/pip/_vendor/cachecontrol/caches/__pycache__) by extension 'python'
[0.558s] Level 1:colcon.colcon_core.package_identification:_identify(gym_env/lib/python3.12/site-packages/pip/_vendor/cachecontrol/caches/__pycache__) by extensions ['python_setup_py']
[0.558s] Level 1:colcon.colcon_core.package_identification:_identify(gym_env/lib/python3.12/site-packages/pip/_vendor/cachecontrol/caches/__pycache__) by extension 'python_setup_py'
[0.559s] Level 1:colcon.colcon_core.package_identification:_identify(gym_env/lib/python3.12/site-packages/pip/_vendor/certifi) by extensions ['ignore', 'ignore_ament_install']
[0.559s] Level 1:colcon.colcon_core.package_identification:_identify(gym_env/lib/python3.12/site-packages/pip/_vendor/certifi) by extension 'ignore'
[0.559s] Level 1:colcon.colcon_core.package_identification:_identify(gym_env/lib/python3.12/site-packages/pip/_vendor/certifi) by extension 'ignore_ament_install'
[0.559s] Level 1:colcon.colcon_core.package_identification:_identify(gym_env/lib/python3.12/site-packages/pip/_vendor/certifi) by extensions ['colcon_pkg']
[0.559s] Level 1:colcon.colcon_core.package_identification:_identify(gym_env/lib/python3.12/site-packages/pip/_vendor/certifi) by extension 'colcon_pkg'
[0.560s] Level 1:colcon.colcon_core.package_identification:_identify(gym_env/lib/python3.12/site-packages/pip/_vendor/certifi) by extensions ['colcon_meta']
[0.560s] Level 1:colcon.colcon_core.package_identification:_identify(gym_env/lib/python3.12/site-packages/pip/_vendor/certifi) by extension 'colcon_meta'
[0.560s] Level 1:colcon.colcon_core.package_identification:_identify(gym_env/lib/python3.12/site-packages/pip/_vendor/certifi) by extensions ['ros']
[0.560s] Level 1:colcon.colcon_core.package_identification:_identify(gym_env/lib/python3.12/site-packages/pip/_vendor/certifi) by extension 'ros'
[0.560s] Level 1:colcon.colcon_core.package_identification:_identify(gym_env/lib/python3.12/site-packages/pip/_vendor/certifi) by extensions ['cmake', 'python']
[0.561s] Level 1:colcon.colcon_core.package_identification:_identify(gym_env/lib/python3.12/site-packages/pip/_vendor/certifi) by extension 'cmake'
[0.561s] Level 1:colcon.colcon_core.package_identification:_identify(gym_env/lib/python3.12/site-packages/pip/_vendor/certifi) by extension 'python'
[0.561s] Level 1:colcon.colcon_core.package_identification:_identify(gym_env/lib/python3.12/site-packages/pip/_vendor/certifi) by extensions ['python_setup_py']
[0.561s] Level 1:colcon.colcon_core.package_identification:_identify(gym_env/lib/python3.12/site-packages/pip/_vendor/certifi) by extension 'python_setup_py'
[0.561s] Level 1:colcon.colcon_core.package_identification:_identify(gym_env/lib/python3.12/site-packages/pip/_vendor/certifi/__pycache__) by extensions ['ignore', 'ignore_ament_install']
[0.562s] Level 1:colcon.colcon_core.package_identification:_identify(gym_env/lib/python3.12/site-packages/pip/_vendor/certifi/__pycache__) by extension 'ignore'
[0.562s] Level 1:colcon.colcon_core.package_identification:_identify(gym_env/lib/python3.12/site-packages/pip/_vendor/certifi/__pycache__) by extension 'ignore_ament_install'
[0.562s] Level 1:colcon.colcon_core.package_identification:_identify(gym_env/lib/python3.12/site-packages/pip/_vendor/certifi/__pycache__) by extensions ['colcon_pkg']
[0.562s] Level 1:colcon.colcon_core.package_identification:_identify(gym_env/lib/python3.12/site-packages/pip/_vendor/certifi/__pycache__) by extension 'colcon_pkg'
[0.562s] Level 1:colcon.colcon_core.package_identification:_identify(gym_env/lib/python3.12/site-packages/pip/_vendor/certifi/__pycache__) by extensions ['colcon_meta']
[0.562s] Level 1:colcon.colcon_core.package_identification:_identify(gym_env/lib/python3.12/site-packages/pip/_vendor/certifi/__pycache__) by extension 'colcon_meta'
[0.562s] Level 1:colcon.colcon_core.package_identification:_identify(gym_env/lib/python3.12/site-packages/pip/_vendor/certifi/__pycache__) by extensions ['ros']
[0.562s] Level 1:colcon.colcon_core.package_identification:_identify(gym_env/lib/python3.12/site-packages/pip/_vendor/certifi/__pycache__) by extension 'ros'
[0.563s] Level 1:colcon.colcon_core.package_identification:_identify(gym_env/lib/python3.12/site-packages/pip/_vendor/certifi/__pycache__) by extensions ['cmake', 'python']
[0.563s] Level 1:colcon.colcon_core.package_identification:_identify(gym_env/lib/python3.12/site-packages/pip/_vendor/certifi/__pycache__) by extension 'cmake'
[0.563s] Level 1:colcon.colcon_core.package_identification:_identify(gym_env/lib/python3.12/site-packages/pip/_vendor/certifi/__pycache__) by extension 'python'
[0.563s] Level 1:colcon.colcon_core.package_identification:_identify(gym_env/lib/python3.12/site-packages/pip/_vendor/certifi/__pycache__) by extensions ['python_setup_py']
[0.563s] Level 1:colcon.colcon_core.package_identification:_identify(gym_env/lib/python3.12/site-packages/pip/_vendor/certifi/__pycache__) by extension 'python_setup_py'
[0.563s] Level 1:colcon.colcon_core.package_identification:_identify(gym_env/lib/python3.12/site-packages/pip/_vendor/chardet) by extensions ['ignore', 'ignore_ament_install']
[0.563s] Level 1:colcon.colcon_core.package_identification:_identify(gym_env/lib/python3.12/site-packages/pip/_vendor/chardet) by extension 'ignore'
[0.563s] Level 1:colcon.colcon_core.package_identification:_identify(gym_env/lib/python3.12/site-packages/pip/_vendor/chardet) by extension 'ignore_ament_install'
[0.564s] Level 1:colcon.colcon_core.package_identification:_identify(gym_env/lib/python3.12/site-packages/pip/_vendor/chardet) by extensions ['colcon_pkg']
[0.564s] Level 1:colcon.colcon_core.package_identification:_identify(gym_env/lib/python3.12/site-packages/pip/_vendor/chardet) by extension 'colcon_pkg'
[0.564s] Level 1:colcon.colcon_core.package_identification:_identify(gym_env/lib/python3.12/site-packages/pip/_vendor/chardet) by extensions ['colcon_meta']
[0.564s] Level 1:colcon.colcon_core.package_identification:_identify(gym_env/lib/python3.12/site-packages/pip/_vendor/chardet) by extension 'colcon_meta'
[0.564s] Level 1:colcon.colcon_core.package_identification:_identify(gym_env/lib/python3.12/site-packages/pip/_vendor/chardet) by extensions ['ros']
[0.564s] Level 1:colcon.colcon_core.package_identification:_identify(gym_env/lib/python3.12/site-packages/pip/_vendor/chardet) by extension 'ros'
[0.564s] Level 1:colcon.colcon_core.package_identification:_identify(gym_env/lib/python3.12/site-packages/pip/_vendor/chardet) by extensions ['cmake', 'python']
[0.564s] Level 1:colcon.colcon_core.package_identification:_identify(gym_env/lib/python3.12/site-packages/pip/_vendor/chardet) by extension 'cmake'
[0.564s] Level 1:colcon.colcon_core.package_identification:_identify(gym_env/lib/python3.12/site-packages/pip/_vendor/chardet) by extension 'python'
[0.564s] Level 1:colcon.colcon_core.package_identification:_identify(gym_env/lib/python3.12/site-packages/pip/_vendor/chardet) by extensions ['python_setup_py']
[0.564s] Level 1:colcon.colcon_core.package_identification:_identify(gym_env/lib/python3.12/site-packages/pip/_vendor/chardet) by extension 'python_setup_py'
[0.565s] Level 1:colcon.colcon_core.package_identification:_identify(gym_env/lib/python3.12/site-packages/pip/_vendor/chardet/__pycache__) by extensions ['ignore', 'ignore_ament_install']
[0.565s] Level 1:colcon.colcon_core.package_identification:_identify(gym_env/lib/python3.12/site-packages/pip/_vendor/chardet/__pycache__) by extension 'ignore'
[0.565s] Level 1:colcon.colcon_core.package_identification:_identify(gym_env/lib/python3.12/site-packages/pip/_vendor/chardet/__pycache__) by extension 'ignore_ament_install'
[0.565s] Level 1:colcon.colcon_core.package_identification:_identify(gym_env/lib/python3.12/site-packages/pip/_vendor/chardet/__pycache__) by extensions ['colcon_pkg']
[0.565s] Level 1:colcon.colcon_core.package_identification:_identify(gym_env/lib/python3.12/site-packages/pip/_vendor/chardet/__pycache__) by extension 'colcon_pkg'
[0.565s] Level 1:colcon.colcon_core.package_identification:_identify(gym_env/lib/python3.12/site-packages/pip/_vendor/chardet/__pycache__) by extensions ['colcon_meta']
[0.565s] Level 1:colcon.colcon_core.package_identification:_identify(gym_env/lib/python3.12/site-packages/pip/_vendor/chardet/__pycache__) by extension 'colcon_meta'
[0.566s] Level 1:colcon.colcon_core.package_identification:_identify(gym_env/lib/python3.12/site-packages/pip/_vendor/chardet/__pycache__) by extensions ['ros']
[0.566s] Level 1:colcon.colcon_core.package_identification:_identify(gym_env/lib/python3.12/site-packages/pip/_vendor/chardet/__pycache__) by extension 'ros'
[0.566s] Level 1:colcon.colcon_core.package_identification:_identify(gym_env/lib/python3.12/site-packages/pip/_vendor/chardet/__pycache__) by extensions ['cmake', 'python']
[0.566s] Level 1:colcon.colcon_core.package_identification:_identify(gym_env/lib/python3.12/site-packages/pip/_vendor/chardet/__pycache__) by extension 'cmake'
[0.566s] Level 1:colcon.colcon_core.package_identification:_identify(gym_env/lib/python3.12/site-packages/pip/_vendor/chardet/__pycache__) by extension 'python'
[0.566s] Level 1:colcon.colcon_core.package_identification:_identify(gym_env/lib/python3.12/site-packages/pip/_vendor/chardet/__pycache__) by extensions ['python_setup_py']
[0.566s] Level 1:colcon.colcon_core.package_identification:_identify(gym_env/lib/python3.12/site-packages/pip/_vendor/chardet/__pycache__) by extension 'python_setup_py'
[0.566s] Level 1:colcon.colcon_core.package_identification:_identify(gym_env/lib/python3.12/site-packages/pip/_vendor/chardet/cli) by extensions ['ignore', 'ignore_ament_install']
[0.566s] Level 1:colcon.colcon_core.package_identification:_identify(gym_env/lib/python3.12/site-packages/pip/_vendor/chardet/cli) by extension 'ignore'
[0.567s] Level 1:colcon.colcon_core.package_identification:_identify(gym_env/lib/python3.12/site-packages/pip/_vendor/chardet/cli) by extension 'ignore_ament_install'
[0.567s] Level 1:colcon.colcon_core.package_identification:_identify(gym_env/lib/python3.12/site-packages/pip/_vendor/chardet/cli) by extensions ['colcon_pkg']
[0.567s] Level 1:colcon.colcon_core.package_identification:_identify(gym_env/lib/python3.12/site-packages/pip/_vendor/chardet/cli) by extension 'colcon_pkg'
[0.567s] Level 1:colcon.colcon_core.package_identification:_identify(gym_env/lib/python3.12/site-packages/pip/_vendor/chardet/cli) by extensions ['colcon_meta']
[0.567s] Level 1:colcon.colcon_core.package_identification:_identify(gym_env/lib/python3.12/site-packages/pip/_vendor/chardet/cli) by extension 'colcon_meta'
[0.567s] Level 1:colcon.colcon_core.package_identification:_identify(gym_env/lib/python3.12/site-packages/pip/_vendor/chardet/cli) by extensions ['ros']
[0.567s] Level 1:colcon.colcon_core.package_identification:_identify(gym_env/lib/python3.12/site-packages/pip/_vendor/chardet/cli) by extension 'ros'
[0.567s] Level 1:colcon.colcon_core.package_identification:_identify(gym_env/lib/python3.12/site-packages/pip/_vendor/chardet/cli) by extensions ['cmake', 'python']
[0.567s] Level 1:colcon.colcon_core.package_identification:_identify(gym_env/lib/python3.12/site-packages/pip/_vendor/chardet/cli) by extension 'cmake'
[0.567s] Level 1:colcon.colcon_core.package_identification:_identify(gym_env/lib/python3.12/site-packages/pip/_vendor/chardet/cli) by extension 'python'
[0.567s] Level 1:colcon.colcon_core.package_identification:_identify(gym_env/lib/python3.12/site-packages/pip/_vendor/chardet/cli) by extensions ['python_setup_py']
[0.568s] Level 1:colcon.colcon_core.package_identification:_identify(gym_env/lib/python3.12/site-packages/pip/_vendor/chardet/cli) by extension 'python_setup_py'
[0.568s] Level 1:colcon.colcon_core.package_identification:_identify(gym_env/lib/python3.12/site-packages/pip/_vendor/chardet/cli/__pycache__) by extensions ['ignore', 'ignore_ament_install']
[0.568s] Level 1:colcon.colcon_core.package_identification:_identify(gym_env/lib/python3.12/site-packages/pip/_vendor/chardet/cli/__pycache__) by extension 'ignore'
[0.568s] Level 1:colcon.colcon_core.package_identification:_identify(gym_env/lib/python3.12/site-packages/pip/_vendor/chardet/cli/__pycache__) by extension 'ignore_ament_install'
[0.568s] Level 1:colcon.colcon_core.package_identification:_identify(gym_env/lib/python3.12/site-packages/pip/_vendor/chardet/cli/__pycache__) by extensions ['colcon_pkg']
[0.568s] Level 1:colcon.colcon_core.package_identification:_identify(gym_env/lib/python3.12/site-packages/pip/_vendor/chardet/cli/__pycache__) by extension 'colcon_pkg'
[0.568s] Level 1:colcon.colcon_core.package_identification:_identify(gym_env/lib/python3.12/site-packages/pip/_vendor/chardet/cli/__pycache__) by extensions ['colcon_meta']
[0.568s] Level 1:colcon.colcon_core.package_identification:_identify(gym_env/lib/python3.12/site-packages/pip/_vendor/chardet/cli/__pycache__) by extension 'colcon_meta'
[0.569s] Level 1:colcon.colcon_core.package_identification:_identify(gym_env/lib/python3.12/site-packages/pip/_vendor/chardet/cli/__pycache__) by extensions ['ros']
[0.569s] Level 1:colcon.colcon_core.package_identification:_identify(gym_env/lib/python3.12/site-packages/pip/_vendor/chardet/cli/__pycache__) by extension 'ros'
[0.569s] Level 1:colcon.colcon_core.package_identification:_identify(gym_env/lib/python3.12/site-packages/pip/_vendor/chardet/cli/__pycache__) by extensions ['cmake', 'python']
[0.569s] Level 1:colcon.colcon_core.package_identification:_identify(gym_env/lib/python3.12/site-packages/pip/_vendor/chardet/cli/__pycache__) by extension 'cmake'
[0.569s] Level 1:colcon.colcon_core.package_identification:_identify(gym_env/lib/python3.12/site-packages/pip/_vendor/chardet/cli/__pycache__) by extension 'python'
[0.569s] Level 1:colcon.colcon_core.package_identification:_identify(gym_env/lib/python3.12/site-packages/pip/_vendor/chardet/cli/__pycache__) by extensions ['python_setup_py']
[0.569s] Level 1:colcon.colcon_core.package_identification:_identify(gym_env/lib/python3.12/site-packages/pip/_vendor/chardet/cli/__pycache__) by extension 'python_setup_py'
[0.569s] Level 1:colcon.colcon_core.package_identification:_identify(gym_env/lib/python3.12/site-packages/pip/_vendor/chardet/metadata) by extensions ['ignore', 'ignore_ament_install']
[0.569s] Level 1:colcon.colcon_core.package_identification:_identify(gym_env/lib/python3.12/site-packages/pip/_vendor/chardet/metadata) by extension 'ignore'
[0.570s] Level 1:colcon.colcon_core.package_identification:_identify(gym_env/lib/python3.12/site-packages/pip/_vendor/chardet/metadata) by extension 'ignore_ament_install'
[0.570s] Level 1:colcon.colcon_core.package_identification:_identify(gym_env/lib/python3.12/site-packages/pip/_vendor/chardet/metadata) by extensions ['colcon_pkg']
[0.570s] Level 1:colcon.colcon_core.package_identification:_identify(gym_env/lib/python3.12/site-packages/pip/_vendor/chardet/metadata) by extension 'colcon_pkg'
[0.570s] Level 1:colcon.colcon_core.package_identification:_identify(gym_env/lib/python3.12/site-packages/pip/_vendor/chardet/metadata) by extensions ['colcon_meta']
[0.570s] Level 1:colcon.colcon_core.package_identification:_identify(gym_env/lib/python3.12/site-packages/pip/_vendor/chardet/metadata) by extension 'colcon_meta'
[0.570s] Level 1:colcon.colcon_core.package_identification:_identify(gym_env/lib/python3.12/site-packages/pip/_vendor/chardet/metadata) by extensions ['ros']
[0.570s] Level 1:colcon.colcon_core.package_identification:_identify(gym_env/lib/python3.12/site-packages/pip/_vendor/chardet/metadata) by extension 'ros'
[0.570s] Level 1:colcon.colcon_core.package_identification:_identify(gym_env/lib/python3.12/site-packages/pip/_vendor/chardet/metadata) by extensions ['cmake', 'python']
[0.570s] Level 1:colcon.colcon_core.package_identification:_identify(gym_env/lib/python3.12/site-packages/pip/_vendor/chardet/metadata) by extension 'cmake'
[0.570s] Level 1:colcon.colcon_core.package_identification:_identify(gym_env/lib/python3.12/site-packages/pip/_vendor/chardet/metadata) by extension 'python'
[0.571s] Level 1:colcon.colcon_core.package_identification:_identify(gym_env/lib/python3.12/site-packages/pip/_vendor/chardet/metadata) by extensions ['python_setup_py']
[0.571s] Level 1:colcon.colcon_core.package_identification:_identify(gym_env/lib/python3.12/site-packages/pip/_vendor/chardet/metadata) by extension 'python_setup_py'
[0.571s] Level 1:colcon.colcon_core.package_identification:_identify(gym_env/lib/python3.12/site-packages/pip/_vendor/chardet/metadata/__pycache__) by extensions ['ignore', 'ignore_ament_install']
[0.571s] Level 1:colcon.colcon_core.package_identification:_identify(gym_env/lib/python3.12/site-packages/pip/_vendor/chardet/metadata/__pycache__) by extension 'ignore'
[0.571s] Level 1:colcon.colcon_core.package_identification:_identify(gym_env/lib/python3.12/site-packages/pip/_vendor/chardet/metadata/__pycache__) by extension 'ignore_ament_install'
[0.571s] Level 1:colcon.colcon_core.package_identification:_identify(gym_env/lib/python3.12/site-packages/pip/_vendor/chardet/metadata/__pycache__) by extensions ['colcon_pkg']
[0.571s] Level 1:colcon.colcon_core.package_identification:_identify(gym_env/lib/python3.12/site-packages/pip/_vendor/chardet/metadata/__pycache__) by extension 'colcon_pkg'
[0.571s] Level 1:colcon.colcon_core.package_identification:_identify(gym_env/lib/python3.12/site-packages/pip/_vendor/chardet/metadata/__pycache__) by extensions ['colcon_meta']
[0.571s] Level 1:colcon.colcon_core.package_identification:_identify(gym_env/lib/python3.12/site-packages/pip/_vendor/chardet/metadata/__pycache__) by extension 'colcon_meta'
[0.572s] Level 1:colcon.colcon_core.package_identification:_identify(gym_env/lib/python3.12/site-packages/pip/_vendor/chardet/metadata/__pycache__) by extensions ['ros']
[0.572s] Level 1:colcon.colcon_core.package_identification:_identify(gym_env/lib/python3.12/site-packages/pip/_vendor/chardet/metadata/__pycache__) by extension 'ros'
[0.572s] Level 1:colcon.colcon_core.package_identification:_identify(gym_env/lib/python3.12/site-packages/pip/_vendor/chardet/metadata/__pycache__) by extensions ['cmake', 'python']
[0.572s] Level 1:colcon.colcon_core.package_identification:_identify(gym_env/lib/python3.12/site-packages/pip/_vendor/chardet/metadata/__pycache__) by extension 'cmake'
[0.572s] Level 1:colcon.colcon_core.package_identification:_identify(gym_env/lib/python3.12/site-packages/pip/_vendor/chardet/metadata/__pycache__) by extension 'python'
[0.572s] Level 1:colcon.colcon_core.package_identification:_identify(gym_env/lib/python3.12/site-packages/pip/_vendor/chardet/metadata/__pycache__) by extensions ['python_setup_py']
[0.572s] Level 1:colcon.colcon_core.package_identification:_identify(gym_env/lib/python3.12/site-packages/pip/_vendor/chardet/metadata/__pycache__) by extension 'python_setup_py'
[0.572s] Level 1:colcon.colcon_core.package_identification:_identify(gym_env/lib/python3.12/site-packages/pip/_vendor/colorama) by extensions ['ignore', 'ignore_ament_install']
[0.572s] Level 1:colcon.colcon_core.package_identification:_identify(gym_env/lib/python3.12/site-packages/pip/_vendor/colorama) by extension 'ignore'
[0.573s] Level 1:colcon.colcon_core.package_identification:_identify(gym_env/lib/python3.12/site-packages/pip/_vendor/colorama) by extension 'ignore_ament_install'
[0.573s] Level 1:colcon.colcon_core.package_identification:_identify(gym_env/lib/python3.12/site-packages/pip/_vendor/colorama) by extensions ['colcon_pkg']
[0.573s] Level 1:colcon.colcon_core.package_identification:_identify(gym_env/lib/python3.12/site-packages/pip/_vendor/colorama) by extension 'colcon_pkg'
[0.573s] Level 1:colcon.colcon_core.package_identification:_identify(gym_env/lib/python3.12/site-packages/pip/_vendor/colorama) by extensions ['colcon_meta']
[0.573s] Level 1:colcon.colcon_core.package_identification:_identify(gym_env/lib/python3.12/site-packages/pip/_vendor/colorama) by extension 'colcon_meta'
[0.573s] Level 1:colcon.colcon_core.package_identification:_identify(gym_env/lib/python3.12/site-packages/pip/_vendor/colorama) by extensions ['ros']
[0.573s] Level 1:colcon.colcon_core.package_identification:_identify(gym_env/lib/python3.12/site-packages/pip/_vendor/colorama) by extension 'ros'
[0.573s] Level 1:colcon.colcon_core.package_identification:_identify(gym_env/lib/python3.12/site-packages/pip/_vendor/colorama) by extensions ['cmake', 'python']
[0.573s] Level 1:colcon.colcon_core.package_identification:_identify(gym_env/lib/python3.12/site-packages/pip/_vendor/colorama) by extension 'cmake'
[0.573s] Level 1:colcon.colcon_core.package_identification:_identify(gym_env/lib/python3.12/site-packages/pip/_vendor/colorama) by extension 'python'
[0.573s] Level 1:colcon.colcon_core.package_identification:_identify(gym_env/lib/python3.12/site-packages/pip/_vendor/colorama) by extensions ['python_setup_py']
[0.573s] Level 1:colcon.colcon_core.package_identification:_identify(gym_env/lib/python3.12/site-packages/pip/_vendor/colorama) by extension 'python_setup_py'
[0.574s] Level 1:colcon.colcon_core.package_identification:_identify(gym_env/lib/python3.12/site-packages/pip/_vendor/colorama/__pycache__) by extensions ['ignore', 'ignore_ament_install']
[0.574s] Level 1:colcon.colcon_core.package_identification:_identify(gym_env/lib/python3.12/site-packages/pip/_vendor/colorama/__pycache__) by extension 'ignore'
[0.574s] Level 1:colcon.colcon_core.package_identification:_identify(gym_env/lib/python3.12/site-packages/pip/_vendor/colorama/__pycache__) by extension 'ignore_ament_install'
[0.574s] Level 1:colcon.colcon_core.package_identification:_identify(gym_env/lib/python3.12/site-packages/pip/_vendor/colorama/__pycache__) by extensions ['colcon_pkg']
[0.574s] Level 1:colcon.colcon_core.package_identification:_identify(gym_env/lib/python3.12/site-packages/pip/_vendor/colorama/__pycache__) by extension 'colcon_pkg'
[0.574s] Level 1:colcon.colcon_core.package_identification:_identify(gym_env/lib/python3.12/site-packages/pip/_vendor/colorama/__pycache__) by extensions ['colcon_meta']
[0.574s] Level 1:colcon.colcon_core.package_identification:_identify(gym_env/lib/python3.12/site-packages/pip/_vendor/colorama/__pycache__) by extension 'colcon_meta'
[0.575s] Level 1:colcon.colcon_core.package_identification:_identify(gym_env/lib/python3.12/site-packages/pip/_vendor/colorama/__pycache__) by extensions ['ros']
[0.575s] Level 1:colcon.colcon_core.package_identification:_identify(gym_env/lib/python3.12/site-packages/pip/_vendor/colorama/__pycache__) by extension 'ros'
[0.575s] Level 1:colcon.colcon_core.package_identification:_identify(gym_env/lib/python3.12/site-packages/pip/_vendor/colorama/__pycache__) by extensions ['cmake', 'python']
[0.575s] Level 1:colcon.colcon_core.package_identification:_identify(gym_env/lib/python3.12/site-packages/pip/_vendor/colorama/__pycache__) by extension 'cmake'
[0.575s] Level 1:colcon.colcon_core.package_identification:_identify(gym_env/lib/python3.12/site-packages/pip/_vendor/colorama/__pycache__) by extension 'python'
[0.575s] Level 1:colcon.colcon_core.package_identification:_identify(gym_env/lib/python3.12/site-packages/pip/_vendor/colorama/__pycache__) by extensions ['python_setup_py']
[0.576s] Level 1:colcon.colcon_core.package_identification:_identify(gym_env/lib/python3.12/site-packages/pip/_vendor/colorama/__pycache__) by extension 'python_setup_py'
[0.576s] Level 1:colcon.colcon_core.package_identification:_identify(gym_env/lib/python3.12/site-packages/pip/_vendor/colorama/tests) by extensions ['ignore', 'ignore_ament_install']
[0.576s] Level 1:colcon.colcon_core.package_identification:_identify(gym_env/lib/python3.12/site-packages/pip/_vendor/colorama/tests) by extension 'ignore'
[0.576s] Level 1:colcon.colcon_core.package_identification:_identify(gym_env/lib/python3.12/site-packages/pip/_vendor/colorama/tests) by extension 'ignore_ament_install'
[0.577s] Level 1:colcon.colcon_core.package_identification:_identify(gym_env/lib/python3.12/site-packages/pip/_vendor/colorama/tests) by extensions ['colcon_pkg']
[0.577s] Level 1:colcon.colcon_core.package_identification:_identify(gym_env/lib/python3.12/site-packages/pip/_vendor/colorama/tests) by extension 'colcon_pkg'
[0.577s] Level 1:colcon.colcon_core.package_identification:_identify(gym_env/lib/python3.12/site-packages/pip/_vendor/colorama/tests) by extensions ['colcon_meta']
[0.577s] Level 1:colcon.colcon_core.package_identification:_identify(gym_env/lib/python3.12/site-packages/pip/_vendor/colorama/tests) by extension 'colcon_meta'
[0.577s] Level 1:colcon.colcon_core.package_identification:_identify(gym_env/lib/python3.12/site-packages/pip/_vendor/colorama/tests) by extensions ['ros']
[0.577s] Level 1:colcon.colcon_core.package_identification:_identify(gym_env/lib/python3.12/site-packages/pip/_vendor/colorama/tests) by extension 'ros'
[0.577s] Level 1:colcon.colcon_core.package_identification:_identify(gym_env/lib/python3.12/site-packages/pip/_vendor/colorama/tests) by extensions ['cmake', 'python']
[0.578s] Level 1:colcon.colcon_core.package_identification:_identify(gym_env/lib/python3.12/site-packages/pip/_vendor/colorama/tests) by extension 'cmake'
[0.578s] Level 1:colcon.colcon_core.package_identification:_identify(gym_env/lib/python3.12/site-packages/pip/_vendor/colorama/tests) by extension 'python'
[0.578s] Level 1:colcon.colcon_core.package_identification:_identify(gym_env/lib/python3.12/site-packages/pip/_vendor/colorama/tests) by extensions ['python_setup_py']
[0.578s] Level 1:colcon.colcon_core.package_identification:_identify(gym_env/lib/python3.12/site-packages/pip/_vendor/colorama/tests) by extension 'python_setup_py'
[0.578s] Level 1:colcon.colcon_core.package_identification:_identify(gym_env/lib/python3.12/site-packages/pip/_vendor/colorama/tests/__pycache__) by extensions ['ignore', 'ignore_ament_install']
[0.578s] Level 1:colcon.colcon_core.package_identification:_identify(gym_env/lib/python3.12/site-packages/pip/_vendor/colorama/tests/__pycache__) by extension 'ignore'
[0.578s] Level 1:colcon.colcon_core.package_identification:_identify(gym_env/lib/python3.12/site-packages/pip/_vendor/colorama/tests/__pycache__) by extension 'ignore_ament_install'
[0.579s] Level 1:colcon.colcon_core.package_identification:_identify(gym_env/lib/python3.12/site-packages/pip/_vendor/colorama/tests/__pycache__) by extensions ['colcon_pkg']
[0.579s] Level 1:colcon.colcon_core.package_identification:_identify(gym_env/lib/python3.12/site-packages/pip/_vendor/colorama/tests/__pycache__) by extension 'colcon_pkg'
[0.579s] Level 1:colcon.colcon_core.package_identification:_identify(gym_env/lib/python3.12/site-packages/pip/_vendor/colorama/tests/__pycache__) by extensions ['colcon_meta']
[0.579s] Level 1:colcon.colcon_core.package_identification:_identify(gym_env/lib/python3.12/site-packages/pip/_vendor/colorama/tests/__pycache__) by extension 'colcon_meta'
[0.579s] Level 1:colcon.colcon_core.package_identification:_identify(gym_env/lib/python3.12/site-packages/pip/_vendor/colorama/tests/__pycache__) by extensions ['ros']
[0.579s] Level 1:colcon.colcon_core.package_identification:_identify(gym_env/lib/python3.12/site-packages/pip/_vendor/colorama/tests/__pycache__) by extension 'ros'
[0.579s] Level 1:colcon.colcon_core.package_identification:_identify(gym_env/lib/python3.12/site-packages/pip/_vendor/colorama/tests/__pycache__) by extensions ['cmake', 'python']
[0.579s] Level 1:colcon.colcon_core.package_identification:_identify(gym_env/lib/python3.12/site-packages/pip/_vendor/colorama/tests/__pycache__) by extension 'cmake'
[0.579s] Level 1:colcon.colcon_core.package_identification:_identify(gym_env/lib/python3.12/site-packages/pip/_vendor/colorama/tests/__pycache__) by extension 'python'
[0.579s] Level 1:colcon.colcon_core.package_identification:_identify(gym_env/lib/python3.12/site-packages/pip/_vendor/colorama/tests/__pycache__) by extensions ['python_setup_py']
[0.579s] Level 1:colcon.colcon_core.package_identification:_identify(gym_env/lib/python3.12/site-packages/pip/_vendor/colorama/tests/__pycache__) by extension 'python_setup_py'
[0.580s] Level 1:colcon.colcon_core.package_identification:_identify(gym_env/lib/python3.12/site-packages/pip/_vendor/distlib) by extensions ['ignore', 'ignore_ament_install']
[0.580s] Level 1:colcon.colcon_core.package_identification:_identify(gym_env/lib/python3.12/site-packages/pip/_vendor/distlib) by extension 'ignore'
[0.580s] Level 1:colcon.colcon_core.package_identification:_identify(gym_env/lib/python3.12/site-packages/pip/_vendor/distlib) by extension 'ignore_ament_install'
[0.580s] Level 1:colcon.colcon_core.package_identification:_identify(gym_env/lib/python3.12/site-packages/pip/_vendor/distlib) by extensions ['colcon_pkg']
[0.580s] Level 1:colcon.colcon_core.package_identification:_identify(gym_env/lib/python3.12/site-packages/pip/_vendor/distlib) by extension 'colcon_pkg'
[0.580s] Level 1:colcon.colcon_core.package_identification:_identify(gym_env/lib/python3.12/site-packages/pip/_vendor/distlib) by extensions ['colcon_meta']
[0.580s] Level 1:colcon.colcon_core.package_identification:_identify(gym_env/lib/python3.12/site-packages/pip/_vendor/distlib) by extension 'colcon_meta'
[0.580s] Level 1:colcon.colcon_core.package_identification:_identify(gym_env/lib/python3.12/site-packages/pip/_vendor/distlib) by extensions ['ros']
[0.581s] Level 1:colcon.colcon_core.package_identification:_identify(gym_env/lib/python3.12/site-packages/pip/_vendor/distlib) by extension 'ros'
[0.581s] Level 1:colcon.colcon_core.package_identification:_identify(gym_env/lib/python3.12/site-packages/pip/_vendor/distlib) by extensions ['cmake', 'python']
[0.581s] Level 1:colcon.colcon_core.package_identification:_identify(gym_env/lib/python3.12/site-packages/pip/_vendor/distlib) by extension 'cmake'
[0.581s] Level 1:colcon.colcon_core.package_identification:_identify(gym_env/lib/python3.12/site-packages/pip/_vendor/distlib) by extension 'python'
[0.581s] Level 1:colcon.colcon_core.package_identification:_identify(gym_env/lib/python3.12/site-packages/pip/_vendor/distlib) by extensions ['python_setup_py']
[0.581s] Level 1:colcon.colcon_core.package_identification:_identify(gym_env/lib/python3.12/site-packages/pip/_vendor/distlib) by extension 'python_setup_py'
[0.581s] Level 1:colcon.colcon_core.package_identification:_identify(gym_env/lib/python3.12/site-packages/pip/_vendor/distlib/__pycache__) by extensions ['ignore', 'ignore_ament_install']
[0.581s] Level 1:colcon.colcon_core.package_identification:_identify(gym_env/lib/python3.12/site-packages/pip/_vendor/distlib/__pycache__) by extension 'ignore'
[0.582s] Level 1:colcon.colcon_core.package_identification:_identify(gym_env/lib/python3.12/site-packages/pip/_vendor/distlib/__pycache__) by extension 'ignore_ament_install'
[0.582s] Level 1:colcon.colcon_core.package_identification:_identify(gym_env/lib/python3.12/site-packages/pip/_vendor/distlib/__pycache__) by extensions ['colcon_pkg']
[0.582s] Level 1:colcon.colcon_core.package_identification:_identify(gym_env/lib/python3.12/site-packages/pip/_vendor/distlib/__pycache__) by extension 'colcon_pkg'
[0.582s] Level 1:colcon.colcon_core.package_identification:_identify(gym_env/lib/python3.12/site-packages/pip/_vendor/distlib/__pycache__) by extensions ['colcon_meta']
[0.582s] Level 1:colcon.colcon_core.package_identification:_identify(gym_env/lib/python3.12/site-packages/pip/_vendor/distlib/__pycache__) by extension 'colcon_meta'
[0.582s] Level 1:colcon.colcon_core.package_identification:_identify(gym_env/lib/python3.12/site-packages/pip/_vendor/distlib/__pycache__) by extensions ['ros']
[0.582s] Level 1:colcon.colcon_core.package_identification:_identify(gym_env/lib/python3.12/site-packages/pip/_vendor/distlib/__pycache__) by extension 'ros'
[0.582s] Level 1:colcon.colcon_core.package_identification:_identify(gym_env/lib/python3.12/site-packages/pip/_vendor/distlib/__pycache__) by extensions ['cmake', 'python']
[0.582s] Level 1:colcon.colcon_core.package_identification:_identify(gym_env/lib/python3.12/site-packages/pip/_vendor/distlib/__pycache__) by extension 'cmake'
[0.582s] Level 1:colcon.colcon_core.package_identification:_identify(gym_env/lib/python3.12/site-packages/pip/_vendor/distlib/__pycache__) by extension 'python'
[0.582s] Level 1:colcon.colcon_core.package_identification:_identify(gym_env/lib/python3.12/site-packages/pip/_vendor/distlib/__pycache__) by extensions ['python_setup_py']
[0.583s] Level 1:colcon.colcon_core.package_identification:_identify(gym_env/lib/python3.12/site-packages/pip/_vendor/distlib/__pycache__) by extension 'python_setup_py'
[0.583s] Level 1:colcon.colcon_core.package_identification:_identify(gym_env/lib/python3.12/site-packages/pip/_vendor/distro) by extensions ['ignore', 'ignore_ament_install']
[0.583s] Level 1:colcon.colcon_core.package_identification:_identify(gym_env/lib/python3.12/site-packages/pip/_vendor/distro) by extension 'ignore'
[0.583s] Level 1:colcon.colcon_core.package_identification:_identify(gym_env/lib/python3.12/site-packages/pip/_vendor/distro) by extension 'ignore_ament_install'
[0.583s] Level 1:colcon.colcon_core.package_identification:_identify(gym_env/lib/python3.12/site-packages/pip/_vendor/distro) by extensions ['colcon_pkg']
[0.583s] Level 1:colcon.colcon_core.package_identification:_identify(gym_env/lib/python3.12/site-packages/pip/_vendor/distro) by extension 'colcon_pkg'
[0.583s] Level 1:colcon.colcon_core.package_identification:_identify(gym_env/lib/python3.12/site-packages/pip/_vendor/distro) by extensions ['colcon_meta']
[0.583s] Level 1:colcon.colcon_core.package_identification:_identify(gym_env/lib/python3.12/site-packages/pip/_vendor/distro) by extension 'colcon_meta'
[0.583s] Level 1:colcon.colcon_core.package_identification:_identify(gym_env/lib/python3.12/site-packages/pip/_vendor/distro) by extensions ['ros']
[0.584s] Level 1:colcon.colcon_core.package_identification:_identify(gym_env/lib/python3.12/site-packages/pip/_vendor/distro) by extension 'ros'
[0.584s] Level 1:colcon.colcon_core.package_identification:_identify(gym_env/lib/python3.12/site-packages/pip/_vendor/distro) by extensions ['cmake', 'python']
[0.584s] Level 1:colcon.colcon_core.package_identification:_identify(gym_env/lib/python3.12/site-packages/pip/_vendor/distro) by extension 'cmake'
[0.584s] Level 1:colcon.colcon_core.package_identification:_identify(gym_env/lib/python3.12/site-packages/pip/_vendor/distro) by extension 'python'
[0.584s] Level 1:colcon.colcon_core.package_identification:_identify(gym_env/lib/python3.12/site-packages/pip/_vendor/distro) by extensions ['python_setup_py']
[0.584s] Level 1:colcon.colcon_core.package_identification:_identify(gym_env/lib/python3.12/site-packages/pip/_vendor/distro) by extension 'python_setup_py'
[0.584s] Level 1:colcon.colcon_core.package_identification:_identify(gym_env/lib/python3.12/site-packages/pip/_vendor/distro/__pycache__) by extensions ['ignore', 'ignore_ament_install']
[0.584s] Level 1:colcon.colcon_core.package_identification:_identify(gym_env/lib/python3.12/site-packages/pip/_vendor/distro/__pycache__) by extension 'ignore'
[0.585s] Level 1:colcon.colcon_core.package_identification:_identify(gym_env/lib/python3.12/site-packages/pip/_vendor/distro/__pycache__) by extension 'ignore_ament_install'
[0.585s] Level 1:colcon.colcon_core.package_identification:_identify(gym_env/lib/python3.12/site-packages/pip/_vendor/distro/__pycache__) by extensions ['colcon_pkg']
[0.585s] Level 1:colcon.colcon_core.package_identification:_identify(gym_env/lib/python3.12/site-packages/pip/_vendor/distro/__pycache__) by extension 'colcon_pkg'
[0.585s] Level 1:colcon.colcon_core.package_identification:_identify(gym_env/lib/python3.12/site-packages/pip/_vendor/distro/__pycache__) by extensions ['colcon_meta']
[0.585s] Level 1:colcon.colcon_core.package_identification:_identify(gym_env/lib/python3.12/site-packages/pip/_vendor/distro/__pycache__) by extension 'colcon_meta'
[0.585s] Level 1:colcon.colcon_core.package_identification:_identify(gym_env/lib/python3.12/site-packages/pip/_vendor/distro/__pycache__) by extensions ['ros']
[0.585s] Level 1:colcon.colcon_core.package_identification:_identify(gym_env/lib/python3.12/site-packages/pip/_vendor/distro/__pycache__) by extension 'ros'
[0.585s] Level 1:colcon.colcon_core.package_identification:_identify(gym_env/lib/python3.12/site-packages/pip/_vendor/distro/__pycache__) by extensions ['cmake', 'python']
[0.585s] Level 1:colcon.colcon_core.package_identification:_identify(gym_env/lib/python3.12/site-packages/pip/_vendor/distro/__pycache__) by extension 'cmake'
[0.585s] Level 1:colcon.colcon_core.package_identification:_identify(gym_env/lib/python3.12/site-packages/pip/_vendor/distro/__pycache__) by extension 'python'
[0.585s] Level 1:colcon.colcon_core.package_identification:_identify(gym_env/lib/python3.12/site-packages/pip/_vendor/distro/__pycache__) by extensions ['python_setup_py']
[0.586s] Level 1:colcon.colcon_core.package_identification:_identify(gym_env/lib/python3.12/site-packages/pip/_vendor/distro/__pycache__) by extension 'python_setup_py'
[0.586s] Level 1:colcon.colcon_core.package_identification:_identify(gym_env/lib/python3.12/site-packages/pip/_vendor/idna) by extensions ['ignore', 'ignore_ament_install']
[0.586s] Level 1:colcon.colcon_core.package_identification:_identify(gym_env/lib/python3.12/site-packages/pip/_vendor/idna) by extension 'ignore'
[0.586s] Level 1:colcon.colcon_core.package_identification:_identify(gym_env/lib/python3.12/site-packages/pip/_vendor/idna) by extension 'ignore_ament_install'
[0.586s] Level 1:colcon.colcon_core.package_identification:_identify(gym_env/lib/python3.12/site-packages/pip/_vendor/idna) by extensions ['colcon_pkg']
[0.586s] Level 1:colcon.colcon_core.package_identification:_identify(gym_env/lib/python3.12/site-packages/pip/_vendor/idna) by extension 'colcon_pkg'
[0.586s] Level 1:colcon.colcon_core.package_identification:_identify(gym_env/lib/python3.12/site-packages/pip/_vendor/idna) by extensions ['colcon_meta']
[0.586s] Level 1:colcon.colcon_core.package_identification:_identify(gym_env/lib/python3.12/site-packages/pip/_vendor/idna) by extension 'colcon_meta'
[0.586s] Level 1:colcon.colcon_core.package_identification:_identify(gym_env/lib/python3.12/site-packages/pip/_vendor/idna) by extensions ['ros']
[0.586s] Level 1:colcon.colcon_core.package_identification:_identify(gym_env/lib/python3.12/site-packages/pip/_vendor/idna) by extension 'ros'
[0.587s] Level 1:colcon.colcon_core.package_identification:_identify(gym_env/lib/python3.12/site-packages/pip/_vendor/idna) by extensions ['cmake', 'python']
[0.587s] Level 1:colcon.colcon_core.package_identification:_identify(gym_env/lib/python3.12/site-packages/pip/_vendor/idna) by extension 'cmake'
[0.587s] Level 1:colcon.colcon_core.package_identification:_identify(gym_env/lib/python3.12/site-packages/pip/_vendor/idna) by extension 'python'
[0.587s] Level 1:colcon.colcon_core.package_identification:_identify(gym_env/lib/python3.12/site-packages/pip/_vendor/idna) by extensions ['python_setup_py']
[0.587s] Level 1:colcon.colcon_core.package_identification:_identify(gym_env/lib/python3.12/site-packages/pip/_vendor/idna) by extension 'python_setup_py'
[0.587s] Level 1:colcon.colcon_core.package_identification:_identify(gym_env/lib/python3.12/site-packages/pip/_vendor/idna/__pycache__) by extensions ['ignore', 'ignore_ament_install']
[0.587s] Level 1:colcon.colcon_core.package_identification:_identify(gym_env/lib/python3.12/site-packages/pip/_vendor/idna/__pycache__) by extension 'ignore'
[0.587s] Level 1:colcon.colcon_core.package_identification:_identify(gym_env/lib/python3.12/site-packages/pip/_vendor/idna/__pycache__) by extension 'ignore_ament_install'
[0.588s] Level 1:colcon.colcon_core.package_identification:_identify(gym_env/lib/python3.12/site-packages/pip/_vendor/idna/__pycache__) by extensions ['colcon_pkg']
[0.588s] Level 1:colcon.colcon_core.package_identification:_identify(gym_env/lib/python3.12/site-packages/pip/_vendor/idna/__pycache__) by extension 'colcon_pkg'
[0.588s] Level 1:colcon.colcon_core.package_identification:_identify(gym_env/lib/python3.12/site-packages/pip/_vendor/idna/__pycache__) by extensions ['colcon_meta']
[0.588s] Level 1:colcon.colcon_core.package_identification:_identify(gym_env/lib/python3.12/site-packages/pip/_vendor/idna/__pycache__) by extension 'colcon_meta'
[0.588s] Level 1:colcon.colcon_core.package_identification:_identify(gym_env/lib/python3.12/site-packages/pip/_vendor/idna/__pycache__) by extensions ['ros']
[0.588s] Level 1:colcon.colcon_core.package_identification:_identify(gym_env/lib/python3.12/site-packages/pip/_vendor/idna/__pycache__) by extension 'ros'
[0.588s] Level 1:colcon.colcon_core.package_identification:_identify(gym_env/lib/python3.12/site-packages/pip/_vendor/idna/__pycache__) by extensions ['cmake', 'python']
[0.588s] Level 1:colcon.colcon_core.package_identification:_identify(gym_env/lib/python3.12/site-packages/pip/_vendor/idna/__pycache__) by extension 'cmake'
[0.588s] Level 1:colcon.colcon_core.package_identification:_identify(gym_env/lib/python3.12/site-packages/pip/_vendor/idna/__pycache__) by extension 'python'
[0.588s] Level 1:colcon.colcon_core.package_identification:_identify(gym_env/lib/python3.12/site-packages/pip/_vendor/idna/__pycache__) by extensions ['python_setup_py']
[0.588s] Level 1:colcon.colcon_core.package_identification:_identify(gym_env/lib/python3.12/site-packages/pip/_vendor/idna/__pycache__) by extension 'python_setup_py'
[0.589s] Level 1:colcon.colcon_core.package_identification:_identify(gym_env/lib/python3.12/site-packages/pip/_vendor/msgpack) by extensions ['ignore', 'ignore_ament_install']
[0.589s] Level 1:colcon.colcon_core.package_identification:_identify(gym_env/lib/python3.12/site-packages/pip/_vendor/msgpack) by extension 'ignore'
[0.589s] Level 1:colcon.colcon_core.package_identification:_identify(gym_env/lib/python3.12/site-packages/pip/_vendor/msgpack) by extension 'ignore_ament_install'
[0.589s] Level 1:colcon.colcon_core.package_identification:_identify(gym_env/lib/python3.12/site-packages/pip/_vendor/msgpack) by extensions ['colcon_pkg']
[0.589s] Level 1:colcon.colcon_core.package_identification:_identify(gym_env/lib/python3.12/site-packages/pip/_vendor/msgpack) by extension 'colcon_pkg'
[0.589s] Level 1:colcon.colcon_core.package_identification:_identify(gym_env/lib/python3.12/site-packages/pip/_vendor/msgpack) by extensions ['colcon_meta']
[0.589s] Level 1:colcon.colcon_core.package_identification:_identify(gym_env/lib/python3.12/site-packages/pip/_vendor/msgpack) by extension 'colcon_meta'
[0.589s] Level 1:colcon.colcon_core.package_identification:_identify(gym_env/lib/python3.12/site-packages/pip/_vendor/msgpack) by extensions ['ros']
[0.590s] Level 1:colcon.colcon_core.package_identification:_identify(gym_env/lib/python3.12/site-packages/pip/_vendor/msgpack) by extension 'ros'
[0.590s] Level 1:colcon.colcon_core.package_identification:_identify(gym_env/lib/python3.12/site-packages/pip/_vendor/msgpack) by extensions ['cmake', 'python']
[0.590s] Level 1:colcon.colcon_core.package_identification:_identify(gym_env/lib/python3.12/site-packages/pip/_vendor/msgpack) by extension 'cmake'
[0.590s] Level 1:colcon.colcon_core.package_identification:_identify(gym_env/lib/python3.12/site-packages/pip/_vendor/msgpack) by extension 'python'
[0.590s] Level 1:colcon.colcon_core.package_identification:_identify(gym_env/lib/python3.12/site-packages/pip/_vendor/msgpack) by extensions ['python_setup_py']
[0.590s] Level 1:colcon.colcon_core.package_identification:_identify(gym_env/lib/python3.12/site-packages/pip/_vendor/msgpack) by extension 'python_setup_py'
[0.590s] Level 1:colcon.colcon_core.package_identification:_identify(gym_env/lib/python3.12/site-packages/pip/_vendor/msgpack/__pycache__) by extensions ['ignore', 'ignore_ament_install']
[0.590s] Level 1:colcon.colcon_core.package_identification:_identify(gym_env/lib/python3.12/site-packages/pip/_vendor/msgpack/__pycache__) by extension 'ignore'
[0.591s] Level 1:colcon.colcon_core.package_identification:_identify(gym_env/lib/python3.12/site-packages/pip/_vendor/msgpack/__pycache__) by extension 'ignore_ament_install'
[0.591s] Level 1:colcon.colcon_core.package_identification:_identify(gym_env/lib/python3.12/site-packages/pip/_vendor/msgpack/__pycache__) by extensions ['colcon_pkg']
[0.591s] Level 1:colcon.colcon_core.package_identification:_identify(gym_env/lib/python3.12/site-packages/pip/_vendor/msgpack/__pycache__) by extension 'colcon_pkg'
[0.591s] Level 1:colcon.colcon_core.package_identification:_identify(gym_env/lib/python3.12/site-packages/pip/_vendor/msgpack/__pycache__) by extensions ['colcon_meta']
[0.591s] Level 1:colcon.colcon_core.package_identification:_identify(gym_env/lib/python3.12/site-packages/pip/_vendor/msgpack/__pycache__) by extension 'colcon_meta'
[0.591s] Level 1:colcon.colcon_core.package_identification:_identify(gym_env/lib/python3.12/site-packages/pip/_vendor/msgpack/__pycache__) by extensions ['ros']
[0.591s] Level 1:colcon.colcon_core.package_identification:_identify(gym_env/lib/python3.12/site-packages/pip/_vendor/msgpack/__pycache__) by extension 'ros'
[0.592s] Level 1:colcon.colcon_core.package_identification:_identify(gym_env/lib/python3.12/site-packages/pip/_vendor/msgpack/__pycache__) by extensions ['cmake', 'python']
[0.592s] Level 1:colcon.colcon_core.package_identification:_identify(gym_env/lib/python3.12/site-packages/pip/_vendor/msgpack/__pycache__) by extension 'cmake'
[0.592s] Level 1:colcon.colcon_core.package_identification:_identify(gym_env/lib/python3.12/site-packages/pip/_vendor/msgpack/__pycache__) by extension 'python'
[0.592s] Level 1:colcon.colcon_core.package_identification:_identify(gym_env/lib/python3.12/site-packages/pip/_vendor/msgpack/__pycache__) by extensions ['python_setup_py']
[0.592s] Level 1:colcon.colcon_core.package_identification:_identify(gym_env/lib/python3.12/site-packages/pip/_vendor/msgpack/__pycache__) by extension 'python_setup_py'
[0.593s] Level 1:colcon.colcon_core.package_identification:_identify(gym_env/lib/python3.12/site-packages/pip/_vendor/packaging) by extensions ['ignore', 'ignore_ament_install']
[0.593s] Level 1:colcon.colcon_core.package_identification:_identify(gym_env/lib/python3.12/site-packages/pip/_vendor/packaging) by extension 'ignore'
[0.593s] Level 1:colcon.colcon_core.package_identification:_identify(gym_env/lib/python3.12/site-packages/pip/_vendor/packaging) by extension 'ignore_ament_install'
[0.593s] Level 1:colcon.colcon_core.package_identification:_identify(gym_env/lib/python3.12/site-packages/pip/_vendor/packaging) by extensions ['colcon_pkg']
[0.593s] Level 1:colcon.colcon_core.package_identification:_identify(gym_env/lib/python3.12/site-packages/pip/_vendor/packaging) by extension 'colcon_pkg'
[0.594s] Level 1:colcon.colcon_core.package_identification:_identify(gym_env/lib/python3.12/site-packages/pip/_vendor/packaging) by extensions ['colcon_meta']
[0.594s] Level 1:colcon.colcon_core.package_identification:_identify(gym_env/lib/python3.12/site-packages/pip/_vendor/packaging) by extension 'colcon_meta'
[0.594s] Level 1:colcon.colcon_core.package_identification:_identify(gym_env/lib/python3.12/site-packages/pip/_vendor/packaging) by extensions ['ros']
[0.594s] Level 1:colcon.colcon_core.package_identification:_identify(gym_env/lib/python3.12/site-packages/pip/_vendor/packaging) by extension 'ros'
[0.594s] Level 1:colcon.colcon_core.package_identification:_identify(gym_env/lib/python3.12/site-packages/pip/_vendor/packaging) by extensions ['cmake', 'python']
[0.594s] Level 1:colcon.colcon_core.package_identification:_identify(gym_env/lib/python3.12/site-packages/pip/_vendor/packaging) by extension 'cmake'
[0.595s] Level 1:colcon.colcon_core.package_identification:_identify(gym_env/lib/python3.12/site-packages/pip/_vendor/packaging) by extension 'python'
[0.595s] Level 1:colcon.colcon_core.package_identification:_identify(gym_env/lib/python3.12/site-packages/pip/_vendor/packaging) by extensions ['python_setup_py']
[0.595s] Level 1:colcon.colcon_core.package_identification:_identify(gym_env/lib/python3.12/site-packages/pip/_vendor/packaging) by extension 'python_setup_py'
[0.595s] Level 1:colcon.colcon_core.package_identification:_identify(gym_env/lib/python3.12/site-packages/pip/_vendor/packaging/__pycache__) by extensions ['ignore', 'ignore_ament_install']
[0.595s] Level 1:colcon.colcon_core.package_identification:_identify(gym_env/lib/python3.12/site-packages/pip/_vendor/packaging/__pycache__) by extension 'ignore'
[0.595s] Level 1:colcon.colcon_core.package_identification:_identify(gym_env/lib/python3.12/site-packages/pip/_vendor/packaging/__pycache__) by extension 'ignore_ament_install'
[0.595s] Level 1:colcon.colcon_core.package_identification:_identify(gym_env/lib/python3.12/site-packages/pip/_vendor/packaging/__pycache__) by extensions ['colcon_pkg']
[0.596s] Level 1:colcon.colcon_core.package_identification:_identify(gym_env/lib/python3.12/site-packages/pip/_vendor/packaging/__pycache__) by extension 'colcon_pkg'
[0.596s] Level 1:colcon.colcon_core.package_identification:_identify(gym_env/lib/python3.12/site-packages/pip/_vendor/packaging/__pycache__) by extensions ['colcon_meta']
[0.596s] Level 1:colcon.colcon_core.package_identification:_identify(gym_env/lib/python3.12/site-packages/pip/_vendor/packaging/__pycache__) by extension 'colcon_meta'
[0.596s] Level 1:colcon.colcon_core.package_identification:_identify(gym_env/lib/python3.12/site-packages/pip/_vendor/packaging/__pycache__) by extensions ['ros']
[0.596s] Level 1:colcon.colcon_core.package_identification:_identify(gym_env/lib/python3.12/site-packages/pip/_vendor/packaging/__pycache__) by extension 'ros'
[0.596s] Level 1:colcon.colcon_core.package_identification:_identify(gym_env/lib/python3.12/site-packages/pip/_vendor/packaging/__pycache__) by extensions ['cmake', 'python']
[0.596s] Level 1:colcon.colcon_core.package_identification:_identify(gym_env/lib/python3.12/site-packages/pip/_vendor/packaging/__pycache__) by extension 'cmake'
[0.596s] Level 1:colcon.colcon_core.package_identification:_identify(gym_env/lib/python3.12/site-packages/pip/_vendor/packaging/__pycache__) by extension 'python'
[0.596s] Level 1:colcon.colcon_core.package_identification:_identify(gym_env/lib/python3.12/site-packages/pip/_vendor/packaging/__pycache__) by extensions ['python_setup_py']
[0.596s] Level 1:colcon.colcon_core.package_identification:_identify(gym_env/lib/python3.12/site-packages/pip/_vendor/packaging/__pycache__) by extension 'python_setup_py'
[0.597s] Level 1:colcon.colcon_core.package_identification:_identify(gym_env/lib/python3.12/site-packages/pip/_vendor/pkg_resources) by extensions ['ignore', 'ignore_ament_install']
[0.597s] Level 1:colcon.colcon_core.package_identification:_identify(gym_env/lib/python3.12/site-packages/pip/_vendor/pkg_resources) by extension 'ignore'
[0.597s] Level 1:colcon.colcon_core.package_identification:_identify(gym_env/lib/python3.12/site-packages/pip/_vendor/pkg_resources) by extension 'ignore_ament_install'
[0.597s] Level 1:colcon.colcon_core.package_identification:_identify(gym_env/lib/python3.12/site-packages/pip/_vendor/pkg_resources) by extensions ['colcon_pkg']
[0.597s] Level 1:colcon.colcon_core.package_identification:_identify(gym_env/lib/python3.12/site-packages/pip/_vendor/pkg_resources) by extension 'colcon_pkg'
[0.597s] Level 1:colcon.colcon_core.package_identification:_identify(gym_env/lib/python3.12/site-packages/pip/_vendor/pkg_resources) by extensions ['colcon_meta']
[0.597s] Level 1:colcon.colcon_core.package_identification:_identify(gym_env/lib/python3.12/site-packages/pip/_vendor/pkg_resources) by extension 'colcon_meta'
[0.597s] Level 1:colcon.colcon_core.package_identification:_identify(gym_env/lib/python3.12/site-packages/pip/_vendor/pkg_resources) by extensions ['ros']
[0.597s] Level 1:colcon.colcon_core.package_identification:_identify(gym_env/lib/python3.12/site-packages/pip/_vendor/pkg_resources) by extension 'ros'
[0.598s] Level 1:colcon.colcon_core.package_identification:_identify(gym_env/lib/python3.12/site-packages/pip/_vendor/pkg_resources) by extensions ['cmake', 'python']
[0.598s] Level 1:colcon.colcon_core.package_identification:_identify(gym_env/lib/python3.12/site-packages/pip/_vendor/pkg_resources) by extension 'cmake'
[0.598s] Level 1:colcon.colcon_core.package_identification:_identify(gym_env/lib/python3.12/site-packages/pip/_vendor/pkg_resources) by extension 'python'
[0.598s] Level 1:colcon.colcon_core.package_identification:_identify(gym_env/lib/python3.12/site-packages/pip/_vendor/pkg_resources) by extensions ['python_setup_py']
[0.598s] Level 1:colcon.colcon_core.package_identification:_identify(gym_env/lib/python3.12/site-packages/pip/_vendor/pkg_resources) by extension 'python_setup_py'
[0.598s] Level 1:colcon.colcon_core.package_identification:_identify(gym_env/lib/python3.12/site-packages/pip/_vendor/pkg_resources/__pycache__) by extensions ['ignore', 'ignore_ament_install']
[0.598s] Level 1:colcon.colcon_core.package_identification:_identify(gym_env/lib/python3.12/site-packages/pip/_vendor/pkg_resources/__pycache__) by extension 'ignore'
[0.598s] Level 1:colcon.colcon_core.package_identification:_identify(gym_env/lib/python3.12/site-packages/pip/_vendor/pkg_resources/__pycache__) by extension 'ignore_ament_install'
[0.598s] Level 1:colcon.colcon_core.package_identification:_identify(gym_env/lib/python3.12/site-packages/pip/_vendor/pkg_resources/__pycache__) by extensions ['colcon_pkg']
[0.599s] Level 1:colcon.colcon_core.package_identification:_identify(gym_env/lib/python3.12/site-packages/pip/_vendor/pkg_resources/__pycache__) by extension 'colcon_pkg'
[0.599s] Level 1:colcon.colcon_core.package_identification:_identify(gym_env/lib/python3.12/site-packages/pip/_vendor/pkg_resources/__pycache__) by extensions ['colcon_meta']
[0.599s] Level 1:colcon.colcon_core.package_identification:_identify(gym_env/lib/python3.12/site-packages/pip/_vendor/pkg_resources/__pycache__) by extension 'colcon_meta'
[0.599s] Level 1:colcon.colcon_core.package_identification:_identify(gym_env/lib/python3.12/site-packages/pip/_vendor/pkg_resources/__pycache__) by extensions ['ros']
[0.599s] Level 1:colcon.colcon_core.package_identification:_identify(gym_env/lib/python3.12/site-packages/pip/_vendor/pkg_resources/__pycache__) by extension 'ros'
[0.599s] Level 1:colcon.colcon_core.package_identification:_identify(gym_env/lib/python3.12/site-packages/pip/_vendor/pkg_resources/__pycache__) by extensions ['cmake', 'python']
[0.599s] Level 1:colcon.colcon_core.package_identification:_identify(gym_env/lib/python3.12/site-packages/pip/_vendor/pkg_resources/__pycache__) by extension 'cmake'
[0.599s] Level 1:colcon.colcon_core.package_identification:_identify(gym_env/lib/python3.12/site-packages/pip/_vendor/pkg_resources/__pycache__) by extension 'python'
[0.599s] Level 1:colcon.colcon_core.package_identification:_identify(gym_env/lib/python3.12/site-packages/pip/_vendor/pkg_resources/__pycache__) by extensions ['python_setup_py']
[0.599s] Level 1:colcon.colcon_core.package_identification:_identify(gym_env/lib/python3.12/site-packages/pip/_vendor/pkg_resources/__pycache__) by extension 'python_setup_py'
[0.600s] Level 1:colcon.colcon_core.package_identification:_identify(gym_env/lib/python3.12/site-packages/pip/_vendor/platformdirs) by extensions ['ignore', 'ignore_ament_install']
[0.600s] Level 1:colcon.colcon_core.package_identification:_identify(gym_env/lib/python3.12/site-packages/pip/_vendor/platformdirs) by extension 'ignore'
[0.600s] Level 1:colcon.colcon_core.package_identification:_identify(gym_env/lib/python3.12/site-packages/pip/_vendor/platformdirs) by extension 'ignore_ament_install'
[0.600s] Level 1:colcon.colcon_core.package_identification:_identify(gym_env/lib/python3.12/site-packages/pip/_vendor/platformdirs) by extensions ['colcon_pkg']
[0.600s] Level 1:colcon.colcon_core.package_identification:_identify(gym_env/lib/python3.12/site-packages/pip/_vendor/platformdirs) by extension 'colcon_pkg'
[0.600s] Level 1:colcon.colcon_core.package_identification:_identify(gym_env/lib/python3.12/site-packages/pip/_vendor/platformdirs) by extensions ['colcon_meta']
[0.600s] Level 1:colcon.colcon_core.package_identification:_identify(gym_env/lib/python3.12/site-packages/pip/_vendor/platformdirs) by extension 'colcon_meta'
[0.600s] Level 1:colcon.colcon_core.package_identification:_identify(gym_env/lib/python3.12/site-packages/pip/_vendor/platformdirs) by extensions ['ros']
[0.600s] Level 1:colcon.colcon_core.package_identification:_identify(gym_env/lib/python3.12/site-packages/pip/_vendor/platformdirs) by extension 'ros'
[0.601s] Level 1:colcon.colcon_core.package_identification:_identify(gym_env/lib/python3.12/site-packages/pip/_vendor/platformdirs) by extensions ['cmake', 'python']
[0.601s] Level 1:colcon.colcon_core.package_identification:_identify(gym_env/lib/python3.12/site-packages/pip/_vendor/platformdirs) by extension 'cmake'
[0.601s] Level 1:colcon.colcon_core.package_identification:_identify(gym_env/lib/python3.12/site-packages/pip/_vendor/platformdirs) by extension 'python'
[0.601s] Level 1:colcon.colcon_core.package_identification:_identify(gym_env/lib/python3.12/site-packages/pip/_vendor/platformdirs) by extensions ['python_setup_py']
[0.601s] Level 1:colcon.colcon_core.package_identification:_identify(gym_env/lib/python3.12/site-packages/pip/_vendor/platformdirs) by extension 'python_setup_py'
[0.601s] Level 1:colcon.colcon_core.package_identification:_identify(gym_env/lib/python3.12/site-packages/pip/_vendor/platformdirs/__pycache__) by extensions ['ignore', 'ignore_ament_install']
[0.601s] Level 1:colcon.colcon_core.package_identification:_identify(gym_env/lib/python3.12/site-packages/pip/_vendor/platformdirs/__pycache__) by extension 'ignore'
[0.601s] Level 1:colcon.colcon_core.package_identification:_identify(gym_env/lib/python3.12/site-packages/pip/_vendor/platformdirs/__pycache__) by extension 'ignore_ament_install'
[0.601s] Level 1:colcon.colcon_core.package_identification:_identify(gym_env/lib/python3.12/site-packages/pip/_vendor/platformdirs/__pycache__) by extensions ['colcon_pkg']
[0.601s] Level 1:colcon.colcon_core.package_identification:_identify(gym_env/lib/python3.12/site-packages/pip/_vendor/platformdirs/__pycache__) by extension 'colcon_pkg'
[0.602s] Level 1:colcon.colcon_core.package_identification:_identify(gym_env/lib/python3.12/site-packages/pip/_vendor/platformdirs/__pycache__) by extensions ['colcon_meta']
[0.602s] Level 1:colcon.colcon_core.package_identification:_identify(gym_env/lib/python3.12/site-packages/pip/_vendor/platformdirs/__pycache__) by extension 'colcon_meta'
[0.602s] Level 1:colcon.colcon_core.package_identification:_identify(gym_env/lib/python3.12/site-packages/pip/_vendor/platformdirs/__pycache__) by extensions ['ros']
[0.602s] Level 1:colcon.colcon_core.package_identification:_identify(gym_env/lib/python3.12/site-packages/pip/_vendor/platformdirs/__pycache__) by extension 'ros'
[0.602s] Level 1:colcon.colcon_core.package_identification:_identify(gym_env/lib/python3.12/site-packages/pip/_vendor/platformdirs/__pycache__) by extensions ['cmake', 'python']
[0.602s] Level 1:colcon.colcon_core.package_identification:_identify(gym_env/lib/python3.12/site-packages/pip/_vendor/platformdirs/__pycache__) by extension 'cmake'
[0.602s] Level 1:colcon.colcon_core.package_identification:_identify(gym_env/lib/python3.12/site-packages/pip/_vendor/platformdirs/__pycache__) by extension 'python'
[0.602s] Level 1:colcon.colcon_core.package_identification:_identify(gym_env/lib/python3.12/site-packages/pip/_vendor/platformdirs/__pycache__) by extensions ['python_setup_py']
[0.602s] Level 1:colcon.colcon_core.package_identification:_identify(gym_env/lib/python3.12/site-packages/pip/_vendor/platformdirs/__pycache__) by extension 'python_setup_py'
[0.603s] Level 1:colcon.colcon_core.package_identification:_identify(gym_env/lib/python3.12/site-packages/pip/_vendor/pygments) by extensions ['ignore', 'ignore_ament_install']
[0.603s] Level 1:colcon.colcon_core.package_identification:_identify(gym_env/lib/python3.12/site-packages/pip/_vendor/pygments) by extension 'ignore'
[0.603s] Level 1:colcon.colcon_core.package_identification:_identify(gym_env/lib/python3.12/site-packages/pip/_vendor/pygments) by extension 'ignore_ament_install'
[0.603s] Level 1:colcon.colcon_core.package_identification:_identify(gym_env/lib/python3.12/site-packages/pip/_vendor/pygments) by extensions ['colcon_pkg']
[0.603s] Level 1:colcon.colcon_core.package_identification:_identify(gym_env/lib/python3.12/site-packages/pip/_vendor/pygments) by extension 'colcon_pkg'
[0.603s] Level 1:colcon.colcon_core.package_identification:_identify(gym_env/lib/python3.12/site-packages/pip/_vendor/pygments) by extensions ['colcon_meta']
[0.603s] Level 1:colcon.colcon_core.package_identification:_identify(gym_env/lib/python3.12/site-packages/pip/_vendor/pygments) by extension 'colcon_meta'
[0.603s] Level 1:colcon.colcon_core.package_identification:_identify(gym_env/lib/python3.12/site-packages/pip/_vendor/pygments) by extensions ['ros']
[0.603s] Level 1:colcon.colcon_core.package_identification:_identify(gym_env/lib/python3.12/site-packages/pip/_vendor/pygments) by extension 'ros'
[0.604s] Level 1:colcon.colcon_core.package_identification:_identify(gym_env/lib/python3.12/site-packages/pip/_vendor/pygments) by extensions ['cmake', 'python']
[0.604s] Level 1:colcon.colcon_core.package_identification:_identify(gym_env/lib/python3.12/site-packages/pip/_vendor/pygments) by extension 'cmake'
[0.604s] Level 1:colcon.colcon_core.package_identification:_identify(gym_env/lib/python3.12/site-packages/pip/_vendor/pygments) by extension 'python'
[0.604s] Level 1:colcon.colcon_core.package_identification:_identify(gym_env/lib/python3.12/site-packages/pip/_vendor/pygments) by extensions ['python_setup_py']
[0.604s] Level 1:colcon.colcon_core.package_identification:_identify(gym_env/lib/python3.12/site-packages/pip/_vendor/pygments) by extension 'python_setup_py'
[0.604s] Level 1:colcon.colcon_core.package_identification:_identify(gym_env/lib/python3.12/site-packages/pip/_vendor/pygments/__pycache__) by extensions ['ignore', 'ignore_ament_install']
[0.604s] Level 1:colcon.colcon_core.package_identification:_identify(gym_env/lib/python3.12/site-packages/pip/_vendor/pygments/__pycache__) by extension 'ignore'
[0.604s] Level 1:colcon.colcon_core.package_identification:_identify(gym_env/lib/python3.12/site-packages/pip/_vendor/pygments/__pycache__) by extension 'ignore_ament_install'
[0.604s] Level 1:colcon.colcon_core.package_identification:_identify(gym_env/lib/python3.12/site-packages/pip/_vendor/pygments/__pycache__) by extensions ['colcon_pkg']
[0.605s] Level 1:colcon.colcon_core.package_identification:_identify(gym_env/lib/python3.12/site-packages/pip/_vendor/pygments/__pycache__) by extension 'colcon_pkg'
[0.605s] Level 1:colcon.colcon_core.package_identification:_identify(gym_env/lib/python3.12/site-packages/pip/_vendor/pygments/__pycache__) by extensions ['colcon_meta']
[0.605s] Level 1:colcon.colcon_core.package_identification:_identify(gym_env/lib/python3.12/site-packages/pip/_vendor/pygments/__pycache__) by extension 'colcon_meta'
[0.605s] Level 1:colcon.colcon_core.package_identification:_identify(gym_env/lib/python3.12/site-packages/pip/_vendor/pygments/__pycache__) by extensions ['ros']
[0.605s] Level 1:colcon.colcon_core.package_identification:_identify(gym_env/lib/python3.12/site-packages/pip/_vendor/pygments/__pycache__) by extension 'ros'
[0.605s] Level 1:colcon.colcon_core.package_identification:_identify(gym_env/lib/python3.12/site-packages/pip/_vendor/pygments/__pycache__) by extensions ['cmake', 'python']
[0.605s] Level 1:colcon.colcon_core.package_identification:_identify(gym_env/lib/python3.12/site-packages/pip/_vendor/pygments/__pycache__) by extension 'cmake'
[0.605s] Level 1:colcon.colcon_core.package_identification:_identify(gym_env/lib/python3.12/site-packages/pip/_vendor/pygments/__pycache__) by extension 'python'
[0.605s] Level 1:colcon.colcon_core.package_identification:_identify(gym_env/lib/python3.12/site-packages/pip/_vendor/pygments/__pycache__) by extensions ['python_setup_py']
[0.605s] Level 1:colcon.colcon_core.package_identification:_identify(gym_env/lib/python3.12/site-packages/pip/_vendor/pygments/__pycache__) by extension 'python_setup_py'
[0.606s] Level 1:colcon.colcon_core.package_identification:_identify(gym_env/lib/python3.12/site-packages/pip/_vendor/pygments/filters) by extensions ['ignore', 'ignore_ament_install']
[0.606s] Level 1:colcon.colcon_core.package_identification:_identify(gym_env/lib/python3.12/site-packages/pip/_vendor/pygments/filters) by extension 'ignore'
[0.606s] Level 1:colcon.colcon_core.package_identification:_identify(gym_env/lib/python3.12/site-packages/pip/_vendor/pygments/filters) by extension 'ignore_ament_install'
[0.606s] Level 1:colcon.colcon_core.package_identification:_identify(gym_env/lib/python3.12/site-packages/pip/_vendor/pygments/filters) by extensions ['colcon_pkg']
[0.606s] Level 1:colcon.colcon_core.package_identification:_identify(gym_env/lib/python3.12/site-packages/pip/_vendor/pygments/filters) by extension 'colcon_pkg'
[0.606s] Level 1:colcon.colcon_core.package_identification:_identify(gym_env/lib/python3.12/site-packages/pip/_vendor/pygments/filters) by extensions ['colcon_meta']
[0.606s] Level 1:colcon.colcon_core.package_identification:_identify(gym_env/lib/python3.12/site-packages/pip/_vendor/pygments/filters) by extension 'colcon_meta'
[0.606s] Level 1:colcon.colcon_core.package_identification:_identify(gym_env/lib/python3.12/site-packages/pip/_vendor/pygments/filters) by extensions ['ros']
[0.606s] Level 1:colcon.colcon_core.package_identification:_identify(gym_env/lib/python3.12/site-packages/pip/_vendor/pygments/filters) by extension 'ros'
[0.607s] Level 1:colcon.colcon_core.package_identification:_identify(gym_env/lib/python3.12/site-packages/pip/_vendor/pygments/filters) by extensions ['cmake', 'python']
[0.607s] Level 1:colcon.colcon_core.package_identification:_identify(gym_env/lib/python3.12/site-packages/pip/_vendor/pygments/filters) by extension 'cmake'
[0.607s] Level 1:colcon.colcon_core.package_identification:_identify(gym_env/lib/python3.12/site-packages/pip/_vendor/pygments/filters) by extension 'python'
[0.607s] Level 1:colcon.colcon_core.package_identification:_identify(gym_env/lib/python3.12/site-packages/pip/_vendor/pygments/filters) by extensions ['python_setup_py']
[0.607s] Level 1:colcon.colcon_core.package_identification:_identify(gym_env/lib/python3.12/site-packages/pip/_vendor/pygments/filters) by extension 'python_setup_py'
[0.607s] Level 1:colcon.colcon_core.package_identification:_identify(gym_env/lib/python3.12/site-packages/pip/_vendor/pygments/filters/__pycache__) by extensions ['ignore', 'ignore_ament_install']
[0.607s] Level 1:colcon.colcon_core.package_identification:_identify(gym_env/lib/python3.12/site-packages/pip/_vendor/pygments/filters/__pycache__) by extension 'ignore'
[0.607s] Level 1:colcon.colcon_core.package_identification:_identify(gym_env/lib/python3.12/site-packages/pip/_vendor/pygments/filters/__pycache__) by extension 'ignore_ament_install'
[0.608s] Level 1:colcon.colcon_core.package_identification:_identify(gym_env/lib/python3.12/site-packages/pip/_vendor/pygments/filters/__pycache__) by extensions ['colcon_pkg']
[0.608s] Level 1:colcon.colcon_core.package_identification:_identify(gym_env/lib/python3.12/site-packages/pip/_vendor/pygments/filters/__pycache__) by extension 'colcon_pkg'
[0.608s] Level 1:colcon.colcon_core.package_identification:_identify(gym_env/lib/python3.12/site-packages/pip/_vendor/pygments/filters/__pycache__) by extensions ['colcon_meta']
[0.608s] Level 1:colcon.colcon_core.package_identification:_identify(gym_env/lib/python3.12/site-packages/pip/_vendor/pygments/filters/__pycache__) by extension 'colcon_meta'
[0.608s] Level 1:colcon.colcon_core.package_identification:_identify(gym_env/lib/python3.12/site-packages/pip/_vendor/pygments/filters/__pycache__) by extensions ['ros']
[0.608s] Level 1:colcon.colcon_core.package_identification:_identify(gym_env/lib/python3.12/site-packages/pip/_vendor/pygments/filters/__pycache__) by extension 'ros'
[0.608s] Level 1:colcon.colcon_core.package_identification:_identify(gym_env/lib/python3.12/site-packages/pip/_vendor/pygments/filters/__pycache__) by extensions ['cmake', 'python']
[0.609s] Level 1:colcon.colcon_core.package_identification:_identify(gym_env/lib/python3.12/site-packages/pip/_vendor/pygments/filters/__pycache__) by extension 'cmake'
[0.609s] Level 1:colcon.colcon_core.package_identification:_identify(gym_env/lib/python3.12/site-packages/pip/_vendor/pygments/filters/__pycache__) by extension 'python'
[0.609s] Level 1:colcon.colcon_core.package_identification:_identify(gym_env/lib/python3.12/site-packages/pip/_vendor/pygments/filters/__pycache__) by extensions ['python_setup_py']
[0.609s] Level 1:colcon.colcon_core.package_identification:_identify(gym_env/lib/python3.12/site-packages/pip/_vendor/pygments/filters/__pycache__) by extension 'python_setup_py'
[0.609s] Level 1:colcon.colcon_core.package_identification:_identify(gym_env/lib/python3.12/site-packages/pip/_vendor/pygments/formatters) by extensions ['ignore', 'ignore_ament_install']
[0.610s] Level 1:colcon.colcon_core.package_identification:_identify(gym_env/lib/python3.12/site-packages/pip/_vendor/pygments/formatters) by extension 'ignore'
[0.610s] Level 1:colcon.colcon_core.package_identification:_identify(gym_env/lib/python3.12/site-packages/pip/_vendor/pygments/formatters) by extension 'ignore_ament_install'
[0.610s] Level 1:colcon.colcon_core.package_identification:_identify(gym_env/lib/python3.12/site-packages/pip/_vendor/pygments/formatters) by extensions ['colcon_pkg']
[0.610s] Level 1:colcon.colcon_core.package_identification:_identify(gym_env/lib/python3.12/site-packages/pip/_vendor/pygments/formatters) by extension 'colcon_pkg'
[0.610s] Level 1:colcon.colcon_core.package_identification:_identify(gym_env/lib/python3.12/site-packages/pip/_vendor/pygments/formatters) by extensions ['colcon_meta']
[0.610s] Level 1:colcon.colcon_core.package_identification:_identify(gym_env/lib/python3.12/site-packages/pip/_vendor/pygments/formatters) by extension 'colcon_meta'
[0.611s] Level 1:colcon.colcon_core.package_identification:_identify(gym_env/lib/python3.12/site-packages/pip/_vendor/pygments/formatters) by extensions ['ros']
[0.611s] Level 1:colcon.colcon_core.package_identification:_identify(gym_env/lib/python3.12/site-packages/pip/_vendor/pygments/formatters) by extension 'ros'
[0.611s] Level 1:colcon.colcon_core.package_identification:_identify(gym_env/lib/python3.12/site-packages/pip/_vendor/pygments/formatters) by extensions ['cmake', 'python']
[0.611s] Level 1:colcon.colcon_core.package_identification:_identify(gym_env/lib/python3.12/site-packages/pip/_vendor/pygments/formatters) by extension 'cmake'
[0.611s] Level 1:colcon.colcon_core.package_identification:_identify(gym_env/lib/python3.12/site-packages/pip/_vendor/pygments/formatters) by extension 'python'
[0.612s] Level 1:colcon.colcon_core.package_identification:_identify(gym_env/lib/python3.12/site-packages/pip/_vendor/pygments/formatters) by extensions ['python_setup_py']
[0.612s] Level 1:colcon.colcon_core.package_identification:_identify(gym_env/lib/python3.12/site-packages/pip/_vendor/pygments/formatters) by extension 'python_setup_py'
[0.612s] Level 1:colcon.colcon_core.package_identification:_identify(gym_env/lib/python3.12/site-packages/pip/_vendor/pygments/formatters/__pycache__) by extensions ['ignore', 'ignore_ament_install']
[0.612s] Level 1:colcon.colcon_core.package_identification:_identify(gym_env/lib/python3.12/site-packages/pip/_vendor/pygments/formatters/__pycache__) by extension 'ignore'
[0.612s] Level 1:colcon.colcon_core.package_identification:_identify(gym_env/lib/python3.12/site-packages/pip/_vendor/pygments/formatters/__pycache__) by extension 'ignore_ament_install'
[0.612s] Level 1:colcon.colcon_core.package_identification:_identify(gym_env/lib/python3.12/site-packages/pip/_vendor/pygments/formatters/__pycache__) by extensions ['colcon_pkg']
[0.612s] Level 1:colcon.colcon_core.package_identification:_identify(gym_env/lib/python3.12/site-packages/pip/_vendor/pygments/formatters/__pycache__) by extension 'colcon_pkg'
[0.613s] Level 1:colcon.colcon_core.package_identification:_identify(gym_env/lib/python3.12/site-packages/pip/_vendor/pygments/formatters/__pycache__) by extensions ['colcon_meta']
[0.613s] Level 1:colcon.colcon_core.package_identification:_identify(gym_env/lib/python3.12/site-packages/pip/_vendor/pygments/formatters/__pycache__) by extension 'colcon_meta'
[0.613s] Level 1:colcon.colcon_core.package_identification:_identify(gym_env/lib/python3.12/site-packages/pip/_vendor/pygments/formatters/__pycache__) by extensions ['ros']
[0.613s] Level 1:colcon.colcon_core.package_identification:_identify(gym_env/lib/python3.12/site-packages/pip/_vendor/pygments/formatters/__pycache__) by extension 'ros'
[0.613s] Level 1:colcon.colcon_core.package_identification:_identify(gym_env/lib/python3.12/site-packages/pip/_vendor/pygments/formatters/__pycache__) by extensions ['cmake', 'python']
[0.613s] Level 1:colcon.colcon_core.package_identification:_identify(gym_env/lib/python3.12/site-packages/pip/_vendor/pygments/formatters/__pycache__) by extension 'cmake'
[0.613s] Level 1:colcon.colcon_core.package_identification:_identify(gym_env/lib/python3.12/site-packages/pip/_vendor/pygments/formatters/__pycache__) by extension 'python'
[0.613s] Level 1:colcon.colcon_core.package_identification:_identify(gym_env/lib/python3.12/site-packages/pip/_vendor/pygments/formatters/__pycache__) by extensions ['python_setup_py']
[0.613s] Level 1:colcon.colcon_core.package_identification:_identify(gym_env/lib/python3.12/site-packages/pip/_vendor/pygments/formatters/__pycache__) by extension 'python_setup_py'
[0.614s] Level 1:colcon.colcon_core.package_identification:_identify(gym_env/lib/python3.12/site-packages/pip/_vendor/pygments/lexers) by extensions ['ignore', 'ignore_ament_install']
[0.614s] Level 1:colcon.colcon_core.package_identification:_identify(gym_env/lib/python3.12/site-packages/pip/_vendor/pygments/lexers) by extension 'ignore'
[0.614s] Level 1:colcon.colcon_core.package_identification:_identify(gym_env/lib/python3.12/site-packages/pip/_vendor/pygments/lexers) by extension 'ignore_ament_install'
[0.614s] Level 1:colcon.colcon_core.package_identification:_identify(gym_env/lib/python3.12/site-packages/pip/_vendor/pygments/lexers) by extensions ['colcon_pkg']
[0.614s] Level 1:colcon.colcon_core.package_identification:_identify(gym_env/lib/python3.12/site-packages/pip/_vendor/pygments/lexers) by extension 'colcon_pkg'
[0.614s] Level 1:colcon.colcon_core.package_identification:_identify(gym_env/lib/python3.12/site-packages/pip/_vendor/pygments/lexers) by extensions ['colcon_meta']
[0.614s] Level 1:colcon.colcon_core.package_identification:_identify(gym_env/lib/python3.12/site-packages/pip/_vendor/pygments/lexers) by extension 'colcon_meta'
[0.614s] Level 1:colcon.colcon_core.package_identification:_identify(gym_env/lib/python3.12/site-packages/pip/_vendor/pygments/lexers) by extensions ['ros']
[0.614s] Level 1:colcon.colcon_core.package_identification:_identify(gym_env/lib/python3.12/site-packages/pip/_vendor/pygments/lexers) by extension 'ros'
[0.615s] Level 1:colcon.colcon_core.package_identification:_identify(gym_env/lib/python3.12/site-packages/pip/_vendor/pygments/lexers) by extensions ['cmake', 'python']
[0.615s] Level 1:colcon.colcon_core.package_identification:_identify(gym_env/lib/python3.12/site-packages/pip/_vendor/pygments/lexers) by extension 'cmake'
[0.615s] Level 1:colcon.colcon_core.package_identification:_identify(gym_env/lib/python3.12/site-packages/pip/_vendor/pygments/lexers) by extension 'python'
[0.615s] Level 1:colcon.colcon_core.package_identification:_identify(gym_env/lib/python3.12/site-packages/pip/_vendor/pygments/lexers) by extensions ['python_setup_py']
[0.615s] Level 1:colcon.colcon_core.package_identification:_identify(gym_env/lib/python3.12/site-packages/pip/_vendor/pygments/lexers) by extension 'python_setup_py'
[0.615s] Level 1:colcon.colcon_core.package_identification:_identify(gym_env/lib/python3.12/site-packages/pip/_vendor/pygments/lexers/__pycache__) by extensions ['ignore', 'ignore_ament_install']
[0.615s] Level 1:colcon.colcon_core.package_identification:_identify(gym_env/lib/python3.12/site-packages/pip/_vendor/pygments/lexers/__pycache__) by extension 'ignore'
[0.615s] Level 1:colcon.colcon_core.package_identification:_identify(gym_env/lib/python3.12/site-packages/pip/_vendor/pygments/lexers/__pycache__) by extension 'ignore_ament_install'
[0.616s] Level 1:colcon.colcon_core.package_identification:_identify(gym_env/lib/python3.12/site-packages/pip/_vendor/pygments/lexers/__pycache__) by extensions ['colcon_pkg']
[0.616s] Level 1:colcon.colcon_core.package_identification:_identify(gym_env/lib/python3.12/site-packages/pip/_vendor/pygments/lexers/__pycache__) by extension 'colcon_pkg'
[0.616s] Level 1:colcon.colcon_core.package_identification:_identify(gym_env/lib/python3.12/site-packages/pip/_vendor/pygments/lexers/__pycache__) by extensions ['colcon_meta']
[0.616s] Level 1:colcon.colcon_core.package_identification:_identify(gym_env/lib/python3.12/site-packages/pip/_vendor/pygments/lexers/__pycache__) by extension 'colcon_meta'
[0.616s] Level 1:colcon.colcon_core.package_identification:_identify(gym_env/lib/python3.12/site-packages/pip/_vendor/pygments/lexers/__pycache__) by extensions ['ros']
[0.616s] Level 1:colcon.colcon_core.package_identification:_identify(gym_env/lib/python3.12/site-packages/pip/_vendor/pygments/lexers/__pycache__) by extension 'ros'
[0.616s] Level 1:colcon.colcon_core.package_identification:_identify(gym_env/lib/python3.12/site-packages/pip/_vendor/pygments/lexers/__pycache__) by extensions ['cmake', 'python']
[0.616s] Level 1:colcon.colcon_core.package_identification:_identify(gym_env/lib/python3.12/site-packages/pip/_vendor/pygments/lexers/__pycache__) by extension 'cmake'
[0.616s] Level 1:colcon.colcon_core.package_identification:_identify(gym_env/lib/python3.12/site-packages/pip/_vendor/pygments/lexers/__pycache__) by extension 'python'
[0.616s] Level 1:colcon.colcon_core.package_identification:_identify(gym_env/lib/python3.12/site-packages/pip/_vendor/pygments/lexers/__pycache__) by extensions ['python_setup_py']
[0.616s] Level 1:colcon.colcon_core.package_identification:_identify(gym_env/lib/python3.12/site-packages/pip/_vendor/pygments/lexers/__pycache__) by extension 'python_setup_py'
[0.617s] Level 1:colcon.colcon_core.package_identification:_identify(gym_env/lib/python3.12/site-packages/pip/_vendor/pygments/styles) by extensions ['ignore', 'ignore_ament_install']
[0.617s] Level 1:colcon.colcon_core.package_identification:_identify(gym_env/lib/python3.12/site-packages/pip/_vendor/pygments/styles) by extension 'ignore'
[0.617s] Level 1:colcon.colcon_core.package_identification:_identify(gym_env/lib/python3.12/site-packages/pip/_vendor/pygments/styles) by extension 'ignore_ament_install'
[0.617s] Level 1:colcon.colcon_core.package_identification:_identify(gym_env/lib/python3.12/site-packages/pip/_vendor/pygments/styles) by extensions ['colcon_pkg']
[0.617s] Level 1:colcon.colcon_core.package_identification:_identify(gym_env/lib/python3.12/site-packages/pip/_vendor/pygments/styles) by extension 'colcon_pkg'
[0.617s] Level 1:colcon.colcon_core.package_identification:_identify(gym_env/lib/python3.12/site-packages/pip/_vendor/pygments/styles) by extensions ['colcon_meta']
[0.617s] Level 1:colcon.colcon_core.package_identification:_identify(gym_env/lib/python3.12/site-packages/pip/_vendor/pygments/styles) by extension 'colcon_meta'
[0.617s] Level 1:colcon.colcon_core.package_identification:_identify(gym_env/lib/python3.12/site-packages/pip/_vendor/pygments/styles) by extensions ['ros']
[0.617s] Level 1:colcon.colcon_core.package_identification:_identify(gym_env/lib/python3.12/site-packages/pip/_vendor/pygments/styles) by extension 'ros'
[0.618s] Level 1:colcon.colcon_core.package_identification:_identify(gym_env/lib/python3.12/site-packages/pip/_vendor/pygments/styles) by extensions ['cmake', 'python']
[0.618s] Level 1:colcon.colcon_core.package_identification:_identify(gym_env/lib/python3.12/site-packages/pip/_vendor/pygments/styles) by extension 'cmake'
[0.618s] Level 1:colcon.colcon_core.package_identification:_identify(gym_env/lib/python3.12/site-packages/pip/_vendor/pygments/styles) by extension 'python'
[0.618s] Level 1:colcon.colcon_core.package_identification:_identify(gym_env/lib/python3.12/site-packages/pip/_vendor/pygments/styles) by extensions ['python_setup_py']
[0.618s] Level 1:colcon.colcon_core.package_identification:_identify(gym_env/lib/python3.12/site-packages/pip/_vendor/pygments/styles) by extension 'python_setup_py'
[0.618s] Level 1:colcon.colcon_core.package_identification:_identify(gym_env/lib/python3.12/site-packages/pip/_vendor/pygments/styles/__pycache__) by extensions ['ignore', 'ignore_ament_install']
[0.618s] Level 1:colcon.colcon_core.package_identification:_identify(gym_env/lib/python3.12/site-packages/pip/_vendor/pygments/styles/__pycache__) by extension 'ignore'
[0.618s] Level 1:colcon.colcon_core.package_identification:_identify(gym_env/lib/python3.12/site-packages/pip/_vendor/pygments/styles/__pycache__) by extension 'ignore_ament_install'
[0.619s] Level 1:colcon.colcon_core.package_identification:_identify(gym_env/lib/python3.12/site-packages/pip/_vendor/pygments/styles/__pycache__) by extensions ['colcon_pkg']
[0.619s] Level 1:colcon.colcon_core.package_identification:_identify(gym_env/lib/python3.12/site-packages/pip/_vendor/pygments/styles/__pycache__) by extension 'colcon_pkg'
[0.619s] Level 1:colcon.colcon_core.package_identification:_identify(gym_env/lib/python3.12/site-packages/pip/_vendor/pygments/styles/__pycache__) by extensions ['colcon_meta']
[0.619s] Level 1:colcon.colcon_core.package_identification:_identify(gym_env/lib/python3.12/site-packages/pip/_vendor/pygments/styles/__pycache__) by extension 'colcon_meta'
[0.619s] Level 1:colcon.colcon_core.package_identification:_identify(gym_env/lib/python3.12/site-packages/pip/_vendor/pygments/styles/__pycache__) by extensions ['ros']
[0.619s] Level 1:colcon.colcon_core.package_identification:_identify(gym_env/lib/python3.12/site-packages/pip/_vendor/pygments/styles/__pycache__) by extension 'ros'
[0.619s] Level 1:colcon.colcon_core.package_identification:_identify(gym_env/lib/python3.12/site-packages/pip/_vendor/pygments/styles/__pycache__) by extensions ['cmake', 'python']
[0.619s] Level 1:colcon.colcon_core.package_identification:_identify(gym_env/lib/python3.12/site-packages/pip/_vendor/pygments/styles/__pycache__) by extension 'cmake'
[0.619s] Level 1:colcon.colcon_core.package_identification:_identify(gym_env/lib/python3.12/site-packages/pip/_vendor/pygments/styles/__pycache__) by extension 'python'
[0.619s] Level 1:colcon.colcon_core.package_identification:_identify(gym_env/lib/python3.12/site-packages/pip/_vendor/pygments/styles/__pycache__) by extensions ['python_setup_py']
[0.620s] Level 1:colcon.colcon_core.package_identification:_identify(gym_env/lib/python3.12/site-packages/pip/_vendor/pygments/styles/__pycache__) by extension 'python_setup_py'
[0.620s] Level 1:colcon.colcon_core.package_identification:_identify(gym_env/lib/python3.12/site-packages/pip/_vendor/pyparsing) by extensions ['ignore', 'ignore_ament_install']
[0.620s] Level 1:colcon.colcon_core.package_identification:_identify(gym_env/lib/python3.12/site-packages/pip/_vendor/pyparsing) by extension 'ignore'
[0.620s] Level 1:colcon.colcon_core.package_identification:_identify(gym_env/lib/python3.12/site-packages/pip/_vendor/pyparsing) by extension 'ignore_ament_install'
[0.620s] Level 1:colcon.colcon_core.package_identification:_identify(gym_env/lib/python3.12/site-packages/pip/_vendor/pyparsing) by extensions ['colcon_pkg']
[0.620s] Level 1:colcon.colcon_core.package_identification:_identify(gym_env/lib/python3.12/site-packages/pip/_vendor/pyparsing) by extension 'colcon_pkg'
[0.620s] Level 1:colcon.colcon_core.package_identification:_identify(gym_env/lib/python3.12/site-packages/pip/_vendor/pyparsing) by extensions ['colcon_meta']
[0.620s] Level 1:colcon.colcon_core.package_identification:_identify(gym_env/lib/python3.12/site-packages/pip/_vendor/pyparsing) by extension 'colcon_meta'
[0.620s] Level 1:colcon.colcon_core.package_identification:_identify(gym_env/lib/python3.12/site-packages/pip/_vendor/pyparsing) by extensions ['ros']
[0.620s] Level 1:colcon.colcon_core.package_identification:_identify(gym_env/lib/python3.12/site-packages/pip/_vendor/pyparsing) by extension 'ros'
[0.621s] Level 1:colcon.colcon_core.package_identification:_identify(gym_env/lib/python3.12/site-packages/pip/_vendor/pyparsing) by extensions ['cmake', 'python']
[0.621s] Level 1:colcon.colcon_core.package_identification:_identify(gym_env/lib/python3.12/site-packages/pip/_vendor/pyparsing) by extension 'cmake'
[0.621s] Level 1:colcon.colcon_core.package_identification:_identify(gym_env/lib/python3.12/site-packages/pip/_vendor/pyparsing) by extension 'python'
[0.621s] Level 1:colcon.colcon_core.package_identification:_identify(gym_env/lib/python3.12/site-packages/pip/_vendor/pyparsing) by extensions ['python_setup_py']
[0.621s] Level 1:colcon.colcon_core.package_identification:_identify(gym_env/lib/python3.12/site-packages/pip/_vendor/pyparsing) by extension 'python_setup_py'
[0.621s] Level 1:colcon.colcon_core.package_identification:_identify(gym_env/lib/python3.12/site-packages/pip/_vendor/pyparsing/__pycache__) by extensions ['ignore', 'ignore_ament_install']
[0.621s] Level 1:colcon.colcon_core.package_identification:_identify(gym_env/lib/python3.12/site-packages/pip/_vendor/pyparsing/__pycache__) by extension 'ignore'
[0.621s] Level 1:colcon.colcon_core.package_identification:_identify(gym_env/lib/python3.12/site-packages/pip/_vendor/pyparsing/__pycache__) by extension 'ignore_ament_install'
[0.622s] Level 1:colcon.colcon_core.package_identification:_identify(gym_env/lib/python3.12/site-packages/pip/_vendor/pyparsing/__pycache__) by extensions ['colcon_pkg']
[0.622s] Level 1:colcon.colcon_core.package_identification:_identify(gym_env/lib/python3.12/site-packages/pip/_vendor/pyparsing/__pycache__) by extension 'colcon_pkg'
[0.622s] Level 1:colcon.colcon_core.package_identification:_identify(gym_env/lib/python3.12/site-packages/pip/_vendor/pyparsing/__pycache__) by extensions ['colcon_meta']
[0.622s] Level 1:colcon.colcon_core.package_identification:_identify(gym_env/lib/python3.12/site-packages/pip/_vendor/pyparsing/__pycache__) by extension 'colcon_meta'
[0.622s] Level 1:colcon.colcon_core.package_identification:_identify(gym_env/lib/python3.12/site-packages/pip/_vendor/pyparsing/__pycache__) by extensions ['ros']
[0.622s] Level 1:colcon.colcon_core.package_identification:_identify(gym_env/lib/python3.12/site-packages/pip/_vendor/pyparsing/__pycache__) by extension 'ros'
[0.622s] Level 1:colcon.colcon_core.package_identification:_identify(gym_env/lib/python3.12/site-packages/pip/_vendor/pyparsing/__pycache__) by extensions ['cmake', 'python']
[0.622s] Level 1:colcon.colcon_core.package_identification:_identify(gym_env/lib/python3.12/site-packages/pip/_vendor/pyparsing/__pycache__) by extension 'cmake'
[0.622s] Level 1:colcon.colcon_core.package_identification:_identify(gym_env/lib/python3.12/site-packages/pip/_vendor/pyparsing/__pycache__) by extension 'python'
[0.622s] Level 1:colcon.colcon_core.package_identification:_identify(gym_env/lib/python3.12/site-packages/pip/_vendor/pyparsing/__pycache__) by extensions ['python_setup_py']
[0.622s] Level 1:colcon.colcon_core.package_identification:_identify(gym_env/lib/python3.12/site-packages/pip/_vendor/pyparsing/__pycache__) by extension 'python_setup_py'
[0.623s] Level 1:colcon.colcon_core.package_identification:_identify(gym_env/lib/python3.12/site-packages/pip/_vendor/pyparsing/diagram) by extensions ['ignore', 'ignore_ament_install']
[0.623s] Level 1:colcon.colcon_core.package_identification:_identify(gym_env/lib/python3.12/site-packages/pip/_vendor/pyparsing/diagram) by extension 'ignore'
[0.623s] Level 1:colcon.colcon_core.package_identification:_identify(gym_env/lib/python3.12/site-packages/pip/_vendor/pyparsing/diagram) by extension 'ignore_ament_install'
[0.623s] Level 1:colcon.colcon_core.package_identification:_identify(gym_env/lib/python3.12/site-packages/pip/_vendor/pyparsing/diagram) by extensions ['colcon_pkg']
[0.623s] Level 1:colcon.colcon_core.package_identification:_identify(gym_env/lib/python3.12/site-packages/pip/_vendor/pyparsing/diagram) by extension 'colcon_pkg'
[0.623s] Level 1:colcon.colcon_core.package_identification:_identify(gym_env/lib/python3.12/site-packages/pip/_vendor/pyparsing/diagram) by extensions ['colcon_meta']
[0.623s] Level 1:colcon.colcon_core.package_identification:_identify(gym_env/lib/python3.12/site-packages/pip/_vendor/pyparsing/diagram) by extension 'colcon_meta'
[0.623s] Level 1:colcon.colcon_core.package_identification:_identify(gym_env/lib/python3.12/site-packages/pip/_vendor/pyparsing/diagram) by extensions ['ros']
[0.623s] Level 1:colcon.colcon_core.package_identification:_identify(gym_env/lib/python3.12/site-packages/pip/_vendor/pyparsing/diagram) by extension 'ros'
[0.624s] Level 1:colcon.colcon_core.package_identification:_identify(gym_env/lib/python3.12/site-packages/pip/_vendor/pyparsing/diagram) by extensions ['cmake', 'python']
[0.624s] Level 1:colcon.colcon_core.package_identification:_identify(gym_env/lib/python3.12/site-packages/pip/_vendor/pyparsing/diagram) by extension 'cmake'
[0.624s] Level 1:colcon.colcon_core.package_identification:_identify(gym_env/lib/python3.12/site-packages/pip/_vendor/pyparsing/diagram) by extension 'python'
[0.624s] Level 1:colcon.colcon_core.package_identification:_identify(gym_env/lib/python3.12/site-packages/pip/_vendor/pyparsing/diagram) by extensions ['python_setup_py']
[0.624s] Level 1:colcon.colcon_core.package_identification:_identify(gym_env/lib/python3.12/site-packages/pip/_vendor/pyparsing/diagram) by extension 'python_setup_py'
[0.624s] Level 1:colcon.colcon_core.package_identification:_identify(gym_env/lib/python3.12/site-packages/pip/_vendor/pyparsing/diagram/__pycache__) by extensions ['ignore', 'ignore_ament_install']
[0.624s] Level 1:colcon.colcon_core.package_identification:_identify(gym_env/lib/python3.12/site-packages/pip/_vendor/pyparsing/diagram/__pycache__) by extension 'ignore'
[0.625s] Level 1:colcon.colcon_core.package_identification:_identify(gym_env/lib/python3.12/site-packages/pip/_vendor/pyparsing/diagram/__pycache__) by extension 'ignore_ament_install'
[0.625s] Level 1:colcon.colcon_core.package_identification:_identify(gym_env/lib/python3.12/site-packages/pip/_vendor/pyparsing/diagram/__pycache__) by extensions ['colcon_pkg']
[0.625s] Level 1:colcon.colcon_core.package_identification:_identify(gym_env/lib/python3.12/site-packages/pip/_vendor/pyparsing/diagram/__pycache__) by extension 'colcon_pkg'
[0.625s] Level 1:colcon.colcon_core.package_identification:_identify(gym_env/lib/python3.12/site-packages/pip/_vendor/pyparsing/diagram/__pycache__) by extensions ['colcon_meta']
[0.625s] Level 1:colcon.colcon_core.package_identification:_identify(gym_env/lib/python3.12/site-packages/pip/_vendor/pyparsing/diagram/__pycache__) by extension 'colcon_meta'
[0.625s] Level 1:colcon.colcon_core.package_identification:_identify(gym_env/lib/python3.12/site-packages/pip/_vendor/pyparsing/diagram/__pycache__) by extensions ['ros']
[0.625s] Level 1:colcon.colcon_core.package_identification:_identify(gym_env/lib/python3.12/site-packages/pip/_vendor/pyparsing/diagram/__pycache__) by extension 'ros'
[0.626s] Level 1:colcon.colcon_core.package_identification:_identify(gym_env/lib/python3.12/site-packages/pip/_vendor/pyparsing/diagram/__pycache__) by extensions ['cmake', 'python']
[0.626s] Level 1:colcon.colcon_core.package_identification:_identify(gym_env/lib/python3.12/site-packages/pip/_vendor/pyparsing/diagram/__pycache__) by extension 'cmake'
[0.626s] Level 1:colcon.colcon_core.package_identification:_identify(gym_env/lib/python3.12/site-packages/pip/_vendor/pyparsing/diagram/__pycache__) by extension 'python'
[0.626s] Level 1:colcon.colcon_core.package_identification:_identify(gym_env/lib/python3.12/site-packages/pip/_vendor/pyparsing/diagram/__pycache__) by extensions ['python_setup_py']
[0.626s] Level 1:colcon.colcon_core.package_identification:_identify(gym_env/lib/python3.12/site-packages/pip/_vendor/pyparsing/diagram/__pycache__) by extension 'python_setup_py'
[0.627s] Level 1:colcon.colcon_core.package_identification:_identify(gym_env/lib/python3.12/site-packages/pip/_vendor/pyproject_hooks) by extensions ['ignore', 'ignore_ament_install']
[0.627s] Level 1:colcon.colcon_core.package_identification:_identify(gym_env/lib/python3.12/site-packages/pip/_vendor/pyproject_hooks) by extension 'ignore'
[0.627s] Level 1:colcon.colcon_core.package_identification:_identify(gym_env/lib/python3.12/site-packages/pip/_vendor/pyproject_hooks) by extension 'ignore_ament_install'
[0.627s] Level 1:colcon.colcon_core.package_identification:_identify(gym_env/lib/python3.12/site-packages/pip/_vendor/pyproject_hooks) by extensions ['colcon_pkg']
[0.627s] Level 1:colcon.colcon_core.package_identification:_identify(gym_env/lib/python3.12/site-packages/pip/_vendor/pyproject_hooks) by extension 'colcon_pkg'
[0.627s] Level 1:colcon.colcon_core.package_identification:_identify(gym_env/lib/python3.12/site-packages/pip/_vendor/pyproject_hooks) by extensions ['colcon_meta']
[0.627s] Level 1:colcon.colcon_core.package_identification:_identify(gym_env/lib/python3.12/site-packages/pip/_vendor/pyproject_hooks) by extension 'colcon_meta'
[0.628s] Level 1:colcon.colcon_core.package_identification:_identify(gym_env/lib/python3.12/site-packages/pip/_vendor/pyproject_hooks) by extensions ['ros']
[0.628s] Level 1:colcon.colcon_core.package_identification:_identify(gym_env/lib/python3.12/site-packages/pip/_vendor/pyproject_hooks) by extension 'ros'
[0.628s] Level 1:colcon.colcon_core.package_identification:_identify(gym_env/lib/python3.12/site-packages/pip/_vendor/pyproject_hooks) by extensions ['cmake', 'python']
[0.628s] Level 1:colcon.colcon_core.package_identification:_identify(gym_env/lib/python3.12/site-packages/pip/_vendor/pyproject_hooks) by extension 'cmake'
[0.628s] Level 1:colcon.colcon_core.package_identification:_identify(gym_env/lib/python3.12/site-packages/pip/_vendor/pyproject_hooks) by extension 'python'
[0.628s] Level 1:colcon.colcon_core.package_identification:_identify(gym_env/lib/python3.12/site-packages/pip/_vendor/pyproject_hooks) by extensions ['python_setup_py']
[0.628s] Level 1:colcon.colcon_core.package_identification:_identify(gym_env/lib/python3.12/site-packages/pip/_vendor/pyproject_hooks) by extension 'python_setup_py'
[0.628s] Level 1:colcon.colcon_core.package_identification:_identify(gym_env/lib/python3.12/site-packages/pip/_vendor/pyproject_hooks/__pycache__) by extensions ['ignore', 'ignore_ament_install']
[0.629s] Level 1:colcon.colcon_core.package_identification:_identify(gym_env/lib/python3.12/site-packages/pip/_vendor/pyproject_hooks/__pycache__) by extension 'ignore'
[0.629s] Level 1:colcon.colcon_core.package_identification:_identify(gym_env/lib/python3.12/site-packages/pip/_vendor/pyproject_hooks/__pycache__) by extension 'ignore_ament_install'
[0.629s] Level 1:colcon.colcon_core.package_identification:_identify(gym_env/lib/python3.12/site-packages/pip/_vendor/pyproject_hooks/__pycache__) by extensions ['colcon_pkg']
[0.629s] Level 1:colcon.colcon_core.package_identification:_identify(gym_env/lib/python3.12/site-packages/pip/_vendor/pyproject_hooks/__pycache__) by extension 'colcon_pkg'
[0.629s] Level 1:colcon.colcon_core.package_identification:_identify(gym_env/lib/python3.12/site-packages/pip/_vendor/pyproject_hooks/__pycache__) by extensions ['colcon_meta']
[0.629s] Level 1:colcon.colcon_core.package_identification:_identify(gym_env/lib/python3.12/site-packages/pip/_vendor/pyproject_hooks/__pycache__) by extension 'colcon_meta'
[0.629s] Level 1:colcon.colcon_core.package_identification:_identify(gym_env/lib/python3.12/site-packages/pip/_vendor/pyproject_hooks/__pycache__) by extensions ['ros']
[0.629s] Level 1:colcon.colcon_core.package_identification:_identify(gym_env/lib/python3.12/site-packages/pip/_vendor/pyproject_hooks/__pycache__) by extension 'ros'
[0.629s] Level 1:colcon.colcon_core.package_identification:_identify(gym_env/lib/python3.12/site-packages/pip/_vendor/pyproject_hooks/__pycache__) by extensions ['cmake', 'python']
[0.630s] Level 1:colcon.colcon_core.package_identification:_identify(gym_env/lib/python3.12/site-packages/pip/_vendor/pyproject_hooks/__pycache__) by extension 'cmake'
[0.630s] Level 1:colcon.colcon_core.package_identification:_identify(gym_env/lib/python3.12/site-packages/pip/_vendor/pyproject_hooks/__pycache__) by extension 'python'
[0.630s] Level 1:colcon.colcon_core.package_identification:_identify(gym_env/lib/python3.12/site-packages/pip/_vendor/pyproject_hooks/__pycache__) by extensions ['python_setup_py']
[0.630s] Level 1:colcon.colcon_core.package_identification:_identify(gym_env/lib/python3.12/site-packages/pip/_vendor/pyproject_hooks/__pycache__) by extension 'python_setup_py'
[0.630s] Level 1:colcon.colcon_core.package_identification:_identify(gym_env/lib/python3.12/site-packages/pip/_vendor/pyproject_hooks/_in_process) by extensions ['ignore', 'ignore_ament_install']
[0.630s] Level 1:colcon.colcon_core.package_identification:_identify(gym_env/lib/python3.12/site-packages/pip/_vendor/pyproject_hooks/_in_process) by extension 'ignore'
[0.630s] Level 1:colcon.colcon_core.package_identification:_identify(gym_env/lib/python3.12/site-packages/pip/_vendor/pyproject_hooks/_in_process) by extension 'ignore_ament_install'
[0.630s] Level 1:colcon.colcon_core.package_identification:_identify(gym_env/lib/python3.12/site-packages/pip/_vendor/pyproject_hooks/_in_process) by extensions ['colcon_pkg']
[0.631s] Level 1:colcon.colcon_core.package_identification:_identify(gym_env/lib/python3.12/site-packages/pip/_vendor/pyproject_hooks/_in_process) by extension 'colcon_pkg'
[0.631s] Level 1:colcon.colcon_core.package_identification:_identify(gym_env/lib/python3.12/site-packages/pip/_vendor/pyproject_hooks/_in_process) by extensions ['colcon_meta']
[0.631s] Level 1:colcon.colcon_core.package_identification:_identify(gym_env/lib/python3.12/site-packages/pip/_vendor/pyproject_hooks/_in_process) by extension 'colcon_meta'
[0.631s] Level 1:colcon.colcon_core.package_identification:_identify(gym_env/lib/python3.12/site-packages/pip/_vendor/pyproject_hooks/_in_process) by extensions ['ros']
[0.631s] Level 1:colcon.colcon_core.package_identification:_identify(gym_env/lib/python3.12/site-packages/pip/_vendor/pyproject_hooks/_in_process) by extension 'ros'
[0.631s] Level 1:colcon.colcon_core.package_identification:_identify(gym_env/lib/python3.12/site-packages/pip/_vendor/pyproject_hooks/_in_process) by extensions ['cmake', 'python']
[0.631s] Level 1:colcon.colcon_core.package_identification:_identify(gym_env/lib/python3.12/site-packages/pip/_vendor/pyproject_hooks/_in_process) by extension 'cmake'
[0.631s] Level 1:colcon.colcon_core.package_identification:_identify(gym_env/lib/python3.12/site-packages/pip/_vendor/pyproject_hooks/_in_process) by extension 'python'
[0.631s] Level 1:colcon.colcon_core.package_identification:_identify(gym_env/lib/python3.12/site-packages/pip/_vendor/pyproject_hooks/_in_process) by extensions ['python_setup_py']
[0.631s] Level 1:colcon.colcon_core.package_identification:_identify(gym_env/lib/python3.12/site-packages/pip/_vendor/pyproject_hooks/_in_process) by extension 'python_setup_py'
[0.632s] Level 1:colcon.colcon_core.package_identification:_identify(gym_env/lib/python3.12/site-packages/pip/_vendor/pyproject_hooks/_in_process/__pycache__) by extensions ['ignore', 'ignore_ament_install']
[0.632s] Level 1:colcon.colcon_core.package_identification:_identify(gym_env/lib/python3.12/site-packages/pip/_vendor/pyproject_hooks/_in_process/__pycache__) by extension 'ignore'
[0.632s] Level 1:colcon.colcon_core.package_identification:_identify(gym_env/lib/python3.12/site-packages/pip/_vendor/pyproject_hooks/_in_process/__pycache__) by extension 'ignore_ament_install'
[0.632s] Level 1:colcon.colcon_core.package_identification:_identify(gym_env/lib/python3.12/site-packages/pip/_vendor/pyproject_hooks/_in_process/__pycache__) by extensions ['colcon_pkg']
[0.632s] Level 1:colcon.colcon_core.package_identification:_identify(gym_env/lib/python3.12/site-packages/pip/_vendor/pyproject_hooks/_in_process/__pycache__) by extension 'colcon_pkg'
[0.632s] Level 1:colcon.colcon_core.package_identification:_identify(gym_env/lib/python3.12/site-packages/pip/_vendor/pyproject_hooks/_in_process/__pycache__) by extensions ['colcon_meta']
[0.632s] Level 1:colcon.colcon_core.package_identification:_identify(gym_env/lib/python3.12/site-packages/pip/_vendor/pyproject_hooks/_in_process/__pycache__) by extension 'colcon_meta'
[0.632s] Level 1:colcon.colcon_core.package_identification:_identify(gym_env/lib/python3.12/site-packages/pip/_vendor/pyproject_hooks/_in_process/__pycache__) by extensions ['ros']
[0.632s] Level 1:colcon.colcon_core.package_identification:_identify(gym_env/lib/python3.12/site-packages/pip/_vendor/pyproject_hooks/_in_process/__pycache__) by extension 'ros'
[0.633s] Level 1:colcon.colcon_core.package_identification:_identify(gym_env/lib/python3.12/site-packages/pip/_vendor/pyproject_hooks/_in_process/__pycache__) by extensions ['cmake', 'python']
[0.633s] Level 1:colcon.colcon_core.package_identification:_identify(gym_env/lib/python3.12/site-packages/pip/_vendor/pyproject_hooks/_in_process/__pycache__) by extension 'cmake'
[0.633s] Level 1:colcon.colcon_core.package_identification:_identify(gym_env/lib/python3.12/site-packages/pip/_vendor/pyproject_hooks/_in_process/__pycache__) by extension 'python'
[0.633s] Level 1:colcon.colcon_core.package_identification:_identify(gym_env/lib/python3.12/site-packages/pip/_vendor/pyproject_hooks/_in_process/__pycache__) by extensions ['python_setup_py']
[0.633s] Level 1:colcon.colcon_core.package_identification:_identify(gym_env/lib/python3.12/site-packages/pip/_vendor/pyproject_hooks/_in_process/__pycache__) by extension 'python_setup_py'
[0.633s] Level 1:colcon.colcon_core.package_identification:_identify(gym_env/lib/python3.12/site-packages/pip/_vendor/requests) by extensions ['ignore', 'ignore_ament_install']
[0.633s] Level 1:colcon.colcon_core.package_identification:_identify(gym_env/lib/python3.12/site-packages/pip/_vendor/requests) by extension 'ignore'
[0.634s] Level 1:colcon.colcon_core.package_identification:_identify(gym_env/lib/python3.12/site-packages/pip/_vendor/requests) by extension 'ignore_ament_install'
[0.634s] Level 1:colcon.colcon_core.package_identification:_identify(gym_env/lib/python3.12/site-packages/pip/_vendor/requests) by extensions ['colcon_pkg']
[0.634s] Level 1:colcon.colcon_core.package_identification:_identify(gym_env/lib/python3.12/site-packages/pip/_vendor/requests) by extension 'colcon_pkg'
[0.634s] Level 1:colcon.colcon_core.package_identification:_identify(gym_env/lib/python3.12/site-packages/pip/_vendor/requests) by extensions ['colcon_meta']
[0.634s] Level 1:colcon.colcon_core.package_identification:_identify(gym_env/lib/python3.12/site-packages/pip/_vendor/requests) by extension 'colcon_meta'
[0.634s] Level 1:colcon.colcon_core.package_identification:_identify(gym_env/lib/python3.12/site-packages/pip/_vendor/requests) by extensions ['ros']
[0.634s] Level 1:colcon.colcon_core.package_identification:_identify(gym_env/lib/python3.12/site-packages/pip/_vendor/requests) by extension 'ros'
[0.634s] Level 1:colcon.colcon_core.package_identification:_identify(gym_env/lib/python3.12/site-packages/pip/_vendor/requests) by extensions ['cmake', 'python']
[0.634s] Level 1:colcon.colcon_core.package_identification:_identify(gym_env/lib/python3.12/site-packages/pip/_vendor/requests) by extension 'cmake'
[0.634s] Level 1:colcon.colcon_core.package_identification:_identify(gym_env/lib/python3.12/site-packages/pip/_vendor/requests) by extension 'python'
[0.635s] Level 1:colcon.colcon_core.package_identification:_identify(gym_env/lib/python3.12/site-packages/pip/_vendor/requests) by extensions ['python_setup_py']
[0.635s] Level 1:colcon.colcon_core.package_identification:_identify(gym_env/lib/python3.12/site-packages/pip/_vendor/requests) by extension 'python_setup_py'
[0.635s] Level 1:colcon.colcon_core.package_identification:_identify(gym_env/lib/python3.12/site-packages/pip/_vendor/requests/__pycache__) by extensions ['ignore', 'ignore_ament_install']
[0.635s] Level 1:colcon.colcon_core.package_identification:_identify(gym_env/lib/python3.12/site-packages/pip/_vendor/requests/__pycache__) by extension 'ignore'
[0.635s] Level 1:colcon.colcon_core.package_identification:_identify(gym_env/lib/python3.12/site-packages/pip/_vendor/requests/__pycache__) by extension 'ignore_ament_install'
[0.635s] Level 1:colcon.colcon_core.package_identification:_identify(gym_env/lib/python3.12/site-packages/pip/_vendor/requests/__pycache__) by extensions ['colcon_pkg']
[0.635s] Level 1:colcon.colcon_core.package_identification:_identify(gym_env/lib/python3.12/site-packages/pip/_vendor/requests/__pycache__) by extension 'colcon_pkg'
[0.636s] Level 1:colcon.colcon_core.package_identification:_identify(gym_env/lib/python3.12/site-packages/pip/_vendor/requests/__pycache__) by extensions ['colcon_meta']
[0.636s] Level 1:colcon.colcon_core.package_identification:_identify(gym_env/lib/python3.12/site-packages/pip/_vendor/requests/__pycache__) by extension 'colcon_meta'
[0.636s] Level 1:colcon.colcon_core.package_identification:_identify(gym_env/lib/python3.12/site-packages/pip/_vendor/requests/__pycache__) by extensions ['ros']
[0.636s] Level 1:colcon.colcon_core.package_identification:_identify(gym_env/lib/python3.12/site-packages/pip/_vendor/requests/__pycache__) by extension 'ros'
[0.636s] Level 1:colcon.colcon_core.package_identification:_identify(gym_env/lib/python3.12/site-packages/pip/_vendor/requests/__pycache__) by extensions ['cmake', 'python']
[0.636s] Level 1:colcon.colcon_core.package_identification:_identify(gym_env/lib/python3.12/site-packages/pip/_vendor/requests/__pycache__) by extension 'cmake'
[0.636s] Level 1:colcon.colcon_core.package_identification:_identify(gym_env/lib/python3.12/site-packages/pip/_vendor/requests/__pycache__) by extension 'python'
[0.636s] Level 1:colcon.colcon_core.package_identification:_identify(gym_env/lib/python3.12/site-packages/pip/_vendor/requests/__pycache__) by extensions ['python_setup_py']
[0.636s] Level 1:colcon.colcon_core.package_identification:_identify(gym_env/lib/python3.12/site-packages/pip/_vendor/requests/__pycache__) by extension 'python_setup_py'
[0.637s] Level 1:colcon.colcon_core.package_identification:_identify(gym_env/lib/python3.12/site-packages/pip/_vendor/resolvelib) by extensions ['ignore', 'ignore_ament_install']
[0.637s] Level 1:colcon.colcon_core.package_identification:_identify(gym_env/lib/python3.12/site-packages/pip/_vendor/resolvelib) by extension 'ignore'
[0.637s] Level 1:colcon.colcon_core.package_identification:_identify(gym_env/lib/python3.12/site-packages/pip/_vendor/resolvelib) by extension 'ignore_ament_install'
[0.637s] Level 1:colcon.colcon_core.package_identification:_identify(gym_env/lib/python3.12/site-packages/pip/_vendor/resolvelib) by extensions ['colcon_pkg']
[0.637s] Level 1:colcon.colcon_core.package_identification:_identify(gym_env/lib/python3.12/site-packages/pip/_vendor/resolvelib) by extension 'colcon_pkg'
[0.637s] Level 1:colcon.colcon_core.package_identification:_identify(gym_env/lib/python3.12/site-packages/pip/_vendor/resolvelib) by extensions ['colcon_meta']
[0.637s] Level 1:colcon.colcon_core.package_identification:_identify(gym_env/lib/python3.12/site-packages/pip/_vendor/resolvelib) by extension 'colcon_meta'
[0.637s] Level 1:colcon.colcon_core.package_identification:_identify(gym_env/lib/python3.12/site-packages/pip/_vendor/resolvelib) by extensions ['ros']
[0.637s] Level 1:colcon.colcon_core.package_identification:_identify(gym_env/lib/python3.12/site-packages/pip/_vendor/resolvelib) by extension 'ros'
[0.638s] Level 1:colcon.colcon_core.package_identification:_identify(gym_env/lib/python3.12/site-packages/pip/_vendor/resolvelib) by extensions ['cmake', 'python']
[0.638s] Level 1:colcon.colcon_core.package_identification:_identify(gym_env/lib/python3.12/site-packages/pip/_vendor/resolvelib) by extension 'cmake'
[0.638s] Level 1:colcon.colcon_core.package_identification:_identify(gym_env/lib/python3.12/site-packages/pip/_vendor/resolvelib) by extension 'python'
[0.638s] Level 1:colcon.colcon_core.package_identification:_identify(gym_env/lib/python3.12/site-packages/pip/_vendor/resolvelib) by extensions ['python_setup_py']
[0.638s] Level 1:colcon.colcon_core.package_identification:_identify(gym_env/lib/python3.12/site-packages/pip/_vendor/resolvelib) by extension 'python_setup_py'
[0.638s] Level 1:colcon.colcon_core.package_identification:_identify(gym_env/lib/python3.12/site-packages/pip/_vendor/resolvelib/__pycache__) by extensions ['ignore', 'ignore_ament_install']
[0.638s] Level 1:colcon.colcon_core.package_identification:_identify(gym_env/lib/python3.12/site-packages/pip/_vendor/resolvelib/__pycache__) by extension 'ignore'
[0.638s] Level 1:colcon.colcon_core.package_identification:_identify(gym_env/lib/python3.12/site-packages/pip/_vendor/resolvelib/__pycache__) by extension 'ignore_ament_install'
[0.639s] Level 1:colcon.colcon_core.package_identification:_identify(gym_env/lib/python3.12/site-packages/pip/_vendor/resolvelib/__pycache__) by extensions ['colcon_pkg']
[0.639s] Level 1:colcon.colcon_core.package_identification:_identify(gym_env/lib/python3.12/site-packages/pip/_vendor/resolvelib/__pycache__) by extension 'colcon_pkg'
[0.639s] Level 1:colcon.colcon_core.package_identification:_identify(gym_env/lib/python3.12/site-packages/pip/_vendor/resolvelib/__pycache__) by extensions ['colcon_meta']
[0.639s] Level 1:colcon.colcon_core.package_identification:_identify(gym_env/lib/python3.12/site-packages/pip/_vendor/resolvelib/__pycache__) by extension 'colcon_meta'
[0.639s] Level 1:colcon.colcon_core.package_identification:_identify(gym_env/lib/python3.12/site-packages/pip/_vendor/resolvelib/__pycache__) by extensions ['ros']
[0.639s] Level 1:colcon.colcon_core.package_identification:_identify(gym_env/lib/python3.12/site-packages/pip/_vendor/resolvelib/__pycache__) by extension 'ros'
[0.639s] Level 1:colcon.colcon_core.package_identification:_identify(gym_env/lib/python3.12/site-packages/pip/_vendor/resolvelib/__pycache__) by extensions ['cmake', 'python']
[0.639s] Level 1:colcon.colcon_core.package_identification:_identify(gym_env/lib/python3.12/site-packages/pip/_vendor/resolvelib/__pycache__) by extension 'cmake'
[0.639s] Level 1:colcon.colcon_core.package_identification:_identify(gym_env/lib/python3.12/site-packages/pip/_vendor/resolvelib/__pycache__) by extension 'python'
[0.639s] Level 1:colcon.colcon_core.package_identification:_identify(gym_env/lib/python3.12/site-packages/pip/_vendor/resolvelib/__pycache__) by extensions ['python_setup_py']
[0.639s] Level 1:colcon.colcon_core.package_identification:_identify(gym_env/lib/python3.12/site-packages/pip/_vendor/resolvelib/__pycache__) by extension 'python_setup_py'
[0.640s] Level 1:colcon.colcon_core.package_identification:_identify(gym_env/lib/python3.12/site-packages/pip/_vendor/resolvelib/compat) by extensions ['ignore', 'ignore_ament_install']
[0.640s] Level 1:colcon.colcon_core.package_identification:_identify(gym_env/lib/python3.12/site-packages/pip/_vendor/resolvelib/compat) by extension 'ignore'
[0.640s] Level 1:colcon.colcon_core.package_identification:_identify(gym_env/lib/python3.12/site-packages/pip/_vendor/resolvelib/compat) by extension 'ignore_ament_install'
[0.640s] Level 1:colcon.colcon_core.package_identification:_identify(gym_env/lib/python3.12/site-packages/pip/_vendor/resolvelib/compat) by extensions ['colcon_pkg']
[0.640s] Level 1:colcon.colcon_core.package_identification:_identify(gym_env/lib/python3.12/site-packages/pip/_vendor/resolvelib/compat) by extension 'colcon_pkg'
[0.640s] Level 1:colcon.colcon_core.package_identification:_identify(gym_env/lib/python3.12/site-packages/pip/_vendor/resolvelib/compat) by extensions ['colcon_meta']
[0.640s] Level 1:colcon.colcon_core.package_identification:_identify(gym_env/lib/python3.12/site-packages/pip/_vendor/resolvelib/compat) by extension 'colcon_meta'
[0.640s] Level 1:colcon.colcon_core.package_identification:_identify(gym_env/lib/python3.12/site-packages/pip/_vendor/resolvelib/compat) by extensions ['ros']
[0.640s] Level 1:colcon.colcon_core.package_identification:_identify(gym_env/lib/python3.12/site-packages/pip/_vendor/resolvelib/compat) by extension 'ros'
[0.641s] Level 1:colcon.colcon_core.package_identification:_identify(gym_env/lib/python3.12/site-packages/pip/_vendor/resolvelib/compat) by extensions ['cmake', 'python']
[0.641s] Level 1:colcon.colcon_core.package_identification:_identify(gym_env/lib/python3.12/site-packages/pip/_vendor/resolvelib/compat) by extension 'cmake'
[0.641s] Level 1:colcon.colcon_core.package_identification:_identify(gym_env/lib/python3.12/site-packages/pip/_vendor/resolvelib/compat) by extension 'python'
[0.641s] Level 1:colcon.colcon_core.package_identification:_identify(gym_env/lib/python3.12/site-packages/pip/_vendor/resolvelib/compat) by extensions ['python_setup_py']
[0.641s] Level 1:colcon.colcon_core.package_identification:_identify(gym_env/lib/python3.12/site-packages/pip/_vendor/resolvelib/compat) by extension 'python_setup_py'
[0.641s] Level 1:colcon.colcon_core.package_identification:_identify(gym_env/lib/python3.12/site-packages/pip/_vendor/resolvelib/compat/__pycache__) by extensions ['ignore', 'ignore_ament_install']
[0.642s] Level 1:colcon.colcon_core.package_identification:_identify(gym_env/lib/python3.12/site-packages/pip/_vendor/resolvelib/compat/__pycache__) by extension 'ignore'
[0.642s] Level 1:colcon.colcon_core.package_identification:_identify(gym_env/lib/python3.12/site-packages/pip/_vendor/resolvelib/compat/__pycache__) by extension 'ignore_ament_install'
[0.642s] Level 1:colcon.colcon_core.package_identification:_identify(gym_env/lib/python3.12/site-packages/pip/_vendor/resolvelib/compat/__pycache__) by extensions ['colcon_pkg']
[0.642s] Level 1:colcon.colcon_core.package_identification:_identify(gym_env/lib/python3.12/site-packages/pip/_vendor/resolvelib/compat/__pycache__) by extension 'colcon_pkg'
[0.642s] Level 1:colcon.colcon_core.package_identification:_identify(gym_env/lib/python3.12/site-packages/pip/_vendor/resolvelib/compat/__pycache__) by extensions ['colcon_meta']
[0.643s] Level 1:colcon.colcon_core.package_identification:_identify(gym_env/lib/python3.12/site-packages/pip/_vendor/resolvelib/compat/__pycache__) by extension 'colcon_meta'
[0.643s] Level 1:colcon.colcon_core.package_identification:_identify(gym_env/lib/python3.12/site-packages/pip/_vendor/resolvelib/compat/__pycache__) by extensions ['ros']
[0.643s] Level 1:colcon.colcon_core.package_identification:_identify(gym_env/lib/python3.12/site-packages/pip/_vendor/resolvelib/compat/__pycache__) by extension 'ros'
[0.643s] Level 1:colcon.colcon_core.package_identification:_identify(gym_env/lib/python3.12/site-packages/pip/_vendor/resolvelib/compat/__pycache__) by extensions ['cmake', 'python']
[0.643s] Level 1:colcon.colcon_core.package_identification:_identify(gym_env/lib/python3.12/site-packages/pip/_vendor/resolvelib/compat/__pycache__) by extension 'cmake'
[0.643s] Level 1:colcon.colcon_core.package_identification:_identify(gym_env/lib/python3.12/site-packages/pip/_vendor/resolvelib/compat/__pycache__) by extension 'python'
[0.643s] Level 1:colcon.colcon_core.package_identification:_identify(gym_env/lib/python3.12/site-packages/pip/_vendor/resolvelib/compat/__pycache__) by extensions ['python_setup_py']
[0.643s] Level 1:colcon.colcon_core.package_identification:_identify(gym_env/lib/python3.12/site-packages/pip/_vendor/resolvelib/compat/__pycache__) by extension 'python_setup_py'
[0.644s] Level 1:colcon.colcon_core.package_identification:_identify(gym_env/lib/python3.12/site-packages/pip/_vendor/rich) by extensions ['ignore', 'ignore_ament_install']
[0.644s] Level 1:colcon.colcon_core.package_identification:_identify(gym_env/lib/python3.12/site-packages/pip/_vendor/rich) by extension 'ignore'
[0.644s] Level 1:colcon.colcon_core.package_identification:_identify(gym_env/lib/python3.12/site-packages/pip/_vendor/rich) by extension 'ignore_ament_install'
[0.644s] Level 1:colcon.colcon_core.package_identification:_identify(gym_env/lib/python3.12/site-packages/pip/_vendor/rich) by extensions ['colcon_pkg']
[0.644s] Level 1:colcon.colcon_core.package_identification:_identify(gym_env/lib/python3.12/site-packages/pip/_vendor/rich) by extension 'colcon_pkg'
[0.644s] Level 1:colcon.colcon_core.package_identification:_identify(gym_env/lib/python3.12/site-packages/pip/_vendor/rich) by extensions ['colcon_meta']
[0.645s] Level 1:colcon.colcon_core.package_identification:_identify(gym_env/lib/python3.12/site-packages/pip/_vendor/rich) by extension 'colcon_meta'
[0.645s] Level 1:colcon.colcon_core.package_identification:_identify(gym_env/lib/python3.12/site-packages/pip/_vendor/rich) by extensions ['ros']
[0.645s] Level 1:colcon.colcon_core.package_identification:_identify(gym_env/lib/python3.12/site-packages/pip/_vendor/rich) by extension 'ros'
[0.645s] Level 1:colcon.colcon_core.package_identification:_identify(gym_env/lib/python3.12/site-packages/pip/_vendor/rich) by extensions ['cmake', 'python']
[0.645s] Level 1:colcon.colcon_core.package_identification:_identify(gym_env/lib/python3.12/site-packages/pip/_vendor/rich) by extension 'cmake'
[0.645s] Level 1:colcon.colcon_core.package_identification:_identify(gym_env/lib/python3.12/site-packages/pip/_vendor/rich) by extension 'python'
[0.645s] Level 1:colcon.colcon_core.package_identification:_identify(gym_env/lib/python3.12/site-packages/pip/_vendor/rich) by extensions ['python_setup_py']
[0.645s] Level 1:colcon.colcon_core.package_identification:_identify(gym_env/lib/python3.12/site-packages/pip/_vendor/rich) by extension 'python_setup_py'
[0.646s] Level 1:colcon.colcon_core.package_identification:_identify(gym_env/lib/python3.12/site-packages/pip/_vendor/rich/__pycache__) by extensions ['ignore', 'ignore_ament_install']
[0.646s] Level 1:colcon.colcon_core.package_identification:_identify(gym_env/lib/python3.12/site-packages/pip/_vendor/rich/__pycache__) by extension 'ignore'
[0.646s] Level 1:colcon.colcon_core.package_identification:_identify(gym_env/lib/python3.12/site-packages/pip/_vendor/rich/__pycache__) by extension 'ignore_ament_install'
[0.646s] Level 1:colcon.colcon_core.package_identification:_identify(gym_env/lib/python3.12/site-packages/pip/_vendor/rich/__pycache__) by extensions ['colcon_pkg']
[0.646s] Level 1:colcon.colcon_core.package_identification:_identify(gym_env/lib/python3.12/site-packages/pip/_vendor/rich/__pycache__) by extension 'colcon_pkg'
[0.646s] Level 1:colcon.colcon_core.package_identification:_identify(gym_env/lib/python3.12/site-packages/pip/_vendor/rich/__pycache__) by extensions ['colcon_meta']
[0.646s] Level 1:colcon.colcon_core.package_identification:_identify(gym_env/lib/python3.12/site-packages/pip/_vendor/rich/__pycache__) by extension 'colcon_meta'
[0.646s] Level 1:colcon.colcon_core.package_identification:_identify(gym_env/lib/python3.12/site-packages/pip/_vendor/rich/__pycache__) by extensions ['ros']
[0.647s] Level 1:colcon.colcon_core.package_identification:_identify(gym_env/lib/python3.12/site-packages/pip/_vendor/rich/__pycache__) by extension 'ros'
[0.647s] Level 1:colcon.colcon_core.package_identification:_identify(gym_env/lib/python3.12/site-packages/pip/_vendor/rich/__pycache__) by extensions ['cmake', 'python']
[0.647s] Level 1:colcon.colcon_core.package_identification:_identify(gym_env/lib/python3.12/site-packages/pip/_vendor/rich/__pycache__) by extension 'cmake'
[0.647s] Level 1:colcon.colcon_core.package_identification:_identify(gym_env/lib/python3.12/site-packages/pip/_vendor/rich/__pycache__) by extension 'python'
[0.647s] Level 1:colcon.colcon_core.package_identification:_identify(gym_env/lib/python3.12/site-packages/pip/_vendor/rich/__pycache__) by extensions ['python_setup_py']
[0.647s] Level 1:colcon.colcon_core.package_identification:_identify(gym_env/lib/python3.12/site-packages/pip/_vendor/rich/__pycache__) by extension 'python_setup_py'
[0.647s] Level 1:colcon.colcon_core.package_identification:_identify(gym_env/lib/python3.12/site-packages/pip/_vendor/tenacity) by extensions ['ignore', 'ignore_ament_install']
[0.647s] Level 1:colcon.colcon_core.package_identification:_identify(gym_env/lib/python3.12/site-packages/pip/_vendor/tenacity) by extension 'ignore'
[0.648s] Level 1:colcon.colcon_core.package_identification:_identify(gym_env/lib/python3.12/site-packages/pip/_vendor/tenacity) by extension 'ignore_ament_install'
[0.648s] Level 1:colcon.colcon_core.package_identification:_identify(gym_env/lib/python3.12/site-packages/pip/_vendor/tenacity) by extensions ['colcon_pkg']
[0.648s] Level 1:colcon.colcon_core.package_identification:_identify(gym_env/lib/python3.12/site-packages/pip/_vendor/tenacity) by extension 'colcon_pkg'
[0.648s] Level 1:colcon.colcon_core.package_identification:_identify(gym_env/lib/python3.12/site-packages/pip/_vendor/tenacity) by extensions ['colcon_meta']
[0.648s] Level 1:colcon.colcon_core.package_identification:_identify(gym_env/lib/python3.12/site-packages/pip/_vendor/tenacity) by extension 'colcon_meta'
[0.648s] Level 1:colcon.colcon_core.package_identification:_identify(gym_env/lib/python3.12/site-packages/pip/_vendor/tenacity) by extensions ['ros']
[0.648s] Level 1:colcon.colcon_core.package_identification:_identify(gym_env/lib/python3.12/site-packages/pip/_vendor/tenacity) by extension 'ros'
[0.648s] Level 1:colcon.colcon_core.package_identification:_identify(gym_env/lib/python3.12/site-packages/pip/_vendor/tenacity) by extensions ['cmake', 'python']
[0.648s] Level 1:colcon.colcon_core.package_identification:_identify(gym_env/lib/python3.12/site-packages/pip/_vendor/tenacity) by extension 'cmake'
[0.649s] Level 1:colcon.colcon_core.package_identification:_identify(gym_env/lib/python3.12/site-packages/pip/_vendor/tenacity) by extension 'python'
[0.649s] Level 1:colcon.colcon_core.package_identification:_identify(gym_env/lib/python3.12/site-packages/pip/_vendor/tenacity) by extensions ['python_setup_py']
[0.649s] Level 1:colcon.colcon_core.package_identification:_identify(gym_env/lib/python3.12/site-packages/pip/_vendor/tenacity) by extension 'python_setup_py'
[0.649s] Level 1:colcon.colcon_core.package_identification:_identify(gym_env/lib/python3.12/site-packages/pip/_vendor/tenacity/__pycache__) by extensions ['ignore', 'ignore_ament_install']
[0.649s] Level 1:colcon.colcon_core.package_identification:_identify(gym_env/lib/python3.12/site-packages/pip/_vendor/tenacity/__pycache__) by extension 'ignore'
[0.649s] Level 1:colcon.colcon_core.package_identification:_identify(gym_env/lib/python3.12/site-packages/pip/_vendor/tenacity/__pycache__) by extension 'ignore_ament_install'
[0.650s] Level 1:colcon.colcon_core.package_identification:_identify(gym_env/lib/python3.12/site-packages/pip/_vendor/tenacity/__pycache__) by extensions ['colcon_pkg']
[0.650s] Level 1:colcon.colcon_core.package_identification:_identify(gym_env/lib/python3.12/site-packages/pip/_vendor/tenacity/__pycache__) by extension 'colcon_pkg'
[0.650s] Level 1:colcon.colcon_core.package_identification:_identify(gym_env/lib/python3.12/site-packages/pip/_vendor/tenacity/__pycache__) by extensions ['colcon_meta']
[0.650s] Level 1:colcon.colcon_core.package_identification:_identify(gym_env/lib/python3.12/site-packages/pip/_vendor/tenacity/__pycache__) by extension 'colcon_meta'
[0.650s] Level 1:colcon.colcon_core.package_identification:_identify(gym_env/lib/python3.12/site-packages/pip/_vendor/tenacity/__pycache__) by extensions ['ros']
[0.650s] Level 1:colcon.colcon_core.package_identification:_identify(gym_env/lib/python3.12/site-packages/pip/_vendor/tenacity/__pycache__) by extension 'ros'
[0.650s] Level 1:colcon.colcon_core.package_identification:_identify(gym_env/lib/python3.12/site-packages/pip/_vendor/tenacity/__pycache__) by extensions ['cmake', 'python']
[0.650s] Level 1:colcon.colcon_core.package_identification:_identify(gym_env/lib/python3.12/site-packages/pip/_vendor/tenacity/__pycache__) by extension 'cmake'
[0.651s] Level 1:colcon.colcon_core.package_identification:_identify(gym_env/lib/python3.12/site-packages/pip/_vendor/tenacity/__pycache__) by extension 'python'
[0.651s] Level 1:colcon.colcon_core.package_identification:_identify(gym_env/lib/python3.12/site-packages/pip/_vendor/tenacity/__pycache__) by extensions ['python_setup_py']
[0.651s] Level 1:colcon.colcon_core.package_identification:_identify(gym_env/lib/python3.12/site-packages/pip/_vendor/tenacity/__pycache__) by extension 'python_setup_py'
[0.651s] Level 1:colcon.colcon_core.package_identification:_identify(gym_env/lib/python3.12/site-packages/pip/_vendor/tomli) by extensions ['ignore', 'ignore_ament_install']
[0.651s] Level 1:colcon.colcon_core.package_identification:_identify(gym_env/lib/python3.12/site-packages/pip/_vendor/tomli) by extension 'ignore'
[0.651s] Level 1:colcon.colcon_core.package_identification:_identify(gym_env/lib/python3.12/site-packages/pip/_vendor/tomli) by extension 'ignore_ament_install'
[0.651s] Level 1:colcon.colcon_core.package_identification:_identify(gym_env/lib/python3.12/site-packages/pip/_vendor/tomli) by extensions ['colcon_pkg']
[0.651s] Level 1:colcon.colcon_core.package_identification:_identify(gym_env/lib/python3.12/site-packages/pip/_vendor/tomli) by extension 'colcon_pkg'
[0.652s] Level 1:colcon.colcon_core.package_identification:_identify(gym_env/lib/python3.12/site-packages/pip/_vendor/tomli) by extensions ['colcon_meta']
[0.652s] Level 1:colcon.colcon_core.package_identification:_identify(gym_env/lib/python3.12/site-packages/pip/_vendor/tomli) by extension 'colcon_meta'
[0.652s] Level 1:colcon.colcon_core.package_identification:_identify(gym_env/lib/python3.12/site-packages/pip/_vendor/tomli) by extensions ['ros']
[0.652s] Level 1:colcon.colcon_core.package_identification:_identify(gym_env/lib/python3.12/site-packages/pip/_vendor/tomli) by extension 'ros'
[0.652s] Level 1:colcon.colcon_core.package_identification:_identify(gym_env/lib/python3.12/site-packages/pip/_vendor/tomli) by extensions ['cmake', 'python']
[0.652s] Level 1:colcon.colcon_core.package_identification:_identify(gym_env/lib/python3.12/site-packages/pip/_vendor/tomli) by extension 'cmake'
[0.652s] Level 1:colcon.colcon_core.package_identification:_identify(gym_env/lib/python3.12/site-packages/pip/_vendor/tomli) by extension 'python'
[0.652s] Level 1:colcon.colcon_core.package_identification:_identify(gym_env/lib/python3.12/site-packages/pip/_vendor/tomli) by extensions ['python_setup_py']
[0.652s] Level 1:colcon.colcon_core.package_identification:_identify(gym_env/lib/python3.12/site-packages/pip/_vendor/tomli) by extension 'python_setup_py'
[0.653s] Level 1:colcon.colcon_core.package_identification:_identify(gym_env/lib/python3.12/site-packages/pip/_vendor/tomli/__pycache__) by extensions ['ignore', 'ignore_ament_install']
[0.653s] Level 1:colcon.colcon_core.package_identification:_identify(gym_env/lib/python3.12/site-packages/pip/_vendor/tomli/__pycache__) by extension 'ignore'
[0.653s] Level 1:colcon.colcon_core.package_identification:_identify(gym_env/lib/python3.12/site-packages/pip/_vendor/tomli/__pycache__) by extension 'ignore_ament_install'
[0.653s] Level 1:colcon.colcon_core.package_identification:_identify(gym_env/lib/python3.12/site-packages/pip/_vendor/tomli/__pycache__) by extensions ['colcon_pkg']
[0.653s] Level 1:colcon.colcon_core.package_identification:_identify(gym_env/lib/python3.12/site-packages/pip/_vendor/tomli/__pycache__) by extension 'colcon_pkg'
[0.653s] Level 1:colcon.colcon_core.package_identification:_identify(gym_env/lib/python3.12/site-packages/pip/_vendor/tomli/__pycache__) by extensions ['colcon_meta']
[0.653s] Level 1:colcon.colcon_core.package_identification:_identify(gym_env/lib/python3.12/site-packages/pip/_vendor/tomli/__pycache__) by extension 'colcon_meta'
[0.653s] Level 1:colcon.colcon_core.package_identification:_identify(gym_env/lib/python3.12/site-packages/pip/_vendor/tomli/__pycache__) by extensions ['ros']
[0.653s] Level 1:colcon.colcon_core.package_identification:_identify(gym_env/lib/python3.12/site-packages/pip/_vendor/tomli/__pycache__) by extension 'ros'
[0.654s] Level 1:colcon.colcon_core.package_identification:_identify(gym_env/lib/python3.12/site-packages/pip/_vendor/tomli/__pycache__) by extensions ['cmake', 'python']
[0.654s] Level 1:colcon.colcon_core.package_identification:_identify(gym_env/lib/python3.12/site-packages/pip/_vendor/tomli/__pycache__) by extension 'cmake'
[0.654s] Level 1:colcon.colcon_core.package_identification:_identify(gym_env/lib/python3.12/site-packages/pip/_vendor/tomli/__pycache__) by extension 'python'
[0.654s] Level 1:colcon.colcon_core.package_identification:_identify(gym_env/lib/python3.12/site-packages/pip/_vendor/tomli/__pycache__) by extensions ['python_setup_py']
[0.654s] Level 1:colcon.colcon_core.package_identification:_identify(gym_env/lib/python3.12/site-packages/pip/_vendor/tomli/__pycache__) by extension 'python_setup_py'
[0.654s] Level 1:colcon.colcon_core.package_identification:_identify(gym_env/lib/python3.12/site-packages/pip/_vendor/truststore) by extensions ['ignore', 'ignore_ament_install']
[0.654s] Level 1:colcon.colcon_core.package_identification:_identify(gym_env/lib/python3.12/site-packages/pip/_vendor/truststore) by extension 'ignore'
[0.654s] Level 1:colcon.colcon_core.package_identification:_identify(gym_env/lib/python3.12/site-packages/pip/_vendor/truststore) by extension 'ignore_ament_install'
[0.655s] Level 1:colcon.colcon_core.package_identification:_identify(gym_env/lib/python3.12/site-packages/pip/_vendor/truststore) by extensions ['colcon_pkg']
[0.655s] Level 1:colcon.colcon_core.package_identification:_identify(gym_env/lib/python3.12/site-packages/pip/_vendor/truststore) by extension 'colcon_pkg'
[0.655s] Level 1:colcon.colcon_core.package_identification:_identify(gym_env/lib/python3.12/site-packages/pip/_vendor/truststore) by extensions ['colcon_meta']
[0.655s] Level 1:colcon.colcon_core.package_identification:_identify(gym_env/lib/python3.12/site-packages/pip/_vendor/truststore) by extension 'colcon_meta'
[0.655s] Level 1:colcon.colcon_core.package_identification:_identify(gym_env/lib/python3.12/site-packages/pip/_vendor/truststore) by extensions ['ros']
[0.655s] Level 1:colcon.colcon_core.package_identification:_identify(gym_env/lib/python3.12/site-packages/pip/_vendor/truststore) by extension 'ros'
[0.655s] Level 1:colcon.colcon_core.package_identification:_identify(gym_env/lib/python3.12/site-packages/pip/_vendor/truststore) by extensions ['cmake', 'python']
[0.655s] Level 1:colcon.colcon_core.package_identification:_identify(gym_env/lib/python3.12/site-packages/pip/_vendor/truststore) by extension 'cmake'
[0.655s] Level 1:colcon.colcon_core.package_identification:_identify(gym_env/lib/python3.12/site-packages/pip/_vendor/truststore) by extension 'python'
[0.655s] Level 1:colcon.colcon_core.package_identification:_identify(gym_env/lib/python3.12/site-packages/pip/_vendor/truststore) by extensions ['python_setup_py']
[0.655s] Level 1:colcon.colcon_core.package_identification:_identify(gym_env/lib/python3.12/site-packages/pip/_vendor/truststore) by extension 'python_setup_py'
[0.656s] Level 1:colcon.colcon_core.package_identification:_identify(gym_env/lib/python3.12/site-packages/pip/_vendor/truststore/__pycache__) by extensions ['ignore', 'ignore_ament_install']
[0.656s] Level 1:colcon.colcon_core.package_identification:_identify(gym_env/lib/python3.12/site-packages/pip/_vendor/truststore/__pycache__) by extension 'ignore'
[0.656s] Level 1:colcon.colcon_core.package_identification:_identify(gym_env/lib/python3.12/site-packages/pip/_vendor/truststore/__pycache__) by extension 'ignore_ament_install'
[0.656s] Level 1:colcon.colcon_core.package_identification:_identify(gym_env/lib/python3.12/site-packages/pip/_vendor/truststore/__pycache__) by extensions ['colcon_pkg']
[0.656s] Level 1:colcon.colcon_core.package_identification:_identify(gym_env/lib/python3.12/site-packages/pip/_vendor/truststore/__pycache__) by extension 'colcon_pkg'
[0.656s] Level 1:colcon.colcon_core.package_identification:_identify(gym_env/lib/python3.12/site-packages/pip/_vendor/truststore/__pycache__) by extensions ['colcon_meta']
[0.656s] Level 1:colcon.colcon_core.package_identification:_identify(gym_env/lib/python3.12/site-packages/pip/_vendor/truststore/__pycache__) by extension 'colcon_meta'
[0.656s] Level 1:colcon.colcon_core.package_identification:_identify(gym_env/lib/python3.12/site-packages/pip/_vendor/truststore/__pycache__) by extensions ['ros']
[0.656s] Level 1:colcon.colcon_core.package_identification:_identify(gym_env/lib/python3.12/site-packages/pip/_vendor/truststore/__pycache__) by extension 'ros'
[0.657s] Level 1:colcon.colcon_core.package_identification:_identify(gym_env/lib/python3.12/site-packages/pip/_vendor/truststore/__pycache__) by extensions ['cmake', 'python']
[0.657s] Level 1:colcon.colcon_core.package_identification:_identify(gym_env/lib/python3.12/site-packages/pip/_vendor/truststore/__pycache__) by extension 'cmake'
[0.657s] Level 1:colcon.colcon_core.package_identification:_identify(gym_env/lib/python3.12/site-packages/pip/_vendor/truststore/__pycache__) by extension 'python'
[0.657s] Level 1:colcon.colcon_core.package_identification:_identify(gym_env/lib/python3.12/site-packages/pip/_vendor/truststore/__pycache__) by extensions ['python_setup_py']
[0.657s] Level 1:colcon.colcon_core.package_identification:_identify(gym_env/lib/python3.12/site-packages/pip/_vendor/truststore/__pycache__) by extension 'python_setup_py'
[0.657s] Level 1:colcon.colcon_core.package_identification:_identify(gym_env/lib/python3.12/site-packages/pip/_vendor/urllib3) by extensions ['ignore', 'ignore_ament_install']
[0.657s] Level 1:colcon.colcon_core.package_identification:_identify(gym_env/lib/python3.12/site-packages/pip/_vendor/urllib3) by extension 'ignore'
[0.657s] Level 1:colcon.colcon_core.package_identification:_identify(gym_env/lib/python3.12/site-packages/pip/_vendor/urllib3) by extension 'ignore_ament_install'
[0.658s] Level 1:colcon.colcon_core.package_identification:_identify(gym_env/lib/python3.12/site-packages/pip/_vendor/urllib3) by extensions ['colcon_pkg']
[0.658s] Level 1:colcon.colcon_core.package_identification:_identify(gym_env/lib/python3.12/site-packages/pip/_vendor/urllib3) by extension 'colcon_pkg'
[0.658s] Level 1:colcon.colcon_core.package_identification:_identify(gym_env/lib/python3.12/site-packages/pip/_vendor/urllib3) by extensions ['colcon_meta']
[0.658s] Level 1:colcon.colcon_core.package_identification:_identify(gym_env/lib/python3.12/site-packages/pip/_vendor/urllib3) by extension 'colcon_meta'
[0.658s] Level 1:colcon.colcon_core.package_identification:_identify(gym_env/lib/python3.12/site-packages/pip/_vendor/urllib3) by extensions ['ros']
[0.658s] Level 1:colcon.colcon_core.package_identification:_identify(gym_env/lib/python3.12/site-packages/pip/_vendor/urllib3) by extension 'ros'
[0.659s] Level 1:colcon.colcon_core.package_identification:_identify(gym_env/lib/python3.12/site-packages/pip/_vendor/urllib3) by extensions ['cmake', 'python']
[0.659s] Level 1:colcon.colcon_core.package_identification:_identify(gym_env/lib/python3.12/site-packages/pip/_vendor/urllib3) by extension 'cmake'
[0.659s] Level 1:colcon.colcon_core.package_identification:_identify(gym_env/lib/python3.12/site-packages/pip/_vendor/urllib3) by extension 'python'
[0.659s] Level 1:colcon.colcon_core.package_identification:_identify(gym_env/lib/python3.12/site-packages/pip/_vendor/urllib3) by extensions ['python_setup_py']
[0.659s] Level 1:colcon.colcon_core.package_identification:_identify(gym_env/lib/python3.12/site-packages/pip/_vendor/urllib3) by extension 'python_setup_py'
[0.659s] Level 1:colcon.colcon_core.package_identification:_identify(gym_env/lib/python3.12/site-packages/pip/_vendor/urllib3/__pycache__) by extensions ['ignore', 'ignore_ament_install']
[0.660s] Level 1:colcon.colcon_core.package_identification:_identify(gym_env/lib/python3.12/site-packages/pip/_vendor/urllib3/__pycache__) by extension 'ignore'
[0.660s] Level 1:colcon.colcon_core.package_identification:_identify(gym_env/lib/python3.12/site-packages/pip/_vendor/urllib3/__pycache__) by extension 'ignore_ament_install'
[0.660s] Level 1:colcon.colcon_core.package_identification:_identify(gym_env/lib/python3.12/site-packages/pip/_vendor/urllib3/__pycache__) by extensions ['colcon_pkg']
[0.660s] Level 1:colcon.colcon_core.package_identification:_identify(gym_env/lib/python3.12/site-packages/pip/_vendor/urllib3/__pycache__) by extension 'colcon_pkg'
[0.660s] Level 1:colcon.colcon_core.package_identification:_identify(gym_env/lib/python3.12/site-packages/pip/_vendor/urllib3/__pycache__) by extensions ['colcon_meta']
[0.660s] Level 1:colcon.colcon_core.package_identification:_identify(gym_env/lib/python3.12/site-packages/pip/_vendor/urllib3/__pycache__) by extension 'colcon_meta'
[0.660s] Level 1:colcon.colcon_core.package_identification:_identify(gym_env/lib/python3.12/site-packages/pip/_vendor/urllib3/__pycache__) by extensions ['ros']
[0.660s] Level 1:colcon.colcon_core.package_identification:_identify(gym_env/lib/python3.12/site-packages/pip/_vendor/urllib3/__pycache__) by extension 'ros'
[0.661s] Level 1:colcon.colcon_core.package_identification:_identify(gym_env/lib/python3.12/site-packages/pip/_vendor/urllib3/__pycache__) by extensions ['cmake', 'python']
[0.661s] Level 1:colcon.colcon_core.package_identification:_identify(gym_env/lib/python3.12/site-packages/pip/_vendor/urllib3/__pycache__) by extension 'cmake'
[0.661s] Level 1:colcon.colcon_core.package_identification:_identify(gym_env/lib/python3.12/site-packages/pip/_vendor/urllib3/__pycache__) by extension 'python'
[0.661s] Level 1:colcon.colcon_core.package_identification:_identify(gym_env/lib/python3.12/site-packages/pip/_vendor/urllib3/__pycache__) by extensions ['python_setup_py']
[0.661s] Level 1:colcon.colcon_core.package_identification:_identify(gym_env/lib/python3.12/site-packages/pip/_vendor/urllib3/__pycache__) by extension 'python_setup_py'
[0.661s] Level 1:colcon.colcon_core.package_identification:_identify(gym_env/lib/python3.12/site-packages/pip/_vendor/urllib3/contrib) by extensions ['ignore', 'ignore_ament_install']
[0.661s] Level 1:colcon.colcon_core.package_identification:_identify(gym_env/lib/python3.12/site-packages/pip/_vendor/urllib3/contrib) by extension 'ignore'
[0.662s] Level 1:colcon.colcon_core.package_identification:_identify(gym_env/lib/python3.12/site-packages/pip/_vendor/urllib3/contrib) by extension 'ignore_ament_install'
[0.662s] Level 1:colcon.colcon_core.package_identification:_identify(gym_env/lib/python3.12/site-packages/pip/_vendor/urllib3/contrib) by extensions ['colcon_pkg']
[0.662s] Level 1:colcon.colcon_core.package_identification:_identify(gym_env/lib/python3.12/site-packages/pip/_vendor/urllib3/contrib) by extension 'colcon_pkg'
[0.662s] Level 1:colcon.colcon_core.package_identification:_identify(gym_env/lib/python3.12/site-packages/pip/_vendor/urllib3/contrib) by extensions ['colcon_meta']
[0.662s] Level 1:colcon.colcon_core.package_identification:_identify(gym_env/lib/python3.12/site-packages/pip/_vendor/urllib3/contrib) by extension 'colcon_meta'
[0.662s] Level 1:colcon.colcon_core.package_identification:_identify(gym_env/lib/python3.12/site-packages/pip/_vendor/urllib3/contrib) by extensions ['ros']
[0.662s] Level 1:colcon.colcon_core.package_identification:_identify(gym_env/lib/python3.12/site-packages/pip/_vendor/urllib3/contrib) by extension 'ros'
[0.662s] Level 1:colcon.colcon_core.package_identification:_identify(gym_env/lib/python3.12/site-packages/pip/_vendor/urllib3/contrib) by extensions ['cmake', 'python']
[0.662s] Level 1:colcon.colcon_core.package_identification:_identify(gym_env/lib/python3.12/site-packages/pip/_vendor/urllib3/contrib) by extension 'cmake'
[0.663s] Level 1:colcon.colcon_core.package_identification:_identify(gym_env/lib/python3.12/site-packages/pip/_vendor/urllib3/contrib) by extension 'python'
[0.663s] Level 1:colcon.colcon_core.package_identification:_identify(gym_env/lib/python3.12/site-packages/pip/_vendor/urllib3/contrib) by extensions ['python_setup_py']
[0.663s] Level 1:colcon.colcon_core.package_identification:_identify(gym_env/lib/python3.12/site-packages/pip/_vendor/urllib3/contrib) by extension 'python_setup_py'
[0.663s] Level 1:colcon.colcon_core.package_identification:_identify(gym_env/lib/python3.12/site-packages/pip/_vendor/urllib3/contrib/__pycache__) by extensions ['ignore', 'ignore_ament_install']
[0.663s] Level 1:colcon.colcon_core.package_identification:_identify(gym_env/lib/python3.12/site-packages/pip/_vendor/urllib3/contrib/__pycache__) by extension 'ignore'
[0.663s] Level 1:colcon.colcon_core.package_identification:_identify(gym_env/lib/python3.12/site-packages/pip/_vendor/urllib3/contrib/__pycache__) by extension 'ignore_ament_install'
[0.663s] Level 1:colcon.colcon_core.package_identification:_identify(gym_env/lib/python3.12/site-packages/pip/_vendor/urllib3/contrib/__pycache__) by extensions ['colcon_pkg']
[0.663s] Level 1:colcon.colcon_core.package_identification:_identify(gym_env/lib/python3.12/site-packages/pip/_vendor/urllib3/contrib/__pycache__) by extension 'colcon_pkg'
[0.664s] Level 1:colcon.colcon_core.package_identification:_identify(gym_env/lib/python3.12/site-packages/pip/_vendor/urllib3/contrib/__pycache__) by extensions ['colcon_meta']
[0.664s] Level 1:colcon.colcon_core.package_identification:_identify(gym_env/lib/python3.12/site-packages/pip/_vendor/urllib3/contrib/__pycache__) by extension 'colcon_meta'
[0.664s] Level 1:colcon.colcon_core.package_identification:_identify(gym_env/lib/python3.12/site-packages/pip/_vendor/urllib3/contrib/__pycache__) by extensions ['ros']
[0.664s] Level 1:colcon.colcon_core.package_identification:_identify(gym_env/lib/python3.12/site-packages/pip/_vendor/urllib3/contrib/__pycache__) by extension 'ros'
[0.664s] Level 1:colcon.colcon_core.package_identification:_identify(gym_env/lib/python3.12/site-packages/pip/_vendor/urllib3/contrib/__pycache__) by extensions ['cmake', 'python']
[0.664s] Level 1:colcon.colcon_core.package_identification:_identify(gym_env/lib/python3.12/site-packages/pip/_vendor/urllib3/contrib/__pycache__) by extension 'cmake'
[0.664s] Level 1:colcon.colcon_core.package_identification:_identify(gym_env/lib/python3.12/site-packages/pip/_vendor/urllib3/contrib/__pycache__) by extension 'python'
[0.664s] Level 1:colcon.colcon_core.package_identification:_identify(gym_env/lib/python3.12/site-packages/pip/_vendor/urllib3/contrib/__pycache__) by extensions ['python_setup_py']
[0.664s] Level 1:colcon.colcon_core.package_identification:_identify(gym_env/lib/python3.12/site-packages/pip/_vendor/urllib3/contrib/__pycache__) by extension 'python_setup_py'
[0.665s] Level 1:colcon.colcon_core.package_identification:_identify(gym_env/lib/python3.12/site-packages/pip/_vendor/urllib3/contrib/_securetransport) by extensions ['ignore', 'ignore_ament_install']
[0.665s] Level 1:colcon.colcon_core.package_identification:_identify(gym_env/lib/python3.12/site-packages/pip/_vendor/urllib3/contrib/_securetransport) by extension 'ignore'
[0.665s] Level 1:colcon.colcon_core.package_identification:_identify(gym_env/lib/python3.12/site-packages/pip/_vendor/urllib3/contrib/_securetransport) by extension 'ignore_ament_install'
[0.665s] Level 1:colcon.colcon_core.package_identification:_identify(gym_env/lib/python3.12/site-packages/pip/_vendor/urllib3/contrib/_securetransport) by extensions ['colcon_pkg']
[0.665s] Level 1:colcon.colcon_core.package_identification:_identify(gym_env/lib/python3.12/site-packages/pip/_vendor/urllib3/contrib/_securetransport) by extension 'colcon_pkg'
[0.665s] Level 1:colcon.colcon_core.package_identification:_identify(gym_env/lib/python3.12/site-packages/pip/_vendor/urllib3/contrib/_securetransport) by extensions ['colcon_meta']
[0.665s] Level 1:colcon.colcon_core.package_identification:_identify(gym_env/lib/python3.12/site-packages/pip/_vendor/urllib3/contrib/_securetransport) by extension 'colcon_meta'
[0.665s] Level 1:colcon.colcon_core.package_identification:_identify(gym_env/lib/python3.12/site-packages/pip/_vendor/urllib3/contrib/_securetransport) by extensions ['ros']
[0.665s] Level 1:colcon.colcon_core.package_identification:_identify(gym_env/lib/python3.12/site-packages/pip/_vendor/urllib3/contrib/_securetransport) by extension 'ros'
[0.666s] Level 1:colcon.colcon_core.package_identification:_identify(gym_env/lib/python3.12/site-packages/pip/_vendor/urllib3/contrib/_securetransport) by extensions ['cmake', 'python']
[0.666s] Level 1:colcon.colcon_core.package_identification:_identify(gym_env/lib/python3.12/site-packages/pip/_vendor/urllib3/contrib/_securetransport) by extension 'cmake'
[0.666s] Level 1:colcon.colcon_core.package_identification:_identify(gym_env/lib/python3.12/site-packages/pip/_vendor/urllib3/contrib/_securetransport) by extension 'python'
[0.666s] Level 1:colcon.colcon_core.package_identification:_identify(gym_env/lib/python3.12/site-packages/pip/_vendor/urllib3/contrib/_securetransport) by extensions ['python_setup_py']
[0.666s] Level 1:colcon.colcon_core.package_identification:_identify(gym_env/lib/python3.12/site-packages/pip/_vendor/urllib3/contrib/_securetransport) by extension 'python_setup_py'
[0.666s] Level 1:colcon.colcon_core.package_identification:_identify(gym_env/lib/python3.12/site-packages/pip/_vendor/urllib3/contrib/_securetransport/__pycache__) by extensions ['ignore', 'ignore_ament_install']
[0.666s] Level 1:colcon.colcon_core.package_identification:_identify(gym_env/lib/python3.12/site-packages/pip/_vendor/urllib3/contrib/_securetransport/__pycache__) by extension 'ignore'
[0.667s] Level 1:colcon.colcon_core.package_identification:_identify(gym_env/lib/python3.12/site-packages/pip/_vendor/urllib3/contrib/_securetransport/__pycache__) by extension 'ignore_ament_install'
[0.667s] Level 1:colcon.colcon_core.package_identification:_identify(gym_env/lib/python3.12/site-packages/pip/_vendor/urllib3/contrib/_securetransport/__pycache__) by extensions ['colcon_pkg']
[0.667s] Level 1:colcon.colcon_core.package_identification:_identify(gym_env/lib/python3.12/site-packages/pip/_vendor/urllib3/contrib/_securetransport/__pycache__) by extension 'colcon_pkg'
[0.667s] Level 1:colcon.colcon_core.package_identification:_identify(gym_env/lib/python3.12/site-packages/pip/_vendor/urllib3/contrib/_securetransport/__pycache__) by extensions ['colcon_meta']
[0.667s] Level 1:colcon.colcon_core.package_identification:_identify(gym_env/lib/python3.12/site-packages/pip/_vendor/urllib3/contrib/_securetransport/__pycache__) by extension 'colcon_meta'
[0.667s] Level 1:colcon.colcon_core.package_identification:_identify(gym_env/lib/python3.12/site-packages/pip/_vendor/urllib3/contrib/_securetransport/__pycache__) by extensions ['ros']
[0.667s] Level 1:colcon.colcon_core.package_identification:_identify(gym_env/lib/python3.12/site-packages/pip/_vendor/urllib3/contrib/_securetransport/__pycache__) by extension 'ros'
[0.667s] Level 1:colcon.colcon_core.package_identification:_identify(gym_env/lib/python3.12/site-packages/pip/_vendor/urllib3/contrib/_securetransport/__pycache__) by extensions ['cmake', 'python']
[0.667s] Level 1:colcon.colcon_core.package_identification:_identify(gym_env/lib/python3.12/site-packages/pip/_vendor/urllib3/contrib/_securetransport/__pycache__) by extension 'cmake'
[0.667s] Level 1:colcon.colcon_core.package_identification:_identify(gym_env/lib/python3.12/site-packages/pip/_vendor/urllib3/contrib/_securetransport/__pycache__) by extension 'python'
[0.668s] Level 1:colcon.colcon_core.package_identification:_identify(gym_env/lib/python3.12/site-packages/pip/_vendor/urllib3/contrib/_securetransport/__pycache__) by extensions ['python_setup_py']
[0.668s] Level 1:colcon.colcon_core.package_identification:_identify(gym_env/lib/python3.12/site-packages/pip/_vendor/urllib3/contrib/_securetransport/__pycache__) by extension 'python_setup_py'
[0.668s] Level 1:colcon.colcon_core.package_identification:_identify(gym_env/lib/python3.12/site-packages/pip/_vendor/urllib3/packages) by extensions ['ignore', 'ignore_ament_install']
[0.668s] Level 1:colcon.colcon_core.package_identification:_identify(gym_env/lib/python3.12/site-packages/pip/_vendor/urllib3/packages) by extension 'ignore'
[0.668s] Level 1:colcon.colcon_core.package_identification:_identify(gym_env/lib/python3.12/site-packages/pip/_vendor/urllib3/packages) by extension 'ignore_ament_install'
[0.668s] Level 1:colcon.colcon_core.package_identification:_identify(gym_env/lib/python3.12/site-packages/pip/_vendor/urllib3/packages) by extensions ['colcon_pkg']
[0.668s] Level 1:colcon.colcon_core.package_identification:_identify(gym_env/lib/python3.12/site-packages/pip/_vendor/urllib3/packages) by extension 'colcon_pkg'
[0.668s] Level 1:colcon.colcon_core.package_identification:_identify(gym_env/lib/python3.12/site-packages/pip/_vendor/urllib3/packages) by extensions ['colcon_meta']
[0.668s] Level 1:colcon.colcon_core.package_identification:_identify(gym_env/lib/python3.12/site-packages/pip/_vendor/urllib3/packages) by extension 'colcon_meta'
[0.669s] Level 1:colcon.colcon_core.package_identification:_identify(gym_env/lib/python3.12/site-packages/pip/_vendor/urllib3/packages) by extensions ['ros']
[0.669s] Level 1:colcon.colcon_core.package_identification:_identify(gym_env/lib/python3.12/site-packages/pip/_vendor/urllib3/packages) by extension 'ros'
[0.669s] Level 1:colcon.colcon_core.package_identification:_identify(gym_env/lib/python3.12/site-packages/pip/_vendor/urllib3/packages) by extensions ['cmake', 'python']
[0.669s] Level 1:colcon.colcon_core.package_identification:_identify(gym_env/lib/python3.12/site-packages/pip/_vendor/urllib3/packages) by extension 'cmake'
[0.669s] Level 1:colcon.colcon_core.package_identification:_identify(gym_env/lib/python3.12/site-packages/pip/_vendor/urllib3/packages) by extension 'python'
[0.669s] Level 1:colcon.colcon_core.package_identification:_identify(gym_env/lib/python3.12/site-packages/pip/_vendor/urllib3/packages) by extensions ['python_setup_py']
[0.669s] Level 1:colcon.colcon_core.package_identification:_identify(gym_env/lib/python3.12/site-packages/pip/_vendor/urllib3/packages) by extension 'python_setup_py'
[0.669s] Level 1:colcon.colcon_core.package_identification:_identify(gym_env/lib/python3.12/site-packages/pip/_vendor/urllib3/packages/__pycache__) by extensions ['ignore', 'ignore_ament_install']
[0.670s] Level 1:colcon.colcon_core.package_identification:_identify(gym_env/lib/python3.12/site-packages/pip/_vendor/urllib3/packages/__pycache__) by extension 'ignore'
[0.670s] Level 1:colcon.colcon_core.package_identification:_identify(gym_env/lib/python3.12/site-packages/pip/_vendor/urllib3/packages/__pycache__) by extension 'ignore_ament_install'
[0.670s] Level 1:colcon.colcon_core.package_identification:_identify(gym_env/lib/python3.12/site-packages/pip/_vendor/urllib3/packages/__pycache__) by extensions ['colcon_pkg']
[0.670s] Level 1:colcon.colcon_core.package_identification:_identify(gym_env/lib/python3.12/site-packages/pip/_vendor/urllib3/packages/__pycache__) by extension 'colcon_pkg'
[0.670s] Level 1:colcon.colcon_core.package_identification:_identify(gym_env/lib/python3.12/site-packages/pip/_vendor/urllib3/packages/__pycache__) by extensions ['colcon_meta']
[0.670s] Level 1:colcon.colcon_core.package_identification:_identify(gym_env/lib/python3.12/site-packages/pip/_vendor/urllib3/packages/__pycache__) by extension 'colcon_meta'
[0.670s] Level 1:colcon.colcon_core.package_identification:_identify(gym_env/lib/python3.12/site-packages/pip/_vendor/urllib3/packages/__pycache__) by extensions ['ros']
[0.670s] Level 1:colcon.colcon_core.package_identification:_identify(gym_env/lib/python3.12/site-packages/pip/_vendor/urllib3/packages/__pycache__) by extension 'ros'
[0.670s] Level 1:colcon.colcon_core.package_identification:_identify(gym_env/lib/python3.12/site-packages/pip/_vendor/urllib3/packages/__pycache__) by extensions ['cmake', 'python']
[0.671s] Level 1:colcon.colcon_core.package_identification:_identify(gym_env/lib/python3.12/site-packages/pip/_vendor/urllib3/packages/__pycache__) by extension 'cmake'
[0.671s] Level 1:colcon.colcon_core.package_identification:_identify(gym_env/lib/python3.12/site-packages/pip/_vendor/urllib3/packages/__pycache__) by extension 'python'
[0.671s] Level 1:colcon.colcon_core.package_identification:_identify(gym_env/lib/python3.12/site-packages/pip/_vendor/urllib3/packages/__pycache__) by extensions ['python_setup_py']
[0.671s] Level 1:colcon.colcon_core.package_identification:_identify(gym_env/lib/python3.12/site-packages/pip/_vendor/urllib3/packages/__pycache__) by extension 'python_setup_py'
[0.671s] Level 1:colcon.colcon_core.package_identification:_identify(gym_env/lib/python3.12/site-packages/pip/_vendor/urllib3/packages/backports) by extensions ['ignore', 'ignore_ament_install']
[0.671s] Level 1:colcon.colcon_core.package_identification:_identify(gym_env/lib/python3.12/site-packages/pip/_vendor/urllib3/packages/backports) by extension 'ignore'
[0.671s] Level 1:colcon.colcon_core.package_identification:_identify(gym_env/lib/python3.12/site-packages/pip/_vendor/urllib3/packages/backports) by extension 'ignore_ament_install'
[0.671s] Level 1:colcon.colcon_core.package_identification:_identify(gym_env/lib/python3.12/site-packages/pip/_vendor/urllib3/packages/backports) by extensions ['colcon_pkg']
[0.672s] Level 1:colcon.colcon_core.package_identification:_identify(gym_env/lib/python3.12/site-packages/pip/_vendor/urllib3/packages/backports) by extension 'colcon_pkg'
[0.672s] Level 1:colcon.colcon_core.package_identification:_identify(gym_env/lib/python3.12/site-packages/pip/_vendor/urllib3/packages/backports) by extensions ['colcon_meta']
[0.672s] Level 1:colcon.colcon_core.package_identification:_identify(gym_env/lib/python3.12/site-packages/pip/_vendor/urllib3/packages/backports) by extension 'colcon_meta'
[0.672s] Level 1:colcon.colcon_core.package_identification:_identify(gym_env/lib/python3.12/site-packages/pip/_vendor/urllib3/packages/backports) by extensions ['ros']
[0.672s] Level 1:colcon.colcon_core.package_identification:_identify(gym_env/lib/python3.12/site-packages/pip/_vendor/urllib3/packages/backports) by extension 'ros'
[0.672s] Level 1:colcon.colcon_core.package_identification:_identify(gym_env/lib/python3.12/site-packages/pip/_vendor/urllib3/packages/backports) by extensions ['cmake', 'python']
[0.672s] Level 1:colcon.colcon_core.package_identification:_identify(gym_env/lib/python3.12/site-packages/pip/_vendor/urllib3/packages/backports) by extension 'cmake'
[0.672s] Level 1:colcon.colcon_core.package_identification:_identify(gym_env/lib/python3.12/site-packages/pip/_vendor/urllib3/packages/backports) by extension 'python'
[0.672s] Level 1:colcon.colcon_core.package_identification:_identify(gym_env/lib/python3.12/site-packages/pip/_vendor/urllib3/packages/backports) by extensions ['python_setup_py']
[0.672s] Level 1:colcon.colcon_core.package_identification:_identify(gym_env/lib/python3.12/site-packages/pip/_vendor/urllib3/packages/backports) by extension 'python_setup_py'
[0.673s] Level 1:colcon.colcon_core.package_identification:_identify(gym_env/lib/python3.12/site-packages/pip/_vendor/urllib3/packages/backports/__pycache__) by extensions ['ignore', 'ignore_ament_install']
[0.673s] Level 1:colcon.colcon_core.package_identification:_identify(gym_env/lib/python3.12/site-packages/pip/_vendor/urllib3/packages/backports/__pycache__) by extension 'ignore'
[0.673s] Level 1:colcon.colcon_core.package_identification:_identify(gym_env/lib/python3.12/site-packages/pip/_vendor/urllib3/packages/backports/__pycache__) by extension 'ignore_ament_install'
[0.673s] Level 1:colcon.colcon_core.package_identification:_identify(gym_env/lib/python3.12/site-packages/pip/_vendor/urllib3/packages/backports/__pycache__) by extensions ['colcon_pkg']
[0.673s] Level 1:colcon.colcon_core.package_identification:_identify(gym_env/lib/python3.12/site-packages/pip/_vendor/urllib3/packages/backports/__pycache__) by extension 'colcon_pkg'
[0.673s] Level 1:colcon.colcon_core.package_identification:_identify(gym_env/lib/python3.12/site-packages/pip/_vendor/urllib3/packages/backports/__pycache__) by extensions ['colcon_meta']
[0.673s] Level 1:colcon.colcon_core.package_identification:_identify(gym_env/lib/python3.12/site-packages/pip/_vendor/urllib3/packages/backports/__pycache__) by extension 'colcon_meta'
[0.673s] Level 1:colcon.colcon_core.package_identification:_identify(gym_env/lib/python3.12/site-packages/pip/_vendor/urllib3/packages/backports/__pycache__) by extensions ['ros']
[0.673s] Level 1:colcon.colcon_core.package_identification:_identify(gym_env/lib/python3.12/site-packages/pip/_vendor/urllib3/packages/backports/__pycache__) by extension 'ros'
[0.674s] Level 1:colcon.colcon_core.package_identification:_identify(gym_env/lib/python3.12/site-packages/pip/_vendor/urllib3/packages/backports/__pycache__) by extensions ['cmake', 'python']
[0.674s] Level 1:colcon.colcon_core.package_identification:_identify(gym_env/lib/python3.12/site-packages/pip/_vendor/urllib3/packages/backports/__pycache__) by extension 'cmake'
[0.674s] Level 1:colcon.colcon_core.package_identification:_identify(gym_env/lib/python3.12/site-packages/pip/_vendor/urllib3/packages/backports/__pycache__) by extension 'python'
[0.674s] Level 1:colcon.colcon_core.package_identification:_identify(gym_env/lib/python3.12/site-packages/pip/_vendor/urllib3/packages/backports/__pycache__) by extensions ['python_setup_py']
[0.674s] Level 1:colcon.colcon_core.package_identification:_identify(gym_env/lib/python3.12/site-packages/pip/_vendor/urllib3/packages/backports/__pycache__) by extension 'python_setup_py'
[0.674s] Level 1:colcon.colcon_core.package_identification:_identify(gym_env/lib/python3.12/site-packages/pip/_vendor/urllib3/util) by extensions ['ignore', 'ignore_ament_install']
[0.674s] Level 1:colcon.colcon_core.package_identification:_identify(gym_env/lib/python3.12/site-packages/pip/_vendor/urllib3/util) by extension 'ignore'
[0.675s] Level 1:colcon.colcon_core.package_identification:_identify(gym_env/lib/python3.12/site-packages/pip/_vendor/urllib3/util) by extension 'ignore_ament_install'
[0.675s] Level 1:colcon.colcon_core.package_identification:_identify(gym_env/lib/python3.12/site-packages/pip/_vendor/urllib3/util) by extensions ['colcon_pkg']
[0.675s] Level 1:colcon.colcon_core.package_identification:_identify(gym_env/lib/python3.12/site-packages/pip/_vendor/urllib3/util) by extension 'colcon_pkg'
[0.675s] Level 1:colcon.colcon_core.package_identification:_identify(gym_env/lib/python3.12/site-packages/pip/_vendor/urllib3/util) by extensions ['colcon_meta']
[0.675s] Level 1:colcon.colcon_core.package_identification:_identify(gym_env/lib/python3.12/site-packages/pip/_vendor/urllib3/util) by extension 'colcon_meta'
[0.675s] Level 1:colcon.colcon_core.package_identification:_identify(gym_env/lib/python3.12/site-packages/pip/_vendor/urllib3/util) by extensions ['ros']
[0.676s] Level 1:colcon.colcon_core.package_identification:_identify(gym_env/lib/python3.12/site-packages/pip/_vendor/urllib3/util) by extension 'ros'
[0.676s] Level 1:colcon.colcon_core.package_identification:_identify(gym_env/lib/python3.12/site-packages/pip/_vendor/urllib3/util) by extensions ['cmake', 'python']
[0.676s] Level 1:colcon.colcon_core.package_identification:_identify(gym_env/lib/python3.12/site-packages/pip/_vendor/urllib3/util) by extension 'cmake'
[0.676s] Level 1:colcon.colcon_core.package_identification:_identify(gym_env/lib/python3.12/site-packages/pip/_vendor/urllib3/util) by extension 'python'
[0.676s] Level 1:colcon.colcon_core.package_identification:_identify(gym_env/lib/python3.12/site-packages/pip/_vendor/urllib3/util) by extensions ['python_setup_py']
[0.676s] Level 1:colcon.colcon_core.package_identification:_identify(gym_env/lib/python3.12/site-packages/pip/_vendor/urllib3/util) by extension 'python_setup_py'
[0.677s] Level 1:colcon.colcon_core.package_identification:_identify(gym_env/lib/python3.12/site-packages/pip/_vendor/urllib3/util/__pycache__) by extensions ['ignore', 'ignore_ament_install']
[0.677s] Level 1:colcon.colcon_core.package_identification:_identify(gym_env/lib/python3.12/site-packages/pip/_vendor/urllib3/util/__pycache__) by extension 'ignore'
[0.677s] Level 1:colcon.colcon_core.package_identification:_identify(gym_env/lib/python3.12/site-packages/pip/_vendor/urllib3/util/__pycache__) by extension 'ignore_ament_install'
[0.677s] Level 1:colcon.colcon_core.package_identification:_identify(gym_env/lib/python3.12/site-packages/pip/_vendor/urllib3/util/__pycache__) by extensions ['colcon_pkg']
[0.677s] Level 1:colcon.colcon_core.package_identification:_identify(gym_env/lib/python3.12/site-packages/pip/_vendor/urllib3/util/__pycache__) by extension 'colcon_pkg'
[0.677s] Level 1:colcon.colcon_core.package_identification:_identify(gym_env/lib/python3.12/site-packages/pip/_vendor/urllib3/util/__pycache__) by extensions ['colcon_meta']
[0.677s] Level 1:colcon.colcon_core.package_identification:_identify(gym_env/lib/python3.12/site-packages/pip/_vendor/urllib3/util/__pycache__) by extension 'colcon_meta'
[0.678s] Level 1:colcon.colcon_core.package_identification:_identify(gym_env/lib/python3.12/site-packages/pip/_vendor/urllib3/util/__pycache__) by extensions ['ros']
[0.678s] Level 1:colcon.colcon_core.package_identification:_identify(gym_env/lib/python3.12/site-packages/pip/_vendor/urllib3/util/__pycache__) by extension 'ros'
[0.678s] Level 1:colcon.colcon_core.package_identification:_identify(gym_env/lib/python3.12/site-packages/pip/_vendor/urllib3/util/__pycache__) by extensions ['cmake', 'python']
[0.678s] Level 1:colcon.colcon_core.package_identification:_identify(gym_env/lib/python3.12/site-packages/pip/_vendor/urllib3/util/__pycache__) by extension 'cmake'
[0.678s] Level 1:colcon.colcon_core.package_identification:_identify(gym_env/lib/python3.12/site-packages/pip/_vendor/urllib3/util/__pycache__) by extension 'python'
[0.678s] Level 1:colcon.colcon_core.package_identification:_identify(gym_env/lib/python3.12/site-packages/pip/_vendor/urllib3/util/__pycache__) by extensions ['python_setup_py']
[0.678s] Level 1:colcon.colcon_core.package_identification:_identify(gym_env/lib/python3.12/site-packages/pip/_vendor/urllib3/util/__pycache__) by extension 'python_setup_py'
[0.678s] Level 1:colcon.colcon_core.package_identification:_identify(gym_env/lib/python3.12/site-packages/pip/_vendor/webencodings) by extensions ['ignore', 'ignore_ament_install']
[0.679s] Level 1:colcon.colcon_core.package_identification:_identify(gym_env/lib/python3.12/site-packages/pip/_vendor/webencodings) by extension 'ignore'
[0.679s] Level 1:colcon.colcon_core.package_identification:_identify(gym_env/lib/python3.12/site-packages/pip/_vendor/webencodings) by extension 'ignore_ament_install'
[0.679s] Level 1:colcon.colcon_core.package_identification:_identify(gym_env/lib/python3.12/site-packages/pip/_vendor/webencodings) by extensions ['colcon_pkg']
[0.679s] Level 1:colcon.colcon_core.package_identification:_identify(gym_env/lib/python3.12/site-packages/pip/_vendor/webencodings) by extension 'colcon_pkg'
[0.679s] Level 1:colcon.colcon_core.package_identification:_identify(gym_env/lib/python3.12/site-packages/pip/_vendor/webencodings) by extensions ['colcon_meta']
[0.679s] Level 1:colcon.colcon_core.package_identification:_identify(gym_env/lib/python3.12/site-packages/pip/_vendor/webencodings) by extension 'colcon_meta'
[0.679s] Level 1:colcon.colcon_core.package_identification:_identify(gym_env/lib/python3.12/site-packages/pip/_vendor/webencodings) by extensions ['ros']
[0.679s] Level 1:colcon.colcon_core.package_identification:_identify(gym_env/lib/python3.12/site-packages/pip/_vendor/webencodings) by extension 'ros'
[0.679s] Level 1:colcon.colcon_core.package_identification:_identify(gym_env/lib/python3.12/site-packages/pip/_vendor/webencodings) by extensions ['cmake', 'python']
[0.680s] Level 1:colcon.colcon_core.package_identification:_identify(gym_env/lib/python3.12/site-packages/pip/_vendor/webencodings) by extension 'cmake'
[0.680s] Level 1:colcon.colcon_core.package_identification:_identify(gym_env/lib/python3.12/site-packages/pip/_vendor/webencodings) by extension 'python'
[0.680s] Level 1:colcon.colcon_core.package_identification:_identify(gym_env/lib/python3.12/site-packages/pip/_vendor/webencodings) by extensions ['python_setup_py']
[0.680s] Level 1:colcon.colcon_core.package_identification:_identify(gym_env/lib/python3.12/site-packages/pip/_vendor/webencodings) by extension 'python_setup_py'
[0.680s] Level 1:colcon.colcon_core.package_identification:_identify(gym_env/lib/python3.12/site-packages/pip/_vendor/webencodings/__pycache__) by extensions ['ignore', 'ignore_ament_install']
[0.680s] Level 1:colcon.colcon_core.package_identification:_identify(gym_env/lib/python3.12/site-packages/pip/_vendor/webencodings/__pycache__) by extension 'ignore'
[0.680s] Level 1:colcon.colcon_core.package_identification:_identify(gym_env/lib/python3.12/site-packages/pip/_vendor/webencodings/__pycache__) by extension 'ignore_ament_install'
[0.681s] Level 1:colcon.colcon_core.package_identification:_identify(gym_env/lib/python3.12/site-packages/pip/_vendor/webencodings/__pycache__) by extensions ['colcon_pkg']
[0.681s] Level 1:colcon.colcon_core.package_identification:_identify(gym_env/lib/python3.12/site-packages/pip/_vendor/webencodings/__pycache__) by extension 'colcon_pkg'
[0.681s] Level 1:colcon.colcon_core.package_identification:_identify(gym_env/lib/python3.12/site-packages/pip/_vendor/webencodings/__pycache__) by extensions ['colcon_meta']
[0.681s] Level 1:colcon.colcon_core.package_identification:_identify(gym_env/lib/python3.12/site-packages/pip/_vendor/webencodings/__pycache__) by extension 'colcon_meta'
[0.681s] Level 1:colcon.colcon_core.package_identification:_identify(gym_env/lib/python3.12/site-packages/pip/_vendor/webencodings/__pycache__) by extensions ['ros']
[0.681s] Level 1:colcon.colcon_core.package_identification:_identify(gym_env/lib/python3.12/site-packages/pip/_vendor/webencodings/__pycache__) by extension 'ros'
[0.681s] Level 1:colcon.colcon_core.package_identification:_identify(gym_env/lib/python3.12/site-packages/pip/_vendor/webencodings/__pycache__) by extensions ['cmake', 'python']
[0.681s] Level 1:colcon.colcon_core.package_identification:_identify(gym_env/lib/python3.12/site-packages/pip/_vendor/webencodings/__pycache__) by extension 'cmake'
[0.681s] Level 1:colcon.colcon_core.package_identification:_identify(gym_env/lib/python3.12/site-packages/pip/_vendor/webencodings/__pycache__) by extension 'python'
[0.681s] Level 1:colcon.colcon_core.package_identification:_identify(gym_env/lib/python3.12/site-packages/pip/_vendor/webencodings/__pycache__) by extensions ['python_setup_py']
[0.681s] Level 1:colcon.colcon_core.package_identification:_identify(gym_env/lib/python3.12/site-packages/pip/_vendor/webencodings/__pycache__) by extension 'python_setup_py'
[0.682s] Level 1:colcon.colcon_core.package_identification:_identify(gym_env/lib/python3.12/site-packages/pip-24.0.dist-info) by extensions ['ignore', 'ignore_ament_install']
[0.682s] Level 1:colcon.colcon_core.package_identification:_identify(gym_env/lib/python3.12/site-packages/pip-24.0.dist-info) by extension 'ignore'
[0.682s] Level 1:colcon.colcon_core.package_identification:_identify(gym_env/lib/python3.12/site-packages/pip-24.0.dist-info) by extension 'ignore_ament_install'
[0.682s] Level 1:colcon.colcon_core.package_identification:_identify(gym_env/lib/python3.12/site-packages/pip-24.0.dist-info) by extensions ['colcon_pkg']
[0.682s] Level 1:colcon.colcon_core.package_identification:_identify(gym_env/lib/python3.12/site-packages/pip-24.0.dist-info) by extension 'colcon_pkg'
[0.682s] Level 1:colcon.colcon_core.package_identification:_identify(gym_env/lib/python3.12/site-packages/pip-24.0.dist-info) by extensions ['colcon_meta']
[0.682s] Level 1:colcon.colcon_core.package_identification:_identify(gym_env/lib/python3.12/site-packages/pip-24.0.dist-info) by extension 'colcon_meta'
[0.682s] Level 1:colcon.colcon_core.package_identification:_identify(gym_env/lib/python3.12/site-packages/pip-24.0.dist-info) by extensions ['ros']
[0.682s] Level 1:colcon.colcon_core.package_identification:_identify(gym_env/lib/python3.12/site-packages/pip-24.0.dist-info) by extension 'ros'
[0.683s] Level 1:colcon.colcon_core.package_identification:_identify(gym_env/lib/python3.12/site-packages/pip-24.0.dist-info) by extensions ['cmake', 'python']
[0.683s] Level 1:colcon.colcon_core.package_identification:_identify(gym_env/lib/python3.12/site-packages/pip-24.0.dist-info) by extension 'cmake'
[0.683s] Level 1:colcon.colcon_core.package_identification:_identify(gym_env/lib/python3.12/site-packages/pip-24.0.dist-info) by extension 'python'
[0.683s] Level 1:colcon.colcon_core.package_identification:_identify(gym_env/lib/python3.12/site-packages/pip-24.0.dist-info) by extensions ['python_setup_py']
[0.683s] Level 1:colcon.colcon_core.package_identification:_identify(gym_env/lib/python3.12/site-packages/pip-24.0.dist-info) by extension 'python_setup_py'
[0.683s] Level 1:colcon.colcon_core.package_identification:_identify(gym_env/lib/python3.12/site-packages/pygame) by extensions ['ignore', 'ignore_ament_install']
[0.683s] Level 1:colcon.colcon_core.package_identification:_identify(gym_env/lib/python3.12/site-packages/pygame) by extension 'ignore'
[0.683s] Level 1:colcon.colcon_core.package_identification:_identify(gym_env/lib/python3.12/site-packages/pygame) by extension 'ignore_ament_install'
[0.684s] Level 1:colcon.colcon_core.package_identification:_identify(gym_env/lib/python3.12/site-packages/pygame) by extensions ['colcon_pkg']
[0.684s] Level 1:colcon.colcon_core.package_identification:_identify(gym_env/lib/python3.12/site-packages/pygame) by extension 'colcon_pkg'
[0.684s] Level 1:colcon.colcon_core.package_identification:_identify(gym_env/lib/python3.12/site-packages/pygame) by extensions ['colcon_meta']
[0.684s] Level 1:colcon.colcon_core.package_identification:_identify(gym_env/lib/python3.12/site-packages/pygame) by extension 'colcon_meta'
[0.684s] Level 1:colcon.colcon_core.package_identification:_identify(gym_env/lib/python3.12/site-packages/pygame) by extensions ['ros']
[0.684s] Level 1:colcon.colcon_core.package_identification:_identify(gym_env/lib/python3.12/site-packages/pygame) by extension 'ros'
[0.684s] Level 1:colcon.colcon_core.package_identification:_identify(gym_env/lib/python3.12/site-packages/pygame) by extensions ['cmake', 'python']
[0.684s] Level 1:colcon.colcon_core.package_identification:_identify(gym_env/lib/python3.12/site-packages/pygame) by extension 'cmake'
[0.684s] Level 1:colcon.colcon_core.package_identification:_identify(gym_env/lib/python3.12/site-packages/pygame) by extension 'python'
[0.684s] Level 1:colcon.colcon_core.package_identification:_identify(gym_env/lib/python3.12/site-packages/pygame) by extensions ['python_setup_py']
[0.684s] Level 1:colcon.colcon_core.package_identification:_identify(gym_env/lib/python3.12/site-packages/pygame) by extension 'python_setup_py'
[0.685s] Level 1:colcon.colcon_core.package_identification:_identify(gym_env/lib/python3.12/site-packages/pygame/__pycache__) by extensions ['ignore', 'ignore_ament_install']
[0.685s] Level 1:colcon.colcon_core.package_identification:_identify(gym_env/lib/python3.12/site-packages/pygame/__pycache__) by extension 'ignore'
[0.685s] Level 1:colcon.colcon_core.package_identification:_identify(gym_env/lib/python3.12/site-packages/pygame/__pycache__) by extension 'ignore_ament_install'
[0.685s] Level 1:colcon.colcon_core.package_identification:_identify(gym_env/lib/python3.12/site-packages/pygame/__pycache__) by extensions ['colcon_pkg']
[0.685s] Level 1:colcon.colcon_core.package_identification:_identify(gym_env/lib/python3.12/site-packages/pygame/__pycache__) by extension 'colcon_pkg'
[0.685s] Level 1:colcon.colcon_core.package_identification:_identify(gym_env/lib/python3.12/site-packages/pygame/__pycache__) by extensions ['colcon_meta']
[0.685s] Level 1:colcon.colcon_core.package_identification:_identify(gym_env/lib/python3.12/site-packages/pygame/__pycache__) by extension 'colcon_meta'
[0.685s] Level 1:colcon.colcon_core.package_identification:_identify(gym_env/lib/python3.12/site-packages/pygame/__pycache__) by extensions ['ros']
[0.685s] Level 1:colcon.colcon_core.package_identification:_identify(gym_env/lib/python3.12/site-packages/pygame/__pycache__) by extension 'ros'
[0.686s] Level 1:colcon.colcon_core.package_identification:_identify(gym_env/lib/python3.12/site-packages/pygame/__pycache__) by extensions ['cmake', 'python']
[0.686s] Level 1:colcon.colcon_core.package_identification:_identify(gym_env/lib/python3.12/site-packages/pygame/__pycache__) by extension 'cmake'
[0.686s] Level 1:colcon.colcon_core.package_identification:_identify(gym_env/lib/python3.12/site-packages/pygame/__pycache__) by extension 'python'
[0.686s] Level 1:colcon.colcon_core.package_identification:_identify(gym_env/lib/python3.12/site-packages/pygame/__pycache__) by extensions ['python_setup_py']
[0.686s] Level 1:colcon.colcon_core.package_identification:_identify(gym_env/lib/python3.12/site-packages/pygame/__pycache__) by extension 'python_setup_py'
[0.686s] Level 1:colcon.colcon_core.package_identification:_identify(gym_env/lib/python3.12/site-packages/pygame/__pyinstaller) by extensions ['ignore', 'ignore_ament_install']
[0.686s] Level 1:colcon.colcon_core.package_identification:_identify(gym_env/lib/python3.12/site-packages/pygame/__pyinstaller) by extension 'ignore'
[0.686s] Level 1:colcon.colcon_core.package_identification:_identify(gym_env/lib/python3.12/site-packages/pygame/__pyinstaller) by extension 'ignore_ament_install'
[0.687s] Level 1:colcon.colcon_core.package_identification:_identify(gym_env/lib/python3.12/site-packages/pygame/__pyinstaller) by extensions ['colcon_pkg']
[0.687s] Level 1:colcon.colcon_core.package_identification:_identify(gym_env/lib/python3.12/site-packages/pygame/__pyinstaller) by extension 'colcon_pkg'
[0.687s] Level 1:colcon.colcon_core.package_identification:_identify(gym_env/lib/python3.12/site-packages/pygame/__pyinstaller) by extensions ['colcon_meta']
[0.687s] Level 1:colcon.colcon_core.package_identification:_identify(gym_env/lib/python3.12/site-packages/pygame/__pyinstaller) by extension 'colcon_meta'
[0.687s] Level 1:colcon.colcon_core.package_identification:_identify(gym_env/lib/python3.12/site-packages/pygame/__pyinstaller) by extensions ['ros']
[0.687s] Level 1:colcon.colcon_core.package_identification:_identify(gym_env/lib/python3.12/site-packages/pygame/__pyinstaller) by extension 'ros'
[0.687s] Level 1:colcon.colcon_core.package_identification:_identify(gym_env/lib/python3.12/site-packages/pygame/__pyinstaller) by extensions ['cmake', 'python']
[0.687s] Level 1:colcon.colcon_core.package_identification:_identify(gym_env/lib/python3.12/site-packages/pygame/__pyinstaller) by extension 'cmake'
[0.687s] Level 1:colcon.colcon_core.package_identification:_identify(gym_env/lib/python3.12/site-packages/pygame/__pyinstaller) by extension 'python'
[0.687s] Level 1:colcon.colcon_core.package_identification:_identify(gym_env/lib/python3.12/site-packages/pygame/__pyinstaller) by extensions ['python_setup_py']
[0.687s] Level 1:colcon.colcon_core.package_identification:_identify(gym_env/lib/python3.12/site-packages/pygame/__pyinstaller) by extension 'python_setup_py'
[0.688s] Level 1:colcon.colcon_core.package_identification:_identify(gym_env/lib/python3.12/site-packages/pygame/__pyinstaller/__pycache__) by extensions ['ignore', 'ignore_ament_install']
[0.688s] Level 1:colcon.colcon_core.package_identification:_identify(gym_env/lib/python3.12/site-packages/pygame/__pyinstaller/__pycache__) by extension 'ignore'
[0.688s] Level 1:colcon.colcon_core.package_identification:_identify(gym_env/lib/python3.12/site-packages/pygame/__pyinstaller/__pycache__) by extension 'ignore_ament_install'
[0.688s] Level 1:colcon.colcon_core.package_identification:_identify(gym_env/lib/python3.12/site-packages/pygame/__pyinstaller/__pycache__) by extensions ['colcon_pkg']
[0.688s] Level 1:colcon.colcon_core.package_identification:_identify(gym_env/lib/python3.12/site-packages/pygame/__pyinstaller/__pycache__) by extension 'colcon_pkg'
[0.688s] Level 1:colcon.colcon_core.package_identification:_identify(gym_env/lib/python3.12/site-packages/pygame/__pyinstaller/__pycache__) by extensions ['colcon_meta']
[0.688s] Level 1:colcon.colcon_core.package_identification:_identify(gym_env/lib/python3.12/site-packages/pygame/__pyinstaller/__pycache__) by extension 'colcon_meta'
[0.688s] Level 1:colcon.colcon_core.package_identification:_identify(gym_env/lib/python3.12/site-packages/pygame/__pyinstaller/__pycache__) by extensions ['ros']
[0.688s] Level 1:colcon.colcon_core.package_identification:_identify(gym_env/lib/python3.12/site-packages/pygame/__pyinstaller/__pycache__) by extension 'ros'
[0.689s] Level 1:colcon.colcon_core.package_identification:_identify(gym_env/lib/python3.12/site-packages/pygame/__pyinstaller/__pycache__) by extensions ['cmake', 'python']
[0.689s] Level 1:colcon.colcon_core.package_identification:_identify(gym_env/lib/python3.12/site-packages/pygame/__pyinstaller/__pycache__) by extension 'cmake'
[0.689s] Level 1:colcon.colcon_core.package_identification:_identify(gym_env/lib/python3.12/site-packages/pygame/__pyinstaller/__pycache__) by extension 'python'
[0.689s] Level 1:colcon.colcon_core.package_identification:_identify(gym_env/lib/python3.12/site-packages/pygame/__pyinstaller/__pycache__) by extensions ['python_setup_py']
[0.689s] Level 1:colcon.colcon_core.package_identification:_identify(gym_env/lib/python3.12/site-packages/pygame/__pyinstaller/__pycache__) by extension 'python_setup_py'
[0.689s] Level 1:colcon.colcon_core.package_identification:_identify(gym_env/lib/python3.12/site-packages/pygame/_sdl2) by extensions ['ignore', 'ignore_ament_install']
[0.689s] Level 1:colcon.colcon_core.package_identification:_identify(gym_env/lib/python3.12/site-packages/pygame/_sdl2) by extension 'ignore'
[0.689s] Level 1:colcon.colcon_core.package_identification:_identify(gym_env/lib/python3.12/site-packages/pygame/_sdl2) by extension 'ignore_ament_install'
[0.690s] Level 1:colcon.colcon_core.package_identification:_identify(gym_env/lib/python3.12/site-packages/pygame/_sdl2) by extensions ['colcon_pkg']
[0.690s] Level 1:colcon.colcon_core.package_identification:_identify(gym_env/lib/python3.12/site-packages/pygame/_sdl2) by extension 'colcon_pkg'
[0.690s] Level 1:colcon.colcon_core.package_identification:_identify(gym_env/lib/python3.12/site-packages/pygame/_sdl2) by extensions ['colcon_meta']
[0.690s] Level 1:colcon.colcon_core.package_identification:_identify(gym_env/lib/python3.12/site-packages/pygame/_sdl2) by extension 'colcon_meta'
[0.690s] Level 1:colcon.colcon_core.package_identification:_identify(gym_env/lib/python3.12/site-packages/pygame/_sdl2) by extensions ['ros']
[0.690s] Level 1:colcon.colcon_core.package_identification:_identify(gym_env/lib/python3.12/site-packages/pygame/_sdl2) by extension 'ros'
[0.690s] Level 1:colcon.colcon_core.package_identification:_identify(gym_env/lib/python3.12/site-packages/pygame/_sdl2) by extensions ['cmake', 'python']
[0.690s] Level 1:colcon.colcon_core.package_identification:_identify(gym_env/lib/python3.12/site-packages/pygame/_sdl2) by extension 'cmake'
[0.690s] Level 1:colcon.colcon_core.package_identification:_identify(gym_env/lib/python3.12/site-packages/pygame/_sdl2) by extension 'python'
[0.690s] Level 1:colcon.colcon_core.package_identification:_identify(gym_env/lib/python3.12/site-packages/pygame/_sdl2) by extensions ['python_setup_py']
[0.690s] Level 1:colcon.colcon_core.package_identification:_identify(gym_env/lib/python3.12/site-packages/pygame/_sdl2) by extension 'python_setup_py'
[0.691s] Level 1:colcon.colcon_core.package_identification:_identify(gym_env/lib/python3.12/site-packages/pygame/_sdl2/__pycache__) by extensions ['ignore', 'ignore_ament_install']
[0.691s] Level 1:colcon.colcon_core.package_identification:_identify(gym_env/lib/python3.12/site-packages/pygame/_sdl2/__pycache__) by extension 'ignore'
[0.691s] Level 1:colcon.colcon_core.package_identification:_identify(gym_env/lib/python3.12/site-packages/pygame/_sdl2/__pycache__) by extension 'ignore_ament_install'
[0.691s] Level 1:colcon.colcon_core.package_identification:_identify(gym_env/lib/python3.12/site-packages/pygame/_sdl2/__pycache__) by extensions ['colcon_pkg']
[0.691s] Level 1:colcon.colcon_core.package_identification:_identify(gym_env/lib/python3.12/site-packages/pygame/_sdl2/__pycache__) by extension 'colcon_pkg'
[0.691s] Level 1:colcon.colcon_core.package_identification:_identify(gym_env/lib/python3.12/site-packages/pygame/_sdl2/__pycache__) by extensions ['colcon_meta']
[0.692s] Level 1:colcon.colcon_core.package_identification:_identify(gym_env/lib/python3.12/site-packages/pygame/_sdl2/__pycache__) by extension 'colcon_meta'
[0.692s] Level 1:colcon.colcon_core.package_identification:_identify(gym_env/lib/python3.12/site-packages/pygame/_sdl2/__pycache__) by extensions ['ros']
[0.692s] Level 1:colcon.colcon_core.package_identification:_identify(gym_env/lib/python3.12/site-packages/pygame/_sdl2/__pycache__) by extension 'ros'
[0.692s] Level 1:colcon.colcon_core.package_identification:_identify(gym_env/lib/python3.12/site-packages/pygame/_sdl2/__pycache__) by extensions ['cmake', 'python']
[0.692s] Level 1:colcon.colcon_core.package_identification:_identify(gym_env/lib/python3.12/site-packages/pygame/_sdl2/__pycache__) by extension 'cmake'
[0.692s] Level 1:colcon.colcon_core.package_identification:_identify(gym_env/lib/python3.12/site-packages/pygame/_sdl2/__pycache__) by extension 'python'
[0.693s] Level 1:colcon.colcon_core.package_identification:_identify(gym_env/lib/python3.12/site-packages/pygame/_sdl2/__pycache__) by extensions ['python_setup_py']
[0.693s] Level 1:colcon.colcon_core.package_identification:_identify(gym_env/lib/python3.12/site-packages/pygame/_sdl2/__pycache__) by extension 'python_setup_py'
[0.693s] Level 1:colcon.colcon_core.package_identification:_identify(gym_env/lib/python3.12/site-packages/pygame/docs) by extensions ['ignore', 'ignore_ament_install']
[0.693s] Level 1:colcon.colcon_core.package_identification:_identify(gym_env/lib/python3.12/site-packages/pygame/docs) by extension 'ignore'
[0.693s] Level 1:colcon.colcon_core.package_identification:_identify(gym_env/lib/python3.12/site-packages/pygame/docs) by extension 'ignore_ament_install'
[0.693s] Level 1:colcon.colcon_core.package_identification:_identify(gym_env/lib/python3.12/site-packages/pygame/docs) by extensions ['colcon_pkg']
[0.693s] Level 1:colcon.colcon_core.package_identification:_identify(gym_env/lib/python3.12/site-packages/pygame/docs) by extension 'colcon_pkg'
[0.694s] Level 1:colcon.colcon_core.package_identification:_identify(gym_env/lib/python3.12/site-packages/pygame/docs) by extensions ['colcon_meta']
[0.694s] Level 1:colcon.colcon_core.package_identification:_identify(gym_env/lib/python3.12/site-packages/pygame/docs) by extension 'colcon_meta'
[0.694s] Level 1:colcon.colcon_core.package_identification:_identify(gym_env/lib/python3.12/site-packages/pygame/docs) by extensions ['ros']
[0.694s] Level 1:colcon.colcon_core.package_identification:_identify(gym_env/lib/python3.12/site-packages/pygame/docs) by extension 'ros'
[0.694s] Level 1:colcon.colcon_core.package_identification:_identify(gym_env/lib/python3.12/site-packages/pygame/docs) by extensions ['cmake', 'python']
[0.694s] Level 1:colcon.colcon_core.package_identification:_identify(gym_env/lib/python3.12/site-packages/pygame/docs) by extension 'cmake'
[0.694s] Level 1:colcon.colcon_core.package_identification:_identify(gym_env/lib/python3.12/site-packages/pygame/docs) by extension 'python'
[0.694s] Level 1:colcon.colcon_core.package_identification:_identify(gym_env/lib/python3.12/site-packages/pygame/docs) by extensions ['python_setup_py']
[0.695s] Level 1:colcon.colcon_core.package_identification:_identify(gym_env/lib/python3.12/site-packages/pygame/docs) by extension 'python_setup_py'
[0.695s] Level 1:colcon.colcon_core.package_identification:_identify(gym_env/lib/python3.12/site-packages/pygame/docs/__pycache__) by extensions ['ignore', 'ignore_ament_install']
[0.695s] Level 1:colcon.colcon_core.package_identification:_identify(gym_env/lib/python3.12/site-packages/pygame/docs/__pycache__) by extension 'ignore'
[0.695s] Level 1:colcon.colcon_core.package_identification:_identify(gym_env/lib/python3.12/site-packages/pygame/docs/__pycache__) by extension 'ignore_ament_install'
[0.695s] Level 1:colcon.colcon_core.package_identification:_identify(gym_env/lib/python3.12/site-packages/pygame/docs/__pycache__) by extensions ['colcon_pkg']
[0.695s] Level 1:colcon.colcon_core.package_identification:_identify(gym_env/lib/python3.12/site-packages/pygame/docs/__pycache__) by extension 'colcon_pkg'
[0.695s] Level 1:colcon.colcon_core.package_identification:_identify(gym_env/lib/python3.12/site-packages/pygame/docs/__pycache__) by extensions ['colcon_meta']
[0.695s] Level 1:colcon.colcon_core.package_identification:_identify(gym_env/lib/python3.12/site-packages/pygame/docs/__pycache__) by extension 'colcon_meta'
[0.696s] Level 1:colcon.colcon_core.package_identification:_identify(gym_env/lib/python3.12/site-packages/pygame/docs/__pycache__) by extensions ['ros']
[0.696s] Level 1:colcon.colcon_core.package_identification:_identify(gym_env/lib/python3.12/site-packages/pygame/docs/__pycache__) by extension 'ros'
[0.696s] Level 1:colcon.colcon_core.package_identification:_identify(gym_env/lib/python3.12/site-packages/pygame/docs/__pycache__) by extensions ['cmake', 'python']
[0.696s] Level 1:colcon.colcon_core.package_identification:_identify(gym_env/lib/python3.12/site-packages/pygame/docs/__pycache__) by extension 'cmake'
[0.696s] Level 1:colcon.colcon_core.package_identification:_identify(gym_env/lib/python3.12/site-packages/pygame/docs/__pycache__) by extension 'python'
[0.696s] Level 1:colcon.colcon_core.package_identification:_identify(gym_env/lib/python3.12/site-packages/pygame/docs/__pycache__) by extensions ['python_setup_py']
[0.696s] Level 1:colcon.colcon_core.package_identification:_identify(gym_env/lib/python3.12/site-packages/pygame/docs/__pycache__) by extension 'python_setup_py'
[0.696s] Level 1:colcon.colcon_core.package_identification:_identify(gym_env/lib/python3.12/site-packages/pygame/docs/generated) by extensions ['ignore', 'ignore_ament_install']
[0.697s] Level 1:colcon.colcon_core.package_identification:_identify(gym_env/lib/python3.12/site-packages/pygame/docs/generated) by extension 'ignore'
[0.697s] Level 1:colcon.colcon_core.package_identification:_identify(gym_env/lib/python3.12/site-packages/pygame/docs/generated) by extension 'ignore_ament_install'
[0.697s] Level 1:colcon.colcon_core.package_identification:_identify(gym_env/lib/python3.12/site-packages/pygame/docs/generated) by extensions ['colcon_pkg']
[0.697s] Level 1:colcon.colcon_core.package_identification:_identify(gym_env/lib/python3.12/site-packages/pygame/docs/generated) by extension 'colcon_pkg'
[0.697s] Level 1:colcon.colcon_core.package_identification:_identify(gym_env/lib/python3.12/site-packages/pygame/docs/generated) by extensions ['colcon_meta']
[0.697s] Level 1:colcon.colcon_core.package_identification:_identify(gym_env/lib/python3.12/site-packages/pygame/docs/generated) by extension 'colcon_meta'
[0.697s] Level 1:colcon.colcon_core.package_identification:_identify(gym_env/lib/python3.12/site-packages/pygame/docs/generated) by extensions ['ros']
[0.697s] Level 1:colcon.colcon_core.package_identification:_identify(gym_env/lib/python3.12/site-packages/pygame/docs/generated) by extension 'ros'
[0.697s] Level 1:colcon.colcon_core.package_identification:_identify(gym_env/lib/python3.12/site-packages/pygame/docs/generated) by extensions ['cmake', 'python']
[0.697s] Level 1:colcon.colcon_core.package_identification:_identify(gym_env/lib/python3.12/site-packages/pygame/docs/generated) by extension 'cmake'
[0.698s] Level 1:colcon.colcon_core.package_identification:_identify(gym_env/lib/python3.12/site-packages/pygame/docs/generated) by extension 'python'
[0.698s] Level 1:colcon.colcon_core.package_identification:_identify(gym_env/lib/python3.12/site-packages/pygame/docs/generated) by extensions ['python_setup_py']
[0.698s] Level 1:colcon.colcon_core.package_identification:_identify(gym_env/lib/python3.12/site-packages/pygame/docs/generated) by extension 'python_setup_py'
[0.698s] Level 1:colcon.colcon_core.package_identification:_identify(gym_env/lib/python3.12/site-packages/pygame/docs/generated/_images) by extensions ['ignore', 'ignore_ament_install']
[0.698s] Level 1:colcon.colcon_core.package_identification:_identify(gym_env/lib/python3.12/site-packages/pygame/docs/generated/_images) by extension 'ignore'
[0.698s] Level 1:colcon.colcon_core.package_identification:_identify(gym_env/lib/python3.12/site-packages/pygame/docs/generated/_images) by extension 'ignore_ament_install'
[0.698s] Level 1:colcon.colcon_core.package_identification:_identify(gym_env/lib/python3.12/site-packages/pygame/docs/generated/_images) by extensions ['colcon_pkg']
[0.699s] Level 1:colcon.colcon_core.package_identification:_identify(gym_env/lib/python3.12/site-packages/pygame/docs/generated/_images) by extension 'colcon_pkg'
[0.699s] Level 1:colcon.colcon_core.package_identification:_identify(gym_env/lib/python3.12/site-packages/pygame/docs/generated/_images) by extensions ['colcon_meta']
[0.699s] Level 1:colcon.colcon_core.package_identification:_identify(gym_env/lib/python3.12/site-packages/pygame/docs/generated/_images) by extension 'colcon_meta'
[0.699s] Level 1:colcon.colcon_core.package_identification:_identify(gym_env/lib/python3.12/site-packages/pygame/docs/generated/_images) by extensions ['ros']
[0.699s] Level 1:colcon.colcon_core.package_identification:_identify(gym_env/lib/python3.12/site-packages/pygame/docs/generated/_images) by extension 'ros'
[0.699s] Level 1:colcon.colcon_core.package_identification:_identify(gym_env/lib/python3.12/site-packages/pygame/docs/generated/_images) by extensions ['cmake', 'python']
[0.699s] Level 1:colcon.colcon_core.package_identification:_identify(gym_env/lib/python3.12/site-packages/pygame/docs/generated/_images) by extension 'cmake'
[0.699s] Level 1:colcon.colcon_core.package_identification:_identify(gym_env/lib/python3.12/site-packages/pygame/docs/generated/_images) by extension 'python'
[0.699s] Level 1:colcon.colcon_core.package_identification:_identify(gym_env/lib/python3.12/site-packages/pygame/docs/generated/_images) by extensions ['python_setup_py']
[0.699s] Level 1:colcon.colcon_core.package_identification:_identify(gym_env/lib/python3.12/site-packages/pygame/docs/generated/_images) by extension 'python_setup_py'
[0.700s] Level 1:colcon.colcon_core.package_identification:_identify(gym_env/lib/python3.12/site-packages/pygame/docs/generated/_sources) by extensions ['ignore', 'ignore_ament_install']
[0.700s] Level 1:colcon.colcon_core.package_identification:_identify(gym_env/lib/python3.12/site-packages/pygame/docs/generated/_sources) by extension 'ignore'
[0.700s] Level 1:colcon.colcon_core.package_identification:_identify(gym_env/lib/python3.12/site-packages/pygame/docs/generated/_sources) by extension 'ignore_ament_install'
[0.700s] Level 1:colcon.colcon_core.package_identification:_identify(gym_env/lib/python3.12/site-packages/pygame/docs/generated/_sources) by extensions ['colcon_pkg']
[0.700s] Level 1:colcon.colcon_core.package_identification:_identify(gym_env/lib/python3.12/site-packages/pygame/docs/generated/_sources) by extension 'colcon_pkg'
[0.700s] Level 1:colcon.colcon_core.package_identification:_identify(gym_env/lib/python3.12/site-packages/pygame/docs/generated/_sources) by extensions ['colcon_meta']
[0.700s] Level 1:colcon.colcon_core.package_identification:_identify(gym_env/lib/python3.12/site-packages/pygame/docs/generated/_sources) by extension 'colcon_meta'
[0.700s] Level 1:colcon.colcon_core.package_identification:_identify(gym_env/lib/python3.12/site-packages/pygame/docs/generated/_sources) by extensions ['ros']
[0.700s] Level 1:colcon.colcon_core.package_identification:_identify(gym_env/lib/python3.12/site-packages/pygame/docs/generated/_sources) by extension 'ros'
[0.701s] Level 1:colcon.colcon_core.package_identification:_identify(gym_env/lib/python3.12/site-packages/pygame/docs/generated/_sources) by extensions ['cmake', 'python']
[0.701s] Level 1:colcon.colcon_core.package_identification:_identify(gym_env/lib/python3.12/site-packages/pygame/docs/generated/_sources) by extension 'cmake'
[0.701s] Level 1:colcon.colcon_core.package_identification:_identify(gym_env/lib/python3.12/site-packages/pygame/docs/generated/_sources) by extension 'python'
[0.701s] Level 1:colcon.colcon_core.package_identification:_identify(gym_env/lib/python3.12/site-packages/pygame/docs/generated/_sources) by extensions ['python_setup_py']
[0.701s] Level 1:colcon.colcon_core.package_identification:_identify(gym_env/lib/python3.12/site-packages/pygame/docs/generated/_sources) by extension 'python_setup_py'
[0.701s] Level 1:colcon.colcon_core.package_identification:_identify(gym_env/lib/python3.12/site-packages/pygame/docs/generated/_sources/ref) by extensions ['ignore', 'ignore_ament_install']
[0.701s] Level 1:colcon.colcon_core.package_identification:_identify(gym_env/lib/python3.12/site-packages/pygame/docs/generated/_sources/ref) by extension 'ignore'
[0.701s] Level 1:colcon.colcon_core.package_identification:_identify(gym_env/lib/python3.12/site-packages/pygame/docs/generated/_sources/ref) by extension 'ignore_ament_install'
[0.702s] Level 1:colcon.colcon_core.package_identification:_identify(gym_env/lib/python3.12/site-packages/pygame/docs/generated/_sources/ref) by extensions ['colcon_pkg']
[0.702s] Level 1:colcon.colcon_core.package_identification:_identify(gym_env/lib/python3.12/site-packages/pygame/docs/generated/_sources/ref) by extension 'colcon_pkg'
[0.702s] Level 1:colcon.colcon_core.package_identification:_identify(gym_env/lib/python3.12/site-packages/pygame/docs/generated/_sources/ref) by extensions ['colcon_meta']
[0.702s] Level 1:colcon.colcon_core.package_identification:_identify(gym_env/lib/python3.12/site-packages/pygame/docs/generated/_sources/ref) by extension 'colcon_meta'
[0.702s] Level 1:colcon.colcon_core.package_identification:_identify(gym_env/lib/python3.12/site-packages/pygame/docs/generated/_sources/ref) by extensions ['ros']
[0.702s] Level 1:colcon.colcon_core.package_identification:_identify(gym_env/lib/python3.12/site-packages/pygame/docs/generated/_sources/ref) by extension 'ros'
[0.702s] Level 1:colcon.colcon_core.package_identification:_identify(gym_env/lib/python3.12/site-packages/pygame/docs/generated/_sources/ref) by extensions ['cmake', 'python']
[0.702s] Level 1:colcon.colcon_core.package_identification:_identify(gym_env/lib/python3.12/site-packages/pygame/docs/generated/_sources/ref) by extension 'cmake'
[0.702s] Level 1:colcon.colcon_core.package_identification:_identify(gym_env/lib/python3.12/site-packages/pygame/docs/generated/_sources/ref) by extension 'python'
[0.702s] Level 1:colcon.colcon_core.package_identification:_identify(gym_env/lib/python3.12/site-packages/pygame/docs/generated/_sources/ref) by extensions ['python_setup_py']
[0.703s] Level 1:colcon.colcon_core.package_identification:_identify(gym_env/lib/python3.12/site-packages/pygame/docs/generated/_sources/ref) by extension 'python_setup_py'
[0.703s] Level 1:colcon.colcon_core.package_identification:_identify(gym_env/lib/python3.12/site-packages/pygame/docs/generated/_static) by extensions ['ignore', 'ignore_ament_install']
[0.703s] Level 1:colcon.colcon_core.package_identification:_identify(gym_env/lib/python3.12/site-packages/pygame/docs/generated/_static) by extension 'ignore'
[0.703s] Level 1:colcon.colcon_core.package_identification:_identify(gym_env/lib/python3.12/site-packages/pygame/docs/generated/_static) by extension 'ignore_ament_install'
[0.703s] Level 1:colcon.colcon_core.package_identification:_identify(gym_env/lib/python3.12/site-packages/pygame/docs/generated/_static) by extensions ['colcon_pkg']
[0.703s] Level 1:colcon.colcon_core.package_identification:_identify(gym_env/lib/python3.12/site-packages/pygame/docs/generated/_static) by extension 'colcon_pkg'
[0.703s] Level 1:colcon.colcon_core.package_identification:_identify(gym_env/lib/python3.12/site-packages/pygame/docs/generated/_static) by extensions ['colcon_meta']
[0.703s] Level 1:colcon.colcon_core.package_identification:_identify(gym_env/lib/python3.12/site-packages/pygame/docs/generated/_static) by extension 'colcon_meta'
[0.704s] Level 1:colcon.colcon_core.package_identification:_identify(gym_env/lib/python3.12/site-packages/pygame/docs/generated/_static) by extensions ['ros']
[0.704s] Level 1:colcon.colcon_core.package_identification:_identify(gym_env/lib/python3.12/site-packages/pygame/docs/generated/_static) by extension 'ros'
[0.704s] Level 1:colcon.colcon_core.package_identification:_identify(gym_env/lib/python3.12/site-packages/pygame/docs/generated/_static) by extensions ['cmake', 'python']
[0.704s] Level 1:colcon.colcon_core.package_identification:_identify(gym_env/lib/python3.12/site-packages/pygame/docs/generated/_static) by extension 'cmake'
[0.704s] Level 1:colcon.colcon_core.package_identification:_identify(gym_env/lib/python3.12/site-packages/pygame/docs/generated/_static) by extension 'python'
[0.704s] Level 1:colcon.colcon_core.package_identification:_identify(gym_env/lib/python3.12/site-packages/pygame/docs/generated/_static) by extensions ['python_setup_py']
[0.704s] Level 1:colcon.colcon_core.package_identification:_identify(gym_env/lib/python3.12/site-packages/pygame/docs/generated/_static) by extension 'python_setup_py'
[0.704s] Level 1:colcon.colcon_core.package_identification:_identify(gym_env/lib/python3.12/site-packages/pygame/docs/generated/c_api) by extensions ['ignore', 'ignore_ament_install']
[0.704s] Level 1:colcon.colcon_core.package_identification:_identify(gym_env/lib/python3.12/site-packages/pygame/docs/generated/c_api) by extension 'ignore'
[0.705s] Level 1:colcon.colcon_core.package_identification:_identify(gym_env/lib/python3.12/site-packages/pygame/docs/generated/c_api) by extension 'ignore_ament_install'
[0.705s] Level 1:colcon.colcon_core.package_identification:_identify(gym_env/lib/python3.12/site-packages/pygame/docs/generated/c_api) by extensions ['colcon_pkg']
[0.705s] Level 1:colcon.colcon_core.package_identification:_identify(gym_env/lib/python3.12/site-packages/pygame/docs/generated/c_api) by extension 'colcon_pkg'
[0.705s] Level 1:colcon.colcon_core.package_identification:_identify(gym_env/lib/python3.12/site-packages/pygame/docs/generated/c_api) by extensions ['colcon_meta']
[0.705s] Level 1:colcon.colcon_core.package_identification:_identify(gym_env/lib/python3.12/site-packages/pygame/docs/generated/c_api) by extension 'colcon_meta'
[0.705s] Level 1:colcon.colcon_core.package_identification:_identify(gym_env/lib/python3.12/site-packages/pygame/docs/generated/c_api) by extensions ['ros']
[0.705s] Level 1:colcon.colcon_core.package_identification:_identify(gym_env/lib/python3.12/site-packages/pygame/docs/generated/c_api) by extension 'ros'
[0.705s] Level 1:colcon.colcon_core.package_identification:_identify(gym_env/lib/python3.12/site-packages/pygame/docs/generated/c_api) by extensions ['cmake', 'python']
[0.705s] Level 1:colcon.colcon_core.package_identification:_identify(gym_env/lib/python3.12/site-packages/pygame/docs/generated/c_api) by extension 'cmake'
[0.705s] Level 1:colcon.colcon_core.package_identification:_identify(gym_env/lib/python3.12/site-packages/pygame/docs/generated/c_api) by extension 'python'
[0.705s] Level 1:colcon.colcon_core.package_identification:_identify(gym_env/lib/python3.12/site-packages/pygame/docs/generated/c_api) by extensions ['python_setup_py']
[0.706s] Level 1:colcon.colcon_core.package_identification:_identify(gym_env/lib/python3.12/site-packages/pygame/docs/generated/c_api) by extension 'python_setup_py'
[0.706s] Level 1:colcon.colcon_core.package_identification:_identify(gym_env/lib/python3.12/site-packages/pygame/docs/generated/ref) by extensions ['ignore', 'ignore_ament_install']
[0.706s] Level 1:colcon.colcon_core.package_identification:_identify(gym_env/lib/python3.12/site-packages/pygame/docs/generated/ref) by extension 'ignore'
[0.706s] Level 1:colcon.colcon_core.package_identification:_identify(gym_env/lib/python3.12/site-packages/pygame/docs/generated/ref) by extension 'ignore_ament_install'
[0.706s] Level 1:colcon.colcon_core.package_identification:_identify(gym_env/lib/python3.12/site-packages/pygame/docs/generated/ref) by extensions ['colcon_pkg']
[0.706s] Level 1:colcon.colcon_core.package_identification:_identify(gym_env/lib/python3.12/site-packages/pygame/docs/generated/ref) by extension 'colcon_pkg'
[0.706s] Level 1:colcon.colcon_core.package_identification:_identify(gym_env/lib/python3.12/site-packages/pygame/docs/generated/ref) by extensions ['colcon_meta']
[0.706s] Level 1:colcon.colcon_core.package_identification:_identify(gym_env/lib/python3.12/site-packages/pygame/docs/generated/ref) by extension 'colcon_meta'
[0.706s] Level 1:colcon.colcon_core.package_identification:_identify(gym_env/lib/python3.12/site-packages/pygame/docs/generated/ref) by extensions ['ros']
[0.707s] Level 1:colcon.colcon_core.package_identification:_identify(gym_env/lib/python3.12/site-packages/pygame/docs/generated/ref) by extension 'ros'
[0.707s] Level 1:colcon.colcon_core.package_identification:_identify(gym_env/lib/python3.12/site-packages/pygame/docs/generated/ref) by extensions ['cmake', 'python']
[0.707s] Level 1:colcon.colcon_core.package_identification:_identify(gym_env/lib/python3.12/site-packages/pygame/docs/generated/ref) by extension 'cmake'
[0.707s] Level 1:colcon.colcon_core.package_identification:_identify(gym_env/lib/python3.12/site-packages/pygame/docs/generated/ref) by extension 'python'
[0.707s] Level 1:colcon.colcon_core.package_identification:_identify(gym_env/lib/python3.12/site-packages/pygame/docs/generated/ref) by extensions ['python_setup_py']
[0.707s] Level 1:colcon.colcon_core.package_identification:_identify(gym_env/lib/python3.12/site-packages/pygame/docs/generated/ref) by extension 'python_setup_py'
[0.707s] Level 1:colcon.colcon_core.package_identification:_identify(gym_env/lib/python3.12/site-packages/pygame/docs/generated/tut) by extensions ['ignore', 'ignore_ament_install']
[0.707s] Level 1:colcon.colcon_core.package_identification:_identify(gym_env/lib/python3.12/site-packages/pygame/docs/generated/tut) by extension 'ignore'
[0.708s] Level 1:colcon.colcon_core.package_identification:_identify(gym_env/lib/python3.12/site-packages/pygame/docs/generated/tut) by extension 'ignore_ament_install'
[0.708s] Level 1:colcon.colcon_core.package_identification:_identify(gym_env/lib/python3.12/site-packages/pygame/docs/generated/tut) by extensions ['colcon_pkg']
[0.708s] Level 1:colcon.colcon_core.package_identification:_identify(gym_env/lib/python3.12/site-packages/pygame/docs/generated/tut) by extension 'colcon_pkg'
[0.708s] Level 1:colcon.colcon_core.package_identification:_identify(gym_env/lib/python3.12/site-packages/pygame/docs/generated/tut) by extensions ['colcon_meta']
[0.708s] Level 1:colcon.colcon_core.package_identification:_identify(gym_env/lib/python3.12/site-packages/pygame/docs/generated/tut) by extension 'colcon_meta'
[0.708s] Level 1:colcon.colcon_core.package_identification:_identify(gym_env/lib/python3.12/site-packages/pygame/docs/generated/tut) by extensions ['ros']
[0.708s] Level 1:colcon.colcon_core.package_identification:_identify(gym_env/lib/python3.12/site-packages/pygame/docs/generated/tut) by extension 'ros'
[0.709s] Level 1:colcon.colcon_core.package_identification:_identify(gym_env/lib/python3.12/site-packages/pygame/docs/generated/tut) by extensions ['cmake', 'python']
[0.709s] Level 1:colcon.colcon_core.package_identification:_identify(gym_env/lib/python3.12/site-packages/pygame/docs/generated/tut) by extension 'cmake'
[0.709s] Level 1:colcon.colcon_core.package_identification:_identify(gym_env/lib/python3.12/site-packages/pygame/docs/generated/tut) by extension 'python'
[0.709s] Level 1:colcon.colcon_core.package_identification:_identify(gym_env/lib/python3.12/site-packages/pygame/docs/generated/tut) by extensions ['python_setup_py']
[0.709s] Level 1:colcon.colcon_core.package_identification:_identify(gym_env/lib/python3.12/site-packages/pygame/docs/generated/tut) by extension 'python_setup_py'
[0.710s] Level 1:colcon.colcon_core.package_identification:_identify(gym_env/lib/python3.12/site-packages/pygame/examples) by extensions ['ignore', 'ignore_ament_install']
[0.710s] Level 1:colcon.colcon_core.package_identification:_identify(gym_env/lib/python3.12/site-packages/pygame/examples) by extension 'ignore'
[0.710s] Level 1:colcon.colcon_core.package_identification:_identify(gym_env/lib/python3.12/site-packages/pygame/examples) by extension 'ignore_ament_install'
[0.710s] Level 1:colcon.colcon_core.package_identification:_identify(gym_env/lib/python3.12/site-packages/pygame/examples) by extensions ['colcon_pkg']
[0.710s] Level 1:colcon.colcon_core.package_identification:_identify(gym_env/lib/python3.12/site-packages/pygame/examples) by extension 'colcon_pkg'
[0.710s] Level 1:colcon.colcon_core.package_identification:_identify(gym_env/lib/python3.12/site-packages/pygame/examples) by extensions ['colcon_meta']
[0.710s] Level 1:colcon.colcon_core.package_identification:_identify(gym_env/lib/python3.12/site-packages/pygame/examples) by extension 'colcon_meta'
[0.710s] Level 1:colcon.colcon_core.package_identification:_identify(gym_env/lib/python3.12/site-packages/pygame/examples) by extensions ['ros']
[0.711s] Level 1:colcon.colcon_core.package_identification:_identify(gym_env/lib/python3.12/site-packages/pygame/examples) by extension 'ros'
[0.711s] Level 1:colcon.colcon_core.package_identification:_identify(gym_env/lib/python3.12/site-packages/pygame/examples) by extensions ['cmake', 'python']
[0.711s] Level 1:colcon.colcon_core.package_identification:_identify(gym_env/lib/python3.12/site-packages/pygame/examples) by extension 'cmake'
[0.711s] Level 1:colcon.colcon_core.package_identification:_identify(gym_env/lib/python3.12/site-packages/pygame/examples) by extension 'python'
[0.711s] Level 1:colcon.colcon_core.package_identification:_identify(gym_env/lib/python3.12/site-packages/pygame/examples) by extensions ['python_setup_py']
[0.711s] Level 1:colcon.colcon_core.package_identification:_identify(gym_env/lib/python3.12/site-packages/pygame/examples) by extension 'python_setup_py'
[0.711s] Level 1:colcon.colcon_core.package_identification:_identify(gym_env/lib/python3.12/site-packages/pygame/examples/__pycache__) by extensions ['ignore', 'ignore_ament_install']
[0.712s] Level 1:colcon.colcon_core.package_identification:_identify(gym_env/lib/python3.12/site-packages/pygame/examples/__pycache__) by extension 'ignore'
[0.712s] Level 1:colcon.colcon_core.package_identification:_identify(gym_env/lib/python3.12/site-packages/pygame/examples/__pycache__) by extension 'ignore_ament_install'
[0.712s] Level 1:colcon.colcon_core.package_identification:_identify(gym_env/lib/python3.12/site-packages/pygame/examples/__pycache__) by extensions ['colcon_pkg']
[0.712s] Level 1:colcon.colcon_core.package_identification:_identify(gym_env/lib/python3.12/site-packages/pygame/examples/__pycache__) by extension 'colcon_pkg'
[0.712s] Level 1:colcon.colcon_core.package_identification:_identify(gym_env/lib/python3.12/site-packages/pygame/examples/__pycache__) by extensions ['colcon_meta']
[0.712s] Level 1:colcon.colcon_core.package_identification:_identify(gym_env/lib/python3.12/site-packages/pygame/examples/__pycache__) by extension 'colcon_meta'
[0.712s] Level 1:colcon.colcon_core.package_identification:_identify(gym_env/lib/python3.12/site-packages/pygame/examples/__pycache__) by extensions ['ros']
[0.712s] Level 1:colcon.colcon_core.package_identification:_identify(gym_env/lib/python3.12/site-packages/pygame/examples/__pycache__) by extension 'ros'
[0.712s] Level 1:colcon.colcon_core.package_identification:_identify(gym_env/lib/python3.12/site-packages/pygame/examples/__pycache__) by extensions ['cmake', 'python']
[0.713s] Level 1:colcon.colcon_core.package_identification:_identify(gym_env/lib/python3.12/site-packages/pygame/examples/__pycache__) by extension 'cmake'
[0.713s] Level 1:colcon.colcon_core.package_identification:_identify(gym_env/lib/python3.12/site-packages/pygame/examples/__pycache__) by extension 'python'
[0.713s] Level 1:colcon.colcon_core.package_identification:_identify(gym_env/lib/python3.12/site-packages/pygame/examples/__pycache__) by extensions ['python_setup_py']
[0.713s] Level 1:colcon.colcon_core.package_identification:_identify(gym_env/lib/python3.12/site-packages/pygame/examples/__pycache__) by extension 'python_setup_py'
[0.713s] Level 1:colcon.colcon_core.package_identification:_identify(gym_env/lib/python3.12/site-packages/pygame/examples/data) by extensions ['ignore', 'ignore_ament_install']
[0.713s] Level 1:colcon.colcon_core.package_identification:_identify(gym_env/lib/python3.12/site-packages/pygame/examples/data) by extension 'ignore'
[0.713s] Level 1:colcon.colcon_core.package_identification:_identify(gym_env/lib/python3.12/site-packages/pygame/examples/data) by extension 'ignore_ament_install'
[0.713s] Level 1:colcon.colcon_core.package_identification:_identify(gym_env/lib/python3.12/site-packages/pygame/examples/data) by extensions ['colcon_pkg']
[0.714s] Level 1:colcon.colcon_core.package_identification:_identify(gym_env/lib/python3.12/site-packages/pygame/examples/data) by extension 'colcon_pkg'
[0.714s] Level 1:colcon.colcon_core.package_identification:_identify(gym_env/lib/python3.12/site-packages/pygame/examples/data) by extensions ['colcon_meta']
[0.714s] Level 1:colcon.colcon_core.package_identification:_identify(gym_env/lib/python3.12/site-packages/pygame/examples/data) by extension 'colcon_meta'
[0.714s] Level 1:colcon.colcon_core.package_identification:_identify(gym_env/lib/python3.12/site-packages/pygame/examples/data) by extensions ['ros']
[0.714s] Level 1:colcon.colcon_core.package_identification:_identify(gym_env/lib/python3.12/site-packages/pygame/examples/data) by extension 'ros'
[0.714s] Level 1:colcon.colcon_core.package_identification:_identify(gym_env/lib/python3.12/site-packages/pygame/examples/data) by extensions ['cmake', 'python']
[0.714s] Level 1:colcon.colcon_core.package_identification:_identify(gym_env/lib/python3.12/site-packages/pygame/examples/data) by extension 'cmake'
[0.714s] Level 1:colcon.colcon_core.package_identification:_identify(gym_env/lib/python3.12/site-packages/pygame/examples/data) by extension 'python'
[0.714s] Level 1:colcon.colcon_core.package_identification:_identify(gym_env/lib/python3.12/site-packages/pygame/examples/data) by extensions ['python_setup_py']
[0.714s] Level 1:colcon.colcon_core.package_identification:_identify(gym_env/lib/python3.12/site-packages/pygame/examples/data) by extension 'python_setup_py'
[0.715s] Level 1:colcon.colcon_core.package_identification:_identify(gym_env/lib/python3.12/site-packages/pygame/tests) by extensions ['ignore', 'ignore_ament_install']
[0.715s] Level 1:colcon.colcon_core.package_identification:_identify(gym_env/lib/python3.12/site-packages/pygame/tests) by extension 'ignore'
[0.715s] Level 1:colcon.colcon_core.package_identification:_identify(gym_env/lib/python3.12/site-packages/pygame/tests) by extension 'ignore_ament_install'
[0.715s] Level 1:colcon.colcon_core.package_identification:_identify(gym_env/lib/python3.12/site-packages/pygame/tests) by extensions ['colcon_pkg']
[0.715s] Level 1:colcon.colcon_core.package_identification:_identify(gym_env/lib/python3.12/site-packages/pygame/tests) by extension 'colcon_pkg'
[0.715s] Level 1:colcon.colcon_core.package_identification:_identify(gym_env/lib/python3.12/site-packages/pygame/tests) by extensions ['colcon_meta']
[0.715s] Level 1:colcon.colcon_core.package_identification:_identify(gym_env/lib/python3.12/site-packages/pygame/tests) by extension 'colcon_meta'
[0.715s] Level 1:colcon.colcon_core.package_identification:_identify(gym_env/lib/python3.12/site-packages/pygame/tests) by extensions ['ros']
[0.716s] Level 1:colcon.colcon_core.package_identification:_identify(gym_env/lib/python3.12/site-packages/pygame/tests) by extension 'ros'
[0.716s] Level 1:colcon.colcon_core.package_identification:_identify(gym_env/lib/python3.12/site-packages/pygame/tests) by extensions ['cmake', 'python']
[0.716s] Level 1:colcon.colcon_core.package_identification:_identify(gym_env/lib/python3.12/site-packages/pygame/tests) by extension 'cmake'
[0.716s] Level 1:colcon.colcon_core.package_identification:_identify(gym_env/lib/python3.12/site-packages/pygame/tests) by extension 'python'
[0.716s] Level 1:colcon.colcon_core.package_identification:_identify(gym_env/lib/python3.12/site-packages/pygame/tests) by extensions ['python_setup_py']
[0.716s] Level 1:colcon.colcon_core.package_identification:_identify(gym_env/lib/python3.12/site-packages/pygame/tests) by extension 'python_setup_py'
[0.716s] Level 1:colcon.colcon_core.package_identification:_identify(gym_env/lib/python3.12/site-packages/pygame/tests/__pycache__) by extensions ['ignore', 'ignore_ament_install']
[0.716s] Level 1:colcon.colcon_core.package_identification:_identify(gym_env/lib/python3.12/site-packages/pygame/tests/__pycache__) by extension 'ignore'
[0.717s] Level 1:colcon.colcon_core.package_identification:_identify(gym_env/lib/python3.12/site-packages/pygame/tests/__pycache__) by extension 'ignore_ament_install'
[0.717s] Level 1:colcon.colcon_core.package_identification:_identify(gym_env/lib/python3.12/site-packages/pygame/tests/__pycache__) by extensions ['colcon_pkg']
[0.717s] Level 1:colcon.colcon_core.package_identification:_identify(gym_env/lib/python3.12/site-packages/pygame/tests/__pycache__) by extension 'colcon_pkg'
[0.717s] Level 1:colcon.colcon_core.package_identification:_identify(gym_env/lib/python3.12/site-packages/pygame/tests/__pycache__) by extensions ['colcon_meta']
[0.717s] Level 1:colcon.colcon_core.package_identification:_identify(gym_env/lib/python3.12/site-packages/pygame/tests/__pycache__) by extension 'colcon_meta'
[0.717s] Level 1:colcon.colcon_core.package_identification:_identify(gym_env/lib/python3.12/site-packages/pygame/tests/__pycache__) by extensions ['ros']
[0.717s] Level 1:colcon.colcon_core.package_identification:_identify(gym_env/lib/python3.12/site-packages/pygame/tests/__pycache__) by extension 'ros'
[0.717s] Level 1:colcon.colcon_core.package_identification:_identify(gym_env/lib/python3.12/site-packages/pygame/tests/__pycache__) by extensions ['cmake', 'python']
[0.717s] Level 1:colcon.colcon_core.package_identification:_identify(gym_env/lib/python3.12/site-packages/pygame/tests/__pycache__) by extension 'cmake'
[0.717s] Level 1:colcon.colcon_core.package_identification:_identify(gym_env/lib/python3.12/site-packages/pygame/tests/__pycache__) by extension 'python'
[0.717s] Level 1:colcon.colcon_core.package_identification:_identify(gym_env/lib/python3.12/site-packages/pygame/tests/__pycache__) by extensions ['python_setup_py']
[0.718s] Level 1:colcon.colcon_core.package_identification:_identify(gym_env/lib/python3.12/site-packages/pygame/tests/__pycache__) by extension 'python_setup_py'
[0.718s] Level 1:colcon.colcon_core.package_identification:_identify(gym_env/lib/python3.12/site-packages/pygame/tests/fixtures) by extensions ['ignore', 'ignore_ament_install']
[0.718s] Level 1:colcon.colcon_core.package_identification:_identify(gym_env/lib/python3.12/site-packages/pygame/tests/fixtures) by extension 'ignore'
[0.718s] Level 1:colcon.colcon_core.package_identification:_identify(gym_env/lib/python3.12/site-packages/pygame/tests/fixtures) by extension 'ignore_ament_install'
[0.718s] Level 1:colcon.colcon_core.package_identification:_identify(gym_env/lib/python3.12/site-packages/pygame/tests/fixtures) by extensions ['colcon_pkg']
[0.718s] Level 1:colcon.colcon_core.package_identification:_identify(gym_env/lib/python3.12/site-packages/pygame/tests/fixtures) by extension 'colcon_pkg'
[0.718s] Level 1:colcon.colcon_core.package_identification:_identify(gym_env/lib/python3.12/site-packages/pygame/tests/fixtures) by extensions ['colcon_meta']
[0.718s] Level 1:colcon.colcon_core.package_identification:_identify(gym_env/lib/python3.12/site-packages/pygame/tests/fixtures) by extension 'colcon_meta'
[0.718s] Level 1:colcon.colcon_core.package_identification:_identify(gym_env/lib/python3.12/site-packages/pygame/tests/fixtures) by extensions ['ros']
[0.719s] Level 1:colcon.colcon_core.package_identification:_identify(gym_env/lib/python3.12/site-packages/pygame/tests/fixtures) by extension 'ros'
[0.719s] Level 1:colcon.colcon_core.package_identification:_identify(gym_env/lib/python3.12/site-packages/pygame/tests/fixtures) by extensions ['cmake', 'python']
[0.719s] Level 1:colcon.colcon_core.package_identification:_identify(gym_env/lib/python3.12/site-packages/pygame/tests/fixtures) by extension 'cmake'
[0.719s] Level 1:colcon.colcon_core.package_identification:_identify(gym_env/lib/python3.12/site-packages/pygame/tests/fixtures) by extension 'python'
[0.719s] Level 1:colcon.colcon_core.package_identification:_identify(gym_env/lib/python3.12/site-packages/pygame/tests/fixtures) by extensions ['python_setup_py']
[0.719s] Level 1:colcon.colcon_core.package_identification:_identify(gym_env/lib/python3.12/site-packages/pygame/tests/fixtures) by extension 'python_setup_py'
[0.719s] Level 1:colcon.colcon_core.package_identification:_identify(gym_env/lib/python3.12/site-packages/pygame/tests/fixtures/fonts) by extensions ['ignore', 'ignore_ament_install']
[0.719s] Level 1:colcon.colcon_core.package_identification:_identify(gym_env/lib/python3.12/site-packages/pygame/tests/fixtures/fonts) by extension 'ignore'
[0.720s] Level 1:colcon.colcon_core.package_identification:_identify(gym_env/lib/python3.12/site-packages/pygame/tests/fixtures/fonts) by extension 'ignore_ament_install'
[0.720s] Level 1:colcon.colcon_core.package_identification:_identify(gym_env/lib/python3.12/site-packages/pygame/tests/fixtures/fonts) by extensions ['colcon_pkg']
[0.720s] Level 1:colcon.colcon_core.package_identification:_identify(gym_env/lib/python3.12/site-packages/pygame/tests/fixtures/fonts) by extension 'colcon_pkg'
[0.720s] Level 1:colcon.colcon_core.package_identification:_identify(gym_env/lib/python3.12/site-packages/pygame/tests/fixtures/fonts) by extensions ['colcon_meta']
[0.720s] Level 1:colcon.colcon_core.package_identification:_identify(gym_env/lib/python3.12/site-packages/pygame/tests/fixtures/fonts) by extension 'colcon_meta'
[0.720s] Level 1:colcon.colcon_core.package_identification:_identify(gym_env/lib/python3.12/site-packages/pygame/tests/fixtures/fonts) by extensions ['ros']
[0.720s] Level 1:colcon.colcon_core.package_identification:_identify(gym_env/lib/python3.12/site-packages/pygame/tests/fixtures/fonts) by extension 'ros'
[0.720s] Level 1:colcon.colcon_core.package_identification:_identify(gym_env/lib/python3.12/site-packages/pygame/tests/fixtures/fonts) by extensions ['cmake', 'python']
[0.720s] Level 1:colcon.colcon_core.package_identification:_identify(gym_env/lib/python3.12/site-packages/pygame/tests/fixtures/fonts) by extension 'cmake'
[0.720s] Level 1:colcon.colcon_core.package_identification:_identify(gym_env/lib/python3.12/site-packages/pygame/tests/fixtures/fonts) by extension 'python'
[0.721s] Level 1:colcon.colcon_core.package_identification:_identify(gym_env/lib/python3.12/site-packages/pygame/tests/fixtures/fonts) by extensions ['python_setup_py']
[0.721s] Level 1:colcon.colcon_core.package_identification:_identify(gym_env/lib/python3.12/site-packages/pygame/tests/fixtures/fonts) by extension 'python_setup_py'
[0.721s] Level 1:colcon.colcon_core.package_identification:_identify(gym_env/lib/python3.12/site-packages/pygame/tests/fixtures/xbm_cursors) by extensions ['ignore', 'ignore_ament_install']
[0.721s] Level 1:colcon.colcon_core.package_identification:_identify(gym_env/lib/python3.12/site-packages/pygame/tests/fixtures/xbm_cursors) by extension 'ignore'
[0.721s] Level 1:colcon.colcon_core.package_identification:_identify(gym_env/lib/python3.12/site-packages/pygame/tests/fixtures/xbm_cursors) by extension 'ignore_ament_install'
[0.721s] Level 1:colcon.colcon_core.package_identification:_identify(gym_env/lib/python3.12/site-packages/pygame/tests/fixtures/xbm_cursors) by extensions ['colcon_pkg']
[0.721s] Level 1:colcon.colcon_core.package_identification:_identify(gym_env/lib/python3.12/site-packages/pygame/tests/fixtures/xbm_cursors) by extension 'colcon_pkg'
[0.721s] Level 1:colcon.colcon_core.package_identification:_identify(gym_env/lib/python3.12/site-packages/pygame/tests/fixtures/xbm_cursors) by extensions ['colcon_meta']
[0.721s] Level 1:colcon.colcon_core.package_identification:_identify(gym_env/lib/python3.12/site-packages/pygame/tests/fixtures/xbm_cursors) by extension 'colcon_meta'
[0.722s] Level 1:colcon.colcon_core.package_identification:_identify(gym_env/lib/python3.12/site-packages/pygame/tests/fixtures/xbm_cursors) by extensions ['ros']
[0.722s] Level 1:colcon.colcon_core.package_identification:_identify(gym_env/lib/python3.12/site-packages/pygame/tests/fixtures/xbm_cursors) by extension 'ros'
[0.722s] Level 1:colcon.colcon_core.package_identification:_identify(gym_env/lib/python3.12/site-packages/pygame/tests/fixtures/xbm_cursors) by extensions ['cmake', 'python']
[0.722s] Level 1:colcon.colcon_core.package_identification:_identify(gym_env/lib/python3.12/site-packages/pygame/tests/fixtures/xbm_cursors) by extension 'cmake'
[0.722s] Level 1:colcon.colcon_core.package_identification:_identify(gym_env/lib/python3.12/site-packages/pygame/tests/fixtures/xbm_cursors) by extension 'python'
[0.722s] Level 1:colcon.colcon_core.package_identification:_identify(gym_env/lib/python3.12/site-packages/pygame/tests/fixtures/xbm_cursors) by extensions ['python_setup_py']
[0.722s] Level 1:colcon.colcon_core.package_identification:_identify(gym_env/lib/python3.12/site-packages/pygame/tests/fixtures/xbm_cursors) by extension 'python_setup_py'
[0.722s] Level 1:colcon.colcon_core.package_identification:_identify(gym_env/lib/python3.12/site-packages/pygame/tests/run_tests__tests) by extensions ['ignore', 'ignore_ament_install']
[0.722s] Level 1:colcon.colcon_core.package_identification:_identify(gym_env/lib/python3.12/site-packages/pygame/tests/run_tests__tests) by extension 'ignore'
[0.723s] Level 1:colcon.colcon_core.package_identification:_identify(gym_env/lib/python3.12/site-packages/pygame/tests/run_tests__tests) by extension 'ignore_ament_install'
[0.723s] Level 1:colcon.colcon_core.package_identification:_identify(gym_env/lib/python3.12/site-packages/pygame/tests/run_tests__tests) by extensions ['colcon_pkg']
[0.723s] Level 1:colcon.colcon_core.package_identification:_identify(gym_env/lib/python3.12/site-packages/pygame/tests/run_tests__tests) by extension 'colcon_pkg'
[0.723s] Level 1:colcon.colcon_core.package_identification:_identify(gym_env/lib/python3.12/site-packages/pygame/tests/run_tests__tests) by extensions ['colcon_meta']
[0.723s] Level 1:colcon.colcon_core.package_identification:_identify(gym_env/lib/python3.12/site-packages/pygame/tests/run_tests__tests) by extension 'colcon_meta'
[0.723s] Level 1:colcon.colcon_core.package_identification:_identify(gym_env/lib/python3.12/site-packages/pygame/tests/run_tests__tests) by extensions ['ros']
[0.723s] Level 1:colcon.colcon_core.package_identification:_identify(gym_env/lib/python3.12/site-packages/pygame/tests/run_tests__tests) by extension 'ros'
[0.723s] Level 1:colcon.colcon_core.package_identification:_identify(gym_env/lib/python3.12/site-packages/pygame/tests/run_tests__tests) by extensions ['cmake', 'python']
[0.723s] Level 1:colcon.colcon_core.package_identification:_identify(gym_env/lib/python3.12/site-packages/pygame/tests/run_tests__tests) by extension 'cmake'
[0.723s] Level 1:colcon.colcon_core.package_identification:_identify(gym_env/lib/python3.12/site-packages/pygame/tests/run_tests__tests) by extension 'python'
[0.723s] Level 1:colcon.colcon_core.package_identification:_identify(gym_env/lib/python3.12/site-packages/pygame/tests/run_tests__tests) by extensions ['python_setup_py']
[0.723s] Level 1:colcon.colcon_core.package_identification:_identify(gym_env/lib/python3.12/site-packages/pygame/tests/run_tests__tests) by extension 'python_setup_py'
[0.724s] Level 1:colcon.colcon_core.package_identification:_identify(gym_env/lib/python3.12/site-packages/pygame/tests/run_tests__tests/__pycache__) by extensions ['ignore', 'ignore_ament_install']
[0.724s] Level 1:colcon.colcon_core.package_identification:_identify(gym_env/lib/python3.12/site-packages/pygame/tests/run_tests__tests/__pycache__) by extension 'ignore'
[0.724s] Level 1:colcon.colcon_core.package_identification:_identify(gym_env/lib/python3.12/site-packages/pygame/tests/run_tests__tests/__pycache__) by extension 'ignore_ament_install'
[0.724s] Level 1:colcon.colcon_core.package_identification:_identify(gym_env/lib/python3.12/site-packages/pygame/tests/run_tests__tests/__pycache__) by extensions ['colcon_pkg']
[0.724s] Level 1:colcon.colcon_core.package_identification:_identify(gym_env/lib/python3.12/site-packages/pygame/tests/run_tests__tests/__pycache__) by extension 'colcon_pkg'
[0.724s] Level 1:colcon.colcon_core.package_identification:_identify(gym_env/lib/python3.12/site-packages/pygame/tests/run_tests__tests/__pycache__) by extensions ['colcon_meta']
[0.724s] Level 1:colcon.colcon_core.package_identification:_identify(gym_env/lib/python3.12/site-packages/pygame/tests/run_tests__tests/__pycache__) by extension 'colcon_meta'
[0.725s] Level 1:colcon.colcon_core.package_identification:_identify(gym_env/lib/python3.12/site-packages/pygame/tests/run_tests__tests/__pycache__) by extensions ['ros']
[0.725s] Level 1:colcon.colcon_core.package_identification:_identify(gym_env/lib/python3.12/site-packages/pygame/tests/run_tests__tests/__pycache__) by extension 'ros'
[0.725s] Level 1:colcon.colcon_core.package_identification:_identify(gym_env/lib/python3.12/site-packages/pygame/tests/run_tests__tests/__pycache__) by extensions ['cmake', 'python']
[0.725s] Level 1:colcon.colcon_core.package_identification:_identify(gym_env/lib/python3.12/site-packages/pygame/tests/run_tests__tests/__pycache__) by extension 'cmake'
[0.725s] Level 1:colcon.colcon_core.package_identification:_identify(gym_env/lib/python3.12/site-packages/pygame/tests/run_tests__tests/__pycache__) by extension 'python'
[0.726s] Level 1:colcon.colcon_core.package_identification:_identify(gym_env/lib/python3.12/site-packages/pygame/tests/run_tests__tests/__pycache__) by extensions ['python_setup_py']
[0.726s] Level 1:colcon.colcon_core.package_identification:_identify(gym_env/lib/python3.12/site-packages/pygame/tests/run_tests__tests/__pycache__) by extension 'python_setup_py'
[0.726s] Level 1:colcon.colcon_core.package_identification:_identify(gym_env/lib/python3.12/site-packages/pygame/tests/run_tests__tests/all_ok) by extensions ['ignore', 'ignore_ament_install']
[0.726s] Level 1:colcon.colcon_core.package_identification:_identify(gym_env/lib/python3.12/site-packages/pygame/tests/run_tests__tests/all_ok) by extension 'ignore'
[0.726s] Level 1:colcon.colcon_core.package_identification:_identify(gym_env/lib/python3.12/site-packages/pygame/tests/run_tests__tests/all_ok) by extension 'ignore_ament_install'
[0.727s] Level 1:colcon.colcon_core.package_identification:_identify(gym_env/lib/python3.12/site-packages/pygame/tests/run_tests__tests/all_ok) by extensions ['colcon_pkg']
[0.727s] Level 1:colcon.colcon_core.package_identification:_identify(gym_env/lib/python3.12/site-packages/pygame/tests/run_tests__tests/all_ok) by extension 'colcon_pkg'
[0.727s] Level 1:colcon.colcon_core.package_identification:_identify(gym_env/lib/python3.12/site-packages/pygame/tests/run_tests__tests/all_ok) by extensions ['colcon_meta']
[0.727s] Level 1:colcon.colcon_core.package_identification:_identify(gym_env/lib/python3.12/site-packages/pygame/tests/run_tests__tests/all_ok) by extension 'colcon_meta'
[0.727s] Level 1:colcon.colcon_core.package_identification:_identify(gym_env/lib/python3.12/site-packages/pygame/tests/run_tests__tests/all_ok) by extensions ['ros']
[0.727s] Level 1:colcon.colcon_core.package_identification:_identify(gym_env/lib/python3.12/site-packages/pygame/tests/run_tests__tests/all_ok) by extension 'ros'
[0.727s] Level 1:colcon.colcon_core.package_identification:_identify(gym_env/lib/python3.12/site-packages/pygame/tests/run_tests__tests/all_ok) by extensions ['cmake', 'python']
[0.727s] Level 1:colcon.colcon_core.package_identification:_identify(gym_env/lib/python3.12/site-packages/pygame/tests/run_tests__tests/all_ok) by extension 'cmake'
[0.727s] Level 1:colcon.colcon_core.package_identification:_identify(gym_env/lib/python3.12/site-packages/pygame/tests/run_tests__tests/all_ok) by extension 'python'
[0.728s] Level 1:colcon.colcon_core.package_identification:_identify(gym_env/lib/python3.12/site-packages/pygame/tests/run_tests__tests/all_ok) by extensions ['python_setup_py']
[0.728s] Level 1:colcon.colcon_core.package_identification:_identify(gym_env/lib/python3.12/site-packages/pygame/tests/run_tests__tests/all_ok) by extension 'python_setup_py'
[0.728s] Level 1:colcon.colcon_core.package_identification:_identify(gym_env/lib/python3.12/site-packages/pygame/tests/run_tests__tests/all_ok/__pycache__) by extensions ['ignore', 'ignore_ament_install']
[0.728s] Level 1:colcon.colcon_core.package_identification:_identify(gym_env/lib/python3.12/site-packages/pygame/tests/run_tests__tests/all_ok/__pycache__) by extension 'ignore'
[0.728s] Level 1:colcon.colcon_core.package_identification:_identify(gym_env/lib/python3.12/site-packages/pygame/tests/run_tests__tests/all_ok/__pycache__) by extension 'ignore_ament_install'
[0.728s] Level 1:colcon.colcon_core.package_identification:_identify(gym_env/lib/python3.12/site-packages/pygame/tests/run_tests__tests/all_ok/__pycache__) by extensions ['colcon_pkg']
[0.728s] Level 1:colcon.colcon_core.package_identification:_identify(gym_env/lib/python3.12/site-packages/pygame/tests/run_tests__tests/all_ok/__pycache__) by extension 'colcon_pkg'
[0.729s] Level 1:colcon.colcon_core.package_identification:_identify(gym_env/lib/python3.12/site-packages/pygame/tests/run_tests__tests/all_ok/__pycache__) by extensions ['colcon_meta']
[0.729s] Level 1:colcon.colcon_core.package_identification:_identify(gym_env/lib/python3.12/site-packages/pygame/tests/run_tests__tests/all_ok/__pycache__) by extension 'colcon_meta'
[0.729s] Level 1:colcon.colcon_core.package_identification:_identify(gym_env/lib/python3.12/site-packages/pygame/tests/run_tests__tests/all_ok/__pycache__) by extensions ['ros']
[0.729s] Level 1:colcon.colcon_core.package_identification:_identify(gym_env/lib/python3.12/site-packages/pygame/tests/run_tests__tests/all_ok/__pycache__) by extension 'ros'
[0.729s] Level 1:colcon.colcon_core.package_identification:_identify(gym_env/lib/python3.12/site-packages/pygame/tests/run_tests__tests/all_ok/__pycache__) by extensions ['cmake', 'python']
[0.729s] Level 1:colcon.colcon_core.package_identification:_identify(gym_env/lib/python3.12/site-packages/pygame/tests/run_tests__tests/all_ok/__pycache__) by extension 'cmake'
[0.729s] Level 1:colcon.colcon_core.package_identification:_identify(gym_env/lib/python3.12/site-packages/pygame/tests/run_tests__tests/all_ok/__pycache__) by extension 'python'
[0.729s] Level 1:colcon.colcon_core.package_identification:_identify(gym_env/lib/python3.12/site-packages/pygame/tests/run_tests__tests/all_ok/__pycache__) by extensions ['python_setup_py']
[0.729s] Level 1:colcon.colcon_core.package_identification:_identify(gym_env/lib/python3.12/site-packages/pygame/tests/run_tests__tests/all_ok/__pycache__) by extension 'python_setup_py'
[0.730s] Level 1:colcon.colcon_core.package_identification:_identify(gym_env/lib/python3.12/site-packages/pygame/tests/run_tests__tests/everything) by extensions ['ignore', 'ignore_ament_install']
[0.730s] Level 1:colcon.colcon_core.package_identification:_identify(gym_env/lib/python3.12/site-packages/pygame/tests/run_tests__tests/everything) by extension 'ignore'
[0.730s] Level 1:colcon.colcon_core.package_identification:_identify(gym_env/lib/python3.12/site-packages/pygame/tests/run_tests__tests/everything) by extension 'ignore_ament_install'
[0.730s] Level 1:colcon.colcon_core.package_identification:_identify(gym_env/lib/python3.12/site-packages/pygame/tests/run_tests__tests/everything) by extensions ['colcon_pkg']
[0.730s] Level 1:colcon.colcon_core.package_identification:_identify(gym_env/lib/python3.12/site-packages/pygame/tests/run_tests__tests/everything) by extension 'colcon_pkg'
[0.730s] Level 1:colcon.colcon_core.package_identification:_identify(gym_env/lib/python3.12/site-packages/pygame/tests/run_tests__tests/everything) by extensions ['colcon_meta']
[0.730s] Level 1:colcon.colcon_core.package_identification:_identify(gym_env/lib/python3.12/site-packages/pygame/tests/run_tests__tests/everything) by extension 'colcon_meta'
[0.730s] Level 1:colcon.colcon_core.package_identification:_identify(gym_env/lib/python3.12/site-packages/pygame/tests/run_tests__tests/everything) by extensions ['ros']
[0.730s] Level 1:colcon.colcon_core.package_identification:_identify(gym_env/lib/python3.12/site-packages/pygame/tests/run_tests__tests/everything) by extension 'ros'
[0.731s] Level 1:colcon.colcon_core.package_identification:_identify(gym_env/lib/python3.12/site-packages/pygame/tests/run_tests__tests/everything) by extensions ['cmake', 'python']
[0.731s] Level 1:colcon.colcon_core.package_identification:_identify(gym_env/lib/python3.12/site-packages/pygame/tests/run_tests__tests/everything) by extension 'cmake'
[0.731s] Level 1:colcon.colcon_core.package_identification:_identify(gym_env/lib/python3.12/site-packages/pygame/tests/run_tests__tests/everything) by extension 'python'
[0.731s] Level 1:colcon.colcon_core.package_identification:_identify(gym_env/lib/python3.12/site-packages/pygame/tests/run_tests__tests/everything) by extensions ['python_setup_py']
[0.731s] Level 1:colcon.colcon_core.package_identification:_identify(gym_env/lib/python3.12/site-packages/pygame/tests/run_tests__tests/everything) by extension 'python_setup_py'
[0.731s] Level 1:colcon.colcon_core.package_identification:_identify(gym_env/lib/python3.12/site-packages/pygame/tests/run_tests__tests/everything/__pycache__) by extensions ['ignore', 'ignore_ament_install']
[0.731s] Level 1:colcon.colcon_core.package_identification:_identify(gym_env/lib/python3.12/site-packages/pygame/tests/run_tests__tests/everything/__pycache__) by extension 'ignore'
[0.731s] Level 1:colcon.colcon_core.package_identification:_identify(gym_env/lib/python3.12/site-packages/pygame/tests/run_tests__tests/everything/__pycache__) by extension 'ignore_ament_install'
[0.732s] Level 1:colcon.colcon_core.package_identification:_identify(gym_env/lib/python3.12/site-packages/pygame/tests/run_tests__tests/everything/__pycache__) by extensions ['colcon_pkg']
[0.732s] Level 1:colcon.colcon_core.package_identification:_identify(gym_env/lib/python3.12/site-packages/pygame/tests/run_tests__tests/everything/__pycache__) by extension 'colcon_pkg'
[0.732s] Level 1:colcon.colcon_core.package_identification:_identify(gym_env/lib/python3.12/site-packages/pygame/tests/run_tests__tests/everything/__pycache__) by extensions ['colcon_meta']
[0.732s] Level 1:colcon.colcon_core.package_identification:_identify(gym_env/lib/python3.12/site-packages/pygame/tests/run_tests__tests/everything/__pycache__) by extension 'colcon_meta'
[0.732s] Level 1:colcon.colcon_core.package_identification:_identify(gym_env/lib/python3.12/site-packages/pygame/tests/run_tests__tests/everything/__pycache__) by extensions ['ros']
[0.732s] Level 1:colcon.colcon_core.package_identification:_identify(gym_env/lib/python3.12/site-packages/pygame/tests/run_tests__tests/everything/__pycache__) by extension 'ros'
[0.732s] Level 1:colcon.colcon_core.package_identification:_identify(gym_env/lib/python3.12/site-packages/pygame/tests/run_tests__tests/everything/__pycache__) by extensions ['cmake', 'python']
[0.732s] Level 1:colcon.colcon_core.package_identification:_identify(gym_env/lib/python3.12/site-packages/pygame/tests/run_tests__tests/everything/__pycache__) by extension 'cmake'
[0.732s] Level 1:colcon.colcon_core.package_identification:_identify(gym_env/lib/python3.12/site-packages/pygame/tests/run_tests__tests/everything/__pycache__) by extension 'python'
[0.732s] Level 1:colcon.colcon_core.package_identification:_identify(gym_env/lib/python3.12/site-packages/pygame/tests/run_tests__tests/everything/__pycache__) by extensions ['python_setup_py']
[0.732s] Level 1:colcon.colcon_core.package_identification:_identify(gym_env/lib/python3.12/site-packages/pygame/tests/run_tests__tests/everything/__pycache__) by extension 'python_setup_py'
[0.733s] Level 1:colcon.colcon_core.package_identification:_identify(gym_env/lib/python3.12/site-packages/pygame/tests/run_tests__tests/exclude) by extensions ['ignore', 'ignore_ament_install']
[0.733s] Level 1:colcon.colcon_core.package_identification:_identify(gym_env/lib/python3.12/site-packages/pygame/tests/run_tests__tests/exclude) by extension 'ignore'
[0.733s] Level 1:colcon.colcon_core.package_identification:_identify(gym_env/lib/python3.12/site-packages/pygame/tests/run_tests__tests/exclude) by extension 'ignore_ament_install'
[0.733s] Level 1:colcon.colcon_core.package_identification:_identify(gym_env/lib/python3.12/site-packages/pygame/tests/run_tests__tests/exclude) by extensions ['colcon_pkg']
[0.733s] Level 1:colcon.colcon_core.package_identification:_identify(gym_env/lib/python3.12/site-packages/pygame/tests/run_tests__tests/exclude) by extension 'colcon_pkg'
[0.733s] Level 1:colcon.colcon_core.package_identification:_identify(gym_env/lib/python3.12/site-packages/pygame/tests/run_tests__tests/exclude) by extensions ['colcon_meta']
[0.733s] Level 1:colcon.colcon_core.package_identification:_identify(gym_env/lib/python3.12/site-packages/pygame/tests/run_tests__tests/exclude) by extension 'colcon_meta'
[0.733s] Level 1:colcon.colcon_core.package_identification:_identify(gym_env/lib/python3.12/site-packages/pygame/tests/run_tests__tests/exclude) by extensions ['ros']
[0.733s] Level 1:colcon.colcon_core.package_identification:_identify(gym_env/lib/python3.12/site-packages/pygame/tests/run_tests__tests/exclude) by extension 'ros'
[0.734s] Level 1:colcon.colcon_core.package_identification:_identify(gym_env/lib/python3.12/site-packages/pygame/tests/run_tests__tests/exclude) by extensions ['cmake', 'python']
[0.734s] Level 1:colcon.colcon_core.package_identification:_identify(gym_env/lib/python3.12/site-packages/pygame/tests/run_tests__tests/exclude) by extension 'cmake'
[0.734s] Level 1:colcon.colcon_core.package_identification:_identify(gym_env/lib/python3.12/site-packages/pygame/tests/run_tests__tests/exclude) by extension 'python'
[0.734s] Level 1:colcon.colcon_core.package_identification:_identify(gym_env/lib/python3.12/site-packages/pygame/tests/run_tests__tests/exclude) by extensions ['python_setup_py']
[0.734s] Level 1:colcon.colcon_core.package_identification:_identify(gym_env/lib/python3.12/site-packages/pygame/tests/run_tests__tests/exclude) by extension 'python_setup_py'
[0.734s] Level 1:colcon.colcon_core.package_identification:_identify(gym_env/lib/python3.12/site-packages/pygame/tests/run_tests__tests/exclude/__pycache__) by extensions ['ignore', 'ignore_ament_install']
[0.734s] Level 1:colcon.colcon_core.package_identification:_identify(gym_env/lib/python3.12/site-packages/pygame/tests/run_tests__tests/exclude/__pycache__) by extension 'ignore'
[0.735s] Level 1:colcon.colcon_core.package_identification:_identify(gym_env/lib/python3.12/site-packages/pygame/tests/run_tests__tests/exclude/__pycache__) by extension 'ignore_ament_install'
[0.735s] Level 1:colcon.colcon_core.package_identification:_identify(gym_env/lib/python3.12/site-packages/pygame/tests/run_tests__tests/exclude/__pycache__) by extensions ['colcon_pkg']
[0.735s] Level 1:colcon.colcon_core.package_identification:_identify(gym_env/lib/python3.12/site-packages/pygame/tests/run_tests__tests/exclude/__pycache__) by extension 'colcon_pkg'
[0.735s] Level 1:colcon.colcon_core.package_identification:_identify(gym_env/lib/python3.12/site-packages/pygame/tests/run_tests__tests/exclude/__pycache__) by extensions ['colcon_meta']
[0.735s] Level 1:colcon.colcon_core.package_identification:_identify(gym_env/lib/python3.12/site-packages/pygame/tests/run_tests__tests/exclude/__pycache__) by extension 'colcon_meta'
[0.735s] Level 1:colcon.colcon_core.package_identification:_identify(gym_env/lib/python3.12/site-packages/pygame/tests/run_tests__tests/exclude/__pycache__) by extensions ['ros']
[0.735s] Level 1:colcon.colcon_core.package_identification:_identify(gym_env/lib/python3.12/site-packages/pygame/tests/run_tests__tests/exclude/__pycache__) by extension 'ros'
[0.735s] Level 1:colcon.colcon_core.package_identification:_identify(gym_env/lib/python3.12/site-packages/pygame/tests/run_tests__tests/exclude/__pycache__) by extensions ['cmake', 'python']
[0.735s] Level 1:colcon.colcon_core.package_identification:_identify(gym_env/lib/python3.12/site-packages/pygame/tests/run_tests__tests/exclude/__pycache__) by extension 'cmake'
[0.735s] Level 1:colcon.colcon_core.package_identification:_identify(gym_env/lib/python3.12/site-packages/pygame/tests/run_tests__tests/exclude/__pycache__) by extension 'python'
[0.736s] Level 1:colcon.colcon_core.package_identification:_identify(gym_env/lib/python3.12/site-packages/pygame/tests/run_tests__tests/exclude/__pycache__) by extensions ['python_setup_py']
[0.736s] Level 1:colcon.colcon_core.package_identification:_identify(gym_env/lib/python3.12/site-packages/pygame/tests/run_tests__tests/exclude/__pycache__) by extension 'python_setup_py'
[0.736s] Level 1:colcon.colcon_core.package_identification:_identify(gym_env/lib/python3.12/site-packages/pygame/tests/run_tests__tests/failures1) by extensions ['ignore', 'ignore_ament_install']
[0.736s] Level 1:colcon.colcon_core.package_identification:_identify(gym_env/lib/python3.12/site-packages/pygame/tests/run_tests__tests/failures1) by extension 'ignore'
[0.736s] Level 1:colcon.colcon_core.package_identification:_identify(gym_env/lib/python3.12/site-packages/pygame/tests/run_tests__tests/failures1) by extension 'ignore_ament_install'
[0.736s] Level 1:colcon.colcon_core.package_identification:_identify(gym_env/lib/python3.12/site-packages/pygame/tests/run_tests__tests/failures1) by extensions ['colcon_pkg']
[0.736s] Level 1:colcon.colcon_core.package_identification:_identify(gym_env/lib/python3.12/site-packages/pygame/tests/run_tests__tests/failures1) by extension 'colcon_pkg'
[0.736s] Level 1:colcon.colcon_core.package_identification:_identify(gym_env/lib/python3.12/site-packages/pygame/tests/run_tests__tests/failures1) by extensions ['colcon_meta']
[0.736s] Level 1:colcon.colcon_core.package_identification:_identify(gym_env/lib/python3.12/site-packages/pygame/tests/run_tests__tests/failures1) by extension 'colcon_meta'
[0.737s] Level 1:colcon.colcon_core.package_identification:_identify(gym_env/lib/python3.12/site-packages/pygame/tests/run_tests__tests/failures1) by extensions ['ros']
[0.737s] Level 1:colcon.colcon_core.package_identification:_identify(gym_env/lib/python3.12/site-packages/pygame/tests/run_tests__tests/failures1) by extension 'ros'
[0.737s] Level 1:colcon.colcon_core.package_identification:_identify(gym_env/lib/python3.12/site-packages/pygame/tests/run_tests__tests/failures1) by extensions ['cmake', 'python']
[0.737s] Level 1:colcon.colcon_core.package_identification:_identify(gym_env/lib/python3.12/site-packages/pygame/tests/run_tests__tests/failures1) by extension 'cmake'
[0.737s] Level 1:colcon.colcon_core.package_identification:_identify(gym_env/lib/python3.12/site-packages/pygame/tests/run_tests__tests/failures1) by extension 'python'
[0.737s] Level 1:colcon.colcon_core.package_identification:_identify(gym_env/lib/python3.12/site-packages/pygame/tests/run_tests__tests/failures1) by extensions ['python_setup_py']
[0.737s] Level 1:colcon.colcon_core.package_identification:_identify(gym_env/lib/python3.12/site-packages/pygame/tests/run_tests__tests/failures1) by extension 'python_setup_py'
[0.737s] Level 1:colcon.colcon_core.package_identification:_identify(gym_env/lib/python3.12/site-packages/pygame/tests/run_tests__tests/failures1/__pycache__) by extensions ['ignore', 'ignore_ament_install']
[0.737s] Level 1:colcon.colcon_core.package_identification:_identify(gym_env/lib/python3.12/site-packages/pygame/tests/run_tests__tests/failures1/__pycache__) by extension 'ignore'
[0.738s] Level 1:colcon.colcon_core.package_identification:_identify(gym_env/lib/python3.12/site-packages/pygame/tests/run_tests__tests/failures1/__pycache__) by extension 'ignore_ament_install'
[0.738s] Level 1:colcon.colcon_core.package_identification:_identify(gym_env/lib/python3.12/site-packages/pygame/tests/run_tests__tests/failures1/__pycache__) by extensions ['colcon_pkg']
[0.738s] Level 1:colcon.colcon_core.package_identification:_identify(gym_env/lib/python3.12/site-packages/pygame/tests/run_tests__tests/failures1/__pycache__) by extension 'colcon_pkg'
[0.738s] Level 1:colcon.colcon_core.package_identification:_identify(gym_env/lib/python3.12/site-packages/pygame/tests/run_tests__tests/failures1/__pycache__) by extensions ['colcon_meta']
[0.738s] Level 1:colcon.colcon_core.package_identification:_identify(gym_env/lib/python3.12/site-packages/pygame/tests/run_tests__tests/failures1/__pycache__) by extension 'colcon_meta'
[0.738s] Level 1:colcon.colcon_core.package_identification:_identify(gym_env/lib/python3.12/site-packages/pygame/tests/run_tests__tests/failures1/__pycache__) by extensions ['ros']
[0.738s] Level 1:colcon.colcon_core.package_identification:_identify(gym_env/lib/python3.12/site-packages/pygame/tests/run_tests__tests/failures1/__pycache__) by extension 'ros'
[0.738s] Level 1:colcon.colcon_core.package_identification:_identify(gym_env/lib/python3.12/site-packages/pygame/tests/run_tests__tests/failures1/__pycache__) by extensions ['cmake', 'python']
[0.738s] Level 1:colcon.colcon_core.package_identification:_identify(gym_env/lib/python3.12/site-packages/pygame/tests/run_tests__tests/failures1/__pycache__) by extension 'cmake'
[0.738s] Level 1:colcon.colcon_core.package_identification:_identify(gym_env/lib/python3.12/site-packages/pygame/tests/run_tests__tests/failures1/__pycache__) by extension 'python'
[0.739s] Level 1:colcon.colcon_core.package_identification:_identify(gym_env/lib/python3.12/site-packages/pygame/tests/run_tests__tests/failures1/__pycache__) by extensions ['python_setup_py']
[0.739s] Level 1:colcon.colcon_core.package_identification:_identify(gym_env/lib/python3.12/site-packages/pygame/tests/run_tests__tests/failures1/__pycache__) by extension 'python_setup_py'
[0.739s] Level 1:colcon.colcon_core.package_identification:_identify(gym_env/lib/python3.12/site-packages/pygame/tests/run_tests__tests/incomplete) by extensions ['ignore', 'ignore_ament_install']
[0.739s] Level 1:colcon.colcon_core.package_identification:_identify(gym_env/lib/python3.12/site-packages/pygame/tests/run_tests__tests/incomplete) by extension 'ignore'
[0.739s] Level 1:colcon.colcon_core.package_identification:_identify(gym_env/lib/python3.12/site-packages/pygame/tests/run_tests__tests/incomplete) by extension 'ignore_ament_install'
[0.740s] Level 1:colcon.colcon_core.package_identification:_identify(gym_env/lib/python3.12/site-packages/pygame/tests/run_tests__tests/incomplete) by extensions ['colcon_pkg']
[0.740s] Level 1:colcon.colcon_core.package_identification:_identify(gym_env/lib/python3.12/site-packages/pygame/tests/run_tests__tests/incomplete) by extension 'colcon_pkg'
[0.740s] Level 1:colcon.colcon_core.package_identification:_identify(gym_env/lib/python3.12/site-packages/pygame/tests/run_tests__tests/incomplete) by extensions ['colcon_meta']
[0.740s] Level 1:colcon.colcon_core.package_identification:_identify(gym_env/lib/python3.12/site-packages/pygame/tests/run_tests__tests/incomplete) by extension 'colcon_meta'
[0.740s] Level 1:colcon.colcon_core.package_identification:_identify(gym_env/lib/python3.12/site-packages/pygame/tests/run_tests__tests/incomplete) by extensions ['ros']
[0.740s] Level 1:colcon.colcon_core.package_identification:_identify(gym_env/lib/python3.12/site-packages/pygame/tests/run_tests__tests/incomplete) by extension 'ros'
[0.741s] Level 1:colcon.colcon_core.package_identification:_identify(gym_env/lib/python3.12/site-packages/pygame/tests/run_tests__tests/incomplete) by extensions ['cmake', 'python']
[0.741s] Level 1:colcon.colcon_core.package_identification:_identify(gym_env/lib/python3.12/site-packages/pygame/tests/run_tests__tests/incomplete) by extension 'cmake'
[0.741s] Level 1:colcon.colcon_core.package_identification:_identify(gym_env/lib/python3.12/site-packages/pygame/tests/run_tests__tests/incomplete) by extension 'python'
[0.741s] Level 1:colcon.colcon_core.package_identification:_identify(gym_env/lib/python3.12/site-packages/pygame/tests/run_tests__tests/incomplete) by extensions ['python_setup_py']
[0.741s] Level 1:colcon.colcon_core.package_identification:_identify(gym_env/lib/python3.12/site-packages/pygame/tests/run_tests__tests/incomplete) by extension 'python_setup_py'
[0.742s] Level 1:colcon.colcon_core.package_identification:_identify(gym_env/lib/python3.12/site-packages/pygame/tests/run_tests__tests/incomplete/__pycache__) by extensions ['ignore', 'ignore_ament_install']
[0.742s] Level 1:colcon.colcon_core.package_identification:_identify(gym_env/lib/python3.12/site-packages/pygame/tests/run_tests__tests/incomplete/__pycache__) by extension 'ignore'
[0.742s] Level 1:colcon.colcon_core.package_identification:_identify(gym_env/lib/python3.12/site-packages/pygame/tests/run_tests__tests/incomplete/__pycache__) by extension 'ignore_ament_install'
[0.742s] Level 1:colcon.colcon_core.package_identification:_identify(gym_env/lib/python3.12/site-packages/pygame/tests/run_tests__tests/incomplete/__pycache__) by extensions ['colcon_pkg']
[0.742s] Level 1:colcon.colcon_core.package_identification:_identify(gym_env/lib/python3.12/site-packages/pygame/tests/run_tests__tests/incomplete/__pycache__) by extension 'colcon_pkg'
[0.743s] Level 1:colcon.colcon_core.package_identification:_identify(gym_env/lib/python3.12/site-packages/pygame/tests/run_tests__tests/incomplete/__pycache__) by extensions ['colcon_meta']
[0.743s] Level 1:colcon.colcon_core.package_identification:_identify(gym_env/lib/python3.12/site-packages/pygame/tests/run_tests__tests/incomplete/__pycache__) by extension 'colcon_meta'
[0.743s] Level 1:colcon.colcon_core.package_identification:_identify(gym_env/lib/python3.12/site-packages/pygame/tests/run_tests__tests/incomplete/__pycache__) by extensions ['ros']
[0.743s] Level 1:colcon.colcon_core.package_identification:_identify(gym_env/lib/python3.12/site-packages/pygame/tests/run_tests__tests/incomplete/__pycache__) by extension 'ros'
[0.743s] Level 1:colcon.colcon_core.package_identification:_identify(gym_env/lib/python3.12/site-packages/pygame/tests/run_tests__tests/incomplete/__pycache__) by extensions ['cmake', 'python']
[0.743s] Level 1:colcon.colcon_core.package_identification:_identify(gym_env/lib/python3.12/site-packages/pygame/tests/run_tests__tests/incomplete/__pycache__) by extension 'cmake'
[0.743s] Level 1:colcon.colcon_core.package_identification:_identify(gym_env/lib/python3.12/site-packages/pygame/tests/run_tests__tests/incomplete/__pycache__) by extension 'python'
[0.744s] Level 1:colcon.colcon_core.package_identification:_identify(gym_env/lib/python3.12/site-packages/pygame/tests/run_tests__tests/incomplete/__pycache__) by extensions ['python_setup_py']
[0.744s] Level 1:colcon.colcon_core.package_identification:_identify(gym_env/lib/python3.12/site-packages/pygame/tests/run_tests__tests/incomplete/__pycache__) by extension 'python_setup_py'
[0.744s] Level 1:colcon.colcon_core.package_identification:_identify(gym_env/lib/python3.12/site-packages/pygame/tests/run_tests__tests/incomplete_todo) by extensions ['ignore', 'ignore_ament_install']
[0.744s] Level 1:colcon.colcon_core.package_identification:_identify(gym_env/lib/python3.12/site-packages/pygame/tests/run_tests__tests/incomplete_todo) by extension 'ignore'
[0.745s] Level 1:colcon.colcon_core.package_identification:_identify(gym_env/lib/python3.12/site-packages/pygame/tests/run_tests__tests/incomplete_todo) by extension 'ignore_ament_install'
[0.745s] Level 1:colcon.colcon_core.package_identification:_identify(gym_env/lib/python3.12/site-packages/pygame/tests/run_tests__tests/incomplete_todo) by extensions ['colcon_pkg']
[0.745s] Level 1:colcon.colcon_core.package_identification:_identify(gym_env/lib/python3.12/site-packages/pygame/tests/run_tests__tests/incomplete_todo) by extension 'colcon_pkg'
[0.745s] Level 1:colcon.colcon_core.package_identification:_identify(gym_env/lib/python3.12/site-packages/pygame/tests/run_tests__tests/incomplete_todo) by extensions ['colcon_meta']
[0.745s] Level 1:colcon.colcon_core.package_identification:_identify(gym_env/lib/python3.12/site-packages/pygame/tests/run_tests__tests/incomplete_todo) by extension 'colcon_meta'
[0.745s] Level 1:colcon.colcon_core.package_identification:_identify(gym_env/lib/python3.12/site-packages/pygame/tests/run_tests__tests/incomplete_todo) by extensions ['ros']
[0.746s] Level 1:colcon.colcon_core.package_identification:_identify(gym_env/lib/python3.12/site-packages/pygame/tests/run_tests__tests/incomplete_todo) by extension 'ros'
[0.746s] Level 1:colcon.colcon_core.package_identification:_identify(gym_env/lib/python3.12/site-packages/pygame/tests/run_tests__tests/incomplete_todo) by extensions ['cmake', 'python']
[0.746s] Level 1:colcon.colcon_core.package_identification:_identify(gym_env/lib/python3.12/site-packages/pygame/tests/run_tests__tests/incomplete_todo) by extension 'cmake'
[0.746s] Level 1:colcon.colcon_core.package_identification:_identify(gym_env/lib/python3.12/site-packages/pygame/tests/run_tests__tests/incomplete_todo) by extension 'python'
[0.746s] Level 1:colcon.colcon_core.package_identification:_identify(gym_env/lib/python3.12/site-packages/pygame/tests/run_tests__tests/incomplete_todo) by extensions ['python_setup_py']
[0.746s] Level 1:colcon.colcon_core.package_identification:_identify(gym_env/lib/python3.12/site-packages/pygame/tests/run_tests__tests/incomplete_todo) by extension 'python_setup_py'
[0.746s] Level 1:colcon.colcon_core.package_identification:_identify(gym_env/lib/python3.12/site-packages/pygame/tests/run_tests__tests/incomplete_todo/__pycache__) by extensions ['ignore', 'ignore_ament_install']
[0.747s] Level 1:colcon.colcon_core.package_identification:_identify(gym_env/lib/python3.12/site-packages/pygame/tests/run_tests__tests/incomplete_todo/__pycache__) by extension 'ignore'
[0.747s] Level 1:colcon.colcon_core.package_identification:_identify(gym_env/lib/python3.12/site-packages/pygame/tests/run_tests__tests/incomplete_todo/__pycache__) by extension 'ignore_ament_install'
[0.747s] Level 1:colcon.colcon_core.package_identification:_identify(gym_env/lib/python3.12/site-packages/pygame/tests/run_tests__tests/incomplete_todo/__pycache__) by extensions ['colcon_pkg']
[0.747s] Level 1:colcon.colcon_core.package_identification:_identify(gym_env/lib/python3.12/site-packages/pygame/tests/run_tests__tests/incomplete_todo/__pycache__) by extension 'colcon_pkg'
[0.747s] Level 1:colcon.colcon_core.package_identification:_identify(gym_env/lib/python3.12/site-packages/pygame/tests/run_tests__tests/incomplete_todo/__pycache__) by extensions ['colcon_meta']
[0.747s] Level 1:colcon.colcon_core.package_identification:_identify(gym_env/lib/python3.12/site-packages/pygame/tests/run_tests__tests/incomplete_todo/__pycache__) by extension 'colcon_meta'
[0.747s] Level 1:colcon.colcon_core.package_identification:_identify(gym_env/lib/python3.12/site-packages/pygame/tests/run_tests__tests/incomplete_todo/__pycache__) by extensions ['ros']
[0.747s] Level 1:colcon.colcon_core.package_identification:_identify(gym_env/lib/python3.12/site-packages/pygame/tests/run_tests__tests/incomplete_todo/__pycache__) by extension 'ros'
[0.747s] Level 1:colcon.colcon_core.package_identification:_identify(gym_env/lib/python3.12/site-packages/pygame/tests/run_tests__tests/incomplete_todo/__pycache__) by extensions ['cmake', 'python']
[0.747s] Level 1:colcon.colcon_core.package_identification:_identify(gym_env/lib/python3.12/site-packages/pygame/tests/run_tests__tests/incomplete_todo/__pycache__) by extension 'cmake'
[0.747s] Level 1:colcon.colcon_core.package_identification:_identify(gym_env/lib/python3.12/site-packages/pygame/tests/run_tests__tests/incomplete_todo/__pycache__) by extension 'python'
[0.748s] Level 1:colcon.colcon_core.package_identification:_identify(gym_env/lib/python3.12/site-packages/pygame/tests/run_tests__tests/incomplete_todo/__pycache__) by extensions ['python_setup_py']
[0.748s] Level 1:colcon.colcon_core.package_identification:_identify(gym_env/lib/python3.12/site-packages/pygame/tests/run_tests__tests/incomplete_todo/__pycache__) by extension 'python_setup_py'
[0.748s] Level 1:colcon.colcon_core.package_identification:_identify(gym_env/lib/python3.12/site-packages/pygame/tests/run_tests__tests/infinite_loop) by extensions ['ignore', 'ignore_ament_install']
[0.748s] Level 1:colcon.colcon_core.package_identification:_identify(gym_env/lib/python3.12/site-packages/pygame/tests/run_tests__tests/infinite_loop) by extension 'ignore'
[0.748s] Level 1:colcon.colcon_core.package_identification:_identify(gym_env/lib/python3.12/site-packages/pygame/tests/run_tests__tests/infinite_loop) by extension 'ignore_ament_install'
[0.748s] Level 1:colcon.colcon_core.package_identification:_identify(gym_env/lib/python3.12/site-packages/pygame/tests/run_tests__tests/infinite_loop) by extensions ['colcon_pkg']
[0.748s] Level 1:colcon.colcon_core.package_identification:_identify(gym_env/lib/python3.12/site-packages/pygame/tests/run_tests__tests/infinite_loop) by extension 'colcon_pkg'
[0.748s] Level 1:colcon.colcon_core.package_identification:_identify(gym_env/lib/python3.12/site-packages/pygame/tests/run_tests__tests/infinite_loop) by extensions ['colcon_meta']
[0.748s] Level 1:colcon.colcon_core.package_identification:_identify(gym_env/lib/python3.12/site-packages/pygame/tests/run_tests__tests/infinite_loop) by extension 'colcon_meta'
[0.749s] Level 1:colcon.colcon_core.package_identification:_identify(gym_env/lib/python3.12/site-packages/pygame/tests/run_tests__tests/infinite_loop) by extensions ['ros']
[0.749s] Level 1:colcon.colcon_core.package_identification:_identify(gym_env/lib/python3.12/site-packages/pygame/tests/run_tests__tests/infinite_loop) by extension 'ros'
[0.749s] Level 1:colcon.colcon_core.package_identification:_identify(gym_env/lib/python3.12/site-packages/pygame/tests/run_tests__tests/infinite_loop) by extensions ['cmake', 'python']
[0.749s] Level 1:colcon.colcon_core.package_identification:_identify(gym_env/lib/python3.12/site-packages/pygame/tests/run_tests__tests/infinite_loop) by extension 'cmake'
[0.749s] Level 1:colcon.colcon_core.package_identification:_identify(gym_env/lib/python3.12/site-packages/pygame/tests/run_tests__tests/infinite_loop) by extension 'python'
[0.749s] Level 1:colcon.colcon_core.package_identification:_identify(gym_env/lib/python3.12/site-packages/pygame/tests/run_tests__tests/infinite_loop) by extensions ['python_setup_py']
[0.749s] Level 1:colcon.colcon_core.package_identification:_identify(gym_env/lib/python3.12/site-packages/pygame/tests/run_tests__tests/infinite_loop) by extension 'python_setup_py'
[0.749s] Level 1:colcon.colcon_core.package_identification:_identify(gym_env/lib/python3.12/site-packages/pygame/tests/run_tests__tests/infinite_loop/__pycache__) by extensions ['ignore', 'ignore_ament_install']
[0.749s] Level 1:colcon.colcon_core.package_identification:_identify(gym_env/lib/python3.12/site-packages/pygame/tests/run_tests__tests/infinite_loop/__pycache__) by extension 'ignore'
[0.750s] Level 1:colcon.colcon_core.package_identification:_identify(gym_env/lib/python3.12/site-packages/pygame/tests/run_tests__tests/infinite_loop/__pycache__) by extension 'ignore_ament_install'
[0.750s] Level 1:colcon.colcon_core.package_identification:_identify(gym_env/lib/python3.12/site-packages/pygame/tests/run_tests__tests/infinite_loop/__pycache__) by extensions ['colcon_pkg']
[0.750s] Level 1:colcon.colcon_core.package_identification:_identify(gym_env/lib/python3.12/site-packages/pygame/tests/run_tests__tests/infinite_loop/__pycache__) by extension 'colcon_pkg'
[0.750s] Level 1:colcon.colcon_core.package_identification:_identify(gym_env/lib/python3.12/site-packages/pygame/tests/run_tests__tests/infinite_loop/__pycache__) by extensions ['colcon_meta']
[0.750s] Level 1:colcon.colcon_core.package_identification:_identify(gym_env/lib/python3.12/site-packages/pygame/tests/run_tests__tests/infinite_loop/__pycache__) by extension 'colcon_meta'
[0.750s] Level 1:colcon.colcon_core.package_identification:_identify(gym_env/lib/python3.12/site-packages/pygame/tests/run_tests__tests/infinite_loop/__pycache__) by extensions ['ros']
[0.750s] Level 1:colcon.colcon_core.package_identification:_identify(gym_env/lib/python3.12/site-packages/pygame/tests/run_tests__tests/infinite_loop/__pycache__) by extension 'ros'
[0.750s] Level 1:colcon.colcon_core.package_identification:_identify(gym_env/lib/python3.12/site-packages/pygame/tests/run_tests__tests/infinite_loop/__pycache__) by extensions ['cmake', 'python']
[0.750s] Level 1:colcon.colcon_core.package_identification:_identify(gym_env/lib/python3.12/site-packages/pygame/tests/run_tests__tests/infinite_loop/__pycache__) by extension 'cmake'
[0.750s] Level 1:colcon.colcon_core.package_identification:_identify(gym_env/lib/python3.12/site-packages/pygame/tests/run_tests__tests/infinite_loop/__pycache__) by extension 'python'
[0.751s] Level 1:colcon.colcon_core.package_identification:_identify(gym_env/lib/python3.12/site-packages/pygame/tests/run_tests__tests/infinite_loop/__pycache__) by extensions ['python_setup_py']
[0.751s] Level 1:colcon.colcon_core.package_identification:_identify(gym_env/lib/python3.12/site-packages/pygame/tests/run_tests__tests/infinite_loop/__pycache__) by extension 'python_setup_py'
[0.751s] Level 1:colcon.colcon_core.package_identification:_identify(gym_env/lib/python3.12/site-packages/pygame/tests/run_tests__tests/print_stderr) by extensions ['ignore', 'ignore_ament_install']
[0.751s] Level 1:colcon.colcon_core.package_identification:_identify(gym_env/lib/python3.12/site-packages/pygame/tests/run_tests__tests/print_stderr) by extension 'ignore'
[0.751s] Level 1:colcon.colcon_core.package_identification:_identify(gym_env/lib/python3.12/site-packages/pygame/tests/run_tests__tests/print_stderr) by extension 'ignore_ament_install'
[0.751s] Level 1:colcon.colcon_core.package_identification:_identify(gym_env/lib/python3.12/site-packages/pygame/tests/run_tests__tests/print_stderr) by extensions ['colcon_pkg']
[0.751s] Level 1:colcon.colcon_core.package_identification:_identify(gym_env/lib/python3.12/site-packages/pygame/tests/run_tests__tests/print_stderr) by extension 'colcon_pkg'
[0.751s] Level 1:colcon.colcon_core.package_identification:_identify(gym_env/lib/python3.12/site-packages/pygame/tests/run_tests__tests/print_stderr) by extensions ['colcon_meta']
[0.751s] Level 1:colcon.colcon_core.package_identification:_identify(gym_env/lib/python3.12/site-packages/pygame/tests/run_tests__tests/print_stderr) by extension 'colcon_meta'
[0.752s] Level 1:colcon.colcon_core.package_identification:_identify(gym_env/lib/python3.12/site-packages/pygame/tests/run_tests__tests/print_stderr) by extensions ['ros']
[0.752s] Level 1:colcon.colcon_core.package_identification:_identify(gym_env/lib/python3.12/site-packages/pygame/tests/run_tests__tests/print_stderr) by extension 'ros'
[0.752s] Level 1:colcon.colcon_core.package_identification:_identify(gym_env/lib/python3.12/site-packages/pygame/tests/run_tests__tests/print_stderr) by extensions ['cmake', 'python']
[0.752s] Level 1:colcon.colcon_core.package_identification:_identify(gym_env/lib/python3.12/site-packages/pygame/tests/run_tests__tests/print_stderr) by extension 'cmake'
[0.752s] Level 1:colcon.colcon_core.package_identification:_identify(gym_env/lib/python3.12/site-packages/pygame/tests/run_tests__tests/print_stderr) by extension 'python'
[0.752s] Level 1:colcon.colcon_core.package_identification:_identify(gym_env/lib/python3.12/site-packages/pygame/tests/run_tests__tests/print_stderr) by extensions ['python_setup_py']
[0.752s] Level 1:colcon.colcon_core.package_identification:_identify(gym_env/lib/python3.12/site-packages/pygame/tests/run_tests__tests/print_stderr) by extension 'python_setup_py'
[0.752s] Level 1:colcon.colcon_core.package_identification:_identify(gym_env/lib/python3.12/site-packages/pygame/tests/run_tests__tests/print_stderr/__pycache__) by extensions ['ignore', 'ignore_ament_install']
[0.752s] Level 1:colcon.colcon_core.package_identification:_identify(gym_env/lib/python3.12/site-packages/pygame/tests/run_tests__tests/print_stderr/__pycache__) by extension 'ignore'
[0.753s] Level 1:colcon.colcon_core.package_identification:_identify(gym_env/lib/python3.12/site-packages/pygame/tests/run_tests__tests/print_stderr/__pycache__) by extension 'ignore_ament_install'
[0.753s] Level 1:colcon.colcon_core.package_identification:_identify(gym_env/lib/python3.12/site-packages/pygame/tests/run_tests__tests/print_stderr/__pycache__) by extensions ['colcon_pkg']
[0.753s] Level 1:colcon.colcon_core.package_identification:_identify(gym_env/lib/python3.12/site-packages/pygame/tests/run_tests__tests/print_stderr/__pycache__) by extension 'colcon_pkg'
[0.753s] Level 1:colcon.colcon_core.package_identification:_identify(gym_env/lib/python3.12/site-packages/pygame/tests/run_tests__tests/print_stderr/__pycache__) by extensions ['colcon_meta']
[0.753s] Level 1:colcon.colcon_core.package_identification:_identify(gym_env/lib/python3.12/site-packages/pygame/tests/run_tests__tests/print_stderr/__pycache__) by extension 'colcon_meta'
[0.753s] Level 1:colcon.colcon_core.package_identification:_identify(gym_env/lib/python3.12/site-packages/pygame/tests/run_tests__tests/print_stderr/__pycache__) by extensions ['ros']
[0.753s] Level 1:colcon.colcon_core.package_identification:_identify(gym_env/lib/python3.12/site-packages/pygame/tests/run_tests__tests/print_stderr/__pycache__) by extension 'ros'
[0.753s] Level 1:colcon.colcon_core.package_identification:_identify(gym_env/lib/python3.12/site-packages/pygame/tests/run_tests__tests/print_stderr/__pycache__) by extensions ['cmake', 'python']
[0.753s] Level 1:colcon.colcon_core.package_identification:_identify(gym_env/lib/python3.12/site-packages/pygame/tests/run_tests__tests/print_stderr/__pycache__) by extension 'cmake'
[0.753s] Level 1:colcon.colcon_core.package_identification:_identify(gym_env/lib/python3.12/site-packages/pygame/tests/run_tests__tests/print_stderr/__pycache__) by extension 'python'
[0.754s] Level 1:colcon.colcon_core.package_identification:_identify(gym_env/lib/python3.12/site-packages/pygame/tests/run_tests__tests/print_stderr/__pycache__) by extensions ['python_setup_py']
[0.754s] Level 1:colcon.colcon_core.package_identification:_identify(gym_env/lib/python3.12/site-packages/pygame/tests/run_tests__tests/print_stderr/__pycache__) by extension 'python_setup_py'
[0.754s] Level 1:colcon.colcon_core.package_identification:_identify(gym_env/lib/python3.12/site-packages/pygame/tests/run_tests__tests/print_stdout) by extensions ['ignore', 'ignore_ament_install']
[0.754s] Level 1:colcon.colcon_core.package_identification:_identify(gym_env/lib/python3.12/site-packages/pygame/tests/run_tests__tests/print_stdout) by extension 'ignore'
[0.754s] Level 1:colcon.colcon_core.package_identification:_identify(gym_env/lib/python3.12/site-packages/pygame/tests/run_tests__tests/print_stdout) by extension 'ignore_ament_install'
[0.754s] Level 1:colcon.colcon_core.package_identification:_identify(gym_env/lib/python3.12/site-packages/pygame/tests/run_tests__tests/print_stdout) by extensions ['colcon_pkg']
[0.754s] Level 1:colcon.colcon_core.package_identification:_identify(gym_env/lib/python3.12/site-packages/pygame/tests/run_tests__tests/print_stdout) by extension 'colcon_pkg'
[0.754s] Level 1:colcon.colcon_core.package_identification:_identify(gym_env/lib/python3.12/site-packages/pygame/tests/run_tests__tests/print_stdout) by extensions ['colcon_meta']
[0.754s] Level 1:colcon.colcon_core.package_identification:_identify(gym_env/lib/python3.12/site-packages/pygame/tests/run_tests__tests/print_stdout) by extension 'colcon_meta'
[0.755s] Level 1:colcon.colcon_core.package_identification:_identify(gym_env/lib/python3.12/site-packages/pygame/tests/run_tests__tests/print_stdout) by extensions ['ros']
[0.755s] Level 1:colcon.colcon_core.package_identification:_identify(gym_env/lib/python3.12/site-packages/pygame/tests/run_tests__tests/print_stdout) by extension 'ros'
[0.755s] Level 1:colcon.colcon_core.package_identification:_identify(gym_env/lib/python3.12/site-packages/pygame/tests/run_tests__tests/print_stdout) by extensions ['cmake', 'python']
[0.755s] Level 1:colcon.colcon_core.package_identification:_identify(gym_env/lib/python3.12/site-packages/pygame/tests/run_tests__tests/print_stdout) by extension 'cmake'
[0.755s] Level 1:colcon.colcon_core.package_identification:_identify(gym_env/lib/python3.12/site-packages/pygame/tests/run_tests__tests/print_stdout) by extension 'python'
[0.755s] Level 1:colcon.colcon_core.package_identification:_identify(gym_env/lib/python3.12/site-packages/pygame/tests/run_tests__tests/print_stdout) by extensions ['python_setup_py']
[0.755s] Level 1:colcon.colcon_core.package_identification:_identify(gym_env/lib/python3.12/site-packages/pygame/tests/run_tests__tests/print_stdout) by extension 'python_setup_py'
[0.755s] Level 1:colcon.colcon_core.package_identification:_identify(gym_env/lib/python3.12/site-packages/pygame/tests/run_tests__tests/print_stdout/__pycache__) by extensions ['ignore', 'ignore_ament_install']
[0.755s] Level 1:colcon.colcon_core.package_identification:_identify(gym_env/lib/python3.12/site-packages/pygame/tests/run_tests__tests/print_stdout/__pycache__) by extension 'ignore'
[0.756s] Level 1:colcon.colcon_core.package_identification:_identify(gym_env/lib/python3.12/site-packages/pygame/tests/run_tests__tests/print_stdout/__pycache__) by extension 'ignore_ament_install'
[0.756s] Level 1:colcon.colcon_core.package_identification:_identify(gym_env/lib/python3.12/site-packages/pygame/tests/run_tests__tests/print_stdout/__pycache__) by extensions ['colcon_pkg']
[0.756s] Level 1:colcon.colcon_core.package_identification:_identify(gym_env/lib/python3.12/site-packages/pygame/tests/run_tests__tests/print_stdout/__pycache__) by extension 'colcon_pkg'
[0.756s] Level 1:colcon.colcon_core.package_identification:_identify(gym_env/lib/python3.12/site-packages/pygame/tests/run_tests__tests/print_stdout/__pycache__) by extensions ['colcon_meta']
[0.756s] Level 1:colcon.colcon_core.package_identification:_identify(gym_env/lib/python3.12/site-packages/pygame/tests/run_tests__tests/print_stdout/__pycache__) by extension 'colcon_meta'
[0.756s] Level 1:colcon.colcon_core.package_identification:_identify(gym_env/lib/python3.12/site-packages/pygame/tests/run_tests__tests/print_stdout/__pycache__) by extensions ['ros']
[0.756s] Level 1:colcon.colcon_core.package_identification:_identify(gym_env/lib/python3.12/site-packages/pygame/tests/run_tests__tests/print_stdout/__pycache__) by extension 'ros'
[0.756s] Level 1:colcon.colcon_core.package_identification:_identify(gym_env/lib/python3.12/site-packages/pygame/tests/run_tests__tests/print_stdout/__pycache__) by extensions ['cmake', 'python']
[0.756s] Level 1:colcon.colcon_core.package_identification:_identify(gym_env/lib/python3.12/site-packages/pygame/tests/run_tests__tests/print_stdout/__pycache__) by extension 'cmake'
[0.756s] Level 1:colcon.colcon_core.package_identification:_identify(gym_env/lib/python3.12/site-packages/pygame/tests/run_tests__tests/print_stdout/__pycache__) by extension 'python'
[0.756s] Level 1:colcon.colcon_core.package_identification:_identify(gym_env/lib/python3.12/site-packages/pygame/tests/run_tests__tests/print_stdout/__pycache__) by extensions ['python_setup_py']
[0.757s] Level 1:colcon.colcon_core.package_identification:_identify(gym_env/lib/python3.12/site-packages/pygame/tests/run_tests__tests/print_stdout/__pycache__) by extension 'python_setup_py'
[0.757s] Level 1:colcon.colcon_core.package_identification:_identify(gym_env/lib/python3.12/site-packages/pygame/tests/run_tests__tests/timeout) by extensions ['ignore', 'ignore_ament_install']
[0.757s] Level 1:colcon.colcon_core.package_identification:_identify(gym_env/lib/python3.12/site-packages/pygame/tests/run_tests__tests/timeout) by extension 'ignore'
[0.757s] Level 1:colcon.colcon_core.package_identification:_identify(gym_env/lib/python3.12/site-packages/pygame/tests/run_tests__tests/timeout) by extension 'ignore_ament_install'
[0.757s] Level 1:colcon.colcon_core.package_identification:_identify(gym_env/lib/python3.12/site-packages/pygame/tests/run_tests__tests/timeout) by extensions ['colcon_pkg']
[0.757s] Level 1:colcon.colcon_core.package_identification:_identify(gym_env/lib/python3.12/site-packages/pygame/tests/run_tests__tests/timeout) by extension 'colcon_pkg'
[0.757s] Level 1:colcon.colcon_core.package_identification:_identify(gym_env/lib/python3.12/site-packages/pygame/tests/run_tests__tests/timeout) by extensions ['colcon_meta']
[0.757s] Level 1:colcon.colcon_core.package_identification:_identify(gym_env/lib/python3.12/site-packages/pygame/tests/run_tests__tests/timeout) by extension 'colcon_meta'
[0.757s] Level 1:colcon.colcon_core.package_identification:_identify(gym_env/lib/python3.12/site-packages/pygame/tests/run_tests__tests/timeout) by extensions ['ros']
[0.758s] Level 1:colcon.colcon_core.package_identification:_identify(gym_env/lib/python3.12/site-packages/pygame/tests/run_tests__tests/timeout) by extension 'ros'
[0.758s] Level 1:colcon.colcon_core.package_identification:_identify(gym_env/lib/python3.12/site-packages/pygame/tests/run_tests__tests/timeout) by extensions ['cmake', 'python']
[0.758s] Level 1:colcon.colcon_core.package_identification:_identify(gym_env/lib/python3.12/site-packages/pygame/tests/run_tests__tests/timeout) by extension 'cmake'
[0.758s] Level 1:colcon.colcon_core.package_identification:_identify(gym_env/lib/python3.12/site-packages/pygame/tests/run_tests__tests/timeout) by extension 'python'
[0.758s] Level 1:colcon.colcon_core.package_identification:_identify(gym_env/lib/python3.12/site-packages/pygame/tests/run_tests__tests/timeout) by extensions ['python_setup_py']
[0.758s] Level 1:colcon.colcon_core.package_identification:_identify(gym_env/lib/python3.12/site-packages/pygame/tests/run_tests__tests/timeout) by extension 'python_setup_py'
[0.758s] Level 1:colcon.colcon_core.package_identification:_identify(gym_env/lib/python3.12/site-packages/pygame/tests/run_tests__tests/timeout/__pycache__) by extensions ['ignore', 'ignore_ament_install']
[0.759s] Level 1:colcon.colcon_core.package_identification:_identify(gym_env/lib/python3.12/site-packages/pygame/tests/run_tests__tests/timeout/__pycache__) by extension 'ignore'
[0.759s] Level 1:colcon.colcon_core.package_identification:_identify(gym_env/lib/python3.12/site-packages/pygame/tests/run_tests__tests/timeout/__pycache__) by extension 'ignore_ament_install'
[0.759s] Level 1:colcon.colcon_core.package_identification:_identify(gym_env/lib/python3.12/site-packages/pygame/tests/run_tests__tests/timeout/__pycache__) by extensions ['colcon_pkg']
[0.759s] Level 1:colcon.colcon_core.package_identification:_identify(gym_env/lib/python3.12/site-packages/pygame/tests/run_tests__tests/timeout/__pycache__) by extension 'colcon_pkg'
[0.759s] Level 1:colcon.colcon_core.package_identification:_identify(gym_env/lib/python3.12/site-packages/pygame/tests/run_tests__tests/timeout/__pycache__) by extensions ['colcon_meta']
[0.760s] Level 1:colcon.colcon_core.package_identification:_identify(gym_env/lib/python3.12/site-packages/pygame/tests/run_tests__tests/timeout/__pycache__) by extension 'colcon_meta'
[0.760s] Level 1:colcon.colcon_core.package_identification:_identify(gym_env/lib/python3.12/site-packages/pygame/tests/run_tests__tests/timeout/__pycache__) by extensions ['ros']
[0.760s] Level 1:colcon.colcon_core.package_identification:_identify(gym_env/lib/python3.12/site-packages/pygame/tests/run_tests__tests/timeout/__pycache__) by extension 'ros'
[0.760s] Level 1:colcon.colcon_core.package_identification:_identify(gym_env/lib/python3.12/site-packages/pygame/tests/run_tests__tests/timeout/__pycache__) by extensions ['cmake', 'python']
[0.760s] Level 1:colcon.colcon_core.package_identification:_identify(gym_env/lib/python3.12/site-packages/pygame/tests/run_tests__tests/timeout/__pycache__) by extension 'cmake'
[0.760s] Level 1:colcon.colcon_core.package_identification:_identify(gym_env/lib/python3.12/site-packages/pygame/tests/run_tests__tests/timeout/__pycache__) by extension 'python'
[0.760s] Level 1:colcon.colcon_core.package_identification:_identify(gym_env/lib/python3.12/site-packages/pygame/tests/run_tests__tests/timeout/__pycache__) by extensions ['python_setup_py']
[0.760s] Level 1:colcon.colcon_core.package_identification:_identify(gym_env/lib/python3.12/site-packages/pygame/tests/run_tests__tests/timeout/__pycache__) by extension 'python_setup_py'
[0.761s] Level 1:colcon.colcon_core.package_identification:_identify(gym_env/lib/python3.12/site-packages/pygame/tests/test_utils) by extensions ['ignore', 'ignore_ament_install']
[0.761s] Level 1:colcon.colcon_core.package_identification:_identify(gym_env/lib/python3.12/site-packages/pygame/tests/test_utils) by extension 'ignore'
[0.761s] Level 1:colcon.colcon_core.package_identification:_identify(gym_env/lib/python3.12/site-packages/pygame/tests/test_utils) by extension 'ignore_ament_install'
[0.761s] Level 1:colcon.colcon_core.package_identification:_identify(gym_env/lib/python3.12/site-packages/pygame/tests/test_utils) by extensions ['colcon_pkg']
[0.761s] Level 1:colcon.colcon_core.package_identification:_identify(gym_env/lib/python3.12/site-packages/pygame/tests/test_utils) by extension 'colcon_pkg'
[0.761s] Level 1:colcon.colcon_core.package_identification:_identify(gym_env/lib/python3.12/site-packages/pygame/tests/test_utils) by extensions ['colcon_meta']
[0.761s] Level 1:colcon.colcon_core.package_identification:_identify(gym_env/lib/python3.12/site-packages/pygame/tests/test_utils) by extension 'colcon_meta'
[0.762s] Level 1:colcon.colcon_core.package_identification:_identify(gym_env/lib/python3.12/site-packages/pygame/tests/test_utils) by extensions ['ros']
[0.762s] Level 1:colcon.colcon_core.package_identification:_identify(gym_env/lib/python3.12/site-packages/pygame/tests/test_utils) by extension 'ros'
[0.762s] Level 1:colcon.colcon_core.package_identification:_identify(gym_env/lib/python3.12/site-packages/pygame/tests/test_utils) by extensions ['cmake', 'python']
[0.762s] Level 1:colcon.colcon_core.package_identification:_identify(gym_env/lib/python3.12/site-packages/pygame/tests/test_utils) by extension 'cmake'
[0.762s] Level 1:colcon.colcon_core.package_identification:_identify(gym_env/lib/python3.12/site-packages/pygame/tests/test_utils) by extension 'python'
[0.762s] Level 1:colcon.colcon_core.package_identification:_identify(gym_env/lib/python3.12/site-packages/pygame/tests/test_utils) by extensions ['python_setup_py']
[0.762s] Level 1:colcon.colcon_core.package_identification:_identify(gym_env/lib/python3.12/site-packages/pygame/tests/test_utils) by extension 'python_setup_py'
[0.762s] Level 1:colcon.colcon_core.package_identification:_identify(gym_env/lib/python3.12/site-packages/pygame/tests/test_utils/__pycache__) by extensions ['ignore', 'ignore_ament_install']
[0.763s] Level 1:colcon.colcon_core.package_identification:_identify(gym_env/lib/python3.12/site-packages/pygame/tests/test_utils/__pycache__) by extension 'ignore'
[0.763s] Level 1:colcon.colcon_core.package_identification:_identify(gym_env/lib/python3.12/site-packages/pygame/tests/test_utils/__pycache__) by extension 'ignore_ament_install'
[0.763s] Level 1:colcon.colcon_core.package_identification:_identify(gym_env/lib/python3.12/site-packages/pygame/tests/test_utils/__pycache__) by extensions ['colcon_pkg']
[0.763s] Level 1:colcon.colcon_core.package_identification:_identify(gym_env/lib/python3.12/site-packages/pygame/tests/test_utils/__pycache__) by extension 'colcon_pkg'
[0.763s] Level 1:colcon.colcon_core.package_identification:_identify(gym_env/lib/python3.12/site-packages/pygame/tests/test_utils/__pycache__) by extensions ['colcon_meta']
[0.763s] Level 1:colcon.colcon_core.package_identification:_identify(gym_env/lib/python3.12/site-packages/pygame/tests/test_utils/__pycache__) by extension 'colcon_meta'
[0.763s] Level 1:colcon.colcon_core.package_identification:_identify(gym_env/lib/python3.12/site-packages/pygame/tests/test_utils/__pycache__) by extensions ['ros']
[0.763s] Level 1:colcon.colcon_core.package_identification:_identify(gym_env/lib/python3.12/site-packages/pygame/tests/test_utils/__pycache__) by extension 'ros'
[0.763s] Level 1:colcon.colcon_core.package_identification:_identify(gym_env/lib/python3.12/site-packages/pygame/tests/test_utils/__pycache__) by extensions ['cmake', 'python']
[0.763s] Level 1:colcon.colcon_core.package_identification:_identify(gym_env/lib/python3.12/site-packages/pygame/tests/test_utils/__pycache__) by extension 'cmake'
[0.764s] Level 1:colcon.colcon_core.package_identification:_identify(gym_env/lib/python3.12/site-packages/pygame/tests/test_utils/__pycache__) by extension 'python'
[0.764s] Level 1:colcon.colcon_core.package_identification:_identify(gym_env/lib/python3.12/site-packages/pygame/tests/test_utils/__pycache__) by extensions ['python_setup_py']
[0.764s] Level 1:colcon.colcon_core.package_identification:_identify(gym_env/lib/python3.12/site-packages/pygame/tests/test_utils/__pycache__) by extension 'python_setup_py'
[0.764s] Level 1:colcon.colcon_core.package_identification:_identify(gym_env/lib/python3.12/site-packages/pygame/threads) by extensions ['ignore', 'ignore_ament_install']
[0.764s] Level 1:colcon.colcon_core.package_identification:_identify(gym_env/lib/python3.12/site-packages/pygame/threads) by extension 'ignore'
[0.764s] Level 1:colcon.colcon_core.package_identification:_identify(gym_env/lib/python3.12/site-packages/pygame/threads) by extension 'ignore_ament_install'
[0.764s] Level 1:colcon.colcon_core.package_identification:_identify(gym_env/lib/python3.12/site-packages/pygame/threads) by extensions ['colcon_pkg']
[0.764s] Level 1:colcon.colcon_core.package_identification:_identify(gym_env/lib/python3.12/site-packages/pygame/threads) by extension 'colcon_pkg'
[0.764s] Level 1:colcon.colcon_core.package_identification:_identify(gym_env/lib/python3.12/site-packages/pygame/threads) by extensions ['colcon_meta']
[0.764s] Level 1:colcon.colcon_core.package_identification:_identify(gym_env/lib/python3.12/site-packages/pygame/threads) by extension 'colcon_meta'
[0.765s] Level 1:colcon.colcon_core.package_identification:_identify(gym_env/lib/python3.12/site-packages/pygame/threads) by extensions ['ros']
[0.765s] Level 1:colcon.colcon_core.package_identification:_identify(gym_env/lib/python3.12/site-packages/pygame/threads) by extension 'ros'
[0.765s] Level 1:colcon.colcon_core.package_identification:_identify(gym_env/lib/python3.12/site-packages/pygame/threads) by extensions ['cmake', 'python']
[0.765s] Level 1:colcon.colcon_core.package_identification:_identify(gym_env/lib/python3.12/site-packages/pygame/threads) by extension 'cmake'
[0.765s] Level 1:colcon.colcon_core.package_identification:_identify(gym_env/lib/python3.12/site-packages/pygame/threads) by extension 'python'
[0.765s] Level 1:colcon.colcon_core.package_identification:_identify(gym_env/lib/python3.12/site-packages/pygame/threads) by extensions ['python_setup_py']
[0.765s] Level 1:colcon.colcon_core.package_identification:_identify(gym_env/lib/python3.12/site-packages/pygame/threads) by extension 'python_setup_py'
[0.765s] Level 1:colcon.colcon_core.package_identification:_identify(gym_env/lib/python3.12/site-packages/pygame/threads/__pycache__) by extensions ['ignore', 'ignore_ament_install']
[0.765s] Level 1:colcon.colcon_core.package_identification:_identify(gym_env/lib/python3.12/site-packages/pygame/threads/__pycache__) by extension 'ignore'
[0.766s] Level 1:colcon.colcon_core.package_identification:_identify(gym_env/lib/python3.12/site-packages/pygame/threads/__pycache__) by extension 'ignore_ament_install'
[0.766s] Level 1:colcon.colcon_core.package_identification:_identify(gym_env/lib/python3.12/site-packages/pygame/threads/__pycache__) by extensions ['colcon_pkg']
[0.766s] Level 1:colcon.colcon_core.package_identification:_identify(gym_env/lib/python3.12/site-packages/pygame/threads/__pycache__) by extension 'colcon_pkg'
[0.766s] Level 1:colcon.colcon_core.package_identification:_identify(gym_env/lib/python3.12/site-packages/pygame/threads/__pycache__) by extensions ['colcon_meta']
[0.766s] Level 1:colcon.colcon_core.package_identification:_identify(gym_env/lib/python3.12/site-packages/pygame/threads/__pycache__) by extension 'colcon_meta'
[0.766s] Level 1:colcon.colcon_core.package_identification:_identify(gym_env/lib/python3.12/site-packages/pygame/threads/__pycache__) by extensions ['ros']
[0.766s] Level 1:colcon.colcon_core.package_identification:_identify(gym_env/lib/python3.12/site-packages/pygame/threads/__pycache__) by extension 'ros'
[0.766s] Level 1:colcon.colcon_core.package_identification:_identify(gym_env/lib/python3.12/site-packages/pygame/threads/__pycache__) by extensions ['cmake', 'python']
[0.766s] Level 1:colcon.colcon_core.package_identification:_identify(gym_env/lib/python3.12/site-packages/pygame/threads/__pycache__) by extension 'cmake'
[0.766s] Level 1:colcon.colcon_core.package_identification:_identify(gym_env/lib/python3.12/site-packages/pygame/threads/__pycache__) by extension 'python'
[0.766s] Level 1:colcon.colcon_core.package_identification:_identify(gym_env/lib/python3.12/site-packages/pygame/threads/__pycache__) by extensions ['python_setup_py']
[0.766s] Level 1:colcon.colcon_core.package_identification:_identify(gym_env/lib/python3.12/site-packages/pygame/threads/__pycache__) by extension 'python_setup_py'
[0.767s] Level 1:colcon.colcon_core.package_identification:_identify(gym_env/lib/python3.12/site-packages/pygame-2.6.1.dist-info) by extensions ['ignore', 'ignore_ament_install']
[0.767s] Level 1:colcon.colcon_core.package_identification:_identify(gym_env/lib/python3.12/site-packages/pygame-2.6.1.dist-info) by extension 'ignore'
[0.767s] Level 1:colcon.colcon_core.package_identification:_identify(gym_env/lib/python3.12/site-packages/pygame-2.6.1.dist-info) by extension 'ignore_ament_install'
[0.767s] Level 1:colcon.colcon_core.package_identification:_identify(gym_env/lib/python3.12/site-packages/pygame-2.6.1.dist-info) by extensions ['colcon_pkg']
[0.767s] Level 1:colcon.colcon_core.package_identification:_identify(gym_env/lib/python3.12/site-packages/pygame-2.6.1.dist-info) by extension 'colcon_pkg'
[0.767s] Level 1:colcon.colcon_core.package_identification:_identify(gym_env/lib/python3.12/site-packages/pygame-2.6.1.dist-info) by extensions ['colcon_meta']
[0.767s] Level 1:colcon.colcon_core.package_identification:_identify(gym_env/lib/python3.12/site-packages/pygame-2.6.1.dist-info) by extension 'colcon_meta'
[0.767s] Level 1:colcon.colcon_core.package_identification:_identify(gym_env/lib/python3.12/site-packages/pygame-2.6.1.dist-info) by extensions ['ros']
[0.767s] Level 1:colcon.colcon_core.package_identification:_identify(gym_env/lib/python3.12/site-packages/pygame-2.6.1.dist-info) by extension 'ros'
[0.767s] Level 1:colcon.colcon_core.package_identification:_identify(gym_env/lib/python3.12/site-packages/pygame-2.6.1.dist-info) by extensions ['cmake', 'python']
[0.768s] Level 1:colcon.colcon_core.package_identification:_identify(gym_env/lib/python3.12/site-packages/pygame-2.6.1.dist-info) by extension 'cmake'
[0.768s] Level 1:colcon.colcon_core.package_identification:_identify(gym_env/lib/python3.12/site-packages/pygame-2.6.1.dist-info) by extension 'python'
[0.768s] Level 1:colcon.colcon_core.package_identification:_identify(gym_env/lib/python3.12/site-packages/pygame-2.6.1.dist-info) by extensions ['python_setup_py']
[0.768s] Level 1:colcon.colcon_core.package_identification:_identify(gym_env/lib/python3.12/site-packages/pygame-2.6.1.dist-info) by extension 'python_setup_py'
[0.768s] Level 1:colcon.colcon_core.package_identification:_identify(gym_env/lib/python3.12/site-packages/pygame.libs) by extensions ['ignore', 'ignore_ament_install']
[0.768s] Level 1:colcon.colcon_core.package_identification:_identify(gym_env/lib/python3.12/site-packages/pygame.libs) by extension 'ignore'
[0.768s] Level 1:colcon.colcon_core.package_identification:_identify(gym_env/lib/python3.12/site-packages/pygame.libs) by extension 'ignore_ament_install'
[0.768s] Level 1:colcon.colcon_core.package_identification:_identify(gym_env/lib/python3.12/site-packages/pygame.libs) by extensions ['colcon_pkg']
[0.768s] Level 1:colcon.colcon_core.package_identification:_identify(gym_env/lib/python3.12/site-packages/pygame.libs) by extension 'colcon_pkg'
[0.769s] Level 1:colcon.colcon_core.package_identification:_identify(gym_env/lib/python3.12/site-packages/pygame.libs) by extensions ['colcon_meta']
[0.769s] Level 1:colcon.colcon_core.package_identification:_identify(gym_env/lib/python3.12/site-packages/pygame.libs) by extension 'colcon_meta'
[0.769s] Level 1:colcon.colcon_core.package_identification:_identify(gym_env/lib/python3.12/site-packages/pygame.libs) by extensions ['ros']
[0.769s] Level 1:colcon.colcon_core.package_identification:_identify(gym_env/lib/python3.12/site-packages/pygame.libs) by extension 'ros'
[0.769s] Level 1:colcon.colcon_core.package_identification:_identify(gym_env/lib/python3.12/site-packages/pygame.libs) by extensions ['cmake', 'python']
[0.769s] Level 1:colcon.colcon_core.package_identification:_identify(gym_env/lib/python3.12/site-packages/pygame.libs) by extension 'cmake'
[0.769s] Level 1:colcon.colcon_core.package_identification:_identify(gym_env/lib/python3.12/site-packages/pygame.libs) by extension 'python'
[0.769s] Level 1:colcon.colcon_core.package_identification:_identify(gym_env/lib/python3.12/site-packages/pygame.libs) by extensions ['python_setup_py']
[0.769s] Level 1:colcon.colcon_core.package_identification:_identify(gym_env/lib/python3.12/site-packages/pygame.libs) by extension 'python_setup_py'
[0.769s] Level 1:colcon.colcon_core.package_identification:_identify(gym_env/lib/python3.12/site-packages/requests) by extensions ['ignore', 'ignore_ament_install']
[0.770s] Level 1:colcon.colcon_core.package_identification:_identify(gym_env/lib/python3.12/site-packages/requests) by extension 'ignore'
[0.770s] Level 1:colcon.colcon_core.package_identification:_identify(gym_env/lib/python3.12/site-packages/requests) by extension 'ignore_ament_install'
[0.770s] Level 1:colcon.colcon_core.package_identification:_identify(gym_env/lib/python3.12/site-packages/requests) by extensions ['colcon_pkg']
[0.770s] Level 1:colcon.colcon_core.package_identification:_identify(gym_env/lib/python3.12/site-packages/requests) by extension 'colcon_pkg'
[0.770s] Level 1:colcon.colcon_core.package_identification:_identify(gym_env/lib/python3.12/site-packages/requests) by extensions ['colcon_meta']
[0.770s] Level 1:colcon.colcon_core.package_identification:_identify(gym_env/lib/python3.12/site-packages/requests) by extension 'colcon_meta'
[0.770s] Level 1:colcon.colcon_core.package_identification:_identify(gym_env/lib/python3.12/site-packages/requests) by extensions ['ros']
[0.770s] Level 1:colcon.colcon_core.package_identification:_identify(gym_env/lib/python3.12/site-packages/requests) by extension 'ros'
[0.770s] Level 1:colcon.colcon_core.package_identification:_identify(gym_env/lib/python3.12/site-packages/requests) by extensions ['cmake', 'python']
[0.770s] Level 1:colcon.colcon_core.package_identification:_identify(gym_env/lib/python3.12/site-packages/requests) by extension 'cmake'
[0.770s] Level 1:colcon.colcon_core.package_identification:_identify(gym_env/lib/python3.12/site-packages/requests) by extension 'python'
[0.771s] Level 1:colcon.colcon_core.package_identification:_identify(gym_env/lib/python3.12/site-packages/requests) by extensions ['python_setup_py']
[0.771s] Level 1:colcon.colcon_core.package_identification:_identify(gym_env/lib/python3.12/site-packages/requests) by extension 'python_setup_py'
[0.771s] Level 1:colcon.colcon_core.package_identification:_identify(gym_env/lib/python3.12/site-packages/requests/__pycache__) by extensions ['ignore', 'ignore_ament_install']
[0.771s] Level 1:colcon.colcon_core.package_identification:_identify(gym_env/lib/python3.12/site-packages/requests/__pycache__) by extension 'ignore'
[0.771s] Level 1:colcon.colcon_core.package_identification:_identify(gym_env/lib/python3.12/site-packages/requests/__pycache__) by extension 'ignore_ament_install'
[0.771s] Level 1:colcon.colcon_core.package_identification:_identify(gym_env/lib/python3.12/site-packages/requests/__pycache__) by extensions ['colcon_pkg']
[0.771s] Level 1:colcon.colcon_core.package_identification:_identify(gym_env/lib/python3.12/site-packages/requests/__pycache__) by extension 'colcon_pkg'
[0.771s] Level 1:colcon.colcon_core.package_identification:_identify(gym_env/lib/python3.12/site-packages/requests/__pycache__) by extensions ['colcon_meta']
[0.771s] Level 1:colcon.colcon_core.package_identification:_identify(gym_env/lib/python3.12/site-packages/requests/__pycache__) by extension 'colcon_meta'
[0.771s] Level 1:colcon.colcon_core.package_identification:_identify(gym_env/lib/python3.12/site-packages/requests/__pycache__) by extensions ['ros']
[0.772s] Level 1:colcon.colcon_core.package_identification:_identify(gym_env/lib/python3.12/site-packages/requests/__pycache__) by extension 'ros'
[0.772s] Level 1:colcon.colcon_core.package_identification:_identify(gym_env/lib/python3.12/site-packages/requests/__pycache__) by extensions ['cmake', 'python']
[0.772s] Level 1:colcon.colcon_core.package_identification:_identify(gym_env/lib/python3.12/site-packages/requests/__pycache__) by extension 'cmake'
[0.772s] Level 1:colcon.colcon_core.package_identification:_identify(gym_env/lib/python3.12/site-packages/requests/__pycache__) by extension 'python'
[0.772s] Level 1:colcon.colcon_core.package_identification:_identify(gym_env/lib/python3.12/site-packages/requests/__pycache__) by extensions ['python_setup_py']
[0.772s] Level 1:colcon.colcon_core.package_identification:_identify(gym_env/lib/python3.12/site-packages/requests/__pycache__) by extension 'python_setup_py'
[0.772s] Level 1:colcon.colcon_core.package_identification:_identify(gym_env/lib/python3.12/site-packages/requests-2.33.1.dist-info) by extensions ['ignore', 'ignore_ament_install']
[0.772s] Level 1:colcon.colcon_core.package_identification:_identify(gym_env/lib/python3.12/site-packages/requests-2.33.1.dist-info) by extension 'ignore'
[0.772s] Level 1:colcon.colcon_core.package_identification:_identify(gym_env/lib/python3.12/site-packages/requests-2.33.1.dist-info) by extension 'ignore_ament_install'
[0.772s] Level 1:colcon.colcon_core.package_identification:_identify(gym_env/lib/python3.12/site-packages/requests-2.33.1.dist-info) by extensions ['colcon_pkg']
[0.773s] Level 1:colcon.colcon_core.package_identification:_identify(gym_env/lib/python3.12/site-packages/requests-2.33.1.dist-info) by extension 'colcon_pkg'
[0.773s] Level 1:colcon.colcon_core.package_identification:_identify(gym_env/lib/python3.12/site-packages/requests-2.33.1.dist-info) by extensions ['colcon_meta']
[0.773s] Level 1:colcon.colcon_core.package_identification:_identify(gym_env/lib/python3.12/site-packages/requests-2.33.1.dist-info) by extension 'colcon_meta'
[0.773s] Level 1:colcon.colcon_core.package_identification:_identify(gym_env/lib/python3.12/site-packages/requests-2.33.1.dist-info) by extensions ['ros']
[0.773s] Level 1:colcon.colcon_core.package_identification:_identify(gym_env/lib/python3.12/site-packages/requests-2.33.1.dist-info) by extension 'ros'
[0.773s] Level 1:colcon.colcon_core.package_identification:_identify(gym_env/lib/python3.12/site-packages/requests-2.33.1.dist-info) by extensions ['cmake', 'python']
[0.773s] Level 1:colcon.colcon_core.package_identification:_identify(gym_env/lib/python3.12/site-packages/requests-2.33.1.dist-info) by extension 'cmake'
[0.773s] Level 1:colcon.colcon_core.package_identification:_identify(gym_env/lib/python3.12/site-packages/requests-2.33.1.dist-info) by extension 'python'
[0.773s] Level 1:colcon.colcon_core.package_identification:_identify(gym_env/lib/python3.12/site-packages/requests-2.33.1.dist-info) by extensions ['python_setup_py']
[0.773s] Level 1:colcon.colcon_core.package_identification:_identify(gym_env/lib/python3.12/site-packages/requests-2.33.1.dist-info) by extension 'python_setup_py'
[0.773s] Level 1:colcon.colcon_core.package_identification:_identify(gym_env/lib/python3.12/site-packages/requests-2.33.1.dist-info/licenses) by extensions ['ignore', 'ignore_ament_install']
[0.774s] Level 1:colcon.colcon_core.package_identification:_identify(gym_env/lib/python3.12/site-packages/requests-2.33.1.dist-info/licenses) by extension 'ignore'
[0.774s] Level 1:colcon.colcon_core.package_identification:_identify(gym_env/lib/python3.12/site-packages/requests-2.33.1.dist-info/licenses) by extension 'ignore_ament_install'
[0.774s] Level 1:colcon.colcon_core.package_identification:_identify(gym_env/lib/python3.12/site-packages/requests-2.33.1.dist-info/licenses) by extensions ['colcon_pkg']
[0.774s] Level 1:colcon.colcon_core.package_identification:_identify(gym_env/lib/python3.12/site-packages/requests-2.33.1.dist-info/licenses) by extension 'colcon_pkg'
[0.774s] Level 1:colcon.colcon_core.package_identification:_identify(gym_env/lib/python3.12/site-packages/requests-2.33.1.dist-info/licenses) by extensions ['colcon_meta']
[0.774s] Level 1:colcon.colcon_core.package_identification:_identify(gym_env/lib/python3.12/site-packages/requests-2.33.1.dist-info/licenses) by extension 'colcon_meta'
[0.774s] Level 1:colcon.colcon_core.package_identification:_identify(gym_env/lib/python3.12/site-packages/requests-2.33.1.dist-info/licenses) by extensions ['ros']
[0.774s] Level 1:colcon.colcon_core.package_identification:_identify(gym_env/lib/python3.12/site-packages/requests-2.33.1.dist-info/licenses) by extension 'ros'
[0.774s] Level 1:colcon.colcon_core.package_identification:_identify(gym_env/lib/python3.12/site-packages/requests-2.33.1.dist-info/licenses) by extensions ['cmake', 'python']
[0.775s] Level 1:colcon.colcon_core.package_identification:_identify(gym_env/lib/python3.12/site-packages/requests-2.33.1.dist-info/licenses) by extension 'cmake'
[0.775s] Level 1:colcon.colcon_core.package_identification:_identify(gym_env/lib/python3.12/site-packages/requests-2.33.1.dist-info/licenses) by extension 'python'
[0.775s] Level 1:colcon.colcon_core.package_identification:_identify(gym_env/lib/python3.12/site-packages/requests-2.33.1.dist-info/licenses) by extensions ['python_setup_py']
[0.775s] Level 1:colcon.colcon_core.package_identification:_identify(gym_env/lib/python3.12/site-packages/requests-2.33.1.dist-info/licenses) by extension 'python_setup_py'
[0.775s] Level 1:colcon.colcon_core.package_identification:_identify(gym_env/lib/python3.12/site-packages/urllib3) by extensions ['ignore', 'ignore_ament_install']
[0.776s] Level 1:colcon.colcon_core.package_identification:_identify(gym_env/lib/python3.12/site-packages/urllib3) by extension 'ignore'
[0.776s] Level 1:colcon.colcon_core.package_identification:_identify(gym_env/lib/python3.12/site-packages/urllib3) by extension 'ignore_ament_install'
[0.776s] Level 1:colcon.colcon_core.package_identification:_identify(gym_env/lib/python3.12/site-packages/urllib3) by extensions ['colcon_pkg']
[0.776s] Level 1:colcon.colcon_core.package_identification:_identify(gym_env/lib/python3.12/site-packages/urllib3) by extension 'colcon_pkg'
[0.776s] Level 1:colcon.colcon_core.package_identification:_identify(gym_env/lib/python3.12/site-packages/urllib3) by extensions ['colcon_meta']
[0.776s] Level 1:colcon.colcon_core.package_identification:_identify(gym_env/lib/python3.12/site-packages/urllib3) by extension 'colcon_meta'
[0.776s] Level 1:colcon.colcon_core.package_identification:_identify(gym_env/lib/python3.12/site-packages/urllib3) by extensions ['ros']
[0.776s] Level 1:colcon.colcon_core.package_identification:_identify(gym_env/lib/python3.12/site-packages/urllib3) by extension 'ros'
[0.777s] Level 1:colcon.colcon_core.package_identification:_identify(gym_env/lib/python3.12/site-packages/urllib3) by extensions ['cmake', 'python']
[0.777s] Level 1:colcon.colcon_core.package_identification:_identify(gym_env/lib/python3.12/site-packages/urllib3) by extension 'cmake'
[0.777s] Level 1:colcon.colcon_core.package_identification:_identify(gym_env/lib/python3.12/site-packages/urllib3) by extension 'python'
[0.777s] Level 1:colcon.colcon_core.package_identification:_identify(gym_env/lib/python3.12/site-packages/urllib3) by extensions ['python_setup_py']
[0.777s] Level 1:colcon.colcon_core.package_identification:_identify(gym_env/lib/python3.12/site-packages/urllib3) by extension 'python_setup_py'
[0.777s] Level 1:colcon.colcon_core.package_identification:_identify(gym_env/lib/python3.12/site-packages/urllib3/__pycache__) by extensions ['ignore', 'ignore_ament_install']
[0.777s] Level 1:colcon.colcon_core.package_identification:_identify(gym_env/lib/python3.12/site-packages/urllib3/__pycache__) by extension 'ignore'
[0.778s] Level 1:colcon.colcon_core.package_identification:_identify(gym_env/lib/python3.12/site-packages/urllib3/__pycache__) by extension 'ignore_ament_install'
[0.778s] Level 1:colcon.colcon_core.package_identification:_identify(gym_env/lib/python3.12/site-packages/urllib3/__pycache__) by extensions ['colcon_pkg']
[0.778s] Level 1:colcon.colcon_core.package_identification:_identify(gym_env/lib/python3.12/site-packages/urllib3/__pycache__) by extension 'colcon_pkg'
[0.778s] Level 1:colcon.colcon_core.package_identification:_identify(gym_env/lib/python3.12/site-packages/urllib3/__pycache__) by extensions ['colcon_meta']
[0.778s] Level 1:colcon.colcon_core.package_identification:_identify(gym_env/lib/python3.12/site-packages/urllib3/__pycache__) by extension 'colcon_meta'
[0.778s] Level 1:colcon.colcon_core.package_identification:_identify(gym_env/lib/python3.12/site-packages/urllib3/__pycache__) by extensions ['ros']
[0.778s] Level 1:colcon.colcon_core.package_identification:_identify(gym_env/lib/python3.12/site-packages/urllib3/__pycache__) by extension 'ros'
[0.778s] Level 1:colcon.colcon_core.package_identification:_identify(gym_env/lib/python3.12/site-packages/urllib3/__pycache__) by extensions ['cmake', 'python']
[0.778s] Level 1:colcon.colcon_core.package_identification:_identify(gym_env/lib/python3.12/site-packages/urllib3/__pycache__) by extension 'cmake'
[0.778s] Level 1:colcon.colcon_core.package_identification:_identify(gym_env/lib/python3.12/site-packages/urllib3/__pycache__) by extension 'python'
[0.778s] Level 1:colcon.colcon_core.package_identification:_identify(gym_env/lib/python3.12/site-packages/urllib3/__pycache__) by extensions ['python_setup_py']
[0.778s] Level 1:colcon.colcon_core.package_identification:_identify(gym_env/lib/python3.12/site-packages/urllib3/__pycache__) by extension 'python_setup_py'
[0.779s] Level 1:colcon.colcon_core.package_identification:_identify(gym_env/lib/python3.12/site-packages/urllib3/contrib) by extensions ['ignore', 'ignore_ament_install']
[0.779s] Level 1:colcon.colcon_core.package_identification:_identify(gym_env/lib/python3.12/site-packages/urllib3/contrib) by extension 'ignore'
[0.779s] Level 1:colcon.colcon_core.package_identification:_identify(gym_env/lib/python3.12/site-packages/urllib3/contrib) by extension 'ignore_ament_install'
[0.779s] Level 1:colcon.colcon_core.package_identification:_identify(gym_env/lib/python3.12/site-packages/urllib3/contrib) by extensions ['colcon_pkg']
[0.779s] Level 1:colcon.colcon_core.package_identification:_identify(gym_env/lib/python3.12/site-packages/urllib3/contrib) by extension 'colcon_pkg'
[0.779s] Level 1:colcon.colcon_core.package_identification:_identify(gym_env/lib/python3.12/site-packages/urllib3/contrib) by extensions ['colcon_meta']
[0.779s] Level 1:colcon.colcon_core.package_identification:_identify(gym_env/lib/python3.12/site-packages/urllib3/contrib) by extension 'colcon_meta'
[0.779s] Level 1:colcon.colcon_core.package_identification:_identify(gym_env/lib/python3.12/site-packages/urllib3/contrib) by extensions ['ros']
[0.779s] Level 1:colcon.colcon_core.package_identification:_identify(gym_env/lib/python3.12/site-packages/urllib3/contrib) by extension 'ros'
[0.780s] Level 1:colcon.colcon_core.package_identification:_identify(gym_env/lib/python3.12/site-packages/urllib3/contrib) by extensions ['cmake', 'python']
[0.780s] Level 1:colcon.colcon_core.package_identification:_identify(gym_env/lib/python3.12/site-packages/urllib3/contrib) by extension 'cmake'
[0.780s] Level 1:colcon.colcon_core.package_identification:_identify(gym_env/lib/python3.12/site-packages/urllib3/contrib) by extension 'python'
[0.780s] Level 1:colcon.colcon_core.package_identification:_identify(gym_env/lib/python3.12/site-packages/urllib3/contrib) by extensions ['python_setup_py']
[0.780s] Level 1:colcon.colcon_core.package_identification:_identify(gym_env/lib/python3.12/site-packages/urllib3/contrib) by extension 'python_setup_py'
[0.780s] Level 1:colcon.colcon_core.package_identification:_identify(gym_env/lib/python3.12/site-packages/urllib3/contrib/__pycache__) by extensions ['ignore', 'ignore_ament_install']
[0.780s] Level 1:colcon.colcon_core.package_identification:_identify(gym_env/lib/python3.12/site-packages/urllib3/contrib/__pycache__) by extension 'ignore'
[0.780s] Level 1:colcon.colcon_core.package_identification:_identify(gym_env/lib/python3.12/site-packages/urllib3/contrib/__pycache__) by extension 'ignore_ament_install'
[0.780s] Level 1:colcon.colcon_core.package_identification:_identify(gym_env/lib/python3.12/site-packages/urllib3/contrib/__pycache__) by extensions ['colcon_pkg']
[0.781s] Level 1:colcon.colcon_core.package_identification:_identify(gym_env/lib/python3.12/site-packages/urllib3/contrib/__pycache__) by extension 'colcon_pkg'
[0.781s] Level 1:colcon.colcon_core.package_identification:_identify(gym_env/lib/python3.12/site-packages/urllib3/contrib/__pycache__) by extensions ['colcon_meta']
[0.781s] Level 1:colcon.colcon_core.package_identification:_identify(gym_env/lib/python3.12/site-packages/urllib3/contrib/__pycache__) by extension 'colcon_meta'
[0.781s] Level 1:colcon.colcon_core.package_identification:_identify(gym_env/lib/python3.12/site-packages/urllib3/contrib/__pycache__) by extensions ['ros']
[0.781s] Level 1:colcon.colcon_core.package_identification:_identify(gym_env/lib/python3.12/site-packages/urllib3/contrib/__pycache__) by extension 'ros'
[0.781s] Level 1:colcon.colcon_core.package_identification:_identify(gym_env/lib/python3.12/site-packages/urllib3/contrib/__pycache__) by extensions ['cmake', 'python']
[0.781s] Level 1:colcon.colcon_core.package_identification:_identify(gym_env/lib/python3.12/site-packages/urllib3/contrib/__pycache__) by extension 'cmake'
[0.781s] Level 1:colcon.colcon_core.package_identification:_identify(gym_env/lib/python3.12/site-packages/urllib3/contrib/__pycache__) by extension 'python'
[0.781s] Level 1:colcon.colcon_core.package_identification:_identify(gym_env/lib/python3.12/site-packages/urllib3/contrib/__pycache__) by extensions ['python_setup_py']
[0.781s] Level 1:colcon.colcon_core.package_identification:_identify(gym_env/lib/python3.12/site-packages/urllib3/contrib/__pycache__) by extension 'python_setup_py'
[0.782s] Level 1:colcon.colcon_core.package_identification:_identify(gym_env/lib/python3.12/site-packages/urllib3/contrib/emscripten) by extensions ['ignore', 'ignore_ament_install']
[0.782s] Level 1:colcon.colcon_core.package_identification:_identify(gym_env/lib/python3.12/site-packages/urllib3/contrib/emscripten) by extension 'ignore'
[0.782s] Level 1:colcon.colcon_core.package_identification:_identify(gym_env/lib/python3.12/site-packages/urllib3/contrib/emscripten) by extension 'ignore_ament_install'
[0.782s] Level 1:colcon.colcon_core.package_identification:_identify(gym_env/lib/python3.12/site-packages/urllib3/contrib/emscripten) by extensions ['colcon_pkg']
[0.782s] Level 1:colcon.colcon_core.package_identification:_identify(gym_env/lib/python3.12/site-packages/urllib3/contrib/emscripten) by extension 'colcon_pkg'
[0.782s] Level 1:colcon.colcon_core.package_identification:_identify(gym_env/lib/python3.12/site-packages/urllib3/contrib/emscripten) by extensions ['colcon_meta']
[0.782s] Level 1:colcon.colcon_core.package_identification:_identify(gym_env/lib/python3.12/site-packages/urllib3/contrib/emscripten) by extension 'colcon_meta'
[0.782s] Level 1:colcon.colcon_core.package_identification:_identify(gym_env/lib/python3.12/site-packages/urllib3/contrib/emscripten) by extensions ['ros']
[0.782s] Level 1:colcon.colcon_core.package_identification:_identify(gym_env/lib/python3.12/site-packages/urllib3/contrib/emscripten) by extension 'ros'
[0.783s] Level 1:colcon.colcon_core.package_identification:_identify(gym_env/lib/python3.12/site-packages/urllib3/contrib/emscripten) by extensions ['cmake', 'python']
[0.783s] Level 1:colcon.colcon_core.package_identification:_identify(gym_env/lib/python3.12/site-packages/urllib3/contrib/emscripten) by extension 'cmake'
[0.783s] Level 1:colcon.colcon_core.package_identification:_identify(gym_env/lib/python3.12/site-packages/urllib3/contrib/emscripten) by extension 'python'
[0.783s] Level 1:colcon.colcon_core.package_identification:_identify(gym_env/lib/python3.12/site-packages/urllib3/contrib/emscripten) by extensions ['python_setup_py']
[0.783s] Level 1:colcon.colcon_core.package_identification:_identify(gym_env/lib/python3.12/site-packages/urllib3/contrib/emscripten) by extension 'python_setup_py'
[0.783s] Level 1:colcon.colcon_core.package_identification:_identify(gym_env/lib/python3.12/site-packages/urllib3/contrib/emscripten/__pycache__) by extensions ['ignore', 'ignore_ament_install']
[0.783s] Level 1:colcon.colcon_core.package_identification:_identify(gym_env/lib/python3.12/site-packages/urllib3/contrib/emscripten/__pycache__) by extension 'ignore'
[0.783s] Level 1:colcon.colcon_core.package_identification:_identify(gym_env/lib/python3.12/site-packages/urllib3/contrib/emscripten/__pycache__) by extension 'ignore_ament_install'
[0.784s] Level 1:colcon.colcon_core.package_identification:_identify(gym_env/lib/python3.12/site-packages/urllib3/contrib/emscripten/__pycache__) by extensions ['colcon_pkg']
[0.784s] Level 1:colcon.colcon_core.package_identification:_identify(gym_env/lib/python3.12/site-packages/urllib3/contrib/emscripten/__pycache__) by extension 'colcon_pkg'
[0.784s] Level 1:colcon.colcon_core.package_identification:_identify(gym_env/lib/python3.12/site-packages/urllib3/contrib/emscripten/__pycache__) by extensions ['colcon_meta']
[0.784s] Level 1:colcon.colcon_core.package_identification:_identify(gym_env/lib/python3.12/site-packages/urllib3/contrib/emscripten/__pycache__) by extension 'colcon_meta'
[0.784s] Level 1:colcon.colcon_core.package_identification:_identify(gym_env/lib/python3.12/site-packages/urllib3/contrib/emscripten/__pycache__) by extensions ['ros']
[0.784s] Level 1:colcon.colcon_core.package_identification:_identify(gym_env/lib/python3.12/site-packages/urllib3/contrib/emscripten/__pycache__) by extension 'ros'
[0.784s] Level 1:colcon.colcon_core.package_identification:_identify(gym_env/lib/python3.12/site-packages/urllib3/contrib/emscripten/__pycache__) by extensions ['cmake', 'python']
[0.784s] Level 1:colcon.colcon_core.package_identification:_identify(gym_env/lib/python3.12/site-packages/urllib3/contrib/emscripten/__pycache__) by extension 'cmake'
[0.784s] Level 1:colcon.colcon_core.package_identification:_identify(gym_env/lib/python3.12/site-packages/urllib3/contrib/emscripten/__pycache__) by extension 'python'
[0.784s] Level 1:colcon.colcon_core.package_identification:_identify(gym_env/lib/python3.12/site-packages/urllib3/contrib/emscripten/__pycache__) by extensions ['python_setup_py']
[0.784s] Level 1:colcon.colcon_core.package_identification:_identify(gym_env/lib/python3.12/site-packages/urllib3/contrib/emscripten/__pycache__) by extension 'python_setup_py'
[0.785s] Level 1:colcon.colcon_core.package_identification:_identify(gym_env/lib/python3.12/site-packages/urllib3/http2) by extensions ['ignore', 'ignore_ament_install']
[0.785s] Level 1:colcon.colcon_core.package_identification:_identify(gym_env/lib/python3.12/site-packages/urllib3/http2) by extension 'ignore'
[0.785s] Level 1:colcon.colcon_core.package_identification:_identify(gym_env/lib/python3.12/site-packages/urllib3/http2) by extension 'ignore_ament_install'
[0.785s] Level 1:colcon.colcon_core.package_identification:_identify(gym_env/lib/python3.12/site-packages/urllib3/http2) by extensions ['colcon_pkg']
[0.785s] Level 1:colcon.colcon_core.package_identification:_identify(gym_env/lib/python3.12/site-packages/urllib3/http2) by extension 'colcon_pkg'
[0.785s] Level 1:colcon.colcon_core.package_identification:_identify(gym_env/lib/python3.12/site-packages/urllib3/http2) by extensions ['colcon_meta']
[0.785s] Level 1:colcon.colcon_core.package_identification:_identify(gym_env/lib/python3.12/site-packages/urllib3/http2) by extension 'colcon_meta'
[0.785s] Level 1:colcon.colcon_core.package_identification:_identify(gym_env/lib/python3.12/site-packages/urllib3/http2) by extensions ['ros']
[0.785s] Level 1:colcon.colcon_core.package_identification:_identify(gym_env/lib/python3.12/site-packages/urllib3/http2) by extension 'ros'
[0.786s] Level 1:colcon.colcon_core.package_identification:_identify(gym_env/lib/python3.12/site-packages/urllib3/http2) by extensions ['cmake', 'python']
[0.786s] Level 1:colcon.colcon_core.package_identification:_identify(gym_env/lib/python3.12/site-packages/urllib3/http2) by extension 'cmake'
[0.786s] Level 1:colcon.colcon_core.package_identification:_identify(gym_env/lib/python3.12/site-packages/urllib3/http2) by extension 'python'
[0.786s] Level 1:colcon.colcon_core.package_identification:_identify(gym_env/lib/python3.12/site-packages/urllib3/http2) by extensions ['python_setup_py']
[0.786s] Level 1:colcon.colcon_core.package_identification:_identify(gym_env/lib/python3.12/site-packages/urllib3/http2) by extension 'python_setup_py'
[0.786s] Level 1:colcon.colcon_core.package_identification:_identify(gym_env/lib/python3.12/site-packages/urllib3/http2/__pycache__) by extensions ['ignore', 'ignore_ament_install']
[0.786s] Level 1:colcon.colcon_core.package_identification:_identify(gym_env/lib/python3.12/site-packages/urllib3/http2/__pycache__) by extension 'ignore'
[0.786s] Level 1:colcon.colcon_core.package_identification:_identify(gym_env/lib/python3.12/site-packages/urllib3/http2/__pycache__) by extension 'ignore_ament_install'
[0.786s] Level 1:colcon.colcon_core.package_identification:_identify(gym_env/lib/python3.12/site-packages/urllib3/http2/__pycache__) by extensions ['colcon_pkg']
[0.787s] Level 1:colcon.colcon_core.package_identification:_identify(gym_env/lib/python3.12/site-packages/urllib3/http2/__pycache__) by extension 'colcon_pkg'
[0.787s] Level 1:colcon.colcon_core.package_identification:_identify(gym_env/lib/python3.12/site-packages/urllib3/http2/__pycache__) by extensions ['colcon_meta']
[0.787s] Level 1:colcon.colcon_core.package_identification:_identify(gym_env/lib/python3.12/site-packages/urllib3/http2/__pycache__) by extension 'colcon_meta'
[0.787s] Level 1:colcon.colcon_core.package_identification:_identify(gym_env/lib/python3.12/site-packages/urllib3/http2/__pycache__) by extensions ['ros']
[0.787s] Level 1:colcon.colcon_core.package_identification:_identify(gym_env/lib/python3.12/site-packages/urllib3/http2/__pycache__) by extension 'ros'
[0.787s] Level 1:colcon.colcon_core.package_identification:_identify(gym_env/lib/python3.12/site-packages/urllib3/http2/__pycache__) by extensions ['cmake', 'python']
[0.787s] Level 1:colcon.colcon_core.package_identification:_identify(gym_env/lib/python3.12/site-packages/urllib3/http2/__pycache__) by extension 'cmake'
[0.787s] Level 1:colcon.colcon_core.package_identification:_identify(gym_env/lib/python3.12/site-packages/urllib3/http2/__pycache__) by extension 'python'
[0.787s] Level 1:colcon.colcon_core.package_identification:_identify(gym_env/lib/python3.12/site-packages/urllib3/http2/__pycache__) by extensions ['python_setup_py']
[0.787s] Level 1:colcon.colcon_core.package_identification:_identify(gym_env/lib/python3.12/site-packages/urllib3/http2/__pycache__) by extension 'python_setup_py'
[0.787s] Level 1:colcon.colcon_core.package_identification:_identify(gym_env/lib/python3.12/site-packages/urllib3/util) by extensions ['ignore', 'ignore_ament_install']
[0.788s] Level 1:colcon.colcon_core.package_identification:_identify(gym_env/lib/python3.12/site-packages/urllib3/util) by extension 'ignore'
[0.788s] Level 1:colcon.colcon_core.package_identification:_identify(gym_env/lib/python3.12/site-packages/urllib3/util) by extension 'ignore_ament_install'
[0.788s] Level 1:colcon.colcon_core.package_identification:_identify(gym_env/lib/python3.12/site-packages/urllib3/util) by extensions ['colcon_pkg']
[0.788s] Level 1:colcon.colcon_core.package_identification:_identify(gym_env/lib/python3.12/site-packages/urllib3/util) by extension 'colcon_pkg'
[0.788s] Level 1:colcon.colcon_core.package_identification:_identify(gym_env/lib/python3.12/site-packages/urllib3/util) by extensions ['colcon_meta']
[0.788s] Level 1:colcon.colcon_core.package_identification:_identify(gym_env/lib/python3.12/site-packages/urllib3/util) by extension 'colcon_meta'
[0.788s] Level 1:colcon.colcon_core.package_identification:_identify(gym_env/lib/python3.12/site-packages/urllib3/util) by extensions ['ros']
[0.788s] Level 1:colcon.colcon_core.package_identification:_identify(gym_env/lib/python3.12/site-packages/urllib3/util) by extension 'ros'
[0.788s] Level 1:colcon.colcon_core.package_identification:_identify(gym_env/lib/python3.12/site-packages/urllib3/util) by extensions ['cmake', 'python']
[0.788s] Level 1:colcon.colcon_core.package_identification:_identify(gym_env/lib/python3.12/site-packages/urllib3/util) by extension 'cmake'
[0.789s] Level 1:colcon.colcon_core.package_identification:_identify(gym_env/lib/python3.12/site-packages/urllib3/util) by extension 'python'
[0.789s] Level 1:colcon.colcon_core.package_identification:_identify(gym_env/lib/python3.12/site-packages/urllib3/util) by extensions ['python_setup_py']
[0.789s] Level 1:colcon.colcon_core.package_identification:_identify(gym_env/lib/python3.12/site-packages/urllib3/util) by extension 'python_setup_py'
[0.789s] Level 1:colcon.colcon_core.package_identification:_identify(gym_env/lib/python3.12/site-packages/urllib3/util/__pycache__) by extensions ['ignore', 'ignore_ament_install']
[0.789s] Level 1:colcon.colcon_core.package_identification:_identify(gym_env/lib/python3.12/site-packages/urllib3/util/__pycache__) by extension 'ignore'
[0.789s] Level 1:colcon.colcon_core.package_identification:_identify(gym_env/lib/python3.12/site-packages/urllib3/util/__pycache__) by extension 'ignore_ament_install'
[0.789s] Level 1:colcon.colcon_core.package_identification:_identify(gym_env/lib/python3.12/site-packages/urllib3/util/__pycache__) by extensions ['colcon_pkg']
[0.789s] Level 1:colcon.colcon_core.package_identification:_identify(gym_env/lib/python3.12/site-packages/urllib3/util/__pycache__) by extension 'colcon_pkg'
[0.789s] Level 1:colcon.colcon_core.package_identification:_identify(gym_env/lib/python3.12/site-packages/urllib3/util/__pycache__) by extensions ['colcon_meta']
[0.789s] Level 1:colcon.colcon_core.package_identification:_identify(gym_env/lib/python3.12/site-packages/urllib3/util/__pycache__) by extension 'colcon_meta'
[0.790s] Level 1:colcon.colcon_core.package_identification:_identify(gym_env/lib/python3.12/site-packages/urllib3/util/__pycache__) by extensions ['ros']
[0.790s] Level 1:colcon.colcon_core.package_identification:_identify(gym_env/lib/python3.12/site-packages/urllib3/util/__pycache__) by extension 'ros'
[0.790s] Level 1:colcon.colcon_core.package_identification:_identify(gym_env/lib/python3.12/site-packages/urllib3/util/__pycache__) by extensions ['cmake', 'python']
[0.790s] Level 1:colcon.colcon_core.package_identification:_identify(gym_env/lib/python3.12/site-packages/urllib3/util/__pycache__) by extension 'cmake'
[0.790s] Level 1:colcon.colcon_core.package_identification:_identify(gym_env/lib/python3.12/site-packages/urllib3/util/__pycache__) by extension 'python'
[0.790s] Level 1:colcon.colcon_core.package_identification:_identify(gym_env/lib/python3.12/site-packages/urllib3/util/__pycache__) by extensions ['python_setup_py']
[0.790s] Level 1:colcon.colcon_core.package_identification:_identify(gym_env/lib/python3.12/site-packages/urllib3/util/__pycache__) by extension 'python_setup_py'
[0.790s] Level 1:colcon.colcon_core.package_identification:_identify(gym_env/lib/python3.12/site-packages/urllib3-2.6.3.dist-info) by extensions ['ignore', 'ignore_ament_install']
[0.790s] Level 1:colcon.colcon_core.package_identification:_identify(gym_env/lib/python3.12/site-packages/urllib3-2.6.3.dist-info) by extension 'ignore'
[0.790s] Level 1:colcon.colcon_core.package_identification:_identify(gym_env/lib/python3.12/site-packages/urllib3-2.6.3.dist-info) by extension 'ignore_ament_install'
[0.791s] Level 1:colcon.colcon_core.package_identification:_identify(gym_env/lib/python3.12/site-packages/urllib3-2.6.3.dist-info) by extensions ['colcon_pkg']
[0.791s] Level 1:colcon.colcon_core.package_identification:_identify(gym_env/lib/python3.12/site-packages/urllib3-2.6.3.dist-info) by extension 'colcon_pkg'
[0.791s] Level 1:colcon.colcon_core.package_identification:_identify(gym_env/lib/python3.12/site-packages/urllib3-2.6.3.dist-info) by extensions ['colcon_meta']
[0.791s] Level 1:colcon.colcon_core.package_identification:_identify(gym_env/lib/python3.12/site-packages/urllib3-2.6.3.dist-info) by extension 'colcon_meta'
[0.791s] Level 1:colcon.colcon_core.package_identification:_identify(gym_env/lib/python3.12/site-packages/urllib3-2.6.3.dist-info) by extensions ['ros']
[0.791s] Level 1:colcon.colcon_core.package_identification:_identify(gym_env/lib/python3.12/site-packages/urllib3-2.6.3.dist-info) by extension 'ros'
[0.791s] Level 1:colcon.colcon_core.package_identification:_identify(gym_env/lib/python3.12/site-packages/urllib3-2.6.3.dist-info) by extensions ['cmake', 'python']
[0.791s] Level 1:colcon.colcon_core.package_identification:_identify(gym_env/lib/python3.12/site-packages/urllib3-2.6.3.dist-info) by extension 'cmake'
[0.791s] Level 1:colcon.colcon_core.package_identification:_identify(gym_env/lib/python3.12/site-packages/urllib3-2.6.3.dist-info) by extension 'python'
[0.791s] Level 1:colcon.colcon_core.package_identification:_identify(gym_env/lib/python3.12/site-packages/urllib3-2.6.3.dist-info) by extensions ['python_setup_py']
[0.791s] Level 1:colcon.colcon_core.package_identification:_identify(gym_env/lib/python3.12/site-packages/urllib3-2.6.3.dist-info) by extension 'python_setup_py'
[0.792s] Level 1:colcon.colcon_core.package_identification:_identify(gym_env/lib/python3.12/site-packages/urllib3-2.6.3.dist-info/licenses) by extensions ['ignore', 'ignore_ament_install']
[0.792s] Level 1:colcon.colcon_core.package_identification:_identify(gym_env/lib/python3.12/site-packages/urllib3-2.6.3.dist-info/licenses) by extension 'ignore'
[0.792s] Level 1:colcon.colcon_core.package_identification:_identify(gym_env/lib/python3.12/site-packages/urllib3-2.6.3.dist-info/licenses) by extension 'ignore_ament_install'
[0.793s] Level 1:colcon.colcon_core.package_identification:_identify(gym_env/lib/python3.12/site-packages/urllib3-2.6.3.dist-info/licenses) by extensions ['colcon_pkg']
[0.793s] Level 1:colcon.colcon_core.package_identification:_identify(gym_env/lib/python3.12/site-packages/urllib3-2.6.3.dist-info/licenses) by extension 'colcon_pkg'
[0.793s] Level 1:colcon.colcon_core.package_identification:_identify(gym_env/lib/python3.12/site-packages/urllib3-2.6.3.dist-info/licenses) by extensions ['colcon_meta']
[0.793s] Level 1:colcon.colcon_core.package_identification:_identify(gym_env/lib/python3.12/site-packages/urllib3-2.6.3.dist-info/licenses) by extension 'colcon_meta'
[0.793s] Level 1:colcon.colcon_core.package_identification:_identify(gym_env/lib/python3.12/site-packages/urllib3-2.6.3.dist-info/licenses) by extensions ['ros']
[0.793s] Level 1:colcon.colcon_core.package_identification:_identify(gym_env/lib/python3.12/site-packages/urllib3-2.6.3.dist-info/licenses) by extension 'ros'
[0.794s] Level 1:colcon.colcon_core.package_identification:_identify(gym_env/lib/python3.12/site-packages/urllib3-2.6.3.dist-info/licenses) by extensions ['cmake', 'python']
[0.794s] Level 1:colcon.colcon_core.package_identification:_identify(gym_env/lib/python3.12/site-packages/urllib3-2.6.3.dist-info/licenses) by extension 'cmake'
[0.794s] Level 1:colcon.colcon_core.package_identification:_identify(gym_env/lib/python3.12/site-packages/urllib3-2.6.3.dist-info/licenses) by extension 'python'
[0.794s] Level 1:colcon.colcon_core.package_identification:_identify(gym_env/lib/python3.12/site-packages/urllib3-2.6.3.dist-info/licenses) by extensions ['python_setup_py']
[0.794s] Level 1:colcon.colcon_core.package_identification:_identify(gym_env/lib/python3.12/site-packages/urllib3-2.6.3.dist-info/licenses) by extension 'python_setup_py'
[0.794s] Level 1:colcon.colcon_core.package_identification:_identify(install) by extensions ['ignore', 'ignore_ament_install']
[0.794s] Level 1:colcon.colcon_core.package_identification:_identify(install) by extension 'ignore'
[0.795s] Level 1:colcon.colcon_core.package_identification:_identify(install) ignored
[0.795s] Level 1:colcon.colcon_core.package_identification:_identify(log) by extensions ['ignore', 'ignore_ament_install']
[0.795s] Level 1:colcon.colcon_core.package_identification:_identify(log) by extension 'ignore'
[0.795s] Level 1:colcon.colcon_core.package_identification:_identify(log) ignored
[0.795s] Level 1:colcon.colcon_core.package_identification:_identify(src) by extensions ['ignore', 'ignore_ament_install']
[0.795s] Level 1:colcon.colcon_core.package_identification:_identify(src) by extension 'ignore'
[0.795s] Level 1:colcon.colcon_core.package_identification:_identify(src) by extension 'ignore_ament_install'
[0.795s] Level 1:colcon.colcon_core.package_identification:_identify(src) by extensions ['colcon_pkg']
[0.795s] Level 1:colcon.colcon_core.package_identification:_identify(src) by extension 'colcon_pkg'
[0.796s] Level 1:colcon.colcon_core.package_identification:_identify(src) by extensions ['colcon_meta']
[0.796s] Level 1:colcon.colcon_core.package_identification:_identify(src) by extension 'colcon_meta'
[0.796s] Level 1:colcon.colcon_core.package_identification:_identify(src) by extensions ['ros']
[0.796s] Level 1:colcon.colcon_core.package_identification:_identify(src) by extension 'ros'
[0.796s] Level 1:colcon.colcon_core.package_identification:_identify(src) by extensions ['cmake', 'python']
[0.796s] Level 1:colcon.colcon_core.package_identification:_identify(src) by extension 'cmake'
[0.796s] Level 1:colcon.colcon_core.package_identification:_identify(src) by extension 'python'
[0.796s] Level 1:colcon.colcon_core.package_identification:_identify(src) by extensions ['python_setup_py']
[0.796s] Level 1:colcon.colcon_core.package_identification:_identify(src) by extension 'python_setup_py'
[0.796s] Level 1:colcon.colcon_core.package_identification:_identify(src/coach_analyzer) by extensions ['ignore', 'ignore_ament_install']
[0.797s] Level 1:colcon.colcon_core.package_identification:_identify(src/coach_analyzer) by extension 'ignore'
[0.797s] Level 1:colcon.colcon_core.package_identification:_identify(src/coach_analyzer) by extension 'ignore_ament_install'
[0.797s] Level 1:colcon.colcon_core.package_identification:_identify(src/coach_analyzer) by extensions ['colcon_pkg']
[0.797s] Level 1:colcon.colcon_core.package_identification:_identify(src/coach_analyzer) by extension 'colcon_pkg'
[0.797s] Level 1:colcon.colcon_core.package_identification:_identify(src/coach_analyzer) by extensions ['colcon_meta']
[0.797s] Level 1:colcon.colcon_core.package_identification:_identify(src/coach_analyzer) by extension 'colcon_meta'
[0.797s] Level 1:colcon.colcon_core.package_identification:_identify(src/coach_analyzer) by extensions ['ros']
[0.797s] Level 1:colcon.colcon_core.package_identification:_identify(src/coach_analyzer) by extension 'ros'
[0.801s] DEBUG:colcon.colcon_core.package_identification:Package 'src/coach_analyzer' with type 'ros.ament_python' and name 'coach_analyzer'
[0.801s] Level 1:colcon.colcon_core.package_identification:_identify(src/coach_bringup) by extensions ['ignore', 'ignore_ament_install']
[0.801s] Level 1:colcon.colcon_core.package_identification:_identify(src/coach_bringup) by extension 'ignore'
[0.802s] Level 1:colcon.colcon_core.package_identification:_identify(src/coach_bringup) by extension 'ignore_ament_install'
[0.802s] Level 1:colcon.colcon_core.package_identification:_identify(src/coach_bringup) by extensions ['colcon_pkg']
[0.802s] Level 1:colcon.colcon_core.package_identification:_identify(src/coach_bringup) by extension 'colcon_pkg'
[0.802s] Level 1:colcon.colcon_core.package_identification:_identify(src/coach_bringup) by extensions ['colcon_meta']
[0.802s] Level 1:colcon.colcon_core.package_identification:_identify(src/coach_bringup) by extension 'colcon_meta'
[0.802s] Level 1:colcon.colcon_core.package_identification:_identify(src/coach_bringup) by extensions ['ros']
[0.802s] Level 1:colcon.colcon_core.package_identification:_identify(src/coach_bringup) by extension 'ros'
[0.803s] DEBUG:colcon.colcon_core.package_identification:Package 'src/coach_bringup' with type 'ros.ament_cmake' and name 'coach_bringup'
[0.803s] Level 1:colcon.colcon_core.package_identification:_identify(src/coach_feedback) by extensions ['ignore', 'ignore_ament_install']
[0.803s] Level 1:colcon.colcon_core.package_identification:_identify(src/coach_feedback) by extension 'ignore'
[0.803s] Level 1:colcon.colcon_core.package_identification:_identify(src/coach_feedback) by extension 'ignore_ament_install'
[0.804s] Level 1:colcon.colcon_core.package_identification:_identify(src/coach_feedback) by extensions ['colcon_pkg']
[0.804s] Level 1:colcon.colcon_core.package_identification:_identify(src/coach_feedback) by extension 'colcon_pkg'
[0.804s] Level 1:colcon.colcon_core.package_identification:_identify(src/coach_feedback) by extensions ['colcon_meta']
[0.804s] Level 1:colcon.colcon_core.package_identification:_identify(src/coach_feedback) by extension 'colcon_meta'
[0.804s] Level 1:colcon.colcon_core.package_identification:_identify(src/coach_feedback) by extensions ['ros']
[0.804s] Level 1:colcon.colcon_core.package_identification:_identify(src/coach_feedback) by extension 'ros'
[0.805s] DEBUG:colcon.colcon_core.package_identification:Package 'src/coach_feedback' with type 'ros.ament_python' and name 'coach_feedback'
[0.805s] Level 1:colcon.colcon_core.package_identification:_identify(src/coach_interfaces) by extensions ['ignore', 'ignore_ament_install']
[0.805s] Level 1:colcon.colcon_core.package_identification:_identify(src/coach_interfaces) by extension 'ignore'
[0.805s] Level 1:colcon.colcon_core.package_identification:_identify(src/coach_interfaces) by extension 'ignore_ament_install'
[0.806s] Level 1:colcon.colcon_core.package_identification:_identify(src/coach_interfaces) by extensions ['colcon_pkg']
[0.806s] Level 1:colcon.colcon_core.package_identification:_identify(src/coach_interfaces) by extension 'colcon_pkg'
[0.806s] Level 1:colcon.colcon_core.package_identification:_identify(src/coach_interfaces) by extensions ['colcon_meta']
[0.806s] Level 1:colcon.colcon_core.package_identification:_identify(src/coach_interfaces) by extension 'colcon_meta'
[0.806s] Level 1:colcon.colcon_core.package_identification:_identify(src/coach_interfaces) by extensions ['ros']
[0.806s] Level 1:colcon.colcon_core.package_identification:_identify(src/coach_interfaces) by extension 'ros'
[0.807s] DEBUG:colcon.colcon_core.package_identification:Package 'src/coach_interfaces' with type 'ros.catkin' and name 'coach_interfaces'
[0.807s] Level 1:colcon.colcon_core.package_identification:_identify(src/coach_vision) by extensions ['ignore', 'ignore_ament_install']
[0.807s] Level 1:colcon.colcon_core.package_identification:_identify(src/coach_vision) by extension 'ignore'
[0.807s] Level 1:colcon.colcon_core.package_identification:_identify(src/coach_vision) by extension 'ignore_ament_install'
[0.807s] Level 1:colcon.colcon_core.package_identification:_identify(src/coach_vision) by extensions ['colcon_pkg']
[0.807s] Level 1:colcon.colcon_core.package_identification:_identify(src/coach_vision) by extension 'colcon_pkg'
[0.808s] Level 1:colcon.colcon_core.package_identification:_identify(src/coach_vision) by extensions ['colcon_meta']
[0.808s] Level 1:colcon.colcon_core.package_identification:_identify(src/coach_vision) by extension 'colcon_meta'
[0.808s] Level 1:colcon.colcon_core.package_identification:_identify(src/coach_vision) by extensions ['ros']
[0.808s] Level 1:colcon.colcon_core.package_identification:_identify(src/coach_vision) by extension 'ros'
[0.809s] DEBUG:colcon.colcon_core.package_identification:Package 'src/coach_vision' with type 'ros.ament_python' and name 'coach_vision'
[0.810s] Level 1:colcon.colcon_core.package_discovery:discover_packages(recursive) using defaults
[0.810s] Level 1:colcon.colcon_core.package_discovery:discover_packages(ignore) discover
[0.810s] Level 1:colcon.colcon_core.package_discovery:discover_packages(ignore) using defaults
[0.810s] Level 1:colcon.colcon_core.package_discovery:discover_packages(path) discover
[0.810s] Level 1:colcon.colcon_core.package_discovery:discover_packages(path) using defaults
[0.848s] Level 1:colcon.colcon_core.package_discovery:discover_packages(prefix_path) check parameters
[0.848s] Level 1:colcon.colcon_core.package_discovery:discover_packages(prefix_path) discover
[0.849s] WARNING:colcon.colcon_ros.prefix_path.ament:The path '/home/athmani-roumaissa/ros2_coach_ws/install/coach_vision' in the environment variable AMENT_PREFIX_PATH doesn't exist
[0.850s] WARNING:colcon.colcon_ros.prefix_path.catkin:The path '/home/athmani-roumaissa/ros2_coach_ws/install/coach_interfaces' in the environment variable CMAKE_PREFIX_PATH doesn't exist
[0.852s] DEBUG:colcon.colcon_installed_package_information.package_discovery:Found 2 installed packages in /home/athmani-roumaissa/ros2_coach_ws/install
[0.858s] DEBUG:colcon.colcon_installed_package_information.package_discovery:Found 361 installed packages in /opt/ros/jazzy
[0.864s] Level 1:colcon.colcon_core.package_discovery:discover_packages(prefix_path) using defaults
[0.972s] Level 5:colcon.colcon_core.verb:set package 'coach_analyzer' build argument 'cmake_args' from command line to 'None'
[0.972s] Level 5:colcon.colcon_core.verb:set package 'coach_analyzer' build argument 'cmake_target' from command line to 'None'
[0.972s] Level 5:colcon.colcon_core.verb:set package 'coach_analyzer' build argument 'cmake_target_skip_unavailable' from command line to 'False'
[0.972s] Level 5:colcon.colcon_core.verb:set package 'coach_analyzer' build argument 'cmake_clean_cache' from command line to 'False'
[0.972s] Level 5:colcon.colcon_core.verb:set package 'coach_analyzer' build argument 'cmake_clean_first' from command line to 'False'
[0.972s] Level 5:colcon.colcon_core.verb:set package 'coach_analyzer' build argument 'cmake_force_configure' from command line to 'False'
[0.972s] Level 5:colcon.colcon_core.verb:set package 'coach_analyzer' build argument 'ament_cmake_args' from command line to 'None'
[0.972s] Level 5:colcon.colcon_core.verb:set package 'coach_analyzer' build argument 'catkin_cmake_args' from command line to 'None'
[0.972s] Level 5:colcon.colcon_core.verb:set package 'coach_analyzer' build argument 'catkin_skip_building_tests' from command line to 'False'
[0.972s] DEBUG:colcon.colcon_core.verb:Building package 'coach_analyzer' with the following arguments: {'ament_cmake_args': None, 'build_base': '/home/athmani-roumaissa/ros2_coach_ws/build/coach_analyzer', 'catkin_cmake_args': None, 'catkin_skip_building_tests': False, 'cmake_args': None, 'cmake_clean_cache': False, 'cmake_clean_first': False, 'cmake_force_configure': False, 'cmake_target': None, 'cmake_target_skip_unavailable': False, 'install_base': '/home/athmani-roumaissa/ros2_coach_ws/install/coach_analyzer', 'merge_install': False, 'path': '/home/athmani-roumaissa/ros2_coach_ws/src/coach_analyzer', 'symlink_install': True, 'test_result_base': None}
[0.973s] Level 5:colcon.colcon_core.verb:set package 'coach_bringup' build argument 'cmake_args' from command line to 'None'
[0.973s] Level 5:colcon.colcon_core.verb:set package 'coach_bringup' build argument 'cmake_target' from command line to 'None'
[0.973s] Level 5:colcon.colcon_core.verb:set package 'coach_bringup' build argument 'cmake_target_skip_unavailable' from command line to 'False'
[0.973s] Level 5:colcon.colcon_core.verb:set package 'coach_bringup' build argument 'cmake_clean_cache' from command line to 'False'
[0.973s] Level 5:colcon.colcon_core.verb:set package 'coach_bringup' build argument 'cmake_clean_first' from command line to 'False'
[0.973s] Level 5:colcon.colcon_core.verb:set package 'coach_bringup' build argument 'cmake_force_configure' from command line to 'False'
[0.973s] Level 5:colcon.colcon_core.verb:set package 'coach_bringup' build argument 'ament_cmake_args' from command line to 'None'
[0.973s] Level 5:colcon.colcon_core.verb:set package 'coach_bringup' build argument 'catkin_cmake_args' from command line to 'None'
[0.973s] Level 5:colcon.colcon_core.verb:set package 'coach_bringup' build argument 'catkin_skip_building_tests' from command line to 'False'
[0.973s] DEBUG:colcon.colcon_core.verb:Building package 'coach_bringup' with the following arguments: {'ament_cmake_args': None, 'build_base': '/home/athmani-roumaissa/ros2_coach_ws/build/coach_bringup', 'catkin_cmake_args': None, 'catkin_skip_building_tests': False, 'cmake_args': None, 'cmake_clean_cache': False, 'cmake_clean_first': False, 'cmake_force_configure': False, 'cmake_target': None, 'cmake_target_skip_unavailable': False, 'install_base': '/home/athmani-roumaissa/ros2_coach_ws/install/coach_bringup', 'merge_install': False, 'path': '/home/athmani-roumaissa/ros2_coach_ws/src/coach_bringup', 'symlink_install': True, 'test_result_base': None}
[0.974s] Level 5:colcon.colcon_core.verb:set package 'coach_feedback' build argument 'cmake_args' from command line to 'None'
[0.974s] Level 5:colcon.colcon_core.verb:set package 'coach_feedback' build argument 'cmake_target' from command line to 'None'
[0.974s] Level 5:colcon.colcon_core.verb:set package 'coach_feedback' build argument 'cmake_target_skip_unavailable' from command line to 'False'
[0.974s] Level 5:colcon.colcon_core.verb:set package 'coach_feedback' build argument 'cmake_clean_cache' from command line to 'False'
[0.974s] Level 5:colcon.colcon_core.verb:set package 'coach_feedback' build argument 'cmake_clean_first' from command line to 'False'
[0.974s] Level 5:colcon.colcon_core.verb:set package 'coach_feedback' build argument 'cmake_force_configure' from command line to 'False'
[0.974s] Level 5:colcon.colcon_core.verb:set package 'coach_feedback' build argument 'ament_cmake_args' from command line to 'None'
[0.974s] Level 5:colcon.colcon_core.verb:set package 'coach_feedback' build argument 'catkin_cmake_args' from command line to 'None'
[0.974s] Level 5:colcon.colcon_core.verb:set package 'coach_feedback' build argument 'catkin_skip_building_tests' from command line to 'False'
[0.974s] DEBUG:colcon.colcon_core.verb:Building package 'coach_feedback' with the following arguments: {'ament_cmake_args': None, 'build_base': '/home/athmani-roumaissa/ros2_coach_ws/build/coach_feedback', 'catkin_cmake_args': None, 'catkin_skip_building_tests': False, 'cmake_args': None, 'cmake_clean_cache': False, 'cmake_clean_first': False, 'cmake_force_configure': False, 'cmake_target': None, 'cmake_target_skip_unavailable': False, 'install_base': '/home/athmani-roumaissa/ros2_coach_ws/install/coach_feedback', 'merge_install': False, 'path': '/home/athmani-roumaissa/ros2_coach_ws/src/coach_feedback', 'symlink_install': True, 'test_result_base': None}
[0.975s] Level 5:colcon.colcon_core.verb:set package 'coach_interfaces' build argument 'cmake_args' from command line to 'None'
[0.975s] Level 5:colcon.colcon_core.verb:set package 'coach_interfaces' build argument 'cmake_target' from command line to 'None'
[0.975s] Level 5:colcon.colcon_core.verb:set package 'coach_interfaces' build argument 'cmake_target_skip_unavailable' from command line to 'False'
[0.975s] Level 5:colcon.colcon_core.verb:set package 'coach_interfaces' build argument 'cmake_clean_cache' from command line to 'False'
[0.975s] Level 5:colcon.colcon_core.verb:set package 'coach_interfaces' build argument 'cmake_clean_first' from command line to 'False'
[0.975s] Level 5:colcon.colcon_core.verb:set package 'coach_interfaces' build argument 'cmake_force_configure' from command line to 'False'
[0.975s] Level 5:colcon.colcon_core.verb:set package 'coach_interfaces' build argument 'ament_cmake_args' from command line to 'None'
[0.975s] Level 5:colcon.colcon_core.verb:set package 'coach_interfaces' build argument 'catkin_cmake_args' from command line to 'None'
[0.975s] Level 5:colcon.colcon_core.verb:set package 'coach_interfaces' build argument 'catkin_skip_building_tests' from command line to 'False'
[0.975s] DEBUG:colcon.colcon_core.verb:Building package 'coach_interfaces' with the following arguments: {'ament_cmake_args': None, 'build_base': '/home/athmani-roumaissa/ros2_coach_ws/build/coach_interfaces', 'catkin_cmake_args': None, 'catkin_skip_building_tests': False, 'cmake_args': None, 'cmake_clean_cache': False, 'cmake_clean_first': False, 'cmake_force_configure': False, 'cmake_target': None, 'cmake_target_skip_unavailable': False, 'install_base': '/home/athmani-roumaissa/ros2_coach_ws/install/coach_interfaces', 'merge_install': False, 'path': '/home/athmani-roumaissa/ros2_coach_ws/src/coach_interfaces', 'symlink_install': True, 'test_result_base': None}
[0.975s] Level 5:colcon.colcon_core.verb:set package 'coach_vision' build argument 'cmake_args' from command line to 'None'
[0.975s] Level 5:colcon.colcon_core.verb:set package 'coach_vision' build argument 'cmake_target' from command line to 'None'
[0.975s] Level 5:colcon.colcon_core.verb:set package 'coach_vision' build argument 'cmake_target_skip_unavailable' from command line to 'False'
[0.975s] Level 5:colcon.colcon_core.verb:set package 'coach_vision' build argument 'cmake_clean_cache' from command line to 'False'
[0.976s] Level 5:colcon.colcon_core.verb:set package 'coach_vision' build argument 'cmake_clean_first' from command line to 'False'
[0.976s] Level 5:colcon.colcon_core.verb:set package 'coach_vision' build argument 'cmake_force_configure' from command line to 'False'
[0.976s] Level 5:colcon.colcon_core.verb:set package 'coach_vision' build argument 'ament_cmake_args' from command line to 'None'
[0.976s] Level 5:colcon.colcon_core.verb:set package 'coach_vision' build argument 'catkin_cmake_args' from command line to 'None'
[0.976s] Level 5:colcon.colcon_core.verb:set package 'coach_vision' build argument 'catkin_skip_building_tests' from command line to 'False'
[0.976s] DEBUG:colcon.colcon_core.verb:Building package 'coach_vision' with the following arguments: {'ament_cmake_args': None, 'build_base': '/home/athmani-roumaissa/ros2_coach_ws/build/coach_vision', 'catkin_cmake_args': None, 'catkin_skip_building_tests': False, 'cmake_args': None, 'cmake_clean_cache': False, 'cmake_clean_first': False, 'cmake_force_configure': False, 'cmake_target': None, 'cmake_target_skip_unavailable': False, 'install_base': '/home/athmani-roumaissa/ros2_coach_ws/install/coach_vision', 'merge_install': False, 'path': '/home/athmani-roumaissa/ros2_coach_ws/src/coach_vision', 'symlink_install': True, 'test_result_base': None}
[0.976s] INFO:colcon.colcon_core.executor:Executing jobs using 'parallel' executor
[0.977s] DEBUG:colcon.colcon_parallel_executor.executor.parallel:run_until_complete
[0.977s] INFO:colcon.colcon_ros.task.ament_python.build:Building ROS package in '/home/athmani-roumaissa/ros2_coach_ws/src/coach_analyzer' with build type 'ament_python'
[0.978s] Level 1:colcon.colcon_core.shell:create_environment_hook('coach_analyzer', 'ament_prefix_path')
[0.982s] INFO:colcon.colcon_core.plugin_system:Skipping extension 'colcon_core.shell.bat': Not used on non-Windows systems
[0.983s] INFO:colcon.colcon_core.shell:Creating environment hook '/home/athmani-roumaissa/ros2_coach_ws/install/coach_analyzer/share/coach_analyzer/hook/ament_prefix_path.ps1'
[0.984s] INFO:colcon.colcon_core.shell:Creating environment descriptor '/home/athmani-roumaissa/ros2_coach_ws/install/coach_analyzer/share/coach_analyzer/hook/ament_prefix_path.dsv'
[0.987s] INFO:colcon.colcon_core.shell:Creating environment hook '/home/athmani-roumaissa/ros2_coach_ws/install/coach_analyzer/share/coach_analyzer/hook/ament_prefix_path.sh'
[0.989s] INFO:colcon.colcon_core.shell:Skip shell extension 'powershell' for command environment: Not usable outside of PowerShell
[0.989s] DEBUG:colcon.colcon_core.shell:Skip shell extension 'dsv' for command environment
[0.999s] INFO:colcon.colcon_ros.task.ament_cmake.build:Building ROS package in '/home/athmani-roumaissa/ros2_coach_ws/src/coach_bringup' with build type 'ament_cmake'
[0.999s] INFO:colcon.colcon_cmake.task.cmake.build:Building CMake package in '/home/athmani-roumaissa/ros2_coach_ws/src/coach_bringup'
[0.999s] INFO:colcon.colcon_core.shell:Skip shell extension 'powershell' for command environment: Not usable outside of PowerShell
[0.999s] DEBUG:colcon.colcon_core.shell:Skip shell extension 'dsv' for command environment
[1.009s] INFO:colcon.colcon_ros.task.ament_python.build:Building ROS package in '/home/athmani-roumaissa/ros2_coach_ws/src/coach_feedback' with build type 'ament_python'
[1.009s] Level 1:colcon.colcon_core.shell:create_environment_hook('coach_feedback', 'ament_prefix_path')
[1.010s] INFO:colcon.colcon_core.shell:Creating environment hook '/home/athmani-roumaissa/ros2_coach_ws/install/coach_feedback/share/coach_feedback/hook/ament_prefix_path.ps1'
[1.011s] INFO:colcon.colcon_core.shell:Creating environment descriptor '/home/athmani-roumaissa/ros2_coach_ws/install/coach_feedback/share/coach_feedback/hook/ament_prefix_path.dsv'
[1.012s] INFO:colcon.colcon_core.shell:Creating environment hook '/home/athmani-roumaissa/ros2_coach_ws/install/coach_feedback/share/coach_feedback/hook/ament_prefix_path.sh'
[1.014s] INFO:colcon.colcon_core.shell:Skip shell extension 'powershell' for command environment: Not usable outside of PowerShell
[1.014s] DEBUG:colcon.colcon_core.shell:Skip shell extension 'dsv' for command environment
[1.023s] INFO:colcon.colcon_ros.task.catkin.build:Building ROS package in '/home/athmani-roumaissa/ros2_coach_ws/src/coach_interfaces' with build type 'catkin'
[1.023s] INFO:colcon.colcon_cmake.task.cmake.build:Building CMake package in '/home/athmani-roumaissa/ros2_coach_ws/src/coach_interfaces'
[1.024s] INFO:colcon.colcon_core.shell:Skip shell extension 'powershell' for command environment: Not usable outside of PowerShell
[1.024s] DEBUG:colcon.colcon_core.shell:Skip shell extension 'dsv' for command environment
[1.574s] INFO:colcon.colcon_core.task.python.build:Building Python package in '/home/athmani-roumaissa/ros2_coach_ws/src/coach_analyzer'
[1.574s] INFO:colcon.colcon_core.shell:Skip shell extension 'powershell' for command environment: Not usable outside of PowerShell
[1.574s] DEBUG:colcon.colcon_core.shell:Skip shell extension 'dsv' for command environment
[1.591s] DEBUG:colcon.colcon_core.event_handler.log_command:Invoking command in '/home/athmani-roumaissa/ros2_coach_ws/build/coach_bringup': CMAKE_PREFIX_PATH=${CMAKE_PREFIX_PATH}:/home/athmani-roumaissa/ros2_coach_ws/install/coach_vision:/home/athmani-roumaissa/ros2_coach_ws/install/coach_feedback:/home/athmani-roumaissa/ros2_coach_ws/install/coach_analyzer:/opt/ros/jazzy DEBUGINFOD_URLS=https://debuginfod.ubuntu.com PS1=\[\e]0;\u@\h: \w\a\]${debian_chroot:+($debian_chroot)}\[\033[01;32m\]\u@\h\[\033[00m\]:\[\033[01;34m\]\w\[\033[00m\]\$ /usr/bin/cmake /home/athmani-roumaissa/ros2_coach_ws/src/coach_bringup -DAMENT_CMAKE_SYMLINK_INSTALL=1 -DCMAKE_INSTALL_PREFIX=/home/athmani-roumaissa/ros2_coach_ws/install/coach_bringup
[2.214s] WARNING:colcon.colcon_ros.task.ament_python.build:Package 'coach_feedback' doesn't explicitly install a marker in the package index (colcon-ros currently does it implicitly but that fallback will be removed in the future)
[2.215s] WARNING:colcon.colcon_ros.task.ament_python.build:Package 'coach_feedback' doesn't explicitly install the 'package.xml' file (colcon-ros currently does it implicitly but that fallback will be removed in the future)
[2.215s] INFO:colcon.colcon_core.task.python.build:Building Python package in '/home/athmani-roumaissa/ros2_coach_ws/src/coach_feedback'
[2.216s] INFO:colcon.colcon_core.shell:Skip shell extension 'powershell' for command environment: Not usable outside of PowerShell
[2.216s] DEBUG:colcon.colcon_core.shell:Skip shell extension 'dsv' for command environment
[2.243s] DEBUG:colcon.colcon_core.event_handler.log_command:Invoking command in '/home/athmani-roumaissa/ros2_coach_ws/build/coach_interfaces': DEBUGINFOD_URLS=https://debuginfod.ubuntu.com PS1=\[\e]0;\u@\h: \w\a\]${debian_chroot:+($debian_chroot)}\[\033[01;32m\]\u@\h\[\033[00m\]:\[\033[01;34m\]\w\[\033[00m\]\$ /usr/bin/cmake /home/athmani-roumaissa/ros2_coach_ws/src/coach_interfaces -DCATKIN_INSTALL_INTO_PREFIX_ROOT=0 -DCATKIN_SYMLINK_INSTALL=ON -DCMAKE_INSTALL_PREFIX=/home/athmani-roumaissa/ros2_coach_ws/install/coach_interfaces
[4.374s] DEBUG:colcon.colcon_core.event_handler.log_command:Invoked command in '/home/athmani-roumaissa/ros2_coach_ws/build/coach_interfaces' returned '1': DEBUGINFOD_URLS=https://debuginfod.ubuntu.com PS1=\[\e]0;\u@\h: \w\a\]${debian_chroot:+($debian_chroot)}\[\033[01;32m\]\u@\h\[\033[00m\]:\[\033[01;34m\]\w\[\033[00m\]\$ /usr/bin/cmake /home/athmani-roumaissa/ros2_coach_ws/src/coach_interfaces -DCATKIN_INSTALL_INTO_PREFIX_ROOT=0 -DCATKIN_SYMLINK_INSTALL=ON -DCMAKE_INSTALL_PREFIX=/home/athmani-roumaissa/ros2_coach_ws/install/coach_interfaces
[4.418s] Level 1:colcon.colcon_core.environment:create_environment_scripts_only(coach_interfaces)
[4.425s] Level 1:colcon.colcon_core.environment:checking '/home/athmani-roumaissa/ros2_coach_ws/install/coach_interfaces' for CMake module files
[4.427s] Level 1:colcon.colcon_core.environment:checking '/home/athmani-roumaissa/ros2_coach_ws/install/coach_interfaces' for CMake config files
[4.428s] Level 1:colcon.colcon_core.environment:checking '/home/athmani-roumaissa/ros2_coach_ws/install/coach_interfaces/bin'
[4.428s] Level 1:colcon.colcon_core.environment:checking '/home/athmani-roumaissa/ros2_coach_ws/install/coach_interfaces/lib/pkgconfig/coach_interfaces.pc'
[4.429s] Level 1:colcon.colcon_core.environment:checking '/home/athmani-roumaissa/ros2_coach_ws/install/coach_interfaces/lib/python3.12/site-packages'
[4.431s] Level 1:colcon.colcon_core.environment:checking '/home/athmani-roumaissa/ros2_coach_ws/install/coach_interfaces/bin'
[4.432s] INFO:colcon.colcon_core.shell:Creating package script '/home/athmani-roumaissa/ros2_coach_ws/install/coach_interfaces/share/coach_interfaces/package.ps1'
[4.436s] INFO:colcon.colcon_core.shell:Creating package descriptor '/home/athmani-roumaissa/ros2_coach_ws/install/coach_interfaces/share/coach_interfaces/package.dsv'
[4.438s] INFO:colcon.colcon_core.shell:Creating package script '/home/athmani-roumaissa/ros2_coach_ws/install/coach_interfaces/share/coach_interfaces/package.sh'
[4.440s] INFO:colcon.colcon_core.shell:Creating package script '/home/athmani-roumaissa/ros2_coach_ws/install/coach_interfaces/share/coach_interfaces/package.bash'
[4.442s] INFO:colcon.colcon_core.shell:Creating package script '/home/athmani-roumaissa/ros2_coach_ws/install/coach_interfaces/share/coach_interfaces/package.zsh'
[4.444s] Level 1:colcon.colcon_core.environment:create_file_with_runtime_dependencies(/home/athmani-roumaissa/ros2_coach_ws/install/coach_interfaces/share/colcon-core/packages/coach_interfaces)
[4.968s] DEBUG:colcon.colcon_parallel_executor.executor.parallel:closing loop
[4.969s] DEBUG:colcon.colcon_parallel_executor.executor.parallel:loop closed
[4.970s] DEBUG:colcon.colcon_parallel_executor.executor.parallel:run_until_complete finished with '1'
[4.970s] DEBUG:colcon.colcon_core.event_reactor:joining thread
[4.988s] INFO:colcon.colcon_core.plugin_system:Skipping extension 'colcon_notification.desktop_notification.terminal_notifier': Not used on non-Darwin systems
[4.988s] INFO:colcon.colcon_core.plugin_system:Skipping extension 'colcon_notification.desktop_notification.win32': Not used on non-Windows systems
[4.988s] INFO:colcon.colcon_notification.desktop_notification:Sending desktop notification using 'notify2'
[5.019s] DEBUG:colcon.colcon_core.event_reactor:joined thread
[5.021s] INFO:colcon.colcon_core.shell:Creating prefix script '/home/athmani-roumaissa/ros2_coach_ws/install/local_setup.ps1'
[5.022s] INFO:colcon.colcon_core.shell:Creating prefix util module '/home/athmani-roumaissa/ros2_coach_ws/install/_local_setup_util_ps1.py'
[5.025s] INFO:colcon.colcon_core.shell:Creating prefix chain script '/home/athmani-roumaissa/ros2_coach_ws/install/setup.ps1'
[5.029s] INFO:colcon.colcon_core.shell:Creating prefix script '/home/athmani-roumaissa/ros2_coach_ws/install/local_setup.sh'
[5.031s] INFO:colcon.colcon_core.shell:Creating prefix util module '/home/athmani-roumaissa/ros2_coach_ws/install/_local_setup_util_sh.py'
[5.032s] INFO:colcon.colcon_core.shell:Creating prefix chain script '/home/athmani-roumaissa/ros2_coach_ws/install/setup.sh'
[5.037s] INFO:colcon.colcon_core.shell:Creating prefix script '/home/athmani-roumaissa/ros2_coach_ws/install/local_setup.bash'
[5.038s] INFO:colcon.colcon_core.shell:Creating prefix chain script '/home/athmani-roumaissa/ros2_coach_ws/install/setup.bash'
[5.041s] INFO:colcon.colcon_core.shell:Creating prefix script '/home/athmani-roumaissa/ros2_coach_ws/install/local_setup.zsh'
[5.042s] INFO:colcon.colcon_core.shell:Creating prefix chain script '/home/athmani-roumaissa/ros2_coach_ws/install/setup.zsh'
